#if defined(LV_LVGL_H_INCLUDE_SIMPLE)
#include "lvgl.h"
#elif defined(LV_BUILD_TEST)
#include "../lvgl.h"
#else
#include "lvgl/lvgl.h"
#endif

#ifndef LV_ATTRIBUTE_MEM_ALIGN
#define LV_ATTRIBUTE_MEM_ALIGN
#endif

#ifndef LV_ATTRIBUTE_PICKPAGE
#define LV_ATTRIBUTE_PICKPAGE
#endif

static const
LV_ATTRIBUTE_MEM_ALIGN LV_ATTRIBUTE_LARGE_CONST LV_ATTRIBUTE_PICKPAGE
uint8_t pickpage_map[] = {
    0xff,0xff,0xff,0xff,0xff,0xff,0xdf,0xff,0x3f,0xd7,0x1f,0xcf,0xbf,0xef,0xbf,0xef,
    0x9f,0xe7,0xbf,0xe7,0xbf,0xef,0xbf,0xef,0xbf,0xef,0xbf,0xef,0xbf,0xef,0xbf,0xef,
    0xbf,0xef,0xbf,0xef,0xbf,0xef,0xbf,0xef,0xbf,0xef,0xbf,0xef,0xbf,0xef,0xbf,0xef,
    0xbf,0xef,0xbf,0xef,0xbf,0xef,0xbf,0xef,0xbf,0xef,0xbf,0xef,0xbf,0xef,0xbf,0xef,
    0xbf,0xef,0xbf,0xef,0xbf,0xef,0xbf,0xef,0xbf,0xef,0xbf,0xef,0xbf,0xef,0xbf,0xef,
    0xbf,0xef,0xbf,0xef,0xbf,0xef,0x9f,0xe7,0xbf,0xe7,0xbf,0xef,0x5f,0xd7,0xdf,0xbe,
    0x9f,0xef,0xff,0xff,0xff,0xff,0xff,0xff,0xff,0xff,0xff,0xff,0xff,0xff,0xbf,0xf7,
    0x1f,0xc7,0x9f,0xe7,0xbf,0xef,0xbf,0xef,0xdf,0xf7,0xdf,0xff,0xdf,0xf7,0xdf,0xf7,
    0xdf,0xf7,0xdf,0xf7,0xdf,0xf7,0xdf,0xf7,0xdf,0xff,0xdf,0xff,0xdf,0xff,0xdf,0xff,
    0xdf,0xff,0xdf,0xf7,0xdf,0xf7,0xdf,0xf7,0xdf,0xf7,0xdf,0xf7,0xdf,0xff,0xdf,0xff,
    0xff,0xff,0xff,0xff,0xff,0xff,0xdf,0xff,0xdf,0xff,0xdf,0xff,0xdf,0xff,0xdf,0xff,
    0xff,0xff,0xff,0xff,0xff,0xff,0xff,0xff,0xdf,0xff,0xdf,0xff,0xdf,0xff,0xff,0xff,
    0xff,0xff,0xdf,0xff,0xbf,0xef,0x9f,0xe7,0x9f,0xe7,0x1f,0xc7,0x5f,0xdf,0xff,0xff,
    0xff,0xff,0xff,0xff,0xff,0xff,0xdf,0xff,0xff,0xc6,0x9f,0xe7,0x9f,0xe7,0xdf,0xf7,
    0xdf,0xff,0xbf,0xf7,0xbf,0xef,0x9f,0xef,0x9f,0xef,0x9f,0xe7,0x9f,0xe7,0x9f,0xe7,
    0x9f,0xef,0x9f,0xef,0x9f,0xef,0x9f,0xef,0x9f,0xef,0x9f,0xef,0x9f,0xef,0x9f,0xef,
    0x9f,0xef,0x9f,0xef,0x9f,0xef,0x9f,0xef,0x9f,0xef,0xbf,0xef,0xbf,0xef,0xbf,0xef,
    0xbf,0xef,0xbf,0xef,0xbf,0xef,0xbf,0xef,0xbf,0xef,0xbf,0xef,0xbf,0xef,0xbf,0xef,
    0xbf,0xef,0xbf,0xef,0xbf,0xef,0xbf,0xef,0xbf,0xef,0xbf,0xef,0xdf,0xf7,0xdf,0xff,
    0xff,0xff,0x9f,0xe7,0x9f,0xe7,0x1f,0xcf,0x5f,0xdf,0xff,0xff,0xff,0xff,0xff,0xff,
    0x3f,0xd7,0x9f,0xe7,0x7f,0xdf,0xdf,0xf7,0xdf,0xf7,0xbf,0xef,0x9f,0xef,0x9f,0xe7,
    0x9f,0xe7,0x9f,0xe7,0x7f,0xe7,0x7f,0xe7,0x7f,0xe7,0x7f,0xe7,0x7f,0xe7,0x9f,0xe7,
    0x9f,0xe7,0x9f,0xe7,0x9f,0xe7,0x9f,0xe7,0x9f,0xe7,0x9f,0xe7,0x9f,0xe7,0x9f,0xe7,
    0x7f,0xe7,0x7f,0xe7,0x7f,0xe7,0x9f,0xe7,0x9f,0xe7,0x9f,0xe7,0x9f,0xe7,0x9f,0xe7,
    0x9f,0xe7,0x9f,0xe7,0x9f,0xe7,0x9f,0xef,0x9f,0xef,0x9f,0xef,0xbf,0xef,0xbf,0xef,
    0xbf,0xef,0xbf,0xef,0xbf,0xef,0xbf,0xef,0xbf,0xef,0xdf,0xf7,0xff,0xff,0xbf,0xef,
    0x9f,0xe7,0xff,0xbe,0x9f,0xef,0xff,0xff,0xbf,0xef,0x3f,0xcf,0x9f,0xe7,0xdf,0xf7,
    0xdf,0xf7,0xbf,0xef,0x9f,0xef,0x9f,0xe7,0x7f,0xe7,0x7f,0xe7,0x7f,0xe7,0x7f,0xe7,
    0x7f,0xe7,0x7f,0xe7,0x7f,0xe7,0x7f,0xe7,0x7f,0xe7,0x7f,0xe7,0x7f,0xe7,0x7f,0xe7,
    0x7f,0xe7,0x7f,0xe7,0x7f,0xe7,0x7f,0xe7,0x7f,0xe7,0x7f,0xe7,0x7f,0xe7,0x7f,0xe7,
    0x7f,0xe7,0x7f,0xe7,0x7f,0xe7,0x7f,0xe7,0x9f,0xe7,0x9f,0xe7,0x9f,0xe7,0x9f,0xe7,
    0x9f,0xe7,0x9f,0xe7,0x9f,0xe7,0x9f,0xe7,0x9f,0xe7,0x9f,0xe7,0x9f,0xe7,0x9f,0xef,
    0xbf,0xef,0xbf,0xef,0xbf,0xef,0xdf,0xf7,0xff,0xff,0xbf,0xef,0x5f,0xd7,0xdf,0xbe,
    0xdf,0xff,0x3f,0xd7,0x9f,0xe7,0xdf,0xef,0xff,0xff,0xbf,0xef,0x9f,0xef,0x9f,0xe7,
    0x9f,0xe7,0x7f,0xe7,0x7f,0xe7,0x7f,0xe7,0x7f,0xe7,0x7f,0xe7,0x7f,0xe7,0x7f,0xe7,
    0x7f,0xe7,0x7f,0xe7,0x7f,0xe7,0x7f,0xe7,0x7f,0xe7,0x7f,0xe7,0x7f,0xe7,0x7f,0xe7,
    0x7f,0xe7,0x7f,0xe7,0x7f,0xe7,0x7f,0xe7,0x7f,0xe7,0x7f,0xe7,0x7f,0xe7,0x7f,0xe7,
    0x7f,0xe7,0x7f,0xe7,0x7f,0xe7,0x9f,0xe7,0x9f,0xe7,0x9f,0xe7,0x9f,0xe7,0x9f,0xe7,
    0x9f,0xe7,0x9f,0xe7,0x9f,0xe7,0x9f,0xe7,0x9f,0xe7,0x9f,0xe7,0x9f,0xe7,0x9f,0xef,
    0xbf,0xef,0xdf,0xf7,0xdf,0xff,0x9f,0xe7,0x1f,0xc7,0x5f,0xd7,0xff,0xc6,0x7f,0xdf,
    0xdf,0xf7,0xdf,0xf7,0xbf,0xef,0x9f,0xe7,0x7f,0xe7,0x7f,0xe7,0x7f,0xe7,0x7f,0xdf,
    0x7f,0xdf,0x7f,0xdf,0x7f,0xdf,0x7f,0xe7,0x7f,0xdf,0x7f,0xdf,0x7f,0xe7,0x7f,0xe7,
    0x7f,0xe7,0x7f,0xe7,0x7f,0xe7,0x7f,0xe7,0x7f,0xe7,0x7f,0xdf,0x7f,0xe7,0x7f,0xe7,
    0x7f,0xe7,0x7f,0xe7,0x7f,0xe7,0x7f,0xe7,0x7f,0xe7,0x7f,0xe7,0x7f,0xe7,0x7f,0xe7,
    0x7f,0xe7,0x7f,0xe7,0x9f,0xe7,0x9f,0xe7,0x9f,0xe7,0x9f,0xe7,0x9f,0xe7,0x9f,0xe7,
    0x9f,0xe7,0x9f,0xe7,0x9f,0xe7,0x9f,0xe7,0x9f,0xe7,0xbf,0xef,0xbf,0xef,0xdf,0xff,
    0xbf,0xe7,0x3f,0xd7,0x1f,0xcf,0xff,0xc6,0x7f,0xdf,0xdf,0xff,0xbf,0xf7,0x9f,0xef,
    0x9f,0xe7,0x7f,0xe7,0x7f,0xe7,0x7f,0xe7,0x7f,0xe7,0x7f,0xe7,0x7f,0xdf,0x7f,0xdf,
    0x7f,0xdf,0x7f,0xdf,0x7f,0xe7,0x7f,0xe7,0x7f,0xe7,0x7f,0xe7,0x7f,0xe7,0x7f,0xe7,
    0x7f,0xe7,0x7f,0xe7,0x7f,0xe7,0x7f,0xe7,0x7f,0xe7,0x7f,0xe7,0x7f,0xe7,0x7f,0xe7,
    0x7f,0xe7,0x7f,0xe7,0x7f,0xe7,0x7f,0xe7,0x7f,0xe7,0x7f,0xe7,0x7f,0xe7,0x7f,0xe7,
    0x7f,0xe7,0x7f,0xe7,0x7f,0xe7,0x7f,0xe7,0x7f,0xe7,0x9f,0xe7,0x9f,0xe7,0x9f,0xe7,
    0x9f,0xe7,0x9f,0xe7,0x9f,0xef,0xbf,0xef,0xdf,0xf7,0xbf,0xef,0x7f,0xdf,0x7f,0xdf,
    0x3f,0xd7,0x7f,0xdf,0xdf,0xff,0xbf,0xef,0x9f,0xe7,0x7f,0xe7,0x7f,0xe7,0x7f,0xe7,
    0x7f,0xe7,0x7f,0xe7,0x7f,0xe7,0x7f,0xe7,0x7f,0xe7,0x7f,0xdf,0x7f,0xdf,0x7f,0xe7,
    0x7f,0xe7,0x7f,0xe7,0x7f,0xe7,0x7f,0xe7,0x7f,0xe7,0x7f,0xe7,0x7f,0xe7,0x7f,0xe7,
    0x7f,0xe7,0x7f,0xe7,0x7f,0xe7,0x7f,0xe7,0x7f,0xe7,0x7f,0xe7,0x7f,0xe7,0x7f,0xe7,
    0x7f,0xe7,0x7f,0xe7,0x7f,0xe7,0x7f,0xe7,0x7f,0xe7,0x7f,0xe7,0x7f,0xe7,0x7f,0xe7,
    0x7f,0xe7,0x7f,0xe7,0x7f,0xe7,0x9f,0xe7,0x9f,0xe7,0x9f,0xe7,0x9f,0xe7,0x9f,0xe7,
    0x9f,0xef,0xdf,0xf7,0xdf,0xf7,0x9f,0xe7,0x9f,0xe7,0x7f,0xdf,0x7f,0xdf,0xdf,0xff,
    0x9f,0xef,0x7f,0xe7,0x7f,0xe7,0x7f,0xe7,0x7f,0xdf,0x7f,0xdf,0x7f,0xdf,0x7f,0xdf,
    0x7f,0xe7,0x7f,0xe7,0x7f,0xe7,0x7f,0xe7,0x7f,0xe7,0x7f,0xe7,0x7f,0xe7,0x7f,0xe7,
    0x7f,0xe7,0x7f,0xe7,0x7f,0xe7,0x7f,0xe7,0x7f,0xe7,0x7f,0xe7,0x7f,0xe7,0x7f,0xe7,
    0x7f,0xe7,0x7f,0xe7,0x7f,0xe7,0x7f,0xe7,0x7f,0xe7,0x7f,0xe7,0x7f,0xe7,0x7f,0xe7,
    0x7f,0xe7,0x7f,0xe7,0x7f,0xe7,0x7f,0xe7,0x7f,0xe7,0x7f,0xe7,0x7f,0xe7,0x7f,0xe7,
    0x7f,0xe7,0x7f,0xe7,0x9f,0xe7,0x9f,0xe7,0x9f,0xe7,0x9f,0xef,0xbf,0xf7,0xdf,0xf7,
    0x9f,0xe7,0x9f,0xe7,0x7f,0xdf,0x7f,0xdf,0xdf,0xff,0x9f,0xef,0x7f,0xe7,0x7f,0xe7,
    0x7f,0xdf,0x7f,0xdf,0x7f,0xdf,0x7f,0xdf,0x7f,0xdf,0x7f,0xe7,0x7f,0xe7,0x7f,0xe7,
    0x7f,0xe7,0x7f,0xe7,0x7f,0xe7,0x7f,0xe7,0x7f,0xe7,0x7f,0xe7,0x7f,0xe7,0x7f,0xe7,
    0x7f,0xe7,0x7f,0xe7,0x7f,0xe7,0x7f,0xe7,0x7f,0xe7,0x7f,0xe7,0x7f,0xe7,0x7f,0xe7,
    0x7f,0xe7,0x7f,0xe7,0x7f,0xe7,0x7f,0xe7,0x7f,0xe7,0x7f,0xe7,0x7f,0xe7,0x7f,0xe7,
    0x7f,0xe7,0x7f,0xe7,0x7f,0xe7,0x7f,0xe7,0x7f,0xe7,0x7f,0xe7,0x7f,0xe7,0x7f,0xe7,
    0x7f,0xe7,0x9f,0xe7,0x9f,0xe7,0xbf,0xef,0xdf,0xff,0x9f,0xe7,0x9f,0xe7,0x7f,0xdf,
    0x7f,0xdf,0xdf,0xff,0x9f,0xef,0x7f,0xe7,0x7f,0xe7,0x7f,0xe7,0x7f,0xe7,0x7f,0xdf,
    0x7f,0xdf,0x7f,0xdf,0x7f,0xdf,0x7f,0xe7,0x7f,0xe7,0x7f,0xe7,0x7f,0xe7,0x7f,0xe7,
    0x7f,0xe7,0x7f,0xe7,0x7f,0xe7,0x7f,0xe7,0x7f,0xe7,0x7f,0xe7,0x7f,0xe7,0x7f,0xe7,
    0x7f,0xe7,0x7f,0xe7,0x7f,0xe7,0x7f,0xe7,0x7f,0xe7,0x7f,0xe7,0x7f,0xe7,0x7f,0xe7,
    0x7f,0xe7,0x7f,0xe7,0x7f,0xe7,0x7f,0xe7,0x7f,0xe7,0x7f,0xe7,0x7f,0xe7,0x7f,0xe7,
    0x7f,0xe7,0x7f,0xe7,0x7f,0xe7,0x7f,0xe7,0x7f,0xe7,0x7f,0xe7,0x7f,0xe7,0x9f,0xe7,
    0xbf,0xef,0xdf,0xff,0x9f,0xe7,0x9f,0xe7,0x7f,0xdf,0x7f,0xdf,0xdf,0xff,0x9f,0xef,
    0x7f,0xe7,0x7f,0xe7,0x7f,0xe7,0x7f,0xe7,0x7f,0xdf,0x7f,0xe7,0x7f,0xe7,0x7f,0xe7,
    0x7f,0xe7,0x7f,0xe7,0x7f,0xe7,0x7f,0xe7,0x7f,0xe7,0x7f,0xe7,0x7f,0xe7,0x7f,0xe7,
    0x7f,0xe7,0x9f,0xe7,0x7f,0xe7,0x9f,0xe7,0x7f,0xe7,0x7f,0xe7,0x7f,0xe7,0x7f,0xe7,
    0x7f,0xe7,0x9f,0xe7,0x7f,0xe7,0x7f,0xe7,0x7f,0xe7,0x7f,0xe7,0x7f,0xe7,0x7f,0xe7,
    0x7f,0xe7,0x7f,0xe7,0x9f,0xe7,0x9f,0xe7,0x9f,0xe7,0x7f,0xe7,0x7f,0xe7,0x7f,0xe7,
    0x7f,0xe7,0x7f,0xe7,0x7f,0xe7,0x7f,0xe7,0x9f,0xe7,0xbf,0xef,0xdf,0xff,0x9f,0xe7,
    0x9f,0xe7,0x7f,0xdf,0x7f,0xdf,0xdf,0xff,0x9f,0xef,0x7f,0xe7,0x7f,0xe7,0x7f,0xe7,
    0x7f,0xe7,0x7f,0xe7,0x7f,0xe7,0x7f,0xe7,0x7f,0xe7,0x7f,0xe7,0x7f,0xe7,0x7f,0xe7,
    0x7f,0xe7,0x9f,0xe7,0x9f,0xe7,0x9f,0xe7,0x9f,0xe7,0x9f,0xe7,0x9f,0xe7,0x9f,0xe7,
    0x9f,0xe7,0x9f,0xe7,0x9f,0xe7,0x9f,0xe7,0x9f,0xe7,0x9f,0xe7,0x9f,0xe7,0x9f,0xe7,
    0x9f,0xe7,0x9f,0xe7,0x7f,0xe7,0x9f,0xe7,0x9f,0xe7,0x9f,0xe7,0x9f,0xe7,0x9f,0xe7,
    0x9f,0xe7,0x9f,0xe7,0x9f,0xe7,0x9f,0xe7,0x9f,0xe7,0x7f,0xe7,0x7f,0xe7,0x7f,0xe7,
    0x7f,0xe7,0x9f,0xe7,0xbf,0xef,0xdf,0xff,0x9f,0xe7,0x9f,0xe7,0x7f,0xdf,0x7f,0xdf,
    0xdf,0xff,0x9f,0xef,0x7f,0xe7,0x7f,0xe7,0x7f,0xe7,0x7f,0xe7,0x7f,0xe7,0x7f,0xe7,
    0x7f,0xe7,0x7f,0xe7,0x9f,0xe7,0x9f,0xe7,0x9f,0xe7,0x9f,0xe7,0x9f,0xe7,0x9f,0xe7,
    0x9f,0xe7,0x9f,0xe7,0x9f,0xe7,0x9f,0xe7,0x9f,0xe7,0x9f,0xe7,0x9f,0xe7,0x9f,0xe7,
    0x9f,0xe7,0x9f,0xe7,0x9f,0xe7,0x9f,0xe7,0x9f,0xe7,0x9f,0xe7,0x9f,0xe7,0x9f,0xe7,
    0x9f,0xe7,0x9f,0xe7,0x9f,0xe7,0x9f,0xe7,0x9f,0xe7,0x9f,0xe7,0x9f,0xe7,0x9f,0xe7,
    0x9f,0xe7,0x9f,0xe7,0x9f,0xe7,0x9f,0xe7,0x9f,0xe7,0x9f,0xe7,0x9f,0xe7,0xbf,0xef,
    0xdf,0xff,0x9f,0xe7,0x9f,0xe7,0x7f,0xdf,0x7f,0xdf,0xdf,0xff,0x9f,0xef,0x7f,0xe7,
    0x7f,0xe7,0x9f,0xe7,0x7f,0xe7,0x9f,0xe7,0x9f,0xe7,0x9f,0xe7,0x9f,0xe7,0x9f,0xe7,
    0x9f,0xe7,0x9f,0xe7,0x9f,0xe7,0x9f,0xe7,0x9f,0xe7,0x9f,0xe7,0x9f,0xe7,0x9f,0xe7,
    0x9f,0xe7,0x9f,0xe7,0x9f,0xe7,0x9f,0xe7,0x9f,0xe7,0x9f,0xe7,0x9f,0xe7,0x9f,0xe7,
    0x9f,0xe7,0x9f,0xe7,0x9f,0xe7,0x9f,0xe7,0x9f,0xe7,0x9f,0xe7,0x9f,0xe7,0x9f,0xe7,
    0x9f,0xe7,0x9f,0xe7,0x9f,0xe7,0x9f,0xe7,0x9f,0xe7,0x9f,0xe7,0x9f,0xe7,0x9f,0xe7,
    0x9f,0xe7,0x9f,0xe7,0x9f,0xe7,0x9f,0xe7,0xbf,0xef,0xdf,0xff,0x9f,0xe7,0x9f,0xe7,
    0x7f,0xdf,0x7f,0xdf,0xdf,0xff,0x9f,0xef,0x9f,0xe7,0x9f,0xe7,0x9f,0xe7,0x9f,0xe7,
    0x9f,0xe7,0x9f,0xe7,0x9f,0xe7,0x9f,0xe7,0x9f,0xe7,0x9f,0xe7,0x9f,0xe7,0x9f,0xe7,
    0x9f,0xe7,0x9f,0xe7,0x9f,0xe7,0x9f,0xe7,0x9f,0xe7,0x9f,0xe7,0x9f,0xe7,0x9f,0xe7,
    0x9f,0xe7,0x9f,0xe7,0x9f,0xe7,0x9f,0xe7,0x9f,0xe7,0x9f,0xe7,0x9f,0xe7,0x9f,0xe7,
    0x9f,0xe7,0x9f,0xe7,0x9f,0xe7,0x9f,0xe7,0x9f,0xe7,0x9f,0xe7,0x9f,0xe7,0x9f,0xe7,
    0x9f,0xe7,0x9f,0xe7,0x9f,0xe7,0x9f,0xe7,0x9f,0xe7,0x9f,0xe7,0x9f,0xe7,0x9f,0xe7,
    0x9f,0xe7,0xbf,0xef,0xdf,0xff,0x9f,0xe7,0x9f,0xe7,0x7f,0xdf,0x5f,0xdf,0xdf,0xff,
    0x9f,0xef,0x9f,0xe7,0x9f,0xe7,0x9f,0xe7,0x9f,0xe7,0x9f,0xe7,0x9f,0xe7,0x9f,0xe7,
    0xbf,0xef,0xbf,0xef,0xdf,0xf7,0xdf,0xf7,0xdf,0xf7,0xdf,0xf7,0xdf,0xf7,0xdf,0xf7,
    0xdf,0xf7,0xdf,0xf7,0xdf,0xf7,0xdf,0xf7,0xdf,0xf7,0xdf,0xf7,0xdf,0xf7,0xdf,0xf7,
    0xdf,0xf7,0xbf,0xf7,0xbf,0xf7,0xdf,0xf7,0xdf,0xf7,0xdf,0xf7,0xdf,0xf7,0xdf,0xf7,
    0xbf,0xef,0xbf,0xef,0xbf,0xef,0xbf,0xef,0xbf,0xef,0xbf,0xef,0xbf,0xef,0x9f,0xe7,
    0x9f,0xe7,0x9f,0xe7,0x9f,0xe7,0x9f,0xe7,0x9f,0xe7,0x9f,0xe7,0xbf,0xef,0xdf,0xff,
    0x7f,0xdf,0x9f,0xe7,0x7f,0xdf,0x7f,0xdf,0xdf,0xff,0x9f,0xef,0x9f,0xe7,0x9f,0xe7,
    0x9f,0xe7,0xbf,0xe7,0x9f,0xe7,0x9f,0xe7,0xdf,0xf7,0xdf,0xf7,0xdf,0xf7,0xbf,0xf7,
    0xbf,0xf7,0xbf,0xf7,0xbf,0xf7,0xbf,0xf7,0xbf,0xf7,0xbf,0xf7,0xbf,0xf7,0xbf,0xf7,
    0xdf,0xf7,0xdf,0xf7,0xdf,0xf7,0xdf,0xf7,0xdf,0xf7,0xdf,0xf7,0xdf,0xf7,0xdf,0xf7,
    0xdf,0xf7,0xdf,0xf7,0xdf,0xf7,0xdf,0xf7,0xdf,0xf7,0xdf,0xf7,0xdf,0xf7,0xbf,0xf7,
    0xbf,0xf7,0xbf,0xf7,0xdf,0xf7,0xdf,0xf7,0xdf,0xf7,0x9f,0xe7,0x9f,0xe7,0x9f,0xe7,
    0x9f,0xe7,0x9f,0xe7,0x9f,0xe7,0xbf,0xef,0xff,0xff,0x7f,0xdf,0x9f,0xe7,0x7f,0xdf,
    0x7f,0xdf,0xdf,0xff,0x9f,0xef,0x9f,0xe7,0x9f,0xe7,0x9f,0xe7,0x9f,0xe7,0x9f,0xe7,
    0xdf,0xff,0xdf,0xf7,0xbf,0xef,0xbf,0xef,0x9f,0xef,0x9f,0xef,0x9f,0xef,0x9f,0xef,
    0x9f,0xef,0x9f,0xef,0x9f,0xef,0x9f,0xef,0x9f,0xef,0xbf,0xef,0xbf,0xef,0xbf,0xef,
    0xbf,0xef,0xbf,0xef,0xbf,0xef,0xbf,0xef,0xbf,0xef,0xbf,0xef,0xbf,0xef,0xbf,0xef,
    0x9f,0xef,0x9f,0xef,0x9f,0xef,0x9f,0xef,0x9f,0xef,0x9f,0xef,0xbf,0xef,0xbf,0xef,
    0xbf,0xf7,0xdf,0xf7,0xdf,0xff,0x9f,0xe7,0xbf,0xef,0xbf,0xef,0x9f,0xe7,0x9f,0xe7,
    0xbf,0xef,0xff,0xff,0x9f,0xe7,0x9f,0xe7,0x7f,0xdf,0x7f,0xdf,0xff,0xff,0xbf,0xef,
    0x9f,0xef,0xbf,0xef,0xbf,0xef,0x9f,0xe7,0xdf,0xf7,0xdf,0xf7,0xbf,0xef,0x9f,0xef,
    0x9f,0xef,0x9f,0xe7,0x9f,0xe7,0x9f,0xe7,0x9f,0xe7,0x9f,0xe7,0x9f,0xe7,0x9f,0xe7,
    0x9f,0xef,0x9f,0xef,0x9f,0xef,0x9f,0xef,0x9f,0xef,0x9f,0xef,0x9f,0xef,0x9f,0xef,
    0x9f,0xef,0x9f,0xef,0x9f,0xef,0x9f,0xef,0x9f,0xef,0x9f,0xe7,0x9f,0xe7,0x9f,0xe7,
    0x9f,0xe7,0x9f,0xe7,0x9f,0xe7,0x9f,0xef,0x9f,0xef,0xbf,0xef,0xbf,0xf7,0xdf,0xf7,
    0xdf,0xf7,0x9f,0xe7,0xbf,0xef,0xbf,0xef,0xbf,0xef,0xbf,0xef,0xdf,0xff,0x9f,0xe7,
    0x9f,0xe7,0x9f,0xe7,0x7f,0xdf,0xff,0xff,0xbf,0xef,0xbf,0xef,0xbf,0xef,0xbf,0xef,
    0x9f,0xe7,0xdf,0xf7,0xbf,0xf7,0x9f,0xef,0x9f,0xe7,0x7f,0xe7,0x7f,0xe7,0x7f,0xe7,
    0x7f,0xe7,0x7f,0xe7,0x7f,0xe7,0x7f,0xe7,0x9f,0xe7,0x9f,0xe7,0x9f,0xe7,0x9f,0xe7,
    0x9f,0xe7,0x9f,0xe7,0x9f,0xe7,0x9f,0xe7,0x9f,0xe7,0x9f,0xe7,0x9f,0xe7,0x9f,0xe7,
    0x9f,0xe7,0x9f,0xe7,0x9f,0xe7,0x9f,0xe7,0x7f,0xe7,0x7f,0xe7,0x7f,0xe7,0x7f,0xe7,
    0x7f,0xe7,0x9f,0xe7,0x9f,0xef,0xbf,0xef,0xbf,0xf7,0xff,0xff,0x9f,0xe7,0xbf,0xef,
    0xbf,0xef,0xbf,0xef,0xbf,0xef,0xdf,0xff,0x9f,0xe7,0x9f,0xe7,0x9f,0xe7,0x7f,0xdf,
    0xff,0xff,0xbf,0xef,0xbf,0xef,0xbf,0xef,0x9f,0xe7,0x9f,0xe7,0xdf,0xf7,0xbf,0xef,
    0x9f,0xef,0x7f,0xe7,0x7f,0xe7,0x7f,0xe7,0x7f,0xe7,0x7f,0xe7,0x7f,0xe7,0x7f,0xe7,
    0x7f,0xe7,0x7f,0xe7,0x7f,0xe7,0x7f,0xe7,0x7f,0xe7,0x7f,0xe7,0x7f,0xe7,0x7f,0xe7,
    0x7f,0xe7,0x7f,0xe7,0x7f,0xe7,0x7f,0xe7,0x7f,0xe7,0x7f,0xe7,0x7f,0xe7,0x7f,0xe7,
    0x7f,0xe7,0x7f,0xe7,0x7f,0xe7,0x7f,0xe7,0x7f,0xe7,0x7f,0xe7,0x7f,0xe7,0x9f,0xe7,
    0x9f,0xef,0xbf,0xef,0xdf,0xf7,0x9f,0xe7,0x9f,0xe7,0xbf,0xef,0xbf,0xef,0xbf,0xef,
    0xff,0xff,0x9f,0xe7,0x9f,0xe7,0x9f,0xe7,0x7f,0xe7,0xff,0xff,0xbf,0xef,0xbf,0xef,
    0xbf,0xef,0x9f,0xe7,0xbf,0xef,0xbf,0xef,0x9f,0xef,0x7f,0xe7,0x7f,0xe7,0x7f,0xe7,
    0x7f,0xe7,0x7f,0xe7,0x7f,0xe7,0x7f,0xe7,0x7f,0xe7,0x7f,0xe7,0x7f,0xe7,0x7f,0xe7,
    0x7f,0xe7,0x7f,0xe7,0x7f,0xe7,0x7f,0xe7,0x7f,0xe7,0x7f,0xe7,0x7f,0xe7,0x7f,0xe7,
    0x7f,0xe7,0x7f,0xe7,0x7f,0xe7,0x7f,0xe7,0x7f,0xe7,0x7f,0xe7,0x7f,0xe7,0x7f,0xe7,
    0x7f,0xe7,0x7f,0xe7,0x7f,0xe7,0x7f,0xe7,0x7f,0xe7,0x9f,0xe7,0x9f,0xef,0xbf,0xf7,
    0xdf,0xf7,0x9f,0xe7,0xbf,0xef,0xbf,0xef,0xbf,0xef,0xff,0xff,0x9f,0xe7,0x9f,0xe7,
    0x9f,0xe7,0x9f,0xe7,0xff,0xff,0xbf,0xef,0xbf,0xef,0xbf,0xef,0x7f,0xe7,0xbf,0xef,
    0xbf,0xef,0x9f,0xef,0x7f,0xe7,0x7f,0xe7,0x7f,0xe7,0x7f,0xe7,0x7f,0xe7,0x7f,0xe7,
    0x7f,0xe7,0x7f,0xe7,0x7f,0xe7,0x7f,0xe7,0x7f,0xe7,0x7f,0xe7,0x7f,0xe7,0x7f,0xe7,
    0x9f,0xe7,0x9f,0xe7,0x9f,0xe7,0x7f,0xe7,0x7f,0xe7,0x7f,0xe7,0x7f,0xe7,0x7f,0xe7,
    0x7f,0xe7,0x7f,0xe7,0x7f,0xe7,0x7f,0xe7,0x7f,0xe7,0x7f,0xe7,0x7f,0xe7,0x7f,0xe7,
    0x7f,0xe7,0x7f,0xe7,0x9f,0xe7,0x9f,0xef,0xbf,0xf7,0xbf,0xef,0x7f,0xdf,0x9f,0xe7,
    0xbf,0xef,0xbf,0xef,0xff,0xff,0x9f,0xe7,0x9f,0xe7,0x9f,0xe7,0x9f,0xe7,0xff,0xff,
    0xbf,0xef,0xbf,0xef,0xbf,0xef,0x7f,0xdf,0xbf,0xef,0xbf,0xef,0x9f,0xe7,0x7f,0xe7,
    0x7f,0xe7,0x7f,0xe7,0x7f,0xe7,0x7f,0xe7,0x7f,0xe7,0x7f,0xe7,0x7f,0xe7,0x7f,0xe7,
    0x7f,0xe7,0x7f,0xe7,0x7f,0xe7,0x7f,0xe7,0x7f,0xe7,0x9f,0xe7,0x9f,0xe7,0x7f,0xe7,
    0x7f,0xe7,0x7f,0xe7,0x9f,0xe7,0x7f,0xe7,0x7f,0xe7,0x7f,0xe7,0x7f,0xe7,0x7f,0xe7,
    0x7f,0xe7,0x7f,0xe7,0x7f,0xe7,0x7f,0xe7,0x7f,0xe7,0x7f,0xe7,0x7f,0xe7,0x7f,0xe7,
    0x9f,0xef,0xbf,0xf7,0xbf,0xef,0x5f,0xdf,0x9f,0xe7,0xbf,0xef,0xbf,0xef,0xff,0xff,
    0x9f,0xe7,0x9f,0xe7,0x9f,0xe7,0x9f,0xe7,0xff,0xff,0xbf,0xef,0x9f,0xef,0x9f,0xe7,
    0x7f,0xdf,0xbf,0xef,0xbf,0xef,0x9f,0xe7,0x7f,0xe7,0x7f,0xe7,0x7f,0xe7,0x7f,0xe7,
    0x7f,0xe7,0x7f,0xe7,0x7f,0xe7,0x7f,0xe7,0x7f,0xe7,0x7f,0xe7,0x9f,0xe7,0x7f,0xe7,
    0x9f,0xe7,0x9f,0xe7,0x9f,0xe7,0x9f,0xe7,0x9f,0xe7,0x9f,0xe7,0x9f,0xe7,0x9f,0xe7,
    0x7f,0xe7,0x7f,0xe7,0x7f,0xe7,0x7f,0xe7,0x7f,0xe7,0x7f,0xe7,0x7f,0xe7,0x7f,0xe7,
    0x7f,0xe7,0x7f,0xe7,0x7f,0xe7,0x7f,0xe7,0x7f,0xe7,0x9f,0xef,0xbf,0xf7,0xbf,0xef,
    0x5f,0xdf,0x9f,0xe7,0xbf,0xef,0xbf,0xef,0xff,0xff,0x9f,0xe7,0x9f,0xe7,0x9f,0xe7,
    0x9f,0xe7,0xff,0xff,0xbf,0xef,0x9f,0xe7,0x9f,0xe7,0x5f,0xdf,0xbf,0xef,0xbf,0xef,
    0x9f,0xe7,0x7f,0xe7,0x7f,0xe7,0x7f,0xe7,0x7f,0xe7,0x7f,0xe7,0x7f,0xe7,0x7f,0xe7,
    0x7f,0xe7,0x7f,0xe7,0x9f,0xe7,0x9f,0xe7,0x9f,0xe7,0x9f,0xe7,0x9f,0xe7,0x9f,0xe7,
    0x9f,0xe7,0x9f,0xe7,0x9f,0xe7,0x9f,0xe7,0x9f,0xe7,0x9f,0xe7,0x9f,0xe7,0x9f,0xe7,
    0x7f,0xe7,0x7f,0xe7,0x7f,0xe7,0x7f,0xe7,0x7f,0xe7,0x7f,0xe7,0x7f,0xe7,0x7f,0xe7,
    0x7f,0xe7,0x7f,0xe7,0x9f,0xef,0xbf,0xf7,0xbf,0xef,0x5f,0xd7,0x9f,0xe7,0x9f,0xe7,
    0xbf,0xef,0xff,0xff,0x9f,0xe7,0x9f,0xe7,0x9f,0xe7,0x9f,0xe7,0xff,0xff,0xbf,0xef,
    0x9f,0xe7,0x9f,0xe7,0x5f,0xd7,0xbf,0xef,0xbf,0xef,0x9f,0xef,0x7f,0xe7,0x7f,0xe7,
    0x7f,0xe7,0x7f,0xe7,0x7f,0xe7,0x7f,0xe7,0x7f,0xe7,0x7f,0xe7,0x9f,0xe7,0x9f,0xe7,
    0x9f,0xe7,0x9f,0xe7,0x9f,0xe7,0x9f,0xe7,0x9f,0xe7,0x9f,0xe7,0x9f,0xe7,0x9f,0xe7,
    0x9f,0xe7,0x9f,0xe7,0x9f,0xe7,0x9f,0xe7,0x9f,0xe7,0x7f,0xe7,0x9f,0xe7,0x7f,0xe7,
    0x7f,0xe7,0x7f,0xe7,0x7f,0xe7,0x7f,0xe7,0x7f,0xe7,0x7f,0xe7,0x7f,0xe7,0x9f,0xef,
    0xbf,0xf7,0xbf,0xef,0x5f,0xd7,0x7f,0xe7,0x9f,0xe7,0xbf,0xef,0xff,0xff,0x9f,0xe7,
    0x9f,0xe7,0x9f,0xe7,0x9f,0xe7,0xff,0xff,0x9f,0xef,0x9f,0xe7,0x9f,0xe7,0x3f,0xd7,
    0xbf,0xef,0xbf,0xef,0x9f,0xef,0x7f,0xe7,0x7f,0xe7,0x7f,0xe7,0x7f,0xe7,0x7f,0xe7,
    0x7f,0xe7,0x7f,0xe7,0x7f,0xe7,0x9f,0xe7,0x9f,0xe7,0x9f,0xe7,0x9f,0xe7,0x9f,0xe7,
    0x9f,0xef,0x9f,0xe7,0x9f,0xe7,0x9f,0xe7,0x9f,0xe7,0x9f,0xe7,0x9f,0xef,0x9f,0xef,
    0x9f,0xe7,0x9f,0xe7,0x7f,0xe7,0x7f,0xe7,0x7f,0xe7,0x7f,0xe7,0x7f,0xe7,0x7f,0xe7,
    0x7f,0xe7,0x7f,0xe7,0x7f,0xe7,0x7f,0xe7,0x9f,0xef,0xbf,0xf7,0xbf,0xef,0x3f,0xd7,
    0x7f,0xe7,0x9f,0xe7,0xbf,0xef,0xff,0xff,0x9f,0xe7,0x9f,0xe7,0x9f,0xe7,0x9f,0xe7,
    0xff,0xff,0xbf,0xef,0x9f,0xe7,0x7f,0xe7,0x3f,0xd7,0xbf,0xef,0xbf,0xef,0x9f,0xef,
    0x7f,0xe7,0x7f,0xe7,0x7f,0xe7,0x7f,0xe7,0x7f,0xe7,0x7f,0xe7,0x7f,0xe7,0x7f,0xe7,
    0x7f,0xe7,0x9f,0xe7,0xff,0xc6,0x7f,0x6d,0x9f,0xb6,0x9f,0xe7,0x9f,0xe7,0x9f,0xe7,
    0x9f,0xe7,0x9f,0xe7,0x9f,0xe7,0x9f,0xe7,0x9f,0xe7,0x9f,0xe7,0x9f,0xe7,0x9f,0xe7,
    0x7f,0xe7,0x7f,0xe7,0x7f,0xe7,0x7f,0xe7,0x7f,0xe7,0x7f,0xe7,0x7f,0xe7,0x7f,0xe7,
    0x7f,0xe7,0x9f,0xef,0xbf,0xf7,0xdf,0xef,0x3f,0xd7,0x7f,0xdf,0x9f,0xe7,0xbf,0xef,
    0xff,0xff,0x9f,0xe7,0x9f,0xe7,0x9f,0xe7,0x7f,0xe7,0xff,0xff,0xbf,0xef,0x9f,0xe7,
    0x7f,0xe7,0x3f,0xd7,0xbf,0xef,0xbf,0xef,0x9f,0xef,0x7f,0xe7,0x7f,0xe7,0x7f,0xe7,
    0x7f,0xe7,0x7f,0xe7,0x7f,0xe7,0x7f,0xe7,0x7f,0xe7,0x7f,0xe7,0x5f,0xd7,0x7f,0x34,
    0x3e,0x24,0x3e,0x24,0x5e,0x65,0x5f,0xdf,0x9f,0xe7,0x9f,0xef,0x9f,0xef,0x9f,0xef,
    0x9f,0xe7,0x9f,0xe7,0x9f,0xe7,0x9f,0xe7,0x9f,0xe7,0x9f,0xe7,0x7f,0xe7,0x7f,0xe7,
    0x7f,0xe7,0x7f,0xe7,0x7f,0xe7,0x7f,0xe7,0x7f,0xe7,0x7f,0xe7,0x9f,0xef,0xbf,0xf7,
    0xdf,0xef,0x3f,0xd7,0x7f,0xe7,0x9f,0xe7,0xbf,0xef,0xff,0xff,0x9f,0xe7,0x9f,0xe7,
    0x9f,0xe7,0x7f,0xe7,0xff,0xff,0xbf,0xef,0x9f,0xe7,0x7f,0xe7,0x3f,0xd7,0xbf,0xef,
    0xbf,0xef,0x9f,0xef,0x7f,0xe7,0x7f,0xe7,0x7f,0xe7,0x7f,0xe7,0x7f,0xe7,0x7f,0xe7,
    0x7f,0xe7,0x9f,0xe7,0x9f,0xef,0xbf,0xb6,0x3e,0x24,0x1e,0x24,0x1e,0x24,0x3e,0x24,
    0x5e,0x2c,0x1f,0x96,0x9f,0xef,0x9f,0xef,0x9f,0xef,0x9f,0xef,0x9f,0xef,0x9f,0xef,
    0x9f,0xef,0x9f,0xe7,0x9f,0xe7,0x7f,0xe7,0x7f,0xe7,0x7f,0xe7,0x7f,0xe7,0x7f,0xe7,
    0x7f,0xe7,0x7f,0xe7,0x7f,0xe7,0x9f,0xef,0xbf,0xf7,0xdf,0xf7,0x3f,0xd7,0x7f,0xdf,
    0x9f,0xe7,0xbf,0xef,0xff,0xff,0x9f,0xe7,0x9f,0xe7,0x9f,0xe7,0x7f,0xdf,0xff,0xff,
    0xbf,0xef,0x9f,0xe7,0x7f,0xdf,0x5f,0xd7,0xbf,0xef,0xbf,0xef,0x9f,0xef,0x9f,0xe7,
    0x7f,0xe7,0x7f,0xe7,0x7f,0xe7,0x7f,0xe7,0x7f,0xe7,0x9f,0xe7,0x9f,0xe7,0x9f,0xef,
    0xbf,0xb6,0x3e,0x24,0x1e,0x24,0x3e,0x24,0x3e,0x24,0x3e,0x24,0x3e,0x24,0xde,0x44,
    0xdf,0xbe,0x9f,0xef,0x9f,0xef,0x9f,0xef,0x9f,0xef,0x9f,0xef,0x9f,0xe7,0x9f,0xe7,
    0x9f,0xe7,0x7f,0xe7,0x7f,0xe7,0x7f,0xe7,0x7f,0xe7,0x7f,0xe7,0x7f,0xe7,0x7f,0xe7,
    0x9f,0xef,0xdf,0xf7,0xdf,0xf7,0x3f,0xd7,0x7f,0xdf,0x9f,0xe7,0xbf,0xef,0xff,0xff,
    0x9f,0xe7,0x9f,0xe7,0x9f,0xe7,0x7f,0xdf,0xff,0xff,0xbf,0xef,0x9f,0xe7,0x7f,0xdf,
    0x5f,0xd7,0xbf,0xef,0xbf,0xef,0x9f,0xef,0x9f,0xe7,0x7f,0xe7,0x7f,0xe7,0x7f,0xe7,
    0x7f,0xe7,0x7f,0xe7,0x9f,0xe7,0x9f,0xe7,0x9f,0xef,0xbf,0xb6,0x1e,0x24,0x3e,0x24,
    0x3e,0x24,0x3e,0x24,0x3e,0x24,0x3e,0x24,0x3e,0x24,0x3e,0x24,0x7f,0x6d,0x5f,0xdf,
    0x9f,0xef,0x9f,0xef,0x9f,0xef,0x9f,0xe7,0x9f,0xe7,0x9f,0xe7,0x7f,0xe7,0x7f,0xe7,
    0x7f,0xe7,0x7f,0xe7,0x7f,0xe7,0x7f,0xe7,0x9f,0xe7,0x9f,0xef,0xdf,0xf7,0xdf,0xf7,
    0x5f,0xd7,0x7f,0xdf,0x9f,0xe7,0xbf,0xef,0xff,0xff,0x9f,0xe7,0x9f,0xe7,0x9f,0xe7,
    0x7f,0xdf,0xff,0xff,0xbf,0xef,0x9f,0xe7,0x7f,0xdf,0x5f,0xd7,0xdf,0xef,0xbf,0xef,
    0x9f,0xef,0x9f,0xe7,0x7f,0xe7,0x7f,0xe7,0x7f,0xe7,0x7f,0xe7,0x9f,0xe7,0x7f,0xe7,
    0x9f,0xe7,0x9f,0xef,0xbf,0xb6,0x1e,0x24,0x3e,0x24,0x3e,0x24,0x3e,0x24,0x3e,0x24,
    0x3e,0x24,0x3e,0x24,0x1e,0x24,0x1e,0x24,0x5e,0x34,0x1f,0x96,0x9f,0xef,0x9f,0xef,
    0x9f,0xe7,0x9f,0xe7,0x9f,0xe7,0x7f,0xe7,0x7f,0xe7,0x7f,0xe7,0x7f,0xe7,0x7f,0xe7,
    0x7f,0xe7,0x9f,0xe7,0x9f,0xef,0xdf,0xf7,0xdf,0xf7,0x5f,0xd7,0x7f,0xdf,0x9f,0xe7,
    0xbf,0xef,0xff,0xff,0x9f,0xe7,0x9f,0xe7,0x9f,0xe7,0x7f,0xdf,0xff,0xff,0xbf,0xef,
    0x9f,0xe7,0x7f,0xdf,0x5f,0xd7,0xbf,0xef,0xbf,0xf7,0x9f,0xef,0x9f,0xe7,0x7f,0xe7,
    0x7f,0xe7,0x7f,0xe7,0x9f,0xe7,0x9f,0xe7,0x7f,0xe7,0x9f,0xe7,0x9f,0xef,0xbf,0xb6,
    0x1e,0x24,0x1e,0x24,0x3e,0x24,0x3e,0x24,0x3e,0x24,0x3e,0x24,0x3e,0x24,0x1e,0x24,
    0x1e,0x24,0x1e,0x24,0x1e,0x24,0xfe,0x54,0xff,0xc6,0x9f,0xe7,0x9f,0xe7,0x9f,0xe7,
    0x7f,0xe7,0x7f,0xe7,0x7f,0xe7,0x7f,0xe7,0x7f,0xe7,0x9f,0xe7,0x9f,0xe7,0x9f,0xef,
    0xdf,0xf7,0xdf,0xf7,0x5f,0xd7,0x7f,0xdf,0x9f,0xe7,0xbf,0xef,0xff,0xff,0x9f,0xe7,
    0x9f,0xe7,0x9f,0xe7,0x7f,0xdf,0xff,0xff,0xbf,0xef,0x9f,0xe7,0x7f,0xdf,0x5f,0xd7,
    0xbf,0xef,0xbf,0xf7,0x9f,0xef,0x9f,0xe7,0x7f,0xe7,0x7f,0xe7,0x7f,0xe7,0x7f,0xe7,
    0x7f,0xe7,0x7f,0xe7,0x9f,0xe7,0x9f,0xef,0xbf,0xb6,0x1e,0x24,0x1e,0x24,0x3e,0x24,
    0x3e,0x24,0x3e,0x24,0x3e,0x24,0x3e,0x24,0x3e,0x24,0x3e,0x24,0x1e,0x24,0x3e,0x24,
    0x1e,0x24,0x3e,0x24,0xbf,0x7d,0x3f,0xd7,0x9f,0xe7,0x9f,0xe7,0x9f,0xe7,0x9f,0xe7,
    0x7f,0xe7,0x7f,0xe7,0x9f,0xe7,0x9f,0xe7,0xbf,0xef,0xdf,0xf7,0xdf,0xf7,0x5f,0xd7,
    0x7f,0xdf,0x9f,0xe7,0xbf,0xef,0xff,0xff,0x9f,0xe7,0x9f,0xe7,0x9f,0xe7,0x7f,0xdf,
    0xff,0xff,0xbf,0xef,0x9f,0xe7,0x7f,0xdf,0x5f,0xd7,0xbf,0xef,0xbf,0xf7,0x9f,0xef,
    0x9f,0xe7,0x7f,0xe7,0x7f,0xe7,0x7f,0xe7,0x7f,0xe7,0x9f,0xe7,0x7f,0xe7,0x9f,0xe7,
    0x9f,0xef,0xbf,0xb6,0x1e,0x24,0x1e,0x24,0x1e,0x24,0x3e,0x24,0x3e,0x24,0x3e,0x24,
    0x3e,0x24,0x3e,0x24,0x3e,0x24,0x3e,0x24,0x3e,0x24,0x1e,0x24,0x1e,0x24,0x3e,0x24,
    0x5f,0x65,0x9f,0xe7,0x9f,0xe7,0x9f,0xe7,0x9f,0xe7,0x7f,0xe7,0x7f,0xe7,0x9f,0xe7,
    0x9f,0xe7,0xbf,0xef,0xdf,0xf7,0xdf,0xf7,0x5f,0xdf,0x7f,0xdf,0x9f,0xe7,0xbf,0xef,
    0xff,0xff,0x9f,0xe7,0x9f,0xe7,0x9f,0xe7,0x7f,0xdf,0xff,0xff,0xbf,0xef,0x9f,0xe7,
    0x7f,0xdf,0x5f,0xd7,0xdf,0xf7,0xbf,0xf7,0x9f,0xef,0x9f,0xe7,0x7f,0xe7,0x7f,0xe7,
    0x7f,0xe7,0x7f,0xe7,0x7f,0xe7,0x9f,0xe7,0x9f,0xe7,0x9f,0xef,0xbf,0xb6,0x1e,0x24,
    0x1e,0x24,0x1e,0x24,0x3e,0x24,0x3e,0x24,0x3e,0x24,0x3e,0x24,0x1e,0x24,0x1e,0x24,
    0x3e,0x24,0x3e,0x24,0x3e,0x24,0x3e,0x24,0x3f,0x24,0x3f,0x5d,0x9f,0xe7,0x9f,0xe7,
    0x7f,0xe7,0x7f,0xe7,0x7f,0xe7,0x9f,0xe7,0x9f,0xe7,0x9f,0xe7,0xbf,0xef,0xdf,0xf7,
    0xdf,0xf7,0x5f,0xd7,0x7f,0xdf,0x9f,0xe7,0xbf,0xef,0xff,0xff,0x9f,0xe7,0x9f,0xe7,
    0x9f,0xe7,0x7f,0xdf,0xff,0xff,0xbf,0xef,0x9f,0xe7,0x7f,0xdf,0x5f,0xdf,0xdf,0xf7,
    0xbf,0xf7,0x9f,0xef,0x9f,0xe7,0x7f,0xe7,0x7f,0xe7,0x7f,0xe7,0x7f,0xe7,0x7f,0xe7,
    0x7f,0xe7,0x9f,0xe7,0x9f,0xef,0xbf,0xb6,0x1e,0x24,0x1e,0x24,0x1e,0x24,0x3e,0x24,
    0x3e,0x24,0x3e,0x24,0x1e,0x24,0x1e,0x24,0x1e,0x24,0x3e,0x24,0x1e,0x24,0x3e,0x24,
    0x3e,0x24,0x5f,0x65,0x1f,0xcf,0x9f,0xe7,0x9f,0xe7,0x7f,0xe7,0x7f,0xe7,0x7f,0xe7,
    0x7f,0xe7,0x9f,0xe7,0x9f,0xe7,0xbf,0xef,0xdf,0xf7,0xdf,0xf7,0x5f,0xd7,0x7f,0xdf,
    0x9f,0xe7,0xbf,0xef,0xff,0xff,0x9f,0xe7,0x9f,0xe7,0x9f,0xe7,0x7f,0xdf,0xff,0xff,
    0xbf,0xef,0x9f,0xe7,0x7f,0xe7,0x5f,0xdf,0xbf,0xef,0xbf,0xf7,0x9f,0xef,0x9f,0xe7,
    0x7f,0xe7,0x7f,0xe7,0x7f,0xe7,0x7f,0xe7,0x7f,0xe7,0x7f,0xe7,0x9f,0xe7,0x9f,0xef,
    0xbf,0xb6,0x1e,0x24,0x1e,0x24,0x1e,0x24,0x1e,0x24,0x1e,0x24,0x1e,0x24,0x1e,0x24,
    0x1e,0x24,0x1e,0x24,0x1e,0x24,0x1e,0x24,0xdf,0x4c,0xdf,0xbe,0x9f,0xe7,0x9f,0xe7,
    0x9f,0xe7,0x9f,0xe7,0x7f,0xe7,0x7f,0xe7,0x7f,0xe7,0x7f,0xe7,0x7f,0xe7,0x9f,0xe7,
    0xbf,0xef,0xdf,0xf7,0xdf,0xf7,0x5f,0xd7,0x7f,0xdf,0x9f,0xe7,0xbf,0xef,0xff,0xff,
    0x9f,0xe7,0x9f,0xe7,0x9f,0xe7,0x7f,0xdf,0xff,0xff,0xbf,0xef,0x9f,0xe7,0x7f,0xe7,
    0x5f,0xdf,0xbf,0xef,0xbf,0xf7,0x9f,0xef,0x7f,0xe7,0x7f,0xe7,0x7f,0xe7,0x7f,0xe7,
    0x7f,0xe7,0x7f,0xe7,0x7f,0xe7,0x9f,0xe7,0x9f,0xef,0xbf,0xb6,0x1e,0x24,0x1e,0x24,
    0x1e,0x24,0x1e,0x24,0x1e,0x24,0x1e,0x24,0x1e,0x24,0x1e,0x24,0x1e,0x24,0x3e,0x2c,
    0x1f,0x96,0x9f,0xe7,0x9f,0xe7,0x9f,0xe7,0x9f,0xe7,0x7f,0xe7,0x7f,0xe7,0x7f,0xe7,
    0x7f,0xe7,0x7f,0xe7,0x7f,0xe7,0x7f,0xe7,0x9f,0xe7,0x9f,0xef,0xdf,0xf7,0xdf,0xf7,
    0x3f,0xd7,0x7f,0xdf,0x9f,0xe7,0xbf,0xef,0xff,0xff,0x9f,0xe7,0x9f,0xe7,0x9f,0xe7,
    0x7f,0xdf,0xff,0xff,0xbf,0xef,0x9f,0xe7,0x7f,0xe7,0x5f,0xdf,0xbf,0xef,0xbf,0xf7,
    0x9f,0xef,0x7f,0xe7,0x7f,0xe7,0x7f,0xe7,0x7f,0xe7,0x7f,0xe7,0x9f,0xe7,0x7f,0xe7,
    0x9f,0xe7,0x9f,0xef,0xbf,0xb6,0x1e,0x24,0x1e,0x24,0x1e,0x24,0x1e,0x24,0x1e,0x24,
    0x1e,0x24,0x1e,0x24,0x1e,0x24,0x3f,0x65,0x3f,0xd7,0x9f,0xe7,0x9f,0xe7,0x9f,0xe7,
    0x9f,0xe7,0x9f,0xe7,0x9f,0xe7,0x7f,0xe7,0x7f,0xe7,0x7f,0xe7,0x7f,0xe7,0x7f,0xe7,
    0x7f,0xe7,0x9f,0xe7,0x9f,0xef,0xdf,0xf7,0xdf,0xf7,0x3f,0xd7,0x7f,0xdf,0x9f,0xe7,
    0xbf,0xef,0xff,0xff,0x9f,0xe7,0x9f,0xe7,0x9f,0xe7,0x7f,0xdf,0xff,0xff,0xbf,0xef,
    0x9f,0xe7,0x7f,0xe7,0x5f,0xdf,0xdf,0xef,0xbf,0xf7,0x9f,0xef,0x7f,0xe7,0x7f,0xe7,
    0x7f,0xe7,0x7f,0xe7,0x7f,0xe7,0x7f,0xe7,0x9f,0xe7,0x9f,0xe7,0x9f,0xef,0xbf,0xb6,
    0x1e,0x24,0x1e,0x24,0x1e,0x24,0x1e,0x24,0x1e,0x24,0x1e,0x24,0x9e,0x44,0xbf,0xb6,
    0x9f,0xef,0x9f,0xe7,0x9f,0xe7,0x9f,0xe7,0x9f,0xe7,0x9f,0xe7,0x9f,0xe7,0x9f,0xe7,
    0x7f,0xe7,0x7f,0xe7,0x7f,0xe7,0x7f,0xe7,0x7f,0xe7,0x7f,0xe7,0x9f,0xe7,0x9f,0xef,
    0xdf,0xf7,0xdf,0xf7,0x3f,0xd7,0x7f,0xdf,0x9f,0xe7,0xbf,0xef,0xff,0xff,0x9f,0xe7,
    0x9f,0xe7,0x9f,0xe7,0x7f,0xdf,0xff,0xff,0xbf,0xef,0x9f,0xe7,0x7f,0xe7,0x5f,0xdf,
    0xdf,0xef,0xbf,0xef,0x9f,0xe7,0x7f,0xe7,0x7f,0xe7,0x7f,0xe7,0x7f,0xe7,0x7f,0xe7,
    0x7f,0xe7,0x7f,0xe7,0x9f,0xe7,0x9f,0xef,0x9f,0xb6,0x1e,0x24,0x1e,0x24,0x1e,0x24,
    0x1e,0x24,0x3e,0x2c,0xff,0x8d,0x7f,0xe7,0x9f,0xef,0x9f,0xef,0x9f,0xe7,0x9f,0xe7,
    0x9f,0xe7,0x9f,0xe7,0x9f,0xe7,0x9f,0xe7,0x7f,0xe7,0x7f,0xe7,0x7f,0xe7,0x7f,0xe7,
    0x7f,0xe7,0x7f,0xe7,0x7f,0xe7,0x7f,0xe7,0x9f,0xef,0xdf,0xf7,0xdf,0xf7,0x3f,0xd7,
    0x7f,0xdf,0x9f,0xe7,0xbf,0xef,0xff,0xff,0x9f,0xe7,0x9f,0xe7,0x9f,0xe7,0x7f,0xe7,
    0xff,0xff,0xbf,0xef,0x9f,0xe7,0x7f,0xdf,0x5f,0xd7,0xdf,0xef,0xbf,0xef,0x9f,0xe7,
    0x7f,0xe7,0x7f,0xe7,0x7f,0xdf,0x7f,0xe7,0x7f,0xe7,0x7f,0xe7,0x7f,0xe7,0x9f,0xe7,
    0x9f,0xe7,0x3f,0xd7,0x3e,0x2c,0x1e,0x24,0x1e,0x24,0x1f,0x5d,0x3f,0xd7,0x9f,0xef,
    0x9f,0xef,0x9f,0xef,0x9f,0xef,0x9f,0xe7,0x9f,0xe7,0x9f,0xe7,0x9f,0xe7,0x7f,0xe7,
    0x7f,0xe7,0x7f,0xe7,0x7f,0xe7,0x7f,0xe7,0x7f,0xe7,0x7f,0xe7,0x7f,0xe7,0x7f,0xe7,
    0x7f,0xe7,0x9f,0xef,0xdf,0xf7,0xdf,0xf7,0x3f,0xd7,0x7f,0xdf,0x9f,0xe7,0xbf,0xef,
    0xff,0xff,0x9f,0xe7,0x9f,0xe7,0x9f,0xe7,0x9f,0xe7,0xff,0xff,0xbf,0xef,0x9f,0xe7,
    0x7f,0xdf,0x5f,0xd7,0xbf,0xef,0xbf,0xef,0x9f,0xe7,0x7f,0xe7,0x7f,0xe7,0x5f,0xdf,
    0x7f,0xdf,0x7f,0xe7,0x7f,0xe7,0x7f,0xe7,0x7f,0xe7,0x7f,0xe7,0x7f,0xe7,0xbf,0xb6,
    0x5f,0x6d,0x7f,0xae,0x9f,0xef,0x9f,0xef,0x9f,0xef,0x9f,0xef,0x9f,0xef,0x9f,0xef,
    0x9f,0xe7,0x9f,0xe7,0x9f,0xe7,0x7f,0xe7,0x7f,0xe7,0x7f,0xe7,0x7f,0xe7,0x7f,0xe7,
    0x7f,0xe7,0x7f,0xe7,0x7f,0xe7,0x7f,0xe7,0x7f,0xe7,0x7f,0xe7,0x9f,0xef,0xbf,0xf7,
    0xdf,0xf7,0x3f,0xd7,0x7f,0xdf,0x9f,0xe7,0xbf,0xef,0xff,0xff,0x9f,0xe7,0x9f,0xe7,
    0x9f,0xe7,0x7f,0xdf,0xff,0xff,0x9f,0xef,0x7f,0xe7,0x7f,0xdf,0x3f,0xd7,0xbf,0xef,
    0xbf,0xef,0x7f,0xe7,0x7f,0xe7,0x7f,0xdf,0x7f,0xdf,0x7f,0xdf,0x7f,0xe7,0x7f,0xe7,
    0x7f,0xe7,0x7f,0xe7,0x7f,0xe7,0x7f,0xe7,0x9f,0xe7,0x9f,0xe7,0x9f,0xef,0x9f,0xef,
    0x9f,0xef,0x9f,0xef,0x9f,0xef,0x9f,0xef,0x9f,0xe7,0x9f,0xe7,0x7f,0xe7,0x7f,0xe7,
    0x7f,0xe7,0x7f,0xe7,0x7f,0xe7,0x7f,0xe7,0x7f,0xe7,0x7f,0xe7,0x7f,0xe7,0x7f,0xdf,
    0x7f,0xe7,0x7f,0xe7,0x7f,0xe7,0x9f,0xe7,0xbf,0xf7,0xbf,0xef,0x5f,0xd7,0x7f,0xdf,
    0x9f,0xe7,0xbf,0xef,0xff,0xff,0x9f,0xe7,0x9f,0xe7,0x9f,0xe7,0x7f,0xdf,0xff,0xff,
    0x9f,0xef,0x7f,0xe7,0x7f,0xdf,0x3f,0xd7,0xbf,0xef,0xbf,0xef,0x7f,0xe7,0x7f,0xe7,
    0x5f,0xdf,0x5f,0xdf,0x5f,0xdf,0x7f,0xdf,0x7f,0xdf,0x7f,0xe7,0x7f,0xe7,0x7f,0xe7,
    0x7f,0xe7,0x7f,0xe7,0x9f,0xe7,0x9f,0xe7,0x9f,0xe7,0x9f,0xe7,0x9f,0xe7,0x9f,0xe7,
    0x9f,0xe7,0x9f,0xe7,0x7f,0xe7,0x7f,0xe7,0x7f,0xe7,0x7f,0xe7,0x7f,0xe7,0x7f,0xe7,
    0x7f,0xe7,0x7f,0xe7,0x7f,0xe7,0x7f,0xdf,0x7f,0xe7,0x7f,0xe7,0x7f,0xe7,0x7f,0xe7,
    0x9f,0xe7,0xbf,0xf7,0xbf,0xef,0x3f,0xd7,0x7f,0xdf,0x9f,0xe7,0xbf,0xef,0xff,0xff,
    0x9f,0xe7,0x9f,0xe7,0x9f,0xe7,0x9f,0xe7,0xff,0xff,0x9f,0xef,0x9f,0xe7,0x7f,0xdf,
    0x3f,0xd7,0xbf,0xef,0xbf,0xef,0x7f,0xe7,0x7f,0xe7,0x5f,0xdf,0x5f,0xdf,0x5f,0xdf,
    0x5f,0xdf,0x7f,0xdf,0x5f,0xdf,0x7f,0xe7,0x7f,0xe7,0x7f,0xe7,0x7f,0xe7,0x7f,0xe7,
    0x9f,0xe7,0x9f,0xe7,0x9f,0xe7,0x9f,0xe7,0x9f,0xe7,0x7f,0xe7,0x7f,0xe7,0x7f,0xe7,
    0x7f,0xe7,0x7f,0xe7,0x7f,0xe7,0x7f,0xe7,0x7f,0xe7,0x7f,0xe7,0x7f,0xdf,0x7f,0xdf,
    0x7f,0xe7,0x7f,0xe7,0x7f,0xe7,0x7f,0xe7,0x7f,0xe7,0x9f,0xe7,0xbf,0xef,0xbf,0xef,
    0x5f,0xd7,0x7f,0xdf,0x9f,0xe7,0xbf,0xef,0xff,0xff,0x9f,0xe7,0x9f,0xe7,0x9f,0xe7,
    0x9f,0xe7,0xff,0xff,0x9f,0xef,0x9f,0xe7,0x7f,0xdf,0x3f,0xd7,0xbf,0xef,0xbf,0xef,
    0x7f,0xe7,0x7f,0xe7,0x5f,0xdf,0x5f,0xdf,0x5f,0xdf,0x5f,0xdf,0x5f,0xdf,0x5f,0xdf,
    0x5f,0xdf,0x7f,0xe7,0x7f,0xe7,0x7f,0xe7,0x7f,0xe7,0x7f,0xe7,0x7f,0xe7,0x7f,0xe7,
    0x7f,0xe7,0x7f,0xe7,0x7f,0xe7,0x7f,0xe7,0x7f,0xe7,0x7f,0xe7,0x7f,0xe7,0x7f,0xe7,
    0x7f,0xe7,0x7f,0xdf,0x7f,0xdf,0x7f,0xe7,0x7f,0xe7,0x7f,0xe7,0x7f,0xdf,0x7f,0xdf,
    0x7f,0xe7,0x7f,0xe7,0x9f,0xe7,0xbf,0xef,0xbf,0xef,0x5f,0xd7,0x7f,0xdf,0x9f,0xe7,
    0xbf,0xef,0xff,0xff,0x9f,0xe7,0x9f,0xe7,0x9f,0xe7,0x9f,0xe7,0xff,0xff,0x9f,0xef,
    0x9f,0xe7,0x7f,0xdf,0x5f,0xd7,0xbf,0xef,0xbf,0xef,0x7f,0xe7,0x7f,0xe7,0x5f,0xdf,
    0x5f,0xdf,0x5f,0xdf,0x5f,0xdf,0x5f,0xdf,0x5f,0xdf,0x5f,0xdf,0x7f,0xe7,0x7f,0xe7,
    0x7f,0xe7,0x7f,0xe7,0x7f,0xe7,0x7f,0xe7,0x7f,0xe7,0x7f,0xe7,0x7f,0xe7,0x7f,0xe7,
    0x7f,0xe7,0x7f,0xe7,0x7f,0xe7,0x7f,0xe7,0x7f,0xdf,0x7f,0xe7,0x7f,0xe7,0x7f,0xdf,
    0x7f,0xdf,0x7f,0xdf,0x7f,0xdf,0x7f,0xdf,0x7f,0xdf,0x7f,0xdf,0x7f,0xe7,0x9f,0xe7,
    0xbf,0xef,0xbf,0xef,0x5f,0xd7,0x7f,0xdf,0x9f,0xe7,0xbf,0xef,0xff,0xff,0x9f,0xe7,
    0x9f,0xe7,0x9f,0xe7,0x9f,0xe7,0xff,0xff,0xbf,0xef,0x9f,0xe7,0x7f,0xdf,0x5f,0xd7,
    0xbf,0xef,0xbf,0xef,0x7f,0xe7,0x7f,0xe7,0x5f,0xdf,0x5f,0xdf,0x5f,0xdf,0x5f,0xdf,
    0x5f,0xdf,0x5f,0xdf,0x7f,0xdf,0x7f,0xe7,0x7f,0xe7,0x7f,0xe7,0x7f,0xe7,0x7f,0xe7,
    0x7f,0xe7,0x7f,0xe7,0x7f,0xe7,0x7f,0xe7,0x7f,0xe7,0x7f,0xe7,0x7f,0xe7,0x7f,0xe7,
    0x7f,0xe7,0x7f,0xe7,0x7f,0xe7,0x7f,0xe7,0x7f,0xe7,0x7f,0xdf,0x7f,0xdf,0x7f,0xdf,
    0x7f,0xdf,0x5f,0xdf,0x7f,0xe7,0x7f,0xe7,0x9f,0xe7,0xbf,0xef,0xbf,0xef,0x5f,0xd7,
    0x7f,0xdf,0x9f,0xe7,0xbf,0xef,0xff,0xff,0x9f,0xe7,0x9f,0xe7,0x9f,0xe7,0x9f,0xe7,
    0xff,0xff,0xbf,0xef,0x9f,0xe7,0x7f,0xe7,0x5f,0xdf,0xbf,0xef,0xbf,0xef,0x9f,0xe7,
    0x7f,0xe7,0x5f,0xdf,0x5f,0xdf,0x5f,0xdf,0x5f,0xdf,0x5f,0xdf,0x7f,0xdf,0x7f,0xdf,
    0x7f,0xdf,0x7f,0xe7,0x7f,0xe7,0x7f,0xe7,0x7f,0xe7,0x7f,0xe7,0x7f,0xe7,0x7f,0xe7,
    0x7f,0xe7,0x7f,0xe7,0x7f,0xdf,0x7f,0xdf,0x7f,0xdf,0x7f,0xe7,0x7f,0xe7,0x7f,0xe7,
    0x7f,0xe7,0x7f,0xe7,0x7f,0xdf,0x7f,0xdf,0x5f,0xdf,0x5f,0xdf,0x5f,0xdf,0x7f,0xe7,
    0x7f,0xe7,0x9f,0xef,0xbf,0xf7,0xbf,0xef,0x5f,0xdf,0x7f,0xe7,0x9f,0xe7,0xbf,0xef,
    0xff,0xff,0x9f,0xe7,0x9f,0xe7,0x9f,0xe7,0x9f,0xe7,0xff,0xff,0xbf,0xef,0x9f,0xe7,
    0x7f,0xe7,0x5f,0xdf,0x9f,0xe7,0xbf,0xf7,0x9f,0xef,0x7f,0xe7,0x7f,0xe7,0x5f,0xdf,
    0x5f,0xdf,0x5f,0xdf,0x5f,0xdf,0x5f,0xdf,0x5f,0xdf,0x5f,0xdf,0x7f,0xdf,0x7f,0xe7,
    0x7f,0xe7,0x7f,0xdf,0x7f,0xe7,0x7f,0xe7,0x7f,0xe7,0x7f,0xe7,0x7f,0xdf,0x7f,0xe7,
    0x7f,0xe7,0x7f,0xdf,0x7f,0xdf,0x5f,0xdf,0x7f,0xe7,0x7f,0xe7,0x7f,0xe7,0x7f,0xdf,
    0x5f,0xdf,0x5f,0xdf,0x7f,0xdf,0x7f,0xe7,0x7f,0xe7,0x9f,0xe7,0xbf,0xef,0xdf,0xf7,
    0x9f,0xe7,0x5f,0xdf,0x9f,0xe7,0xbf,0xef,0xbf,0xef,0xff,0xff,0x9f,0xe7,0x9f,0xe7,
    0x9f,0xe7,0x7f,0xe7,0xff,0xff,0xbf,0xef,0x9f,0xe7,0x9f,0xe7,0x7f,0xdf,0x5f,0xd7,
    0xdf,0xf7,0xbf,0xef,0x9f,0xe7,0x7f,0xe7,0x5f,0xe7,0x5f,0xdf,0x5f,0xdf,0x5f,0xdf,
    0x5f,0xdf,0x5f,0xdf,0x5f,0xdf,0x7f,0xdf,0x7f,0xe7,0x7f,0xe7,0x7f,0xe7,0x7f,0xe7,
    0x7f,0xdf,0x7f,0xdf,0x7f,0xdf,0x7f,0xdf,0x7f,0xe7,0x7f,0xe7,0x7f,0xe7,0x7f,0xdf,
    0x7f,0xe7,0x7f,0xe7,0x7f,0xe7,0x7f,0xdf,0x7f,0xdf,0x5f,0xdf,0x5f,0xdf,0x7f,0xdf,
    0x7f,0xe7,0x7f,0xe7,0x9f,0xef,0xbf,0xef,0xdf,0xf7,0x5f,0xdf,0x7f,0xdf,0x9f,0xe7,
    0x9f,0xef,0xbf,0xef,0xff,0xff,0x9f,0xe7,0x9f,0xe7,0x9f,0xe7,0x7f,0xe7,0xff,0xff,
    0xbf,0xef,0x9f,0xe7,0x9f,0xe7,0x7f,0xdf,0x3f,0xd7,0xbf,0xef,0xbf,0xf7,0x9f,0xef,
    0x7f,0xe7,0x7f,0xe7,0x7f,0xe7,0x5f,0xdf,0x7f,0xe7,0x7f,0xe7,0x7f,0xe7,0x7f,0xe7,
    0x7f,0xe7,0x7f,0xe7,0x7f,0xe7,0x7f,0xe7,0x7f,0xe7,0x7f,0xe7,0x7f,0xe7,0x7f,0xe7,
    0x7f,0xe7,0x7f,0xe7,0x7f,0xe7,0x7f,0xe7,0x7f,0xe7,0x7f,0xe7,0x7f,0xe7,0x7f,0xe7,
    0x7f,0xe7,0x7f,0xe7,0x7f,0xe7,0x7f,0xe7,0x7f,0xe7,0x7f,0xe7,0x9f,0xe7,0xbf,0xef,
    0xdf,0xf7,0xbf,0xf7,0x5f,0xd7,0x7f,0xdf,0x9f,0xe7,0x9f,0xe7,0xbf,0xef,0xff,0xff,
    0x9f,0xe7,0x9f,0xe7,0x9f,0xe7,0x7f,0xe7,0xff,0xff,0xbf,0xef,0x9f,0xe7,0x9f,0xe7,
    0x7f,0xdf,0x5f,0xd7,0x3f,0xd7,0xdf,0xf7,0xbf,0xf7,0x9f,0xef,0x9f,0xe7,0x7f,0xe7,
    0x7f,0xe7,0x7f,0xe7,0x7f,0xe7,0x7f,0xe7,0x7f,0xe7,0x7f,0xe7,0x7f,0xe7,0x7f,0xe7,
    0x7f,0xe7,0x7f,0xe7,0x7f,0xe7,0x7f,0xe7,0x7f,0xe7,0x7f,0xe7,0x7f,0xe7,0x7f,0xe7,
    0x7f,0xe7,0x9f,0xe7,0x9f,0xe7,0x7f,0xe7,0x9f,0xe7,0x7f,0xe7,0x7f,0xe7,0x7f,0xe7,
    0x7f,0xe7,0x7f,0xe7,0x9f,0xef,0xbf,0xef,0xbf,0xf7,0xdf,0xf7,0x5f,0xd7,0x5f,0xdf,
    0x7f,0xdf,0x9f,0xe7,0xbf,0xef,0xbf,0xef,0xff,0xff,0x9f,0xe7,0x9f,0xe7,0x9f,0xe7,
    0x7f,0xe7,0xff,0xff,0xbf,0xef,0x9f,0xef,0x9f,0xe7,0x7f,0xe7,0x5f,0xdf,0x3f,0xd7,
    0x3f,0xd7,0xbf,0xf7,0xbf,0xf7,0xbf,0xef,0x9f,0xef,0x9f,0xef,0x9f,0xef,0x9f,0xef,
    0x9f,0xef,0x9f,0xef,0x9f,0xef,0x9f,0xef,0x9f,0xef,0x9f,0xef,0x9f,0xef,0xbf,0xef,
    0x9f,0xef,0xbf,0xef,0x9f,0xef,0x9f,0xef,0x9f,0xef,0x9f,0xef,0x9f,0xef,0x9f,0xef,
    0x9f,0xef,0x9f,0xef,0x9f,0xef,0x9f,0xef,0x9f,0xef,0x9f,0xef,0x9f,0xef,0xbf,0xef,
    0xdf,0xf7,0xdf,0xf7,0x5f,0xd7,0x5f,0xd7,0x5f,0xdf,0x9f,0xe7,0x9f,0xe7,0xbf,0xef,
    0xbf,0xef,0xff,0xff,0x9f,0xdf,0x9f,0xe7,0x9f,0xe7,0x9f,0xe7,0xff,0xff,0xbf,0xef,
    0xbf,0xef,0x9f,0xe7,0x7f,0xe7,0x7f,0xdf,0x5f,0xd7,0x3f,0xcf,0x3f,0xcf,0x5f,0xd7,
    0x9f,0xe7,0x9f,0xef,0x9f,0xef,0x9f,0xef,0x9f,0xe7,0x9f,0xef,0x9f,0xef,0x9f,0xef,
    0x9f,0xef,0x9f,0xef,0x9f,0xef,0xbf,0xef,0xbf,0xef,0xbf,0xef,0xbf,0xef,0xbf,0xef,
    0xbf,0xef,0xbf,0xef,0xbf,0xef,0xbf,0xef,0xbf,0xef,0xbf,0xef,0x9f,0xef,0x9f,0xef,
    0x9f,0xef,0x9f,0xef,0x9f,0xef,0x9f,0xef,0x7f,0xdf,0x7f,0xdf,0x3f,0xcf,0x3f,0xd7,
    0x5f,0xd7,0x7f,0xdf,0x9f,0xe7,0x9f,0xe7,0x9f,0xe7,0xbf,0xef,0xdf,0xff,0x7f,0xdf,
    0x9f,0xe7,0x9f,0xe7,0x9f,0xe7,0xff,0xff,0xbf,0xef,0xbf,0xef,0x9f,0xe7,0x9f,0xe7,
    0x7f,0xdf,0x5f,0xdf,0x3f,0xd7,0x1f,0xcf,0xff,0xc6,0xff,0xc6,0xff,0xc6,0xff,0xc6,
    0xff,0xc6,0xff,0xc6,0xff,0xc6,0xff,0xc6,0xff,0xc6,0xff,0xc6,0xff,0xc6,0xff,0xc6,
    0xff,0xc6,0x1f,0xc7,0x1f,0xc7,0x1f,0xc7,0x1f,0xc7,0x1f,0xc7,0x1f,0xc7,0x1f,0xc7,
    0x1f,0xcf,0x1f,0xcf,0x1f,0xc7,0x1f,0xc7,0x1f,0xc7,0x1f,0xc7,0xff,0xc6,0xff,0xc6,
    0x1f,0xc7,0x1f,0xc7,0xff,0xc6,0x1f,0xcf,0x3f,0xd7,0x5f,0xdf,0x7f,0xdf,0x9f,0xe7,
    0x9f,0xe7,0x9f,0xe7,0xbf,0xef,0xdf,0xff,0x7f,0xdf,0x9f,0xe7,0x9f,0xe7,0x9f,0xe7,
    0xff,0xff,0xbf,0xef,0x9f,0xef,0x9f,0xe7,0x9f,0xe7,0x7f,0xe7,0x7f,0xdf,0x5f,0xd7,
    0x3f,0xd7,0x1f,0xcf,0xff,0xc6,0xdf,0xc6,0xdf,0xbe,0xdf,0xbe,0xde,0xbe,0xde,0xbe,
    0xde,0xbe,0xdf,0xbe,0xdf,0xbe,0xdf,0xbe,0xdf,0xbe,0xdf,0xbe,0xdf,0xbe,0xdf,0xbe,
    0xdf,0xbe,0xdf,0xbe,0xdf,0xbe,0xdf,0xbe,0xdf,0xbe,0xdf,0xbe,0xdf,0xbe,0xdf,0xbe,
    0xdf,0xbe,0xdf,0xbe,0xdf,0xbe,0xdf,0xbe,0xdf,0xbe,0xff,0xc6,0xff,0xc6,0x1f,0xcf,
    0x3f,0xcf,0x5f,0xd7,0x7f,0xdf,0x7f,0xe7,0x9f,0xe7,0x9f,0xe7,0x9f,0xe7,0xbf,0xef,
    0xdf,0xff,0x7f,0xdf,0x9f,0xe7,0x9f,0xe7,0x9f,0xe7,0xff,0xff,0xbf,0xef,0x9f,0xef,
    0x9f,0xe7,0x9f,0xe7,0x9f,0xe7,0x7f,0xe7,0x7f,0xdf,0x5f,0xdf,0x3f,0xd7,0x3f,0xd7,
    0x1f,0xcf,0x1f,0xcf,0x1f,0xcf,0x1f,0xcf,0x1f,0xcf,0x1f,0xcf,0x1f,0xcf,0x1f,0xcf,
    0x1f,0xcf,0xff,0xc6,0xff,0xc6,0xff,0xc6,0xff,0xc6,0xff,0xc6,0xff,0xc6,0xff,0xc6,
    0xff,0xc6,0xff,0xc6,0x1f,0xc7,0x1f,0xc7,0x1f,0xcf,0xff,0xc6,0xff,0xc6,0xff,0xc6,
    0xff,0xce,0x1f,0xcf,0x1f,0xcf,0x1f,0xcf,0x3f,0xd7,0x5f,0xd7,0x5f,0xdf,0x7f,0xdf,
    0x9f,0xe7,0x9f,0xe7,0x9f,0xe7,0x9f,0xe7,0xbf,0xef,0xdf,0xff,0x7f,0xdf,0x9f,0xe7,
    0x9f,0xe7,0x9f,0xe7,0xff,0xff,0xbf,0xef,0x9f,0xef,0x9f,0xe7,0x9f,0xe7,0x9f,0xe7,
    0x9f,0xe7,0x9f,0xe7,0x7f,0xdf,0x7f,0xdf,0x5f,0xdf,0x5f,0xd7,0x5f,0xd7,0x5f,0xd7,
    0x3f,0xd7,0x3f,0xd7,0x3f,0xd7,0x3f,0xd7,0x3f,0xd7,0x3f,0xd7,0x3f,0xd7,0x3f,0xd7,
    0x3f,0xd7,0x3f,0xd7,0x3f,0xd7,0x3f,0xd7,0x3f,0xd7,0x3f,0xd7,0x3f,0xd7,0x3f,0xd7,
    0x3f,0xd7,0x3f,0xd7,0x3f,0xd7,0x3f,0xd7,0x3f,0xd7,0x3f,0xd7,0x3f,0xd7,0x3f,0xd7,
    0x5f,0xd7,0x5f,0xdf,0x7f,0xdf,0x7f,0xdf,0x9f,0xe7,0x9f,0xe7,0x9f,0xe7,0x9f,0xe7,
    0x9f,0xe7,0xdf,0xef,0xdf,0xff,0x7f,0xdf,0x9f,0xe7,0x9f,0xe7,0x9f,0xe7,0xff,0xff,
    0xbf,0xef,0x9f,0xef,0x9f,0xe7,0x9f,0xe7,0x9f,0xe7,0x9f,0xe7,0x9f,0xe7,0x9f,0xe7,
    0x9f,0xe7,0x7f,0xe7,0x7f,0xdf,0x7f,0xdf,0x7f,0xdf,0x7f,0xdf,0x7f,0xdf,0x7f,0xdf,
    0x7f,0xdf,0x7f,0xdf,0x7f,0xdf,0x7f,0xdf,0x5f,0xdf,0x5f,0xdf,0x5f,0xdf,0x7f,0xdf,
    0x7f,0xdf,0x5f,0xdf,0x5f,0xdf,0x5f,0xdf,0x5f,0xdf,0x5f,0xdf,0x5f,0xdf,0x5f,0xdf,
    0x5f,0xdf,0x5f,0xdf,0x5f,0xdf,0x5f,0xdf,0x5f,0xdf,0x7f,0xdf,0x7f,0xdf,0x7f,0xe7,
    0x9f,0xe7,0x9f,0xe7,0x9f,0xe7,0x9f,0xe7,0x9f,0xe7,0x9f,0xe7,0xbf,0xef,0xdf,0xff,
    0x7f,0xdf,0x9f,0xe7,0x9f,0xe7,0x9f,0xe7,0xff,0xff,0xbf,0xef,0x9f,0xef,0x9f,0xe7,
    0x9f,0xe7,0x9f,0xe7,0x9f,0xe7,0x9f,0xe7,0x9f,0xe7,0x9f,0xe7,0x9f,0xe7,0x9f,0xe7,
    0x9f,0xe7,0x9f,0xe7,0x9f,0xe7,0x9f,0xe7,0x9f,0xe7,0x9f,0xe7,0x9f,0xe7,0x9f,0xe7,
    0x9f,0xe7,0x9f,0xe7,0x9f,0xe7,0x9f,0xe7,0x7f,0xe7,0x7f,0xe7,0x7f,0xe7,0x7f,0xe7,
    0x7f,0xe7,0x7f,0xe7,0x7f,0xdf,0x7f,0xdf,0x7f,0xdf,0x7f,0xdf,0x7f,0xdf,0x7f,0xe7,
    0x7f,0xe7,0x7f,0xe7,0x7f,0xe7,0x9f,0xe7,0x9f,0xe7,0x9f,0xe7,0x9f,0xe7,0x9f,0xe7,
    0x9f,0xe7,0x9f,0xe7,0x9f,0xe7,0xbf,0xef,0xdf,0xff,0x7f,0xdf,0x9f,0xe7,0x9f,0xe7,
    0x9f,0xe7,0xff,0xff,0xbf,0xef,0x9f,0xef,0x9f,0xe7,0x9f,0xe7,0x9f,0xe7,0x9f,0xe7,
    0x9f,0xe7,0x9f,0xe7,0x9f,0xe7,0x9f,0xe7,0x9f,0xe7,0x9f,0xe7,0x9f,0xe7,0x9f,0xe7,
    0x9f,0xe7,0x9f,0xe7,0x9f,0xe7,0x9f,0xe7,0x9f,0xe7,0x9f,0xe7,0x9f,0xe7,0x9f,0xe7,
    0x9f,0xe7,0x9f,0xe7,0x9f,0xe7,0x9f,0xe7,0x9f,0xe7,0x9f,0xe7,0x9f,0xe7,0x9f,0xe7,
    0x7f,0xe7,0x9f,0xe7,0x9f,0xe7,0x9f,0xe7,0x9f,0xe7,0x9f,0xe7,0x9f,0xe7,0x9f,0xe7,
    0x9f,0xe7,0x9f,0xe7,0x9f,0xe7,0x9f,0xe7,0x9f,0xe7,0x9f,0xe7,0x9f,0xe7,0x9f,0xe7,
    0xbf,0xef,0xdf,0xff,0x7f,0xdf,0x9f,0xe7,0x9f,0xe7,0x7f,0xdf,0xff,0xff,0xbf,0xef,
    0x9f,0xef,0x9f,0xe7,0x9f,0xe7,0x9f,0xe7,0x9f,0xe7,0x9f,0xe7,0x9f,0xe7,0x9f,0xe7,
    0x9f,0xe7,0x9f,0xe7,0x9f,0xe7,0x9f,0xe7,0x9f,0xe7,0x9f,0xe7,0x9f,0xe7,0x9f,0xe7,
    0x9f,0xe7,0x9f,0xe7,0x9f,0xe7,0x9f,0xe7,0x9f,0xe7,0x9f,0xe7,0x9f,0xe7,0x9f,0xe7,
    0x9f,0xe7,0x9f,0xe7,0x9f,0xe7,0x9f,0xe7,0x9f,0xe7,0x7f,0xe7,0x9f,0xe7,0x9f,0xe7,
    0x9f,0xe7,0x9f,0xe7,0x9f,0xe7,0x9f,0xe7,0x9f,0xe7,0x9f,0xe7,0x9f,0xe7,0x9f,0xe7,
    0x9f,0xe7,0x9f,0xe7,0x9f,0xe7,0x9f,0xe7,0x9f,0xe7,0xbf,0xef,0xff,0xff,0x7f,0xdf,
    0x9f,0xe7,0x9f,0xe7,0x7f,0xdf,0xff,0xff,0xbf,0xef,0xbf,0xef,0x9f,0xe7,0x9f,0xe7,
    0x9f,0xe7,0x9f,0xe7,0x9f,0xe7,0x9f,0xe7,0x9f,0xe7,0x9f,0xe7,0x9f,0xe7,0x9f,0xe7,
    0x9f,0xe7,0x9f,0xe7,0x9f,0xe7,0x9f,0xe7,0x9f,0xe7,0x9f,0xe7,0x9f,0xe7,0x9f,0xe7,
    0x9f,0xe7,0x9f,0xe7,0x9f,0xe7,0x9f,0xe7,0x9f,0xe7,0x9f,0xe7,0x9f,0xe7,0x9f,0xe7,
    0x9f,0xe7,0x9f,0xe7,0x9f,0xe7,0x9f,0xe7,0x9f,0xe7,0x9f,0xe7,0x9f,0xe7,0x9f,0xe7,
    0x9f,0xe7,0x7f,0xe7,0x9f,0xe7,0x9f,0xe7,0x9f,0xe7,0x9f,0xe7,0x9f,0xe7,0x9f,0xe7,
    0x9f,0xe7,0x9f,0xe7,0xbf,0xef,0xdf,0xff,0x7f,0xdf,0x9f,0xe7,0x9f,0xe7,0x7f,0xdf,
    0xff,0xff,0xbf,0xef,0x9f,0xef,0x9f,0xe7,0x9f,0xe7,0x9f,0xe7,0x9f,0xe7,0x9f,0xe7,
    0x9f,0xe7,0x9f,0xe7,0x9f,0xe7,0x9f,0xe7,0x9f,0xe7,0x9f,0xe7,0x9f,0xe7,0x9f,0xe7,
    0x9f,0xe7,0x9f,0xe7,0x9f,0xe7,0x9f,0xe7,0x9f,0xe7,0x9f,0xe7,0x9f,0xe7,0x9f,0xe7,
    0x9f,0xe7,0x9f,0xe7,0x9f,0xe7,0x9f,0xe7,0x9f,0xe7,0x9f,0xe7,0x9f,0xe7,0x9f,0xe7,
    0x9f,0xe7,0x9f,0xe7,0x9f,0xe7,0x9f,0xe7,0x9f,0xe7,0x9f,0xe7,0x7f,0xe7,0x7f,0xe7,
    0x9f,0xe7,0x9f,0xe7,0x9f,0xe7,0x9f,0xe7,0x9f,0xe7,0x9f,0xe7,0x9f,0xe7,0xbf,0xef,
    0xdf,0xff,0x7f,0xdf,0x9f,0xe7,0x9f,0xe7,0x7f,0xdf,0xff,0xff,0xbf,0xef,0x9f,0xe7,
    0x9f,0xe7,0x9f,0xe7,0x9f,0xe7,0x9f,0xe7,0x9f,0xe7,0x9f,0xe7,0x9f,0xe7,0x9f,0xe7,
    0x9f,0xe7,0x9f,0xe7,0x9f,0xe7,0x9f,0xe7,0x9f,0xe7,0x9f,0xe7,0x9f,0xe7,0x9f,0xe7,
    0x9f,0xe7,0x9f,0xe7,0x9f,0xe7,0x9f,0xe7,0x9f,0xe7,0x9f,0xe7,0x7f,0xe7,0x7f,0xdf,
    0x7f,0xdf,0x9f,0xdf,0x9f,0xdf,0x7f,0xdf,0x7f,0xdf,0x7f,0xdf,0x7f,0xdf,0x7f,0xdf,
    0x7f,0xdf,0x7f,0xdf,0x7f,0xdf,0x7f,0xe7,0x7f,0xe7,0x9f,0xe7,0x9f,0xe7,0x9f,0xe7,
    0x9f,0xe7,0x9f,0xe7,0x9f,0xe7,0x9f,0xe7,0xbf,0xef,0xdf,0xff,0x7f,0xdf,0x9f,0xe7,
    0x9f,0xe7,0x7f,0xdf,0xff,0xff,0xbf,0xef,0x9f,0xe7,0x9f,0xe7,0x9f,0xe7,0x9f,0xe7,
    0x9f,0xe7,0x9f,0xe7,0x9f,0xe7,0x9f,0xe7,0xdf,0xf7,0xbf,0xef,0xbf,0xf7,0xbf,0xef,
    0xdf,0xf7,0xdf,0xf7,0xdf,0xf7,0xdf,0xf7,0xdf,0xf7,0xdf,0xf7,0xdf,0xf7,0xdf,0xf7,
    0xdf,0xf7,0xdf,0xf7,0xbf,0xf7,0xbf,0xf7,0xdf,0xf7,0xbf,0xf7,0xbf,0xef,0xbf,0xef,
    0xbf,0xef,0xbf,0xef,0xbf,0xef,0xbf,0xef,0xbf,0xef,0xbf,0xef,0xbf,0xef,0xbf,0xef,
    0x9f,0xef,0x9f,0xe7,0x7f,0xdf,0x9f,0xe7,0x9f,0xe7,0x9f,0xe7,0x9f,0xe7,0x9f,0xe7,
    0x9f,0xe7,0xbf,0xef,0xdf,0xff,0x7f,0xdf,0x9f,0xe7,0x9f,0xe7,0x7f,0xdf,0xff,0xff,
    0xbf,0xef,0x9f,0xe7,0x9f,0xe7,0x9f,0xe7,0x9f,0xe7,0x9f,0xe7,0x9f,0xe7,0xdf,0xf7,
    0xdf,0xf7,0xdf,0xf7,0xbf,0xf7,0xbf,0xf7,0xbf,0xf7,0xbf,0xf7,0xbf,0xf7,0xbf,0xf7,
    0xbf,0xf7,0xbf,0xf7,0xbf,0xf7,0xbf,0xf7,0xbf,0xf7,0xbf,0xf7,0xbf,0xf7,0xbf,0xf7,
    0xbf,0xf7,0xbf,0xf7,0xbf,0xf7,0xbf,0xf7,0xbf,0xf7,0xbf,0xf7,0xbf,0xf7,0xbf,0xf7,
    0xbf,0xf7,0xbf,0xf7,0xbf,0xf7,0xbf,0xf7,0xbf,0xf7,0xdf,0xf7,0xdf,0xf7,0xdf,0xf7,
    0x9f,0xe7,0x7f,0xe7,0x9f,0xe7,0x9f,0xe7,0x9f,0xe7,0x9f,0xe7,0xbf,0xef,0xdf,0xff,
    0x5f,0xdf,0x9f,0xe7,0x9f,0xe7,0x7f,0xdf,0xff,0xff,0xbf,0xef,0xbf,0xef,0x9f,0xef,
    0x9f,0xef,0x9f,0xe7,0x7f,0xe7,0xdf,0xff,0xdf,0xf7,0xbf,0xf7,0xbf,0xef,0xbf,0xef,
    0x9f,0xef,0x9f,0xef,0x9f,0xef,0x9f,0xef,0x9f,0xef,0xbf,0xef,0xbf,0xef,0xbf,0xef,
    0xbf,0xef,0xbf,0xef,0xbf,0xef,0xbf,0xef,0xbf,0xef,0xbf,0xef,0xbf,0xef,0xbf,0xef,
    0xbf,0xef,0xbf,0xef,0xbf,0xef,0xbf,0xef,0x9f,0xef,0x9f,0xef,0x9f,0xef,0x9f,0xef,
    0x9f,0xef,0xbf,0xef,0xbf,0xef,0xbf,0xf7,0xdf,0xf7,0xdf,0xff,0x7f,0xdf,0x9f,0xe7,
    0x9f,0xe7,0x9f,0xe7,0x9f,0xe7,0xbf,0xef,0xdf,0xff,0x5f,0xdf,0x9f,0xe7,0x9f,0xe7,
    0x7f,0xe7,0xff,0xff,0xbf,0xef,0xbf,0xef,0x9f,0xef,0xbf,0xe7,0x9f,0xe7,0xdf,0xf7,
    0xdf,0xf7,0xbf,0xf7,0xbf,0xef,0x9f,0xef,0x9f,0xef,0x9f,0xe7,0x9f,0xe7,0x9f,0xe7,
    0x9f,0xef,0x9f,0xef,0x9f,0xef,0x9f,0xef,0x9f,0xef,0x9f,0xef,0x9f,0xef,0x9f,0xef,
    0x9f,0xef,0x9f,0xef,0x9f,0xef,0x9f,0xef,0x9f,0xef,0x9f,0xef,0x9f,0xef,0x9f,0xef,
    0x9f,0xe7,0x9f,0xe7,0x9f,0xe7,0x9f,0xe7,0x9f,0xe7,0x9f,0xe7,0x9f,0xef,0x9f,0xef,
    0xbf,0xef,0xbf,0xef,0xdf,0xf7,0xdf,0xf7,0x7f,0xdf,0x9f,0xe7,0x9f,0xe7,0x9f,0xe7,
    0xbf,0xef,0xdf,0xff,0x7f,0xdf,0x9f,0xe7,0x9f,0xe7,0x7f,0xdf,0xff,0xff,0xbf,0xef,
    0xbf,0xef,0x9f,0xef,0x9f,0xe7,0x7f,0xdf,0xdf,0xf7,0xbf,0xf7,0xbf,0xef,0x9f,0xef,
    0x9f,0xe7,0x7f,0xe7,0x7f,0xe7,0x7f,0xe7,0x7f,0xe7,0x9f,0xe7,0x9f,0xe7,0x9f,0xe7,
    0x9f,0xe7,0x9f,0xe7,0x9f,0xe7,0x9f,0xe7,0x9f,0xe7,0x9f,0xef,0x9f,0xe7,0x9f,0xe7,
    0x9f,0xe7,0x9f,0xe7,0x9f,0xe7,0x9f,0xe7,0x9f,0xe7,0x9f,0xe7,0x9f,0xe7,0x9f,0xe7,
    0x7f,0xe7,0x7f,0xe7,0x7f,0xe7,0x9f,0xe7,0x9f,0xe7,0x9f,0xef,0xbf,0xef,0xbf,0xf7,
    0xdf,0xf7,0x7f,0xdf,0x9f,0xe7,0x9f,0xe7,0x9f,0xe7,0xbf,0xef,0xdf,0xff,0x7f,0xdf,
    0x9f,0xe7,0x9f,0xe7,0x7f,0xdf,0xff,0xff,0xbf,0xef,0xbf,0xef,0x9f,0xe7,0x9f,0xe7,
    0x9f,0xe7,0xdf,0xf7,0xbf,0xef,0x9f,0xef,0x9f,0xe7,0x7f,0xe7,0x7f,0xe7,0x7f,0xe7,
    0x7f,0xe7,0x7f,0xe7,0x7f,0xe7,0x7f,0xe7,0x7f,0xe7,0x7f,0xe7,0x9f,0xe7,0x9f,0xe7,
    0x9f,0xe7,0x9f,0xe7,0x9f,0xe7,0x9f,0xe7,0x9f,0xe7,0x9f,0xe7,0x9f,0xe7,0x9f,0xe7,
    0x7f,0xe7,0x7f,0xe7,0x7f,0xe7,0x7f,0xe7,0x7f,0xe7,0x7f,0xe7,0x7f,0xe7,0x7f,0xe7,
    0x7f,0xe7,0x7f,0xe7,0x9f,0xe7,0x9f,0xef,0xbf,0xef,0xdf,0xf7,0x9f,0xe7,0x7f,0xdf,
    0x9f,0xe7,0x9f,0xe7,0xbf,0xef,0xff,0xff,0x7f,0xdf,0x9f,0xe7,0x9f,0xe7,0x7f,0xe7,
    0xff,0xff,0xbf,0xef,0xbf,0xef,0x9f,0xe7,0x7f,0xe7,0xbf,0xef,0xbf,0xf7,0x9f,0xef,
    0x9f,0xe7,0x7f,0xe7,0x7f,0xe7,0x7f,0xe7,0x7f,0xe7,0x7f,0xe7,0x7f,0xe7,0x7f,0xe7,
    0x7f,0xe7,0x7f,0xe7,0x7f,0xe7,0x9f,0xe7,0x9f,0xe7,0x9f,0xe7,0x9f,0xe7,0x9f,0xe7,
    0x9f,0xe7,0x9f,0xe7,0x9f,0xe7,0x9f,0xe7,0x9f,0xe7,0x7f,0xe7,0x7f,0xe7,0x7f,0xe7,
    0x7f,0xe7,0x7f,0xe7,0x7f,0xe7,0x7f,0xe7,0x7f,0xe7,0x7f,0xe7,0x7f,0xe7,0x9f,0xe7,
    0x9f,0xe7,0x9f,0xef,0xbf,0xf7,0xbf,0xef,0x7f,0xdf,0x7f,0xe7,0x9f,0xe7,0xbf,0xef,
    0xff,0xff,0x9f,0xe7,0x9f,0xe7,0x9f,0xe7,0x9f,0xe7,0xff,0xff,0xbf,0xef,0x9f,0xef,
    0x9f,0xe7,0x5f,0xdf,0xbf,0xef,0xbf,0xef,0x9f,0xef,0x9f,0xe7,0x7f,0xe7,0x7f,0xe7,
    0x7f,0xe7,0x7f,0xe7,0x7f,0xe7,0x7f,0xe7,0x7f,0xe7,0x7f,0xe7,0x7f,0xe7,0x7f,0xe7,
    0x9f,0xe7,0x9f,0xe7,0x9f,0xe7,0x9f,0xe7,0x9f,0xe7,0x9f,0xe7,0x9f,0xe7,0x9f,0xe7,
    0x9f,0xe7,0x9f,0xe7,0x9f,0xe7,0x7f,0xe7,0x7f,0xe7,0x7f,0xe7,0x7f,0xe7,0x7f,0xe7,
    0x7f,0xe7,0x7f,0xe7,0x7f,0xe7,0x7f,0xe7,0x7f,0xe7,0x9f,0xe7,0x9f,0xef,0xbf,0xef,
    0xbf,0xef,0x5f,0xdf,0x7f,0xdf,0x9f,0xe7,0xbf,0xef,0xff,0xff,0x7f,0xe7,0x9f,0xe7,
    0x9f,0xe7,0x9f,0xe7,0xff,0xff,0xbf,0xef,0x9f,0xe7,0x9f,0xe7,0x5f,0xdf,0xbf,0xef,
    0xbf,0xef,0x9f,0xef,0x7f,0xe7,0x7f,0xe7,0x7f,0xe7,0x7f,0xe7,0x7f,0xe7,0x7f,0xe7,
    0x7f,0xe7,0x7f,0xe7,0x7f,0xe7,0x7f,0xe7,0x7f,0xe7,0x9f,0xe7,0x9f,0xe7,0x9f,0xe7,
    0x9f,0xe7,0x9f,0xe7,0x9f,0xe7,0x9f,0xe7,0x9f,0xe7,0x9f,0xe7,0x9f,0xe7,0x9f,0xe7,
    0x9f,0xe7,0x7f,0xe7,0x7f,0xe7,0x7f,0xe7,0x7f,0xe7,0x7f,0xe7,0x7f,0xe7,0x7f,0xe7,
    0x7f,0xe7,0x7f,0xe7,0x7f,0xe7,0x9f,0xef,0xbf,0xef,0xbf,0xef,0x3f,0xd7,0x7f,0xdf,
    0x9f,0xe7,0xbf,0xef,0xff,0xff,0x9f,0xe7,0x9f,0xe7,0x9f,0xe7,0x7f,0xe7,0xff,0xff,
    0xbf,0xef,0x9f,0xe7,0x7f,0xe7,0x5f,0xd7,0xbf,0xef,0xbf,0xef,0x9f,0xef,0x7f,0xe7,
    0x7f,0xe7,0x7f,0xe7,0x7f,0xe7,0x7f,0xe7,0x7f,0xe7,0x7f,0xe7,0x7f,0xe7,0x7f,0xe7,
    0x7f,0xe7,0x9f,0xe7,0x9f,0xe7,0x9f,0xe7,0x9f,0xe7,0x9f,0xe7,0x9f,0xe7,0x9f,0xe7,
    0x9f,0xe7,0x9f,0xe7,0x9f,0xe7,0x9f,0xe7,0x9f,0xe7,0x9f,0xe7,0x9f,0xe7,0x7f,0xe7,
    0x7f,0xe7,0x7f,0xe7,0x7f,0xe7,0x7f,0xe7,0x7f,0xe7,0x7f,0xe7,0x7f,0xe7,0x7f,0xe7,
    0x9f,0xef,0xbf,0xef,0xbf,0xef,0x3f,0xd7,0x7f,0xdf,0x9f,0xe7,0xbf,0xef,0xff,0xff,
    0x9f,0xe7,0x9f,0xe7,0x9f,0xe7,0x7f,0xe7,0xff,0xff,0xbf,0xef,0x9f,0xe7,0x7f,0xdf,
    0x3f,0xd7,0xbf,0xef,0xbf,0xef,0x9f,0xef,0x7f,0xe7,0x7f,0xe7,0x7f,0xe7,0x7f,0xe7,
    0x7f,0xe7,0x7f,0xe7,0x7f,0xe7,0x7f,0xe7,0x7f,0xe7,0x7f,0xe7,0x9f,0xe7,0x9f,0xe7,
    0x9f,0xe7,0x9f,0xe7,0x5f,0xa6,0xff,0x8d,0xff,0x8d,0xdf,0x85,0x9f,0xae,0x9f,0xe7,
    0x9f,0xe7,0x9f,0xe7,0x9f,0xe7,0x9f,0xe7,0x9f,0xe7,0x7f,0xe7,0x7f,0xe7,0x7f,0xe7,
    0x7f,0xe7,0x7f,0xe7,0x7f,0xe7,0x7f,0xe7,0x7f,0xe7,0x9f,0xef,0xbf,0xf7,0xbf,0xef,
    0x3f,0xd7,0x7f,0xdf,0x9f,0xe7,0xbf,0xef,0xff,0xff,0x9f,0xe7,0x9f,0xe7,0x9f,0xe7,
    0x9f,0xe7,0xff,0xff,0xbf,0xef,0x9f,0xe7,0x7f,0xdf,0x3f,0xd7,0xbf,0xef,0xbf,0xf7,
    0x9f,0xef,0x7f,0xe7,0x7f,0xe7,0x7f,0xe7,0x7f,0xe7,0x7f,0xe7,0x7f,0xe7,0x7f,0xe7,
    0x9f,0xe7,0x7f,0xe7,0x7f,0xe7,0x9f,0xe7,0x9f,0xe7,0x9f,0xe7,0x1f,0xcf,0x9f,0x3c,
    0xbf,0x7d,0xbf,0x7d,0x9f,0x7d,0x9f,0x34,0x3f,0xd7,0x9f,0xe7,0x9f,0xe7,0x9f,0xe7,
    0x7f,0xe7,0x9f,0xe7,0x7f,0xe7,0x7f,0xe7,0x7f,0xe7,0x7f,0xe7,0x7f,0xe7,0x7f,0xe7,
    0x7f,0xe7,0x7f,0xe7,0x9f,0xef,0xbf,0xf7,0xbf,0xef,0x3f,0xd7,0x7f,0xdf,0x9f,0xe7,
    0xbf,0xef,0xff,0xff,0x9f,0xe7,0x9f,0xe7,0x9f,0xe7,0x9f,0xe7,0xff,0xff,0xbf,0xef,
    0x9f,0xe7,0x7f,0xdf,0x3f,0xd7,0xbf,0xef,0xbf,0xf7,0x9f,0xef,0x9f,0xe7,0x7f,0xe7,
    0x7f,0xe7,0x7f,0xe7,0x7f,0xe7,0x9f,0xe7,0x9f,0xe7,0x9f,0xe7,0x9f,0xe7,0x3f,0xd7,
    0x9f,0x75,0x1f,0xcf,0x9f,0xe7,0xbf,0xb6,0xff,0x54,0x9f,0xef,0x9f,0xef,0x9f,0xef,
    0xdf,0x4c,0xff,0xc6,0x9f,0xe7,0x1f,0xcf,0x9f,0x7d,0x1f,0xcf,0x9f,0xe7,0x7f,0xe7,
    0x7f,0xe7,0x7f,0xe7,0x7f,0xe7,0x7f,0xe7,0x7f,0xe7,0x7f,0xe7,0x9f,0xe7,0x9f,0xef,
    0xbf,0xf7,0xbf,0xef,0x3f,0xd7,0x7f,0xdf,0x9f,0xe7,0xbf,0xef,0xff,0xff,0x9f,0xe7,
    0x9f,0xe7,0x9f,0xe7,0x9f,0xe7,0xff,0xff,0xbf,0xef,0x9f,0xe7,0x7f,0xdf,0x3f,0xd7,
    0xbf,0xef,0xbf,0xf7,0x9f,0xef,0x9f,0xe7,0x7f,0xe7,0x7f,0xe7,0x7f,0xe7,0x7f,0xe7,
    0x7f,0xe7,0x9f,0xe7,0x9f,0xe7,0x3f,0xd7,0xbe,0x44,0x3f,0x65,0x9e,0x3c,0x1f,0x96,
    0xff,0x54,0x1f,0x5d,0x9f,0xef,0x9f,0xef,0x9f,0xef,0xff,0x54,0xfe,0x54,0xff,0x8d,
    0x7e,0x3c,0xff,0x54,0x9e,0x3c,0x1f,0xcf,0x7f,0xe7,0x7f,0xe7,0x7f,0xe7,0x7f,0xe7,
    0x7f,0xe7,0x7f,0xe7,0x7f,0xe7,0x9f,0xe7,0x9f,0xef,0xdf,0xf7,0xbf,0xef,0x3f,0xd7,
    0x7f,0xdf,0x9f,0xe7,0xbf,0xef,0xff,0xff,0x9f,0xe7,0x9f,0xef,0x9f,0xe7,0x9f,0xe7,
    0xff,0xff,0xbf,0xef,0x9f,0xe7,0x7f,0xdf,0x3f,0xd7,0xbf,0xef,0xbf,0xf7,0x9f,0xef,
    0x9f,0xe7,0x7f,0xe7,0x7f,0xe7,0x7f,0xe7,0x7f,0xe7,0x7f,0xe7,0x7f,0xe7,0x5f,0xd7,
    0xbe,0x44,0x9f,0x75,0x9f,0xe7,0xff,0xc6,0x3e,0x65,0x5f,0xa6,0x7f,0xdf,0x9f,0xef,
    0x9f,0xef,0x9f,0xef,0x7f,0xdf,0x3f,0x9e,0x3f,0x65,0xdf,0xbe,0x7f,0xe7,0x7f,0x6d,
    0xbe,0x44,0x5f,0xdf,0x7f,0xe7,0x7f,0xe7,0x7f,0xe7,0x7f,0xe7,0x7f,0xe7,0x7f,0xe7,
    0x9f,0xe7,0xbf,0xef,0xdf,0xf7,0xbf,0xef,0x3f,0xd7,0x7f,0xdf,0x9f,0xe7,0xbf,0xef,
    0xff,0xff,0x9f,0xe7,0xbf,0xef,0x9f,0xe7,0x9f,0xe7,0xff,0xff,0xbf,0xef,0x9f,0xe7,
    0x7f,0xe7,0x3f,0xd7,0xbf,0xef,0xbf,0xf7,0x9f,0xef,0x9f,0xe7,0x7f,0xe7,0x7f,0xe7,
    0x7f,0xe7,0x7f,0xe7,0x7f,0xe7,0x9f,0xe7,0x3f,0x5d,0x7f,0x6d,0x9f,0xe7,0x9f,0xef,
    0x9f,0xef,0x9f,0xe7,0x9f,0xef,0x9f,0xef,0x9f,0xef,0x9f,0xef,0x9f,0xef,0x9f,0xef,
    0x9f,0xe7,0x9f,0xe7,0x9f,0xe7,0x9f,0xe7,0x7f,0xe7,0x3f,0x5d,0x5f,0x65,0x9f,0xe7,
    0x7f,0xe7,0x7f,0xe7,0x7f,0xe7,0x7f,0xe7,0x7f,0xe7,0x9f,0xe7,0xbf,0xef,0xdf,0xf7,
    0xbf,0xef,0x3f,0xd7,0x7f,0xdf,0x9f,0xe7,0xbf,0xef,0xff,0xff,0x9f,0xe7,0x9f,0xef,
    0x9f,0xe7,0x9f,0xe7,0xff,0xff,0xbf,0xef,0x9f,0xe7,0x7f,0xe7,0x3f,0xd7,0xbf,0xef,
    0xbf,0xf7,0x9f,0xef,0x9f,0xe7,0x7f,0xe7,0x7f,0xe7,0x7f,0xe7,0x9f,0xe7,0x9f,0xe7,
    0x9f,0xe7,0xbf,0x85,0x1f,0x5d,0x7f,0xe7,0x9f,0xef,0x9f,0xef,0x9f,0xef,0x9f,0xef,
    0x9f,0xef,0x9f,0xef,0x9f,0xe7,0x9f,0xef,0x9f,0xef,0x9f,0xef,0x9f,0xef,0x9f,0xef,
    0x9f,0xe7,0x7f,0xdf,0xff,0x54,0x1f,0x8e,0x9f,0xe7,0x9f,0xe7,0x7f,0xe7,0x7f,0xe7,
    0x7f,0xe7,0x7f,0xe7,0x9f,0xe7,0xbf,0xef,0xdf,0xf7,0xbf,0xef,0x5f,0xd7,0x7f,0xdf,
    0x9f,0xe7,0xbf,0xef,0xff,0xff,0x9f,0xe7,0x9f,0xef,0x9f,0xe7,0x9f,0xe7,0xff,0xff,
    0xbf,0xef,0x9f,0xe7,0x7f,0xe7,0x3f,0xd7,0xbf,0xef,0xdf,0xf7,0xbf,0xef,0x9f,0xef,
    0x9f,0xe7,0x7f,0xe7,0x7f,0xe7,0x9f,0xe7,0x9f,0xe7,0x9f,0xe7,0x7f,0xe7,0xfe,0x54,
    0xdf,0x85,0x9f,0xef,0x9f,0xef,0x9f,0xef,0x9f,0xe7,0x7f,0xdf,0x1f,0x96,0xbf,0x7d,
    0x7f,0xa6,0x9f,0xe7,0x9f,0xef,0x9f,0xef,0x9f,0xef,0x9f,0xef,0x9f,0x75,0x3f,0x65,
    0x9f,0xe7,0x9f,0xe7,0x9f,0xe7,0x9f,0xe7,0x9f,0xe7,0x7f,0xe7,0x9f,0xe7,0x9f,0xe7,
    0xbf,0xef,0xdf,0xf7,0xbf,0xef,0x3f,0xd7,0x7f,0xdf,0x9f,0xe7,0xbf,0xef,0xff,0xff,
    0x9f,0xe7,0xbf,0xef,0x9f,0xe7,0x9f,0xe7,0xff,0xff,0xbf,0xef,0x9f,0xe7,0x7f,0xe7,
    0x3f,0xd7,0xbf,0xef,0xdf,0xf7,0xbf,0xef,0x9f,0xef,0x9f,0xe7,0x7f,0xe7,0x9f,0xe7,
    0x9f,0xe7,0x9f,0xe7,0x7f,0xe7,0x3f,0xd7,0xfe,0x4c,0x7f,0xa6,0xbf,0xef,0xbf,0xef,
    0xbf,0xef,0x9f,0xb6,0x7e,0x3c,0x1f,0x55,0x9f,0x75,0xde,0x4c,0xde,0x4c,0xff,0xc6,
    0x9f,0xef,0x9f,0xef,0x9f,0xef,0x5f,0x9e,0x3e,0x5d,0x5f,0xd7,0x7f,0xdf,0x9f,0xe7,
    0x9f,0xe7,0x9f,0xe7,0x9f,0xe7,0x9f,0xe7,0x9f,0xef,0xbf,0xef,0xdf,0xf7,0xbf,0xef,
    0x3f,0xd7,0x7f,0xdf,0x9f,0xe7,0xbf,0xef,0xff,0xff,0x9f,0xe7,0xbf,0xef,0x9f,0xe7,
    0x9f,0xe7,0xff,0xff,0xbf,0xef,0x9f,0xef,0x7f,0xe7,0x5f,0xd7,0xdf,0xef,0xdf,0xf7,
    0xbf,0xef,0x9f,0xef,0x9f,0xe7,0x7f,0xe7,0x9f,0xe7,0x9f,0xe7,0x5f,0xa6,0x5f,0x2c,
    0x5e,0x2c,0xbe,0x44,0x9f,0xe7,0xbf,0xef,0xbf,0xef,0x3f,0xd7,0x5e,0x34,0xbf,0xbe,
    0x9f,0xef,0x9f,0xef,0x9f,0xe7,0xff,0x8d,0x9e,0x3c,0x9f,0xe7,0x9f,0xef,0x9f,0xef,
    0x7f,0xdf,0x9e,0x3c,0x5f,0x2c,0x9f,0x3c,0xbf,0xbe,0x9f,0xe7,0x9f,0xe7,0x9f,0xe7,
    0x9f,0xe7,0x9f,0xef,0xbf,0xef,0xdf,0xf7,0xbf,0xef,0x3f,0xd7,0x7f,0xdf,0x9f,0xe7,
    0xbf,0xef,0xff,0xff,0x9f,0xe7,0x9f,0xef,0x9f,0xe7,0x9f,0xe7,0xff,0xff,0xbf,0xef,
    0x9f,0xef,0x7f,0xe7,0x5f,0xd7,0xdf,0xf7,0xdf,0xf7,0xbf,0xef,0x9f,0xef,0x9f,0xe7,
    0x9f,0xe7,0x9f,0xe7,0x9f,0xe7,0x5f,0x6d,0xdf,0x85,0xbf,0xef,0x9f,0xef,0x9f,0xef,
    0xbf,0xef,0xbf,0xef,0xbf,0x7d,0x9f,0x75,0xbf,0xef,0x9f,0xef,0x9f,0xef,0x9f,0xef,
    0x9f,0xef,0xff,0x54,0x5f,0x9e,0x9f,0xef,0x9f,0xef,0x9f,0xef,0x9f,0xef,0x9f,0xe7,
    0x7f,0x6d,0xdf,0x85,0x9f,0xe7,0x9f,0xe7,0x9f,0xe7,0x9f,0xe7,0x9f,0xef,0xbf,0xef,
    0xdf,0xf7,0xbf,0xef,0x3f,0xd7,0x7f,0xdf,0x9f,0xe7,0xbf,0xef,0xff,0xff,0x9f,0xe7,
    0xbf,0xef,0x9f,0xe7,0x7f,0xe7,0xff,0xff,0xbf,0xef,0x9f,0xef,0x9f,0xe7,0x5f,0xd7,
    0xdf,0xf7,0xdf,0xf7,0xbf,0xef,0x9f,0xef,0x9f,0xe7,0x9f,0xe7,0x9f,0xe7,0x9f,0xef,
    0x7f,0x6d,0x1f,0x8e,0x9f,0xef,0x9f,0xef,0x9f,0xef,0xbf,0xef,0xbf,0xef,0x5f,0x65,
    0x5f,0x9e,0x9f,0xef,0x9f,0xef,0x9f,0xef,0x9f,0xef,0xbf,0xef,0x1f,0x96,0x7f,0x6d,
    0xbf,0xef,0x9f,0xef,0x9f,0xef,0x9f,0xef,0x9f,0xef,0x9f,0x75,0xdf,0x85,0x9f,0xef,
    0x9f,0xe7,0x9f,0xe7,0x9f,0xe7,0x9f,0xef,0xbf,0xef,0xdf,0xf7,0xbf,0xef,0x3f,0xd7,
    0x7f,0xe7,0x9f,0xe7,0xbf,0xef,0xff,0xff,0x9f,0xe7,0x9f,0xe7,0x9f,0xe7,0x7f,0xdf,
    0xff,0xff,0xbf,0xef,0x9f,0xef,0x9f,0xe7,0x5f,0xd7,0xdf,0xf7,0xdf,0xf7,0xbf,0xef,
    0x9f,0xef,0x9f,0xe7,0x9f,0xe7,0x9f,0xe7,0x9f,0xef,0x7f,0x6d,0x1f,0x96,0x9f,0xef,
    0x9f,0xef,0x9f,0xef,0xbf,0xef,0xbf,0xef,0x7f,0x6d,0xff,0x8d,0x9f,0xe7,0x9f,0xef,
    0x9f,0xef,0x9f,0xef,0xbf,0xef,0x9f,0x75,0xbf,0x7d,0x9f,0xef,0x9f,0xef,0x9f,0xef,
    0x9f,0xef,0x9f,0xef,0x9f,0x6d,0xbf,0x7d,0x9f,0xef,0x9f,0xe7,0x9f,0xe7,0x9f,0xe7,
    0x9f,0xef,0xbf,0xef,0xdf,0xf7,0xbf,0xef,0x3f,0xd7,0x7f,0xe7,0x9f,0xe7,0xbf,0xef,
    0xff,0xff,0x9f,0xe7,0x9f,0xe7,0x9f,0xe7,0x7f,0xe7,0xff,0xff,0xbf,0xef,0x9f,0xef,
    0x7f,0xe7,0x3f,0xd7,0xdf,0xf7,0xdf,0xf7,0xbf,0xef,0x9f,0xef,0x9f,0xe7,0x9f,0xe7,
    0x9f,0xe7,0x9f,0xef,0x7f,0x6d,0x5f,0x65,0x3f,0x96,0x5f,0xa6,0x9f,0xe7,0x9f,0xef,
    0x9f,0xef,0xbf,0xb6,0x9f,0x3c,0x3f,0xd7,0x9f,0xef,0x9f,0xef,0x9f,0xef,0xff,0xc6,
    0x7f,0x34,0xff,0xbe,0x9f,0xef,0x9f,0xef,0x9f,0xe7,0x7f,0xa6,0x5f,0x9e,0xdf,0x4c,
    0xdf,0x85,0x9f,0xef,0x9f,0xe7,0x9f,0xe7,0x9f,0xe7,0x9f,0xef,0xbf,0xef,0xdf,0xf7,
    0xbf,0xef,0x3f,0xd7,0x7f,0xe7,0x9f,0xe7,0xbf,0xef,0xff,0xff,0x9f,0xe7,0x9f,0xe7,
    0x9f,0xe7,0x9f,0xe7,0xff,0xff,0xbf,0xef,0x9f,0xef,0x7f,0xe7,0x3f,0xd7,0xdf,0xf7,
    0xdf,0xf7,0xbf,0xef,0x9f,0xe7,0x9f,0xe7,0x9f,0xe7,0x7f,0xe7,0x9f,0xe7,0x1f,0xcf,
    0xdf,0x85,0x5f,0x6d,0x7e,0x34,0xff,0xc6,0x9f,0xef,0x9f,0xef,0x9f,0xef,0x9f,0x7d,
    0x9e,0x44,0xff,0x8d,0x7f,0xa6,0xdf,0x85,0x7e,0x34,0xff,0x8d,0x9f,0xef,0x9f,0xef,
    0x9f,0xef,0xdf,0xbe,0x9e,0x3c,0x5f,0x65,0x9f,0x75,0x5f,0xdf,0x9f,0xe7,0x9f,0xe7,
    0x9f,0xe7,0x9f,0xe7,0x9f,0xef,0xbf,0xef,0xdf,0xf7,0xbf,0xef,0x3f,0xd7,0x7f,0xe7,
    0x9f,0xe7,0xbf,0xef,0xff,0xff,0x9f,0xe7,0x9f,0xe7,0x9f,0xe7,0x9f,0xe7,0xff,0xff,
    0xbf,0xef,0x9f,0xe7,0x7f,0xe7,0x5f,0xd7,0xdf,0xf7,0xbf,0xf7,0xbf,0xef,0x9f,0xe7,
    0x9f,0xe7,0x7f,0xe7,0x9f,0xe7,0x9f,0xe7,0x9f,0xef,0x9f,0xef,0x9f,0xe7,0x9f,0x75,
    0xbf,0x7d,0x9f,0xef,0x9f,0xef,0x9f,0xef,0x9f,0xe7,0xbf,0xb6,0x5f,0x6d,0xff,0x54,
    0x5f,0x65,0xdf,0xbe,0x9f,0xe7,0x9f,0xef,0x9f,0xef,0x9f,0xef,0x5f,0x65,0x1f,0x8e,
    0x7f,0xe7,0x9f,0xe7,0x9f,0xe7,0x9f,0xe7,0x9f,0xe7,0x9f,0xe7,0x9f,0xe7,0x9f,0xef,
    0xbf,0xef,0xdf,0xf7,0xbf,0xef,0x3f,0xd7,0x7f,0xe7,0x9f,0xe7,0xbf,0xef,0xff,0xff,
    0x9f,0xe7,0x9f,0xe7,0x9f,0xe7,0x9f,0xe7,0xff,0xff,0xbf,0xef,0x9f,0xe7,0x7f,0xe7,
    0x5f,0xd7,0xdf,0xf7,0xdf,0xf7,0xbf,0xef,0x9f,0xe7,0x9f,0xe7,0x7f,0xe7,0x9f,0xe7,
    0x9f,0xe7,0x9f,0xe7,0x9f,0xef,0x3f,0xd7,0x9e,0x3c,0xbf,0xb6,0x9f,0xef,0x9f,0xef,
    0x9f,0xef,0x9f,0xef,0x9f,0xef,0x9f,0xef,0x9f,0xef,0x9f,0xef,0x9f,0xef,0x9f,0xef,
    0x9f,0xef,0x9f,0xef,0x9f,0xe7,0x5f,0xa6,0x9f,0x3c,0x3f,0xd7,0x9f,0xe7,0x9f,0xe7,
    0x9f,0xe7,0x9f,0xe7,0x9f,0xe7,0x9f,0xe7,0x9f,0xef,0xbf,0xef,0xdf,0xf7,0xbf,0xef,
    0x5f,0xd7,0x7f,0xe7,0x9f,0xe7,0xbf,0xef,0xff,0xff,0x9f,0xe7,0x9f,0xef,0x9f,0xe7,
    0x7f,0xe7,0xff,0xff,0xbf,0xef,0x9f,0xe7,0x7f,0xe7,0x5f,0xd7,0xbf,0xef,0xdf,0xf7,
    0x9f,0xef,0x9f,0xe7,0x7f,0xe7,0x7f,0xe7,0x7f,0xe7,0x7f,0xe7,0x9f,0xe7,0x9f,0xe7,
    0x7f,0x6d,0xbf,0x7d,0x9f,0xe7,0x9f,0xef,0x9f,0xef,0x9f,0xef,0x9f,0xef,0x9f,0xef,
    0x9f,0xef,0x9f,0xef,0x9f,0xef,0x9f,0xef,0x9f,0xef,0x9f,0xe7,0x9f,0xe7,0x9f,0xe7,
    0x7f,0xe7,0x7e,0x6d,0x5f,0x6d,0x9f,0xe7,0x9f,0xe7,0x9f,0xe7,0x9f,0xe7,0x7f,0xe7,
    0x9f,0xe7,0x9f,0xe7,0xbf,0xef,0xdf,0xf7,0xbf,0xef,0x5f,0xd7,0x7f,0xe7,0x9f,0xe7,
    0xbf,0xef,0xff,0xff,0x9f,0xe7,0x9f,0xe7,0x9f,0xe7,0x7f,0xdf,0xff,0xff,0xbf,0xef,
    0x9f,0xe7,0x7f,0xe7,0x5f,0xd7,0xbf,0xef,0xbf,0xf7,0x9f,0xef,0x9f,0xe7,0x7f,0xe7,
    0x7f,0xe7,0x7f,0xe7,0x7f,0xe7,0x9f,0xe7,0x9f,0xe7,0x5f,0xa6,0x7e,0x3c,0xff,0xc6,
    0x9f,0xe7,0x7f,0xdf,0x7f,0xae,0x7f,0xe7,0x9f,0xef,0x9f,0xef,0x9f,0xef,0x9f,0xef,
    0x9f,0xef,0x7f,0xdf,0x3f,0x9e,0x5f,0xdf,0x7f,0xe7,0xbf,0xb6,0x7e,0x34,0x9f,0xb6,
    0x9f,0xe7,0x9f,0xe7,0x9f,0xe7,0x7f,0xe7,0x7f,0xe7,0x9f,0xe7,0x9f,0xe7,0xbf,0xef,
    0xdf,0xf7,0xbf,0xef,0x5f,0xd7,0x7f,0xdf,0x9f,0xe7,0xbf,0xef,0xff,0xff,0x9f,0xe7,
    0x9f,0xe7,0x9f,0xe7,0x7f,0xdf,0xff,0xff,0xbf,0xef,0x9f,0xe7,0x7f,0xdf,0x3f,0xd7,
    0xbf,0xef,0xbf,0xf7,0x9f,0xef,0x7f,0xe7,0x7f,0xe7,0x7f,0xe7,0x7f,0xe7,0x7f,0xe7,
    0x7f,0xe7,0x7f,0xe7,0x7f,0xe7,0x5f,0xa6,0x9e,0x3c,0x7f,0xa6,0xdf,0x4c,0xbf,0x44,
    0x7f,0x3c,0xbf,0x85,0x9f,0xef,0x9f,0xef,0x9f,0xef,0xbf,0x7d,0x7f,0x34,0xbe,0x44,
    0xbe,0x44,0x3f,0x9e,0x7e,0x34,0x9f,0xae,0x9f,0xe7,0x7f,0xe7,0x9f,0xe7,0x7f,0xe7,
    0x7f,0xe7,0x7f,0xe7,0x7f,0xe7,0x9f,0xe7,0x9f,0xef,0xdf,0xf7,0xbf,0xef,0x5f,0xd7,
    0x7f,0xdf,0x9f,0xe7,0xbf,0xef,0xff,0xff,0x9f,0xe7,0x9f,0xe7,0x9f,0xe7,0x7f,0xdf,
    0xff,0xff,0xbf,0xef,0x9f,0xe7,0x7f,0xdf,0x3f,0xd7,0xbf,0xef,0xbf,0xf7,0x9f,0xef,
    0x7f,0xe7,0x7f,0xe7,0x7f,0xe7,0x7f,0xe7,0x7f,0xe7,0x7f,0xe7,0x7f,0xe7,0x9f,0xe7,
    0x9f,0xe7,0x7f,0xae,0x7e,0x3c,0xff,0x8d,0x7f,0xe7,0x7f,0xa6,0xff,0x54,0x9f,0xe7,
    0x9f,0xe7,0x9f,0xe7,0xbe,0x44,0xbf,0xb6,0x7f,0xe7,0xff,0x8d,0x7e,0x3c,0xbf,0xb6,
    0x9f,0xe7,0x9f,0xe7,0x7f,0xe7,0x7f,0xe7,0x7f,0xe7,0x7f,0xe7,0x7f,0xe7,0x7f,0xe7,
    0x9f,0xe7,0x9f,0xef,0xdf,0xf7,0xbf,0xef,0x3f,0xd7,0x7f,0xdf,0x9f,0xe7,0xbf,0xef,
    0xdf,0xff,0x9f,0xe7,0x9f,0xe7,0x9f,0xe7,0x7f,0xdf,0xff,0xff,0xbf,0xef,0x9f,0xe7,
    0x7f,0xdf,0x3f,0xd7,0xbf,0xef,0xbf,0xef,0x9f,0xef,0x7f,0xe7,0x7f,0xe7,0x7f,0xe7,
    0x7f,0xe7,0x7f,0xe7,0x7f,0xe7,0x7f,0xe7,0x7f,0xe7,0x7f,0xe7,0x9f,0xe7,0x9f,0xef,
    0x9f,0xe7,0x9f,0xe7,0xdf,0xbe,0xdf,0x44,0x9f,0xb6,0xbf,0xb6,0xbf,0xb6,0x7e,0x3c,
    0x1f,0xcf,0x7f,0xe7,0x9f,0xe7,0x9f,0xe7,0x9f,0xe7,0x9f,0xe7,0x9f,0xe7,0x7f,0xe7,
    0x7f,0xe7,0x7f,0xe7,0x7f,0xe7,0x7f,0xe7,0x7f,0xe7,0x7f,0xe7,0x9f,0xef,0xdf,0xf7,
    0xbf,0xef,0x3f,0xd7,0x7f,0xdf,0x9f,0xe7,0xbf,0xef,0xdf,0xff,0x7f,0xdf,0x9f,0xe7,
    0x9f,0xe7,0x7f,0xdf,0xff,0xff,0x9f,0xef,0x9f,0xe7,0x7f,0xdf,0x3f,0xd7,0xbf,0xef,
    0xbf,0xef,0x9f,0xef,0x7f,0xe7,0x5f,0xdf,0x7f,0xdf,0x7f,0xe7,0x7f,0xe7,0x7f,0xe7,
    0x7f,0xe7,0x7f,0xe7,0x7f,0xe7,0x7f,0xe7,0x9f,0xe7,0x9f,0xe7,0x9f,0xe7,0x7f,0xe7,
    0x5f,0x65,0xdf,0x4c,0xdf,0x4c,0xde,0x4c,0x9f,0x7d,0x9f,0xe7,0x9f,0xe7,0x7f,0xe7,
    0x9f,0xe7,0x7f,0xe7,0x7f,0xe7,0x7f,0xe7,0x7f,0xe7,0x7f,0xe7,0x7f,0xe7,0x7f,0xe7,
    0x7f,0xe7,0x7f,0xe7,0x7f,0xe7,0x9f,0xef,0xdf,0xf7,0xbf,0xef,0x3f,0xd7,0x7f,0xdf,
    0x7f,0xe7,0xbf,0xef,0xdf,0xff,0x7f,0xdf,0x9f,0xe7,0x9f,0xe7,0x7f,0xdf,0xff,0xff,
    0x9f,0xef,0x7f,0xe7,0x7f,0xdf,0x3f,0xd7,0xbf,0xef,0xbf,0xef,0x9f,0xe7,0x7f,0xe7,
    0x5f,0xdf,0x5f,0xdf,0x7f,0xdf,0x7f,0xdf,0x7f,0xe7,0x7f,0xe7,0x7f,0xe7,0x7f,0xe7,
    0x7f,0xe7,0x7f,0xe7,0x7f,0xe7,0x9f,0xe7,0x9f,0xe7,0x9f,0xe7,0x9f,0xe7,0x9f,0xe7,
    0x9f,0xe7,0x9f,0xe7,0x9f,0xe7,0x9f,0xe7,0x7f,0xe7,0x7f,0xe7,0x7f,0xe7,0x7f,0xe7,
    0x7f,0xe7,0x7f,0xe7,0x7f,0xe7,0x7f,0xe7,0x7f,0xe7,0x7f,0xe7,0x7f,0xe7,0x7f,0xe7,
    0x9f,0xef,0xbf,0xf7,0xbf,0xef,0x3f,0xd7,0x5f,0xdf,0x7f,0xe7,0xbf,0xef,0xdf,0xff,
    0x7f,0xdf,0x9f,0xe7,0x9f,0xe7,0x7f,0xdf,0xff,0xff,0x9f,0xef,0x9f,0xe7,0x5f,0xdf,
    0x3f,0xd7,0xbf,0xef,0xbf,0xef,0x9f,0xe7,0x7f,0xe7,0x5f,0xdf,0x5f,0xdf,0x5f,0xdf,
    0x7f,0xdf,0x7f,0xdf,0x7f,0xe7,0x7f,0xe7,0x7f,0xe7,0x7f,0xe7,0x7f,0xe7,0x7f,0xe7,
    0x7f,0xe7,0x9f,0xe7,0x9f,0xe7,0x9f,0xe7,0x9f,0xe7,0x9f,0xe7,0x9f,0xe7,0x9f,0xe7,
    0x9f,0xe7,0x7f,0xe7,0x7f,0xe7,0x7f,0xe7,0x7f,0xe7,0x7f,0xe7,0x7f,0xe7,0x7f,0xe7,
    0x7f,0xe7,0x7f,0xe7,0x7f,0xe7,0x7f,0xe7,0x7f,0xe7,0x9f,0xef,0xbf,0xf7,0xbf,0xef,
    0x3f,0xd7,0x7f,0xdf,0x9f,0xe7,0xbf,0xef,0xff,0xff,0x7f,0xdf,0x9f,0xe7,0x9f,0xe7,
    0x7f,0xdf,0xff,0xff,0xbf,0xef,0x9f,0xe7,0x7f,0xdf,0x3f,0xd7,0xbf,0xef,0xbf,0xef,
    0x9f,0xe7,0x7f,0xe7,0x5f,0xdf,0x5f,0xdf,0x5f,0xdf,0x5f,0xdf,0x7f,0xdf,0x7f,0xdf,
    0x7f,0xe7,0x7f,0xe7,0x7f,0xe7,0x7f,0xe7,0x7f,0xe7,0x7f,0xe7,0x7f,0xe7,0x9f,0xe7,
    0x9f,0xe7,0x9f,0xe7,0x9f,0xe7,0x9f,0xe7,0x9f,0xe7,0x7f,0xe7,0x7f,0xe7,0x7f,0xe7,
    0x7f,0xe7,0x7f,0xe7,0x7f,0xe7,0x7f,0xe7,0x7f,0xe7,0x7f,0xe7,0x7f,0xe7,0x7f,0xdf,
    0x7f,0xe7,0x7f,0xe7,0x9f,0xef,0xbf,0xf7,0xbf,0xef,0x3f,0xd7,0x7f,0xdf,0x9f,0xe7,
    0xbf,0xef,0xdf,0xff,0x7f,0xdf,0x9f,0xe7,0x9f,0xe7,0x7f,0xdf,0xff,0xff,0xbf,0xef,
    0x9f,0xe7,0x7f,0xdf,0x3f,0xd7,0xbf,0xef,0xbf,0xef,0x9f,0xe7,0x7f,0xe7,0x5f,0xdf,
    0x5f,0xdf,0x7f,0xdf,0x7f,0xdf,0x7f,0xdf,0x7f,0xdf,0x7f,0xdf,0x7f,0xe7,0x7f,0xe7,
    0x7f,0xe7,0x7f,0xe7,0x7f,0xe7,0x7f,0xe7,0x7f,0xe7,0x9f,0xe7,0x9f,0xe7,0x9f,0xe7,
    0x9f,0xe7,0x7f,0xe7,0x7f,0xe7,0x7f,0xe7,0x7f,0xe7,0x7f,0xe7,0x7f,0xe7,0x7f,0xe7,
    0x7f,0xe7,0x7f,0xe7,0x7f,0xe7,0x7f,0xe7,0x7f,0xdf,0x7f,0xe7,0x7f,0xe7,0x9f,0xef,
    0xbf,0xf7,0xbf,0xef,0x3f,0xd7,0x7f,0xdf,0x9f,0xe7,0xbf,0xef,0xff,0xff,0x7f,0xdf,
    0x9f,0xe7,0x9f,0xe7,0x7f,0xdf,0xff,0xff,0xbf,0xef,0x9f,0xe7,0x7f,0xdf,0x3f,0xd7,
    0xbf,0xef,0xbf,0xf7,0x9f,0xef,0x7f,0xe7,0x7f,0xe7,0x5f,0xdf,0x5f,0xdf,0x7f,0xdf,
    0x7f,0xdf,0x7f,0xdf,0x7f,0xdf,0x7f,0xe7,0x7f,0xe7,0x7f,0xe7,0x7f,0xe7,0x7f,0xe7,
    0x7f,0xe7,0x7f,0xe7,0x7f,0xe7,0x7f,0xe7,0x7f,0xe7,0x7f,0xe7,0x7f,0xe7,0x7f,0xe7,
    0x7f,0xe7,0x7f,0xe7,0x7f,0xe7,0x7f,0xe7,0x7f,0xe7,0x7f,0xe7,0x7f,0xe7,0x7f,0xe7,
    0x7f,0xdf,0x7f,0xe7,0x7f,0xe7,0x7f,0xe7,0x9f,0xef,0xdf,0xf7,0xbf,0xef,0x5f,0xd7,
    0x7f,0xdf,0x9f,0xe7,0xbf,0xef,0xdf,0xff,0x7f,0xdf,0x9f,0xe7,0x9f,0xe7,0x7f,0xdf,
    0xff,0xff,0xbf,0xef,0x9f,0xe7,0x7f,0xdf,0x5f,0xd7,0xbf,0xef,0xbf,0xf7,0x9f,0xef,
    0x7f,0xe7,0x7f,0xe7,0x7f,0xe7,0x7f,0xdf,0x5f,0xdf,0x7f,0xdf,0x7f,0xdf,0x7f,0xdf,
    0x7f,0xe7,0x7f,0xe7,0x7f,0xe7,0x7f,0xe7,0x7f,0xe7,0x7f,0xe7,0x7f,0xe7,0x7f,0xe7,
    0x7f,0xe7,0x7f,0xe7,0x7f,0xe7,0x7f,0xe7,0x7f,0xe7,0x7f,0xe7,0x7f,0xe7,0x7f,0xe7,
    0x7f,0xe7,0x7f,0xe7,0x7f,0xe7,0x7f,0xe7,0x7f,0xe7,0x7f,0xdf,0x7f,0xe7,0x7f,0xe7,
    0x9f,0xe7,0x9f,0xef,0xdf,0xf7,0xbf,0xef,0x5f,0xdf,0x7f,0xdf,0x9f,0xe7,0xbf,0xef,
    0xdf,0xff,0x7f,0xdf,0x9f,0xe7,0x9f,0xe7,0x7f,0xdf,0xff,0xff,0xbf,0xef,0x9f,0xe7,
    0x7f,0xe7,0x5f,0xd7,0x5f,0xd7,0xdf,0xf7,0xbf,0xef,0x9f,0xe7,0x7f,0xe7,0x7f,0xe7,
    0x7f,0xdf,0x7f,0xdf,0x7f,0xdf,0x5f,0xdf,0x7f,0xdf,0x7f,0xdf,0x7f,0xe7,0x7f,0xe7,
    0x7f,0xe7,0x7f,0xe7,0x7f,0xe7,0x7f,0xe7,0x7f,0xe7,0x7f,0xe7,0x7f,0xe7,0x7f,0xe7,
    0x7f,0xe7,0x7f,0xe7,0x7f,0xe7,0x7f,0xe7,0x7f,0xe7,0x7f,0xe7,0x7f,0xe7,0x7f,0xe7,
    0x7f,0xdf,0x7f,0xe7,0x7f,0xe7,0x7f,0xe7,0x7f,0xe7,0x9f,0xef,0xbf,0xef,0xdf,0xf7,
    0x5f,0xd7,0x5f,0xdf,0x7f,0xdf,0x9f,0xe7,0xbf,0xef,0xdf,0xff,0x7f,0xdf,0x9f,0xe7,
    0x9f,0xe7,0x7f,0xdf,0xff,0xff,0xbf,0xef,0x9f,0xe7,0x7f,0xe7,0x5f,0xdf,0x5f,0xd7,
    0xdf,0xf7,0xbf,0xf7,0x9f,0xef,0x7f,0xe7,0x7f,0xe7,0x7f,0xe7,0x7f,0xdf,0x5f,0xdf,
    0x7f,0xe7,0x7f,0xe7,0x7f,0xe7,0x7f,0xe7,0x7f,0xe7,0x7f,0xe7,0x7f,0xe7,0x7f,0xe7,
    0x7f,0xe7,0x7f,0xe7,0x7f,0xe7,0x7f,0xe7,0x7f,0xe7,0x7f,0xe7,0x7f,0xe7,0x7f,0xe7,
    0x7f,0xe7,0x7f,0xe7,0x7f,0xe7,0x7f,0xe7,0x7f,0xe7,0x7f,0xe7,0x7f,0xe7,0x7f,0xe7,
    0x7f,0xe7,0x9f,0xef,0xbf,0xef,0xdf,0xf7,0xdf,0xf7,0x5f,0xd7,0x5f,0xdf,0x7f,0xe7,
    0x9f,0xe7,0xbf,0xef,0xdf,0xff,0x7f,0xdf,0x9f,0xe7,0x9f,0xe7,0x7f,0xdf,0xff,0xff,
    0xbf,0xef,0x9f,0xe7,0x9f,0xe7,0x7f,0xdf,0x3f,0xd7,0x7f,0xe7,0xdf,0xf7,0xbf,0xef,
    0x9f,0xef,0x9f,0xe7,0x7f,0xe7,0x7f,0xe7,0x7f,0xe7,0x7f,0xe7,0x7f,0xe7,0x7f,0xe7,
    0x7f,0xe7,0x7f,0xe7,0x7f,0xe7,0x7f,0xe7,0x7f,0xe7,0x7f,0xe7,0x7f,0xe7,0x7f,0xe7,
    0x7f,0xe7,0x7f,0xe7,0x7f,0xe7,0x7f,0xe7,0x7f,0xe7,0x7f,0xe7,0x7f,0xe7,0x7f,0xe7,
    0x7f,0xe7,0x7f,0xe7,0x7f,0xe7,0x7f,0xe7,0x7f,0xe7,0x9f,0xe7,0xbf,0xef,0xbf,0xf7,
    0xdf,0xf7,0x5f,0xdf,0x5f,0xd7,0x7f,0xdf,0x9f,0xe7,0x9f,0xe7,0xbf,0xef,0xff,0xff,
    0x7f,0xdf,0x9f,0xe7,0x9f,0xe7,0x9f,0xe7,0xff,0xff,0xbf,0xef,0xbf,0xef,0x9f,0xe7,
    0x7f,0xdf,0x5f,0xdf,0x3f,0xcf,0x9f,0xef,0xdf,0xf7,0xbf,0xf7,0xbf,0xef,0x9f,0xef,
    0x9f,0xe7,0x9f,0xe7,0x9f,0xe7,0x9f,0xef,0x9f,0xef,0x9f,0xe7,0x9f,0xef,0x9f,0xef,
    0x9f,0xef,0x9f,0xef,0x9f,0xef,0x9f,0xef,0x9f,0xef,0x9f,0xef,0x9f,0xef,0x9f,0xef,
    0x9f,0xef,0x9f,0xef,0x9f,0xef,0x9f,0xef,0x9f,0xef,0x9f,0xef,0x9f,0xef,0x9f,0xef,
    0x9f,0xef,0x9f,0xef,0xbf,0xef,0xbf,0xf7,0xdf,0xf7,0x9f,0xe7,0x3f,0xd7,0x5f,0xd7,
    0x7f,0xe7,0x9f,0xe7,0xbf,0xef,0xbf,0xef,0xff,0xff,0x7f,0xdf,0x9f,0xe7,0x9f,0xe7,
    0x9f,0xe7,0xff,0xff,0xbf,0xef,0xbf,0xef,0x9f,0xe7,0x7f,0xe7,0x5f,0xdf,0x3f,0xd7,
    0x3f,0xcf,0x7f,0xdf,0xdf,0xf7,0xdf,0xf7,0xbf,0xef,0xbf,0xef,0xbf,0xef,0xbf,0xef,
    0xbf,0xef,0xbf,0xef,0xbf,0xef,0xbf,0xef,0xbf,0xef,0xbf,0xef,0xbf,0xef,0xbf,0xef,
    0xbf,0xef,0xbf,0xef,0xbf,0xef,0xbf,0xf7,0xbf,0xf7,0xbf,0xf7,0xbf,0xef,0xbf,0xef,
    0xbf,0xef,0xbf,0xef,0xbf,0xef,0xbf,0xef,0xbf,0xef,0xbf,0xef,0xbf,0xef,0xdf,0xf7,
    0xdf,0xf7,0x7f,0xdf,0x3f,0xcf,0x3f,0xd7,0x5f,0xdf,0x9f,0xe7,0x9f,0xe7,0xbf,0xef,
    0xbf,0xef,0xff,0xff,0x7f,0xdf,0x9f,0xe7,0x9f,0xe7,0x9f,0xe7,0xff,0xff,0xbf,0xef,
    0xbf,0xef,0x9f,0xe7,0x9f,0xe7,0x7f,0xdf,0x5f,0xd7,0x3f,0xcf,0x1f,0xcf,0xff,0xc6,
    0x5f,0xd7,0x7f,0xdf,0x7f,0xdf,0x9f,0xe7,0x9f,0xe7,0x9f,0xe7,0x7f,0xdf,0x7f,0xdf,
    0x7f,0xdf,0x7f,0xdf,0x7f,0xe7,0x9f,0xe7,0x9f,0xe7,0x9f,0xe7,0x9f,0xe7,0xbf,0xe7,
    0xbf,0xe7,0xbf,0xe7,0x9f,0xe7,0x9f,0xe7,0x9f,0xe7,0x9f,0xe7,0x9f,0xe7,0x7f,0xdf,
    0x7f,0xdf,0x7f,0xdf,0x7f,0xdf,0x7f,0xdf,0x3f,0xd7,0x1f,0xc7,0x1f,0xcf,0x3f,0xcf,
    0x5f,0xd7,0x7f,0xdf,0x9f,0xe7,0x9f,0xe7,0x9f,0xe7,0xbf,0xef,0xff,0xff,0x7f,0xdf,
    0x9f,0xe7,0x9f,0xe7,0x9f,0xe7,0xff,0xff,0xbf,0xef,0xbf,0xef,0x9f,0xe7,0x9f,0xe7,
    0x7f,0xdf,0x5f,0xdf,0x3f,0xd7,0x1f,0xcf,0xff,0xc6,0xff,0xc6,0xff,0xc6,0xff,0xc6,
    0xff,0xc6,0xff,0xc6,0xff,0xc6,0xff,0xc6,0xff,0xc6,0xff,0xbe,0xdf,0xbe,0xdf,0xbe,
    0xdf,0xbe,0xff,0xbe,0xff,0xc6,0xff,0xc6,0xff,0xc6,0xff,0xc6,0xdf,0xc6,0xff,0xc6,
    0xff,0xc6,0xff,0xc6,0xff,0xc6,0xff,0xc6,0xff,0xc6,0xff,0xc6,0xff,0xc6,0xff,0xc6,
    0xff,0xc6,0xff,0xc6,0xff,0xc6,0x1f,0xcf,0x3f,0xd7,0x5f,0xd7,0x7f,0xdf,0x9f,0xe7,
    0x9f,0xe7,0x9f,0xe7,0xbf,0xef,0xff,0xff,0x7f,0xdf,0x9f,0xe7,0x9f,0xe7,0x9f,0xe7,
    0xff,0xff,0xbf,0xef,0xbf,0xef,0x9f,0xe7,0x9f,0xe7,0x9f,0xe7,0x7f,0xdf,0x5f,0xdf,
    0x3f,0xd7,0x3f,0xcf,0x1f,0xcf,0x1f,0xc7,0xff,0xc6,0xff,0xc6,0xff,0xc6,0xff,0xc6,
    0xff,0xc6,0xff,0xc6,0xff,0xc6,0xff,0xc6,0xff,0xc6,0xff,0xc6,0xff,0xc6,0xff,0xc6,
    0xff,0xc6,0xff,0xc6,0xff,0xc6,0xff,0xc6,0xff,0xc6,0xff,0xc6,0xff,0xc6,0xff,0xc6,
    0xff,0xc6,0xff,0xc6,0xff,0xc6,0xff,0xc6,0xff,0xc6,0xff,0xc6,0xff,0xc6,0x1f,0xcf,
    0x3f,0xd7,0x5f,0xd7,0x7f,0xdf,0x7f,0xe7,0x9f,0xe7,0x9f,0xe7,0x9f,0xe7,0xbf,0xef,
    0xff,0xff,0x9f,0xe7,0x9f,0xe7,0x9f,0xe7,0x9f,0xe7,0xff,0xff,0xbf,0xef,0xbf,0xef,
    0xbf,0xe7,0x9f,0xe7,0x9f,0xe7,0x9f,0xe7,0x7f,0xe7,0x7f,0xdf,0x5f,0xdf,0x3f,0xd7,
    0x3f,0xd7,0x3f,0xd7,0x3f,0xd7,0x3f,0xcf,0x3f,0xcf,0x3f,0xd7,0x3f,0xd7,0x3f,0xd7,
    0x1f,0xcf,0x1f,0xcf,0x1f,0xcf,0x1f,0xcf,0x1f,0xcf,0x1f,0xcf,0x1f,0xcf,0x1f,0xcf,
    0x1f,0xcf,0x1f,0xcf,0x1f,0xcf,0x1f,0xcf,0x1f,0xcf,0x1f,0xcf,0x1f,0xcf,0x1f,0xcf,
    0x1f,0xcf,0x1f,0xcf,0x3f,0xcf,0x3f,0xd7,0x3f,0xd7,0x5f,0xdf,0x7f,0xdf,0x7f,0xdf,
    0x9f,0xe7,0x9f,0xe7,0x9f,0xe7,0x9f,0xe7,0xbf,0xef,0xff,0xff,0x9f,0xe7,0x9f,0xe7,
    0x9f,0xe7,0x9f,0xe7,0xff,0xff,0xbf,0xef,0xbf,0xef,0xbf,0xe7,0x9f,0xe7,0x9f,0xe7,
    0x9f,0xe7,0x9f,0xe7,0x9f,0xe7,0x7f,0xe7,0x7f,0xdf,0x7f,0xdf,0x7f,0xdf,0x5f,0xdf,
    0x5f,0xdf,0x5f,0xdf,0x5f,0xdf,0x5f,0xdf,0x5f,0xdf,0x5f,0xdf,0x5f,0xd7,0x5f,0xd7,
    0x5f,0xd7,0x5f,0xd7,0x5f,0xd7,0x5f,0xd7,0x5f,0xd7,0x5f,0xd7,0x5f,0xd7,0x5f,0xd7,
    0x5f,0xd7,0x5f,0xd7,0x5f,0xd7,0x5f,0xd7,0x5f,0xd7,0x5f,0xd7,0x5f,0xd7,0x5f,0xdf,
    0x5f,0xdf,0x5f,0xdf,0x7f,0xdf,0x7f,0xe7,0x9f,0xe7,0x9f,0xe7,0x9f,0xe7,0x9f,0xe7,
    0x9f,0xe7,0xbf,0xef,0xff,0xff,0x9f,0xe7,0x9f,0xe7,0x9f,0xe7,0x9f,0xe7,0xff,0xff,
    0xbf,0xef,0xbf,0xef,0xbf,0xef,0x9f,0xe7,0x9f,0xe7,0x9f,0xe7,0x9f,0xe7,0x9f,0xe7,
    0x9f,0xe7,0x9f,0xe7,0x9f,0xe7,0x9f,0xe7,0x9f,0xe7,0x9f,0xe7,0x9f,0xe7,0x9f,0xe7,
    0x7f,0xe7,0x7f,0xe7,0x7f,0xdf,0x7f,0xdf,0x7f,0xdf,0x7f,0xdf,0x7f,0xdf,0x7f,0xdf,
    0x7f,0xdf,0x7f,0xdf,0x7f,0xdf,0x7f,0xdf,0x7f,0xdf,0x7f,0xdf,0x7f,0xdf,0x7f,0xdf,
    0x7f,0xdf,0x7f,0xdf,0x7f,0xdf,0x7f,0xdf,0x7f,0xdf,0x7f,0xdf,0x7f,0xe7,0x7f,0xe7,
    0x9f,0xe7,0x9f,0xe7,0x9f,0xe7,0x9f,0xe7,0x9f,0xe7,0x9f,0xe7,0xbf,0xef,0xff,0xff,
    0x9f,0xe7,0x9f,0xe7,0x9f,0xe7,0x9f,0xe7,0xff,0xff,0xbf,0xef,0x9f,0xef,0x9f,0xe7,
    0x9f,0xe7,0x9f,0xe7,0x9f,0xe7,0x9f,0xe7,0x9f,0xe7,0x9f,0xe7,0x9f,0xe7,0x9f,0xe7,
    0x9f,0xe7,0x9f,0xe7,0x9f,0xe7,0x9f,0xe7,0x9f,0xe7,0x9f,0xe7,0x9f,0xe7,0x9f,0xe7,
    0x9f,0xe7,0x9f,0xe7,0x9f,0xe7,0x9f,0xe7,0x9f,0xe7,0x9f,0xe7,0x9f,0xe7,0x9f,0xe7,
    0x9f,0xe7,0x9f,0xe7,0x7f,0xe7,0x7f,0xe7,0x7f,0xe7,0x7f,0xe7,0x9f,0xe7,0x9f,0xe7,
    0x7f,0xe7,0x9f,0xe7,0x9f,0xe7,0x9f,0xe7,0x9f,0xe7,0x9f,0xe7,0x9f,0xe7,0x9f,0xe7,
    0x9f,0xe7,0x9f,0xe7,0x9f,0xe7,0xbf,0xef,0xff,0xff,0x9f,0xe7,0x9f,0xe7,0x9f,0xe7,
    0x9f,0xe7,0xff,0xff,0xbf,0xef,0xbf,0xef,0x9f,0xe7,0x9f,0xe7,0x9f,0xe7,0x9f,0xe7,
    0x9f,0xe7,0x9f,0xe7,0x9f,0xe7,0x9f,0xe7,0x9f,0xe7,0x9f,0xe7,0x9f,0xe7,0x9f,0xe7,
    0x9f,0xe7,0x9f,0xe7,0x9f,0xe7,0x9f,0xe7,0x9f,0xe7,0x9f,0xe7,0x9f,0xe7,0x9f,0xe7,
    0x9f,0xe7,0x9f,0xe7,0x9f,0xe7,0x9f,0xe7,0x9f,0xe7,0x9f,0xe7,0x9f,0xe7,0x9f,0xe7,
    0x9f,0xe7,0x9f,0xe7,0x9f,0xe7,0x9f,0xe7,0x9f,0xe7,0x9f,0xe7,0x9f,0xe7,0x9f,0xe7,
    0x9f,0xe7,0x9f,0xe7,0x9f,0xe7,0x9f,0xe7,0x9f,0xe7,0x9f,0xe7,0x9f,0xe7,0x9f,0xe7,
    0xbf,0xef,0xff,0xff,0x9f,0xe7,0x9f,0xe7,0x9f,0xe7,0x9f,0xe7,0xff,0xff,0xbf,0xef,
    0xbf,0xef,0x9f,0xe7,0x9f,0xe7,0x9f,0xe7,0x9f,0xe7,0x9f,0xe7,0x9f,0xe7,0x9f,0xe7,
    0x9f,0xe7,0x9f,0xe7,0x9f,0xe7,0x9f,0xe7,0x9f,0xe7,0x9f,0xe7,0x9f,0xe7,0xbf,0xe7,
    0x9f,0xe7,0x9f,0xe7,0x9f,0xe7,0x9f,0xe7,0x9f,0xe7,0x9f,0xe7,0x9f,0xe7,0x9f,0xe7,
    0x9f,0xe7,0x9f,0xe7,0x9f,0xe7,0x9f,0xe7,0x9f,0xe7,0x9f,0xe7,0x9f,0xe7,0x9f,0xe7,
    0x9f,0xe7,0x9f,0xe7,0x9f,0xe7,0x9f,0xe7,0x9f,0xe7,0x9f,0xe7,0x9f,0xe7,0x9f,0xe7,
    0x9f,0xe7,0x9f,0xe7,0x9f,0xe7,0x9f,0xe7,0x9f,0xe7,0xbf,0xef,0xff,0xff,0x9f,0xe7,
    0x9f,0xe7,0x9f,0xe7,0x7f,0xe7,0xff,0xff,0xbf,0xef,0x9f,0xef,0x9f,0xe7,0x9f,0xe7,
    0x9f,0xe7,0x9f,0xe7,0x9f,0xe7,0x9f,0xe7,0x9f,0xe7,0xbf,0xe7,0xbf,0xe7,0xbf,0xe7,
    0xbf,0xe7,0xbf,0xe7,0xbf,0xe7,0xbf,0xe7,0xbf,0xe7,0xbf,0xe7,0xbf,0xe7,0xbf,0xe7,
    0xbf,0xe7,0xbf,0xe7,0xbf,0xe7,0xbf,0xe7,0xbf,0xe7,0xbf,0xe7,0xbf,0xe7,0x9f,0xe7,
    0x9f,0xe7,0x9f,0xe7,0x9f,0xe7,0x9f,0xe7,0x9f,0xe7,0x9f,0xe7,0x9f,0xe7,0x9f,0xe7,
    0x9f,0xe7,0x9f,0xe7,0x9f,0xe7,0x9f,0xe7,0x9f,0xe7,0x9f,0xe7,0x9f,0xe7,0x9f,0xe7,
    0x9f,0xe7,0x9f,0xe7,0xbf,0xef,0xdf,0xff,0x9f,0xe7,0x9f,0xe7,0x9f,0xe7,0x7f,0xdf,
    0xff,0xff,0xbf,0xef,0x9f,0xe7,0x9f,0xe7,0x9f,0xe7,0x9f,0xe7,0x9f,0xe7,0x9f,0xe7,
    0xbf,0xe7,0xbf,0xe7,0xbf,0xe7,0xbf,0xe7,0xbf,0xe7,0xbf,0xe7,0xdf,0xe7,0xdf,0xe7,
    0xdf,0xe7,0xdf,0xe7,0xdf,0xe7,0xdf,0xe7,0xdf,0xe7,0xdf,0xe7,0xdf,0xe7,0xdf,0xe7,
    0xdf,0xdf,0xdf,0xe7,0xbf,0xe7,0xbf,0xe7,0xdf,0xdf,0xdf,0xdf,0xbf,0xdf,0xbf,0xdf,
    0xbf,0xdf,0xbf,0xdf,0xbf,0xdf,0x9f,0xdf,0x9f,0xdf,0x9f,0xdf,0x9f,0xdf,0x9f,0xdf,
    0x9f,0xdf,0x9f,0xe7,0x9f,0xe7,0x9f,0xe7,0x9f,0xe7,0x9f,0xe7,0x9f,0xe7,0xbf,0xef,
    0xdf,0xff,0x9f,0xe7,0x9f,0xe7,0x9f,0xe7,0x7f,0xdf,0xff,0xff,0xbf,0xef,0xbf,0xef,
    0x9f,0xe7,0x9f,0xe7,0x9f,0xe7,0xbf,0xe7,0xbf,0xe7,0xbf,0xe7,0xdf,0xe7,0xdf,0xe7,
    0xdf,0xe7,0xdf,0xe7,0xff,0xdf,0xdf,0xdf,0xdf,0xdf,0xff,0xe7,0xdf,0xe7,0xdf,0xe7,
    0xdf,0xe7,0xdf,0xdf,0xdf,0xdf,0xdf,0xdf,0xdf,0xdf,0xdf,0xdf,0xdf,0xdf,0xdf,0xdf,
    0xdf,0xdf,0xdf,0xdf,0xdf,0xdf,0xdf,0xdf,0xdf,0xdf,0xdf,0xdf,0xdf,0xdf,0xdf,0xdf,
    0xdf,0xdf,0xdf,0xdf,0xdf,0xdf,0xbf,0xdf,0xbf,0xdf,0xbf,0xdf,0x9f,0xdf,0x9f,0xe7,
    0x9f,0xe7,0x9f,0xe7,0x9f,0xe7,0x9f,0xe7,0xbf,0xef,0xdf,0xff,0x9f,0xdf,0x9f,0xe7,
    0x9f,0xe7,0x7f,0xdf,0xff,0xff,0xbf,0xef,0xbf,0xef,0x9f,0xe7,0xbf,0xe7,0xbf,0xe7,
    0xbf,0xe7,0xdf,0xe7,0xdf,0xe7,0xff,0xdf,0xff,0xe7,0xff,0xdf,0xff,0xdf,0xff,0xdf,
    0xff,0xdf,0xff,0xdf,0xff,0xdf,0xff,0xdf,0xff,0xdf,0xff,0xdf,0xdf,0xdf,0xdf,0xdf,
    0xdf,0xdf,0xdf,0xdf,0xdf,0xdf,0xdf,0xdf,0xdf,0xdf,0xdf,0xdf,0xff,0xdf,0xff,0xdf,
    0xff,0xdf,0xff,0xdf,0xdf,0xdf,0xdf,0xdf,0xdf,0xdf,0xff,0xdf,0xff,0xdf,0xdf,0xdf,
    0xdf,0xdf,0xdf,0xdf,0xdf,0xdf,0xbf,0xdf,0x9f,0xdf,0x9f,0xe7,0x9f,0xe7,0x9f,0xe7,
    0x9f,0xe7,0xbf,0xef,0xdf,0xff,0x7f,0xdf,0x9f,0xe7,0x9f,0xe7,0x7f,0xdf,0xff,0xff,
    0xbf,0xef,0xbf,0xe7,0xbf,0xe7,0xbf,0xe7,0xbf,0xe7,0xdf,0xe7,0xff,0xdf,0xff,0xdf,
    0xff,0xd7,0xff,0xd7,0xff,0xdf,0xff,0xdf,0xff,0xe7,0xff,0xe7,0xff,0xe7,0xff,0xe7,
    0xff,0xe7,0xff,0xdf,0xff,0xdf,0xff,0xdf,0xff,0xdf,0xff,0xdf,0xff,0xdf,0xff,0xdf,
    0xff,0xdf,0xff,0xdf,0xff,0xdf,0xff,0xdf,0xff,0xdf,0xff,0xdf,0xff,0xdf,0xff,0xdf,
    0xff,0xdf,0xff,0xdf,0xff,0xdf,0xff,0xdf,0xff,0xdf,0xff,0xd7,0xdf,0xd7,0xdf,0xdf,
    0xdf,0xdf,0xbf,0xdf,0xbf,0xdf,0x9f,0xdf,0x9f,0xe7,0x9f,0xe7,0xbf,0xef,0xdf,0xf7,
    0x7f,0xdf,0x9f,0xe7,0x9f,0xe7,0x7f,0xdf,0xff,0xff,0xbf,0xef,0xbf,0xe7,0xbf,0xe7,
    0xbf,0xe7,0xdf,0xe7,0xdf,0xdf,0xdf,0xdf,0xff,0xcf,0xff,0xcf,0xff,0xbf,0xff,0xbf,
    0xff,0xbf,0xff,0xbf,0xff,0xbf,0xff,0xbf,0xff,0xbf,0xff,0xbf,0xff,0xbf,0xff,0xbf,
    0xff,0xbf,0xff,0xbf,0xff,0xbf,0xff,0xbf,0xff,0xbf,0xff,0xbf,0xff,0xbf,0xff,0xbf,
    0xff,0xbf,0xff,0xbf,0xff,0xbf,0xff,0xbf,0xff,0xbf,0xff,0xbf,0xff,0xbf,0xff,0xbf,
    0xff,0xbf,0xff,0xbf,0xff,0xbf,0xff,0xd7,0xff,0xc7,0xdf,0xcf,0xdf,0xdf,0xbf,0xdf,
    0xbf,0xdf,0x9f,0xdf,0x9f,0xe7,0xbf,0xef,0xdf,0xff,0x7f,0xdf,0x9f,0xe7,0x9f,0xe7,
    0x9f,0xe7,0xff,0xff,0xbf,0xef,0xbf,0xe7,0xbf,0xe7,0xdf,0xe7,0xdf,0xe7,0xdf,0xd7,
    0xfe,0xbf,0xff,0xd7,0xff,0xb7,0xfe,0xaf,0xfe,0xaf,0xfe,0xaf,0xfe,0xaf,0xfe,0xaf,
    0xfe,0xaf,0xfe,0xaf,0xfe,0xaf,0xfe,0xaf,0xfe,0xaf,0xfe,0xaf,0xfe,0xaf,0xfe,0xaf,
    0xfd,0xaf,0xfd,0xaf,0xfe,0xaf,0xfe,0xaf,0xfe,0xaf,0xfe,0xaf,0xfe,0xaf,0xfe,0xaf,
    0xfe,0xaf,0xfe,0xaf,0xfd,0xaf,0xfd,0xaf,0xfd,0xa7,0xfd,0xa7,0xfe,0xaf,0xfe,0xaf,
    0xff,0xb7,0xff,0xd7,0xff,0xc7,0xdf,0xcf,0xdf,0xdf,0xbf,0xdf,0xbf,0xdf,0x9f,0xe7,
    0xbf,0xef,0xdf,0xff,0x7f,0xdf,0x9f,0xe7,0x9f,0xe7,0x9f,0xe7,0xff,0xff,0xbf,0xef,
    0xbf,0xe7,0xdf,0xe7,0xdf,0xe7,0xdf,0xdf,0xff,0xbf,0xff,0xd7,0xff,0xb7,0xfe,0xaf,
    0xdd,0xa7,0xdd,0xa7,0xbd,0xa7,0xbd,0xa7,0xbd,0xa7,0xdd,0xa7,0xdd,0xa7,0xdd,0xa7,
    0xdd,0xa7,0xdd,0xa7,0xdd,0xaf,0xdd,0xaf,0xdd,0xaf,0xdd,0xaf,0xdd,0xaf,0xdd,0xaf,
    0xdd,0xaf,0xdd,0xaf,0xdd,0xa7,0xdd,0xaf,0xdd,0xa7,0xdd,0xa7,0xdd,0xa7,0xdd,0xa7,
    0xbc,0xa7,0xbc,0xa7,0xbd,0xa7,0xdd,0xa7,0xdd,0xa7,0xfd,0xa7,0xfe,0xaf,0xff,0xcf,
    0xff,0xc7,0xdf,0xdf,0xdf,0xdf,0xbf,0xe7,0xbf,0xe7,0xbf,0xef,0xff,0xff,0x7f,0xdf,
    0x9f,0xe7,0x9f,0xe7,0x9f,0xe7,0xff,0xff,0xbf,0xef,0xbf,0xe7,0xdf,0xe7,0xdf,0xdf,
    0xdf,0xd7,0xff,0xcf,0xff,0xb7,0xfe,0xaf,0xdd,0xa7,0xbd,0xa7,0xbc,0xa7,0x9c,0xa7,
    0x9c,0xa7,0x9c,0xa7,0x9c,0xa7,0xbc,0xa7,0xbc,0xa7,0xbc,0xa7,0xbc,0xaf,0xbc,0xaf,
    0xbc,0xaf,0xbc,0xaf,0xbc,0xaf,0xbc,0xaf,0xbc,0xaf,0xbc,0xaf,0xbc,0xa7,0xbc,0xa7,
    0xbc,0xa7,0xbc,0xa7,0xbc,0xa7,0xbc,0xa7,0x9c,0xa7,0x9c,0xa7,0x9c,0xa7,0x9c,0xa7,
    0x9c,0xa7,0xbc,0xa7,0xdd,0xa7,0xfd,0xa7,0xfe,0xaf,0xff,0xc7,0xdf,0xcf,0xdf,0xdf,
    0xbf,0xdf,0xbf,0xe7,0xbf,0xef,0xff,0xff,0x7f,0xdf,0x9f,0xe7,0x9f,0xe7,0x9f,0xe7,
    0xff,0xff,0xdf,0xef,0xdf,0xe7,0xdf,0xe7,0xff,0xdf,0xde,0xbf,0xff,0xd7,0xfe,0xaf,
    0xdd,0xa7,0xbd,0xa7,0x9c,0xa7,0x9c,0xa7,0x9c,0xa7,0x9c,0xa7,0x9c,0xa7,0x9c,0xa7,
    0x9c,0xa7,0x9c,0xaf,0x9c,0xaf,0x9c,0xaf,0x9c,0xaf,0x9c,0xaf,0x9c,0xaf,0x9c,0xaf,
    0x9c,0xaf,0x9c,0xaf,0x9c,0xaf,0x9c,0xaf,0x9c,0xa7,0x9c,0xa7,0x9c,0xa7,0x9c,0xa7,
    0x9c,0xa7,0x9c,0xa7,0x9c,0xa7,0x9c,0xa7,0x9c,0xa7,0x9c,0xa7,0x9c,0xa7,0xbc,0xa7,
    0xdd,0xa7,0xfd,0xa7,0xff,0xc7,0xfe,0xbf,0xdf,0xdf,0xdf,0xdf,0xbf,0xe7,0xbf,0xef,
    0xff,0xff,0x7f,0xdf,0x9f,0xe7,0x9f,0xe7,0x9f,0xe7,0xff,0xff,0xdf,0xef,0xdf,0xe7,
    0xdf,0xe7,0xff,0xdf,0xff,0xbf,0xff,0xbf,0xfd,0xa7,0xbd,0xa7,0x9c,0xa7,0x9c,0xa7,
    0x9c,0xa7,0x9c,0xa7,0x9c,0xa7,0x9c,0xa7,0x9c,0xaf,0x9c,0xaf,0x9c,0xaf,0x9c,0xaf,
    0x9c,0xaf,0x9c,0xaf,0x9c,0xaf,0x9c,0xaf,0x9c,0xaf,0x9c,0xaf,0x9c,0xaf,0x9c,0xaf,
    0x9c,0xaf,0x9c,0xaf,0x9c,0xa7,0x9c,0xa7,0x9c,0xa7,0x9c,0xa7,0x9c,0xa7,0x9c,0xa7,
    0x9c,0xa7,0x9c,0xa7,0x9c,0xa7,0x9c,0xa7,0x9c,0xa7,0xbc,0xa7,0xdd,0xa7,0xff,0xb7,
    0xff,0xb7,0xdf,0xd7,0xdf,0xdf,0xbf,0xe7,0xdf,0xef,0xff,0xff,0x7f,0xdf,0x9f,0xe7,
    0x9f,0xe7,0x9f,0xe7,0xff,0xff,0xdf,0xef,0xdf,0xe7,0xdf,0xdf,0xff,0xd7,0xff,0xbf,
    0xff,0xb7,0xdd,0xa7,0xbc,0xa7,0x9c,0xa7,0x9c,0xa7,0x9c,0xa7,0x9c,0xa7,0x9c,0xa7,
    0x9c,0xaf,0x9c,0xaf,0x9c,0xaf,0x9c,0xaf,0x9c,0xaf,0x9c,0xaf,0x9c,0xaf,0x9c,0xaf,
    0x9c,0xaf,0x9c,0xaf,0x9c,0xaf,0x9c,0xaf,0x9c,0xaf,0x9c,0xaf,0x9c,0xaf,0x9c,0xaf,
    0x9c,0xa7,0x9c,0xa7,0x9c,0xa7,0x9c,0xa7,0x9c,0xa7,0x9c,0xa7,0x9c,0xa7,0x9c,0xa7,
    0x9c,0xa7,0x9c,0xa7,0xbc,0xa7,0xdd,0xa7,0xfe,0xaf,0xde,0xb7,0xdf,0xd7,0xdf,0xdf,
    0xbf,0xe7,0xbf,0xef,0xff,0xff,0x7f,0xdf,0x9f,0xe7,0x9f,0xe7,0x9f,0xe7,0xff,0xff,
    0xdf,0xef,0xdf,0xe7,0xdf,0xdf,0xff,0xcf,0xdf,0xbf,0xff,0xb7,0xdd,0xaf,0x9c,0xa7,
    0x9c,0xa7,0x9c,0xa7,0x9c,0xa7,0x9c,0xa7,0x9c,0xa7,0x9c,0xaf,0x9c,0xaf,0x9c,0xaf,
    0x9c,0xaf,0x9c,0xaf,0x9c,0xaf,0x9c,0xaf,0x9c,0xaf,0x9c,0xaf,0x9c,0xaf,0x7c,0xaf,
    0x9c,0xaf,0x9c,0xaf,0x9c,0xaf,0x9c,0xaf,0x9c,0xaf,0x9c,0xaf,0x9c,0xaf,0x9c,0xa7,
    0x9c,0xa7,0x9c,0xa7,0x9c,0xa7,0x9c,0xa7,0x9c,0xa7,0x9c,0xa7,0x9c,0xa7,0x9c,0xa7,
    0xdd,0xa7,0xfe,0xaf,0xde,0xb7,0xdf,0xcf,0xdf,0xdf,0xbf,0xe7,0xbf,0xef,0xff,0xff,
    0x7f,0xdf,0x9f,0xe7,0x9f,0xe7,0x9f,0xe7,0xff,0xff,0xdf,0xef,0xdf,0xe7,0xff,0xdf,
    0xff,0xcf,0xde,0xbf,0xff,0xb7,0xdd,0xaf,0x9c,0xa7,0x9c,0xa7,0x9c,0xa7,0x9c,0xa7,
    0x9c,0xaf,0x9c,0xaf,0x9c,0xaf,0x9c,0xaf,0x9c,0xaf,0x9c,0xaf,0xbc,0xaf,0xbc,0xaf,
    0xbc,0xaf,0x9c,0xaf,0x9c,0xaf,0x7b,0xa7,0xe3,0x10,0x3a,0xa7,0x9c,0xaf,0x9c,0xaf,
    0x9c,0xaf,0x9c,0xaf,0x9c,0xaf,0x9c,0xaf,0x9c,0xaf,0x9c,0xa7,0x9c,0xa7,0x9c,0xa7,
    0x9c,0xa7,0x9c,0xa7,0x9c,0xa7,0x9c,0xa7,0xbc,0xa7,0xdd,0xa7,0xfe,0xaf,0xdf,0xb7,
    0xdf,0xcf,0xdf,0xd7,0xbf,0xdf,0xbf,0xef,0xff,0xff,0x7f,0xdf,0x9f,0xe7,0x9f,0xe7,
    0x9f,0xdf,0xff,0xff,0xdf,0xef,0xdf,0xe7,0xdf,0xd7,0xff,0xcf,0xde,0xb7,0xff,0xb7,
    0xdd,0xaf,0x9c,0xa7,0x9c,0xa7,0x9c,0xa7,0x9c,0xaf,0x9c,0xaf,0x9c,0xaf,0x9c,0xaf,
    0x9c,0xaf,0x9c,0xaf,0xbc,0xaf,0xbc,0xaf,0xbc,0xaf,0xbc,0xaf,0xbc,0xaf,0x9c,0xaf,
    0x5b,0xa7,0x20,0x00,0xd9,0x9e,0x9c,0xaf,0x9c,0xaf,0x9c,0xaf,0x9c,0xaf,0x9c,0xaf,
    0x9c,0xaf,0x9c,0xaf,0x9c,0xa7,0x9c,0xa7,0x9c,0xa7,0x9c,0xa7,0x9c,0xa7,0x9c,0xa7,
    0x9c,0xa7,0xbc,0xa7,0xdd,0xa7,0xfe,0xaf,0xdf,0xb7,0xdf,0xc7,0xdf,0xd7,0xbf,0xdf,
    0xbf,0xef,0xff,0xff,0x9f,0xdf,0x9f,0xe7,0x9f,0xe7,0x7f,0xdf,0xff,0xff,0xbf,0xef,
    0xbf,0xe7,0xdf,0xd7,0xdf,0xcf,0xde,0xb7,0xff,0xbf,0xdd,0xaf,0x9c,0xa7,0x9c,0xa7,
    0x9c,0xa7,0x9c,0xaf,0x9c,0xaf,0x9c,0xaf,0x9c,0xaf,0x9c,0xaf,0x9c,0xaf,0x9c,0xaf,
    0x9c,0xaf,0x9c,0xaf,0x9c,0xaf,0x9c,0xaf,0xbc,0xb7,0x3a,0xa7,0x00,0x00,0xd9,0x9e,
    0x9c,0xaf,0xbc,0xaf,0x9c,0xaf,0x9c,0xaf,0x9c,0xaf,0x9c,0xaf,0x9c,0xaf,0x9c,0xa7,
    0x9c,0xa7,0x9c,0xa7,0x9c,0xa7,0x9c,0xa7,0x9c,0xa7,0x9c,0xa7,0xbc,0xa7,0xdd,0xa7,
    0xfe,0xb7,0xdf,0xb7,0xbe,0xc7,0xbf,0xd7,0xbf,0xdf,0xbf,0xef,0xff,0xf7,0x7f,0xdf,
    0x9f,0xe7,0x9f,0xe7,0x7f,0xdf,0xff,0xff,0xbf,0xef,0xbf,0xdf,0xdf,0xd7,0xde,0xc7,
    0xde,0xbf,0xff,0xbf,0xdd,0xaf,0xbc,0xa7,0x9c,0xa7,0x9c,0xaf,0x9c,0xaf,0x9c,0xaf,
    0x9c,0xaf,0x9c,0xaf,0x9c,0xaf,0x9c,0xaf,0x9c,0xaf,0x9c,0xaf,0x9c,0xaf,0x98,0x96,
    0x8d,0x4b,0x24,0x19,0x41,0x00,0x00,0x00,0x41,0x00,0x85,0x21,0x6d,0x4b,0x57,0x8e,
    0x9c,0xaf,0x9c,0xaf,0x9c,0xaf,0x9c,0xaf,0x9c,0xaf,0x9c,0xa7,0x9c,0xa7,0x9c,0xa7,
    0x9c,0xa7,0x9c,0xa7,0x9c,0xa7,0x9c,0xa7,0xdd,0xa7,0xff,0xb7,0xdf,0xb7,0xbe,0xc7,
    0xbf,0xd7,0xbf,0xdf,0xbf,0xef,0xff,0xff,0x7f,0xdf,0x9f,0xe7,0x9f,0xe7,0x7f,0xdf,
    0xff,0xff,0xbf,0xef,0xbf,0xdf,0xbf,0xd7,0xbe,0xc7,0xde,0xbf,0xff,0xbf,0xdd,0xaf,
    0xbc,0xa7,0x9c,0xa7,0x9c,0xa7,0x9c,0xaf,0x9c,0xaf,0x9c,0xaf,0x9c,0xaf,0x9c,0xaf,
    0x9c,0xaf,0x9c,0xaf,0x7b,0xaf,0xad,0x53,0x61,0x08,0xa9,0x3a,0xd1,0x6c,0x57,0x8e,
    0x00,0x00,0xd5,0x7d,0xf2,0x6c,0x2b,0x43,0x61,0x08,0x4c,0x4b,0x5b,0xa7,0x9c,0xaf,
    0x9c,0xaf,0x9c,0xaf,0x9c,0xa7,0x9c,0xa7,0x9c,0xa7,0x9c,0xa7,0x9c,0xa7,0x9c,0xa7,
    0x9c,0xa7,0xdd,0xa7,0xff,0xb7,0xde,0xb7,0xbe,0xbf,0xbe,0xcf,0xbf,0xdf,0xdf,0xef,
    0xff,0xff,0x9f,0xdf,0x9f,0xe7,0x9f,0xe7,0x7f,0xdf,0xff,0xff,0xbf,0xef,0xbf,0xdf,
    0xbe,0xd7,0xbe,0xc7,0xde,0xbf,0xff,0xbf,0xdd,0xaf,0xbc,0xa7,0x9c,0xa7,0x9c,0xa7,
    0x9c,0xaf,0x9c,0xaf,0x9c,0xaf,0x9c,0xaf,0x9c,0xaf,0x9c,0xaf,0x5b,0xa7,0x28,0x32,
    0x65,0x19,0x37,0x8e,0x9c,0xaf,0x9c,0xaf,0x5b,0xa7,0x20,0x00,0xf9,0x9e,0x9c,0xaf,
    0x9c,0xaf,0x77,0x8e,0xa6,0x21,0xa6,0x21,0x1a,0x9f,0x9c,0xaf,0x9c,0xaf,0x9c,0xaf,
    0x9c,0xa7,0x9c,0xa7,0x9c,0xa7,0x9c,0xa7,0x9c,0xa7,0x9c,0xa7,0xdd,0xa7,0xff,0xb7,
    0xde,0xb7,0xbe,0xc7,0xbe,0xcf,0xbf,0xdf,0xdf,0xef,0xff,0xff,0x9f,0xe7,0x9f,0xe7,
    0x9f,0xe7,0x9f,0xe7,0xff,0xff,0xbf,0xef,0xbf,0xdf,0xbf,0xd7,0x9e,0xc7,0xde,0xbf,
    0xff,0xbf,0xdd,0xaf,0xbc,0xa7,0x9c,0xa7,0x9c,0xa7,0x9c,0xaf,0x9c,0xaf,0x9c,0xaf,
    0x9c,0xaf,0x9c,0xaf,0x9c,0xaf,0x48,0x32,0xe7,0x29,0x3b,0xa7,0x9c,0xaf,0x9c,0xaf,
    0x9c,0xaf,0x9c,0xaf,0xea,0x3a,0x7b,0xa7,0x9c,0xaf,0x9c,0xaf,0x9c,0xaf,0x7b,0xa7,
    0x89,0x32,0xa6,0x21,0x5b,0xa7,0x9c,0xaf,0x9c,0xaf,0x9c,0xaf,0x9c,0xa7,0x9c,0xa7,
    0x9c,0xa7,0x9c,0xa7,0x9c,0xa7,0xdd,0xa7,0xff,0xb7,0xde,0xb7,0x9e,0xc7,0xbe,0xcf,
    0xbf,0xdf,0xdf,0xef,0xff,0xff,0x9f,0xe7,0x9f,0xef,0x9f,0xe7,0x9f,0xe7,0xff,0xff,
    0xbf,0xef,0xbf,0xdf,0xbf,0xd7,0xbe,0xc7,0xde,0xbf,0xff,0xbf,0xdd,0xaf,0xbc,0xa7,
    0x9c,0xa7,0x9c,0xa7,0x9c,0xaf,0x9c,0xaf,0x9c,0xaf,0x9c,0xaf,0x9c,0xaf,0xee,0x5b,
    0x24,0x19,0x1a,0x9f,0x9c,0xaf,0x9c,0xaf,0x9c,0xaf,0xbc,0xaf,0x9c,0xaf,0x9c,0xaf,
    0x9c,0xaf,0x9c,0xaf,0x9c,0xaf,0x9c,0xaf,0x9c,0xaf,0x5b,0x9f,0x65,0x19,0x4c,0x4b,
    0x9c,0xaf,0x9c,0xaf,0x9c,0xaf,0x9c,0xaf,0x9c,0xa7,0x9c,0xa7,0x9c,0xa7,0xbc,0xa7,
    0xdd,0xa7,0xff,0xb7,0xde,0xb7,0x9e,0xc7,0xbe,0xd7,0xbf,0xdf,0xdf,0xef,0xff,0xff,
    0x9f,0xe7,0x9f,0xe7,0x9f,0xe7,0x9f,0xe7,0xff,0xff,0xbf,0xef,0xbf,0xdf,0xbf,0xd7,
    0x9e,0xc7,0xde,0xbf,0xff,0xbf,0xdd,0xaf,0xbc,0xa7,0x9c,0xa7,0x9c,0xa7,0x9c,0xaf,
    0x9c,0xaf,0x9c,0xaf,0x9c,0xaf,0x3a,0x9f,0x61,0x08,0x54,0x75,0x9c,0xaf,0x9c,0xaf,
    0x9c,0xaf,0xbc,0xaf,0x9c,0xaf,0x9c,0xaf,0xbc,0xaf,0x9c,0xaf,0x9c,0xaf,0x9c,0xaf,
    0x9c,0xaf,0x9c,0xaf,0x9c,0xa7,0xf5,0x85,0x41,0x00,0xd9,0x96,0x9c,0xaf,0x9c,0xaf,
    0x9c,0xa7,0x9c,0xa7,0x9c,0xa7,0x9c,0xa7,0xbc,0xa7,0xdd,0xa7,0xff,0xb7,0xde,0xb7,
    0x9e,0xc7,0xbe,0xd7,0xbf,0xdf,0xdf,0xef,0xff,0xff,0x9f,0xe7,0x9f,0xe7,0x9f,0xe7,
    0x9f,0xe7,0xff,0xff,0xbf,0xef,0xbf,0xdf,0xbf,0xd7,0xbe,0xc7,0xde,0xbf,0xff,0xbf,
    0xdd,0xaf,0xbc,0xa7,0x9c,0xa7,0x9c,0xa7,0x9c,0xaf,0x9c,0xaf,0x9c,0xaf,0x9c,0xaf,
    0x50,0x5c,0x85,0x21,0x9c,0xaf,0x9c,0xaf,0x9c,0xaf,0x9c,0xaf,0xbc,0xaf,0x98,0x96,
    0x4c,0x4b,0x69,0x32,0x4c,0x4b,0xb8,0x9e,0x9c,0xaf,0x9c,0xaf,0x9c,0xaf,0x9c,0xaf,
    0x9c,0xaf,0x07,0x2a,0x8d,0x4b,0x9c,0xaf,0x9c,0xaf,0x9c,0xa7,0x9c,0xa7,0x9c,0xa7,
    0x9c,0xa7,0xbc,0xa7,0xdd,0xa7,0xff,0xb7,0xdf,0xbf,0x9e,0xc7,0xbe,0xd7,0xbf,0xdf,
    0xbf,0xef,0xff,0xff,0x9f,0xe7,0x9f,0xe7,0x9f,0xe7,0x7f,0xdf,0xff,0xff,0xbf,0xef,
    0xbf,0xdf,0xbf,0xd7,0xbe,0xc7,0xdf,0xbf,0xff,0xbf,0xdd,0xaf,0xbc,0xa7,0x9c,0xa7,
    0x9c,0xaf,0x9c,0xaf,0x9c,0xaf,0x9c,0xaf,0x9c,0xa7,0x48,0x32,0xce,0x53,0x9c,0xaf,
    0x9c,0xaf,0x9c,0xaf,0x9c,0xaf,0x77,0x96,0xa2,0x08,0x89,0x32,0x4f,0x5c,0x89,0x32,
    0xc2,0x10,0x78,0x96,0x9c,0xaf,0x9c,0xaf,0x9c,0xaf,0x9c,0xa7,0x2f,0x54,0xc6,0x21,
    0x9c,0xa7,0x9c,0xa7,0x9c,0xaf,0x9c,0xa7,0x9c,0xa7,0x9c,0xa7,0xbc,0xa7,0xdd,0xa7,
    0xff,0xb7,0xde,0xbf,0x9e,0xc7,0xbe,0xcf,0xbf,0xdf,0xdf,0xef,0xff,0xff,0x9f,0xdf,
    0x9f,0xe7,0x9f,0xe7,0x7f,0xdf,0xff,0xff,0xbf,0xef,0xbf,0xdf,0xbf,0xd7,0xbe,0xc7,
    0xdf,0xc7,0xff,0xbf,0xdd,0xaf,0xbc,0xa7,0x9c,0xaf,0x9c,0xaf,0x9c,0xaf,0x5b,0xa7,
    0xd9,0x96,0xd9,0x96,0xa2,0x08,0x33,0x75,0xd9,0x96,0x7b,0xa7,0x9c,0xaf,0x9c,0xaf,
    0x89,0x32,0x0b,0x43,0x9c,0xa7,0x9c,0xaf,0x9c,0xa7,0xca,0x3a,0x69,0x32,0x9c,0xaf,
    0x9c,0xaf,0x7b,0xa7,0xd9,0x96,0x53,0x75,0x61,0x08,0xd9,0x96,0xd9,0x96,0x5b,0xa7,
    0x9c,0xaf,0x9c,0xa7,0x9c,0xa7,0xbc,0xa7,0xdd,0xa7,0xff,0xb7,0xde,0xbf,0x9e,0xc7,
    0xbe,0xcf,0xbf,0xdf,0xdf,0xef,0xff,0xff,0x9f,0xdf,0x9f,0xe7,0x9f,0xe7,0x7f,0xdf,
    0xff,0xff,0xbf,0xef,0xbf,0xe7,0xbf,0xd7,0xbe,0xc7,0xdf,0xc7,0xff,0xbf,0xdd,0xaf,
    0xbc,0xaf,0x9c,0xa7,0x9c,0xaf,0x9c,0xaf,0x28,0x2a,0x20,0x00,0x20,0x00,0x00,0x00,
    0x00,0x00,0x20,0x00,0x8d,0x4b,0x9c,0xaf,0x9c,0xaf,0xa2,0x08,0x74,0x7d,0x9c,0xaf,
    0x9c,0xaf,0x9c,0xa7,0x12,0x6d,0xe3,0x10,0x9c,0xaf,0x9c,0xaf,0x6c,0x4b,0x00,0x00,
    0x20,0x00,0x00,0x00,0x00,0x00,0x20,0x00,0x48,0x32,0x9c,0xa7,0x9c,0xa7,0x9c,0xa7,
    0xbc,0xa7,0xdd,0xa7,0xff,0xb7,0xde,0xbf,0x9e,0xbf,0xbe,0xcf,0xbf,0xdf,0xbf,0xef,
    0xff,0xff,0x9f,0xdf,0x9f,0xe7,0xbf,0xe7,0x7f,0xdf,0xff,0xff,0xbf,0xef,0xbf,0xe7,
    0xbf,0xd7,0xbe,0xc7,0xdf,0xc7,0xff,0xbf,0xdd,0xaf,0xbc,0xa7,0x9c,0xa7,0x9c,0xaf,
    0x9c,0xaf,0x3a,0x9f,0xf9,0x9e,0xf9,0x96,0xc2,0x08,0x33,0x6d,0xfa,0x9e,0x7b,0xa7,
    0x9c,0xaf,0x9c,0xaf,0xe6,0x21,0x8d,0x4b,0x9c,0xaf,0x9c,0xa7,0xbc,0xa7,0x6c,0x43,
    0x07,0x2a,0x9c,0xaf,0x9c,0xaf,0x5b,0xa7,0xf9,0x96,0x53,0x6d,0x81,0x08,0xd9,0x96,
    0xf9,0x96,0x3b,0x9f,0x9c,0xa7,0x9c,0xa7,0x9c,0xa7,0xbc,0xa7,0xdd,0xa7,0xff,0xb7,
    0xde,0xbf,0x9e,0xc7,0xbe,0xcf,0xbf,0xdf,0xbf,0xe7,0xff,0xff,0x9f,0xdf,0x9f,0xe7,
    0xbf,0xe7,0x9f,0xdf,0xff,0xff,0xbf,0xef,0xbf,0xdf,0xbf,0xd7,0xbe,0xc7,0xde,0xc7,
    0xff,0xbf,0xdd,0xaf,0xbc,0xa7,0x9c,0xa7,0x9c,0xa7,0x9c,0xaf,0x9c,0xaf,0x9c,0xaf,
    0x9c,0xaf,0x07,0x2a,0x0f,0x5c,0x9c,0xaf,0x9c,0xaf,0x9c,0xaf,0x9c,0xaf,0x16,0x86,
    0x61,0x08,0xce,0x53,0x94,0x75,0xad,0x4b,0x41,0x00,0xb5,0x85,0x9c,0xaf,0x9c,0xaf,
    0x9c,0xaf,0x9c,0xa7,0x4f,0x54,0x07,0x2a,0x9c,0xa7,0x9c,0xa7,0x9c,0xa7,0x9c,0xa7,
    0x9c,0xa7,0x9c,0xa7,0xbc,0xa7,0xdd,0xa7,0xff,0xb7,0xde,0xbf,0x9e,0xc7,0xbe,0xcf,
    0xbf,0xdf,0xbf,0xe7,0xff,0xf7,0x9f,0xe7,0x9f,0xe7,0xbf,0xe7,0x9f,0xdf,0xff,0xff,
    0xbf,0xef,0xbf,0xdf,0xbf,0xd7,0xbe,0xc7,0xde,0xbf,0xff,0xbf,0xdd,0xaf,0xbc,0xa7,
    0x9c,0xa7,0x9c,0xa7,0x9c,0xaf,0x9c,0xaf,0x9c,0xaf,0x9c,0xaf,0x0f,0x5c,0x65,0x19,
    0x9c,0xaf,0x9c,0xaf,0x9c,0xaf,0x9c,0xaf,0x9c,0xaf,0xd5,0x7d,0x48,0x32,0xa2,0x10,
    0x48,0x32,0xb5,0x7d,0x9c,0xaf,0x9c,0xaf,0x9c,0xaf,0x9c,0xaf,0x9c,0xa7,0x27,0x2a,
    0xad,0x53,0x9c,0xa7,0x9c,0xaf,0x9c,0xa7,0x9c,0xa7,0x9c,0xa7,0x9c,0xa7,0xbc,0xa7,
    0xdd,0xa7,0xff,0xb7,0xde,0xb7,0x9e,0xc7,0xbe,0xcf,0xbf,0xdf,0xbf,0xe7,0xff,0xf7,
    0x9f,0xe7,0x9f,0xe7,0xbf,0xe7,0x7f,0xdf,0xff,0xff,0xbf,0xef,0xbf,0xdf,0xbe,0xd7,
    0xbe,0xc7,0xde,0xbf,0xff,0xbf,0xdd,0xaf,0xbc,0xa7,0x9c,0xa7,0x9c,0xa7,0x9c,0xa7,
    0x9c,0xaf,0x9c,0xaf,0x9c,0xaf,0xf9,0x96,0x40,0x00,0x12,0x6d,0x9c,0xaf,0x9c,0xaf,
    0x9c,0xaf,0x9c,0xaf,0x9c,0xa7,0x9c,0xaf,0x9c,0xa7,0x9c,0xaf,0x9c,0xaf,0x9c,0xaf,
    0x9c,0xaf,0x9c,0xaf,0x9c,0xa7,0xf5,0x7d,0x41,0x08,0xd9,0x96,0x9c,0xaf,0x9c,0xaf,
    0x9c,0xa7,0x9c,0xa7,0x9c,0xa7,0x9c,0xa7,0xbc,0xa7,0xdd,0xa7,0xff,0xb7,0xde,0xb7,
    0x9e,0xbf,0xbe,0xcf,0xbf,0xdf,0xbf,0xe7,0xff,0xf7,0x9f,0xe7,0x9f,0xe7,0x9f,0xe7,
    0x7f,0xdf,0xff,0xff,0xbf,0xe7,0xbf,0xdf,0xbe,0xd7,0xbe,0xc7,0xde,0xbf,0xff,0xbf,
    0xdd,0xaf,0xbc,0xa7,0x9c,0xa7,0x9c,0xa7,0x9c,0xa7,0x9c,0xaf,0x9c,0xaf,0x9c,0xaf,
    0x9c,0xaf,0x0e,0x54,0xe3,0x10,0xfa,0x9e,0x9c,0xaf,0x9c,0xaf,0x9c,0xaf,0x9c,0xaf,
    0x9c,0xaf,0x9c,0xaf,0x9c,0xaf,0x9c,0xaf,0x9c,0xaf,0x9c,0xaf,0x9c,0xa7,0x3a,0x9f,
    0x44,0x19,0x6d,0x4b,0x9c,0xaf,0x9c,0xaf,0x9c,0xa7,0x9c,0xa7,0x9c,0xa7,0x9c,0xa7,
    0x9c,0xa7,0xbc,0xa7,0xdd,0xa7,0xff,0xb7,0xde,0xb7,0x9e,0xbf,0xbe,0xcf,0xbf,0xdf,
    0xbf,0xe7,0xff,0xf7,0x9f,0xe7,0x9f,0xe7,0x9f,0xe7,0x7f,0xdf,0xff,0xff,0xbf,0xe7,
    0xbf,0xdf,0xbe,0xd7,0x9e,0xc7,0xdf,0xbf,0xff,0xbf,0xdd,0xa7,0x9c,0xa7,0x9c,0xa7,
    0x9c,0xa7,0x9c,0xa7,0x9c,0xa7,0x9c,0xaf,0x9c,0xaf,0x9c,0xaf,0x7b,0xa7,0x07,0x2a,
    0xe7,0x29,0x3a,0xa7,0x9c,0xaf,0x9c,0xaf,0x9c,0xaf,0x9b,0xaf,0x2b,0x43,0x5b,0xa7,
    0x9c,0xaf,0x9c,0xaf,0x9c,0xaf,0x3b,0x9f,0x07,0x2a,0xa6,0x21,0x5b,0xa7,0x9c,0xaf,
    0x9c,0xa7,0x9c,0xa7,0x9c,0xa7,0x9c,0xa7,0x9c,0xa7,0x9c,0xa7,0xbc,0xa7,0xdd,0xa7,
    0xff,0xbf,0xde,0xb7,0x9e,0xbf,0xbe,0xcf,0xbf,0xd7,0xbf,0xe7,0xff,0xf7,0x9f,0xdf,
    0x9f,0xe7,0x9f,0xdf,0x7f,0xdf,0xff,0xff,0xbf,0xe7,0xbf,0xdf,0xbe,0xcf,0x9e,0xbf,
    0xdf,0xbf,0xff,0xbf,0xdd,0xa7,0x9c,0xa7,0x7c,0xa7,0x7c,0xa7,0x7c,0xa7,0x9c,0xa7,
    0x9c,0xa7,0x9c,0xaf,0x9c,0xaf,0x9c,0xaf,0x1a,0x9f,0xc6,0x21,0xa6,0x21,0x37,0x8e,
    0x9c,0xa7,0x9c,0xaf,0x5b,0x9f,0x20,0x00,0xf9,0x96,0x9c,0xaf,0x9c,0xaf,0x37,0x86,
    0x85,0x21,0xa6,0x21,0xfa,0x9e,0x9c,0xaf,0x9c,0xa7,0x9c,0xa7,0x9c,0xa7,0x9c,0xa7,
    0x9c,0xa7,0x9c,0xa7,0x9c,0xa7,0xbc,0xa7,0xdd,0xa7,0xff,0xbf,0xde,0xb7,0x9e,0xbf,
    0xbe,0xcf,0xbf,0xd7,0xbf,0xe7,0xff,0xf7,0x9f,0xdf,0xbf,0xef,0x9f,0xe7,0x7f,0xdf,
    0xff,0xf7,0xbf,0xe7,0xbf,0xd7,0xbe,0xcf,0x9e,0xbf,0xdf,0xbf,0xff,0xb7,0xdd,0xa7,
    0x9c,0xa7,0x7c,0xa7,0x7c,0x9f,0x7c,0xa7,0x9c,0xa7,0x9c,0xa7,0x9c,0xa7,0x9c,0xa7,
    0x9c,0xa7,0x9c,0xa7,0x5b,0xa7,0x8d,0x4b,0x82,0x08,0x69,0x32,0xf2,0x6c,0x98,0x8e,
    0x00,0x00,0x16,0x86,0xf2,0x6c,0x89,0x32,0x41,0x00,0x2c,0x43,0x5b,0xa7,0x9c,0xaf,
    0x9c,0xa7,0x9c,0xa7,0x9c,0xa7,0x9c,0xa7,0x7c,0xa7,0x7c,0xa7,0x7c,0xa7,0x9c,0xa7,
    0xbc,0xa7,0xdd,0xa7,0xff,0xb7,0xde,0xb7,0x9e,0xbf,0xbe,0xcf,0xbf,0xd7,0xbf,0xe7,
    0xff,0xf7,0x7f,0xdf,0x9f,0xe7,0x9f,0xe7,0x7f,0xdf,0xff,0xf7,0xbf,0xe7,0xbf,0xd7,
    0xbe,0xcf,0x9e,0xbf,0xde,0xbf,0xff,0xb7,0xdd,0xa7,0x9c,0xa7,0x7c,0x9f,0x7c,0x9f,
    0x7c,0xa7,0x7c,0xa7,0x7c,0xa7,0x7c,0xa7,0x9c,0xa7,0x9c,0xa7,0x9c,0xa7,0x9c,0xa7,
    0x9c,0xa7,0x78,0x8e,0xad,0x4b,0x03,0x11,0x41,0x00,0x00,0x00,0x41,0x00,0x24,0x19,
    0x6d,0x4b,0x57,0x8e,0x9c,0xaf,0x9c,0xaf,0x9c,0xaf,0x9c,0xa7,0x9c,0xa7,0x7c,0xa7,
    0x7c,0xa7,0x7c,0xa7,0x7c,0xa7,0x7c,0xa7,0x9c,0xa7,0xbc,0xa7,0xdd,0xa7,0xff,0xb7,
    0xde,0xb7,0x9e,0xbf,0xbe,0xcf,0xbe,0xd7,0xbf,0xe7,0xff,0xf7,0x9f,0xdf,0x9f,0xe7,
    0x9f,0xe7,0x7f,0xdf,0xff,0xf7,0xbf,0xe7,0xbf,0xd7,0xbe,0xcf,0x9e,0xbf,0xde,0xbf,
    0xff,0xb7,0xdd,0xa7,0x9c,0xa7,0x7c,0x9f,0x7c,0x9f,0x7c,0x9f,0x7c,0xa7,0x7c,0xa7,
    0x7c,0xa7,0x7c,0xa7,0x9c,0xa7,0x9c,0xa7,0x9c,0xa7,0x9c,0xaf,0x9c,0xa7,0x9c,0xaf,
    0x7b,0xa7,0xd9,0x96,0x20,0x00,0x57,0x8e,0x7c,0xa7,0x9c,0xaf,0x9c,0xa7,0x9c,0xa7,
    0x9c,0xa7,0x9c,0xa7,0x9c,0xa7,0x9c,0xa7,0x7c,0xa7,0x7c,0xa7,0x7c,0xa7,0x7c,0xa7,
    0x7c,0xa7,0x9c,0xa7,0x9c,0xa7,0xdd,0xa7,0xff,0xb7,0xde,0xb7,0x9e,0xbf,0xbe,0xcf,
    0x9e,0xd7,0xbf,0xe7,0xff,0xf7,0x9f,0xe7,0x9f,0xe7,0x9f,0xe7,0x7f,0xdf,0xff,0xf7,
    0xbf,0xe7,0xbf,0xd7,0xbe,0xcf,0x9e,0xbf,0xde,0xbf,0xff,0xb7,0xdd,0xa7,0x9c,0xa7,
    0x7c,0x9f,0x7c,0x9f,0x7c,0x9f,0x7c,0x9f,0x7c,0xa7,0x7c,0xa7,0x7c,0xa7,0x7c,0xa7,
    0x9c,0xa7,0x9c,0xa7,0x9c,0xaf,0x9c,0xaf,0x9c,0xaf,0x9c,0xa7,0x3b,0x9f,0x20,0x00,
    0xd9,0x96,0x9c,0xaf,0x9c,0xaf,0x9c,0xa7,0x9c,0xa7,0x9c,0xa7,0x9c,0xa7,0x7c,0xa7,
    0x7c,0xa7,0x7c,0xa7,0x7c,0xa7,0x7c,0xa7,0x7c,0xa7,0x7c,0x9f,0x9c,0xa7,0x9c,0xa7,
    0xdd,0xa7,0xff,0xb7,0xde,0xb7,0x9e,0xbf,0xbe,0xcf,0xbe,0xd7,0xbf,0xe7,0xff,0xf7,
    0x9f,0xdf,0x9f,0xe7,0x9f,0xe7,0x7f,0xdf,0xff,0xf7,0xbf,0xe7,0xbf,0xdf,0xbe,0xcf,
    0x9e,0xbf,0xfe,0xbf,0xff,0xb7,0xdd,0xa7,0x9c,0x9f,0x7c,0x9f,0x7c,0x9f,0x7c,0x9f,
    0x7c,0x9f,0x7c,0xa7,0x7c,0xa7,0x7c,0xa7,0x7c,0xa7,0x7c,0xa7,0x7c,0xa7,0x9c,0xa7,
    0x9c,0xa7,0x9c,0xa7,0x9c,0xa7,0x7b,0xa7,0x2b,0x43,0x5b,0x9f,0x9c,0xa7,0x9c,0xa7,
    0x9c,0xa7,0x9c,0xa7,0x7c,0xa7,0x7c,0xa7,0x7c,0x9f,0x7c,0x9f,0x7c,0x9f,0x7c,0x9f,
    0x7c,0xa7,0x7c,0x9f,0x7c,0x9f,0x7c,0x9f,0x9c,0xa7,0xdd,0xa7,0xff,0xb7,0xde,0xb7,
    0x9e,0xbf,0xbe,0xcf,0xbe,0xd7,0xbf,0xe7,0xff,0xf7,0x9f,0xe7,0x9f,0xe7,0x9f,0xe7,
    0x7f,0xdf,0xff,0xf7,0xbf,0xe7,0xbf,0xdf,0xbe,0xcf,0x9e,0xbf,0xfe,0xbf,0xff,0xb7,
    0xdd,0xa7,0x9c,0x9f,0x7c,0x9f,0x7c,0x9f,0x7c,0x9f,0x7c,0x9f,0x7c,0x9f,0x7c,0xa7,
    0x7c,0xa7,0x7c,0xa7,0x7c,0xa7,0x7c,0xa7,0x7c,0xa7,0x7c,0xa7,0x9c,0xa7,0x9c,0xa7,
    0x9c,0xa7,0x9c,0xa7,0x9c,0xa7,0x9c,0xa7,0x9c,0xa7,0x7c,0xa7,0x7c,0xa7,0x7c,0x9f,
    0x7c,0x9f,0x7c,0x9f,0x7c,0x9f,0x7c,0x9f,0x7c,0x9f,0x7c,0x9f,0x7c,0x9f,0x7c,0x9f,
    0x7c,0x9f,0x9c,0xa7,0xdd,0xa7,0xff,0xb7,0xde,0xb7,0x9e,0xbf,0xbe,0xcf,0xbe,0xd7,
    0xbf,0xe7,0xff,0xf7,0x9f,0xe7,0x9f,0xe7,0x9f,0xe7,0x7f,0xdf,0xff,0xff,0xbf,0xe7,
    0xbf,0xdf,0xbe,0xcf,0xbe,0xc7,0xff,0xbf,0xff,0xb7,0xdd,0xa7,0x9c,0xa7,0x7c,0x9f,
    0x7c,0x9f,0x7c,0x9f,0x7c,0x9f,0x7c,0x9f,0x7c,0x9f,0x7c,0x9f,0x7c,0xa7,0x7c,0xa7,
    0x7c,0xa7,0x7c,0xa7,0x7c,0xa7,0x7c,0xa7,0x7c,0xa7,0x7c,0xa7,0x7c,0xa7,0x7c,0xa7,
    0x7c,0xa7,0x7c,0xa7,0x7c,0xa7,0x7c,0x9f,0x7c,0x9f,0x7c,0x9f,0x7c,0x9f,0x7c,0x9f,
    0x7c,0x9f,0x7c,0x9f,0x7c,0x9f,0x7c,0x9f,0x7c,0x9f,0x7c,0x9f,0x9c,0xa7,0xdd,0xa7,
    0xff,0xb7,0xfe,0xb7,0x9e,0xbf,0xbe,0xcf,0xbe,0xd7,0xbf,0xe7,0xff,0xf7,0x9f,0xdf,
    0x9f,0xe7,0x9f,0xe7,0x7f,0xdf,0xff,0xff,0xbf,0xe7,0xbf,0xdf,0xbe,0xd7,0xbe,0xc7,
    0xfe,0xb7,0xff,0xbf,0xdd,0xa7,0x9c,0xa7,0x7c,0x9f,0x7c,0x9f,0x7c,0x9f,0x7c,0x9f,
    0x7c,0x9f,0x7c,0x9f,0x7c,0x9f,0x7c,0x9f,0x7c,0x9f,0x7c,0x9f,0x7c,0x9f,0x7c,0x9f,
    0x7c,0x9f,0x7c,0xa7,0x7c,0xa7,0x7c,0xa7,0x7c,0xa7,0x7c,0xa7,0x7c,0x9f,0x7c,0x9f,
    0x7c,0x9f,0x7c,0x9f,0x7c,0x9f,0x7c,0x9f,0x7c,0x9f,0x7c,0x9f,0x7c,0x9f,0x7c,0x9f,
    0x7c,0x9f,0x7c,0x9f,0x7c,0x9f,0xbc,0xa7,0xdd,0xa7,0xff,0xb7,0xff,0xbf,0x9e,0xc7,
    0xbe,0xcf,0x9f,0xdf,0xbf,0xe7,0xff,0xf7,0x9f,0xdf,0x9f,0xe7,0x9f,0xe7,0x7f,0xdf,
    0xff,0xff,0xbf,0xef,0xbf,0xdf,0xbe,0xd7,0xbe,0xcf,0xbe,0xaf,0xff,0xcf,0xfe,0xaf,
    0xbd,0xa7,0x9c,0x9f,0x7c,0x9f,0x7c,0x9f,0x7c,0x9f,0x7c,0x9f,0x7c,0x9f,0x7c,0x9f,
    0x7c,0x9f,0x7c,0x9f,0x7c,0x9f,0x7c,0x9f,0x7c,0x9f,0x7c,0x9f,0x7c,0x9f,0x7c,0x9f,
    0x7c,0x9f,0x7c,0x9f,0x7c,0x9f,0x7c,0x9f,0x7c,0x9f,0x7c,0x9f,0x7c,0x9f,0x7c,0x9f,
    0x7c,0x9f,0x7c,0x9f,0x7c,0x9f,0x7c,0x9f,0x7c,0x9f,0x7c,0x9f,0x7c,0x9f,0x9c,0x9f,
    0xdd,0xa7,0xfe,0xa7,0xff,0xcf,0xde,0xb7,0x9e,0xc7,0xbe,0xd7,0x9f,0xdf,0xbf,0xe7,
    0xff,0xf7,0x9f,0xe7,0x9f,0xe7,0x9f,0xe7,0x7f,0xdf,0xff,0xff,0xbf,0xef,0xbf,0xdf,
    0xbf,0xd7,0xbe,0xcf,0xbe,0xbf,0xff,0xd7,0xfe,0xb7,0xdd,0xa7,0xbc,0xa7,0x9c,0x9f,
    0x7c,0x9f,0x7c,0x9f,0x7c,0x9f,0x7c,0x9f,0x7c,0x9f,0x7c,0x9f,0x7c,0x9f,0x7c,0x9f,
    0x7c,0x9f,0x7c,0x9f,0x7c,0x9f,0x7c,0x9f,0x7c,0x9f,0x7c,0x9f,0x7c,0x9f,0x7c,0x9f,
    0x7c,0x9f,0x7c,0x9f,0x7c,0x9f,0x7c,0xa7,0x7c,0x9f,0x7c,0x9f,0x7c,0x9f,0x7c,0x9f,
    0x7c,0x9f,0x7c,0x9f,0x7c,0x9f,0x9c,0x9f,0xbd,0xa7,0xfd,0xa7,0xff,0xaf,0xff,0xcf,
    0xbe,0xb7,0x9e,0xcf,0xbe,0xd7,0x9f,0xdf,0xbf,0xef,0xff,0xf7,0x9f,0xe7,0x9f,0xe7,
    0x9f,0xe7,0x7f,0xdf,0xff,0xff,0xbf,0xef,0xbf,0xe7,0xbf,0xdf,0xbe,0xcf,0x9e,0xc7,
    0xde,0xcf,0xff,0xc7,0xfe,0xaf,0xdd,0xa7,0xbd,0xa7,0x9c,0x9f,0x9c,0x9f,0x9c,0x9f,
    0x9c,0x9f,0x9c,0x9f,0x9c,0x9f,0x9c,0x9f,0x9c,0x9f,0x9c,0x9f,0x9c,0x9f,0x9c,0x9f,
    0x9c,0x9f,0x9c,0x9f,0x9c,0x9f,0x9c,0x9f,0x9c,0x9f,0x9c,0xa7,0x9c,0xa7,0x9c,0xa7,
    0x9c,0xa7,0x9c,0xa7,0x9c,0xa7,0x9c,0x9f,0x9c,0x9f,0x9c,0x9f,0x9c,0x9f,0x9c,0x9f,
    0xbd,0xa7,0xfd,0xa7,0xff,0xaf,0xff,0xc7,0xfe,0xbf,0x9e,0xc7,0xbe,0xcf,0xbf,0xd7,
    0x9f,0xdf,0xbf,0xef,0xff,0xff,0x9f,0xe7,0x9f,0xe7,0x9f,0xe7,0x7f,0xdf,0xff,0xff,
    0xbf,0xef,0xbf,0xe7,0xbf,0xdf,0x9f,0xd7,0xbe,0xcf,0xbe,0xbf,0xdf,0xcf,0xff,0xc7,
    0xfe,0xaf,0xfe,0xa7,0xdd,0xa7,0xdd,0xa7,0xdd,0xa7,0xdd,0xa7,0xdd,0xa7,0xdd,0xa7,
    0xdd,0xa7,0xdd,0xa7,0xdd,0xa7,0xdd,0xa7,0xdd,0xa7,0xdd,0xa7,0xdd,0xa7,0xdd,0xa7,
    0xdd,0xa7,0xdd,0xa7,0xdd,0xa7,0xdd,0xa7,0xdd,0xa7,0xdd,0xa7,0xdd,0xa7,0xdd,0xa7,
    0xdd,0xa7,0xdd,0xa7,0xdd,0xa7,0xdd,0xa7,0xdd,0xa7,0xfe,0xa7,0xff,0xaf,0xff,0xc7,
    0xde,0xcf,0xbe,0xb7,0x9e,0xc7,0xbe,0xd7,0x9f,0xdf,0x9f,0xe7,0xbf,0xef,0xff,0xff,
    0x9f,0xe7,0x9f,0xe7,0xbf,0xe7,0x7f,0xdf,0xff,0xff,0xbf,0xef,0xbf,0xe7,0xbf,0xe7,
    0xbf,0xd7,0x9e,0xcf,0xbe,0xc7,0xbe,0xb7,0xde,0xbf,0xfe,0xb7,0xff,0xb7,0xff,0xaf,
    0xfe,0xaf,0xfe,0xaf,0xfe,0xaf,0xfe,0xaf,0xfe,0xaf,0xfe,0xaf,0xfe,0xaf,0xfe,0xaf,
    0xfe,0xaf,0xfe,0xaf,0xfe,0xaf,0xfe,0xaf,0xfe,0xaf,0xfe,0xaf,0xfe,0xaf,0xfe,0xaf,
    0xfe,0xaf,0xfe,0xaf,0xfe,0xaf,0xfe,0xaf,0xfe,0xaf,0xfe,0xaf,0xfe,0xaf,0xfe,0xaf,
    0xfe,0xaf,0xfe,0xaf,0xff,0xaf,0xfe,0xbf,0xde,0xb7,0x9d,0xb7,0x9e,0xc7,0x9e,0xcf,
    0x9f,0xd7,0x9f,0xdf,0x9f,0xe7,0xbf,0xef,0xff,0xff,0x9f,0xe7,0x9f,0xe7,0xbf,0xe7,
    0x9f,0xe7,0xff,0xff,0xbf,0xef,0xbf,0xe7,0x9f,0xe7,0x9f,0xdf,0x9f,0xd7,0xbe,0xcf,
    0xbe,0xbf,0x9e,0xb7,0x9d,0xaf,0xbe,0xb7,0xbe,0xaf,0xde,0xaf,0xde,0xaf,0xde,0xaf,
    0xde,0xaf,0xde,0xaf,0xde,0xaf,0xde,0xb7,0xde,0xb7,0xde,0xb7,0xde,0xbf,0xde,0xbf,
    0xff,0xc7,0xdf,0xc7,0xff,0xcf,0xff,0xc7,0xff,0xc7,0xff,0xbf,0xff,0xb7,0xff,0xb7,
    0xfe,0xb7,0xfe,0xaf,0xfe,0xaf,0xfe,0xaf,0xfe,0xa7,0xde,0xa7,0xde,0xa7,0xbe,0xaf,
    0x9d,0xaf,0x9d,0xb7,0x9e,0xbf,0x9e,0xc7,0x9e,0xd7,0x9f,0xdf,0x9f,0xdf,0x9f,0xe7,
    0xbf,0xef,0xff,0xff,0x7f,0xdf,0x9f,0xe7,0x9f,0xe7,0x7f,0xe7,0xff,0xff,0xbf,0xef,
    0xbf,0xe7,0x9f,0xe7,0x9f,0xdf,0x9f,0xdf,0x9e,0xd7,0x9e,0xc7,0x9e,0xbf,0x7d,0xb7,
    0x5d,0xaf,0x5d,0xaf,0x7d,0xaf,0x7d,0xa7,0x5d,0xa7,0x5d,0xa7,0x5d,0xa7,0x5d,0xa7,
    0x5d,0xa7,0x5d,0xa7,0x5d,0xa7,0x5d,0xa7,0x5d,0xa7,0x5d,0xa7,0x5d,0xa7,0x5d,0xa7,
    0x5d,0xa7,0x5d,0xa7,0x5d,0xa7,0x5d,0xa7,0x5d,0xa7,0x5d,0xa7,0x5d,0xa7,0x5d,0xa7,
    0x5d,0xa7,0x5d,0xaf,0x5d,0xaf,0x5d,0xaf,0x5d,0xaf,0x5d,0xb7,0x7e,0xbf,0x7e,0xc7,
    0x7e,0xcf,0x7f,0xd7,0x9f,0xdf,0x9f,0xe7,0x9f,0xe7,0xbf,0xef,0xff,0xff,0x7f,0xdf,
    0x9f,0xe7,0x9f,0xe7,0x9f,0xe7,0xff,0xff,0xbf,0xef,0xbf,0xe7,0xbf,0xe7,0x9f,0xe7,
    0x9f,0xdf,0x9f,0xd7,0x9e,0xcf,0x9e,0xcf,0x7e,0xc7,0x7e,0xbf,0x5d,0xb7,0x5d,0xb7,
    0x5d,0xb7,0x5d,0xb7,0x5d,0xb7,0x5d,0xb7,0x5d,0xb7,0x5d,0xb7,0x5d,0xb7,0x5d,0xb7,
    0x3d,0xb7,0x3d,0xaf,0x3d,0xaf,0x5d,0xb7,0x5d,0xaf,0x5d,0xaf,0x5d,0xaf,0x5d,0xaf,
    0x5d,0xb7,0x5d,0xaf,0x5d,0xaf,0x5d,0xaf,0x5d,0xaf,0x3d,0xb7,0x3d,0xb7,0x5d,0xb7,
    0x5d,0xb7,0x5e,0xbf,0x5e,0xbf,0x7e,0xc7,0x7e,0xcf,0x7f,0xd7,0x9f,0xdf,0x9f,0xdf,
    0x9f,0xe7,0x9f,0xe7,0xbf,0xef,0xdf,0xff,0x7f,0xdf,0x9f,0xe7,0x9f,0xe7,0x9f,0xe7,
    0xff,0xff,0xbf,0xef,0xbf,0xe7,0x9f,0xe7,0x9f,0xe7,0x9f,0xe7,0x9f,0xdf,0x9f,0xdf,
    0x9f,0xd7,0x7e,0xcf,0x7e,0xcf,0x7e,0xc7,0x7e,0xc7,0x7e,0xc7,0x7e,0xc7,0x7e,0xc7,
    0x7e,0xc7,0x7e,0xc7,0x7e,0xc7,0x5e,0xc7,0x5e,0xbf,0x5e,0xbf,0x5e,0xbf,0x5e,0xc7,
    0x5e,0xbf,0x5e,0xbf,0x5e,0xbf,0x5e,0xbf,0x5e,0xbf,0x5e,0xbf,0x5e,0xbf,0x5e,0xbf,
    0x5e,0xbf,0x5e,0xc7,0x5e,0xc7,0x5e,0xc7,0x5e,0xc7,0x5e,0xc7,0x7e,0xc7,0x7e,0xcf,
    0x7e,0xcf,0x7f,0xd7,0x9f,0xdf,0x9f,0xdf,0x9f,0xe7,0x9f,0xe7,0x9f,0xe7,0xbf,0xef,
    0xdf,0xff,0x7f,0xdf,0x9f,0xe7,0x9f,0xe7,0x9f,0xe7,0xff,0xff,0xbf,0xef,0x9f,0xe7,
    0x9f,0xe7,0x9f,0xe7,0x9f,0xe7,0x9f,0xe7,0x9f,0xe7,0x9f,0xdf,0x9f,0xdf,0x9f,0xd7,
    0x7f,0xd7,0x7e,0xd7,0x7e,0xd7,0x7e,0xd7,0x7e,0xd7,0x7e,0xd7,0x7e,0xd7,0x7e,0xcf,
    0x7e,0xcf,0x7e,0xcf,0x7e,0xcf,0x7e,0xcf,0x7e,0xcf,0x7e,0xcf,0x7e,0xcf,0x7e,0xcf,
    0x7e,0xcf,0x7e,0xcf,0x7e,0xcf,0x7e,0xcf,0x7e,0xcf,0x7e,0xcf,0x7e,0xcf,0x7e,0xcf,
    0x7e,0xcf,0x7e,0xcf,0x7e,0xcf,0x7f,0xd7,0x7f,0xd7,0x7f,0xdf,0x7f,0xdf,0x9f,0xdf,
    0x9f,0xe7,0x9f,0xe7,0x9f,0xe7,0x9f,0xe7,0xbf,0xef,0xff,0xff,0x7f,0xdf,0x9f,0xe7,
    0x9f,0xe7,0x9f,0xe7,0xff,0xff,0xbf,0xef,0x9f,0xe7,0x9f,0xe7,0x9f,0xe7,0x9f,0xe7,
    0x9f,0xe7,0x9f,0xe7,0x9f,0xe7,0x9f,0xe7,0x9f,0xdf,0x9f,0xdf,0x9f,0xdf,0x9f,0xdf,
    0x9f,0xdf,0x9f,0xdf,0x9f,0xdf,0x9f,0xdf,0x7f,0xdf,0x7f,0xdf,0x7f,0xdf,0x7f,0xdf,
    0x7f,0xdf,0x7f,0xdf,0x7f,0xdf,0x7f,0xdf,0x7f,0xdf,0x7f,0xd7,0x7f,0xd7,0x7f,0xd7,
    0x7f,0xd7,0x7f,0xd7,0x7f,0xdf,0x7f,0xdf,0x7f,0xdf,0x7f,0xdf,0x7f,0xdf,0x7f,0xdf,
    0x7f,0xdf,0x7f,0xdf,0x7f,0xdf,0x7f,0xdf,0x7f,0xe7,0x9f,0xe7,0x9f,0xe7,0x9f,0xe7,
    0x9f,0xe7,0xbf,0xef,0xdf,0xff,0x7f,0xdf,0x9f,0xe7,0x9f,0xe7,0x9f,0xe7,0xff,0xff,
    0xbf,0xef,0x9f,0xe7,0x9f,0xe7,0x9f,0xe7,0x9f,0xe7,0x9f,0xe7,0x9f,0xe7,0x9f,0xe7,
    0x9f,0xe7,0x9f,0xe7,0x9f,0xe7,0x9f,0xe7,0x9f,0xe7,0x9f,0xe7,0x9f,0xe7,0x9f,0xe7,
    0x9f,0xe7,0x9f,0xe7,0x9f,0xe7,0x9f,0xe7,0x9f,0xe7,0x9f,0xe7,0x9f,0xdf,0x9f,0xe7,
    0x9f,0xe7,0x7f,0xdf,0x7f,0xdf,0x7f,0xdf,0x7f,0xdf,0x7f,0xdf,0x7f,0xdf,0x7f,0xdf,
    0x7f,0xdf,0x9f,0xdf,0x9f,0xdf,0x7f,0xdf,0x7f,0xdf,0x7f,0xdf,0x7f,0xe7,0x7f,0xe7,
    0x9f,0xe7,0x9f,0xe7,0x9f,0xe7,0x9f,0xe7,0x9f,0xe7,0x9f,0xe7,0xbf,0xef,0xdf,0xff,
    0x7f,0xdf,0x9f,0xe7,0x9f,0xe7,0x7f,0xe7,0xff,0xff,0xbf,0xef,0x9f,0xe7,0x9f,0xe7,
    0x9f,0xe7,0x9f,0xe7,0x9f,0xe7,0x9f,0xe7,0x9f,0xe7,0x9f,0xe7,0x9f,0xe7,0x9f,0xe7,
    0x9f,0xe7,0x9f,0xe7,0x9f,0xe7,0x9f,0xe7,0x9f,0xe7,0x9f,0xe7,0x9f,0xe7,0x9f,0xe7,
    0x9f,0xe7,0x9f,0xe7,0x9f,0xe7,0x9f,0xe7,0x9f,0xe7,0x9f,0xe7,0x9f,0xe7,0x9f,0xe7,
    0x9f,0xe7,0x9f,0xe7,0x7f,0xe7,0x9f,0xe7,0x9f,0xe7,0x9f,0xe7,0x9f,0xe7,0x9f,0xe7,
    0x7f,0xe7,0x7f,0xe7,0x9f,0xe7,0x9f,0xe7,0x9f,0xe7,0x9f,0xe7,0x9f,0xe7,0x9f,0xe7,
    0x9f,0xe7,0x9f,0xe7,0x9f,0xe7,0xbf,0xef,0xdf,0xff,0x7f,0xdf,0x9f,0xe7,0x9f,0xe7,
    0x7f,0xe7,0xff,0xff,0xbf,0xef,0x9f,0xef,0x9f,0xe7,0x9f,0xe7,0x9f,0xe7,0x9f,0xe7,
    0x9f,0xe7,0x9f,0xe7,0x9f,0xe7,0x9f,0xe7,0x9f,0xe7,0x9f,0xe7,0xbf,0xe7,0x9f,0xe7,
    0x9f,0xe7,0x9f,0xe7,0x9f,0xe7,0x9f,0xe7,0x9f,0xe7,0x9f,0xe7,0x9f,0xe7,0x9f,0xe7,
    0x9f,0xe7,0x9f,0xe7,0x9f,0xe7,0x9f,0xe7,0x9f,0xe7,0x9f,0xe7,0x9f,0xe7,0x9f,0xe7,
    0x7f,0xe7,0x7f,0xe7,0x7f,0xe7,0x7f,0xe7,0x7f,0xe7,0x7f,0xe7,0x7f,0xe7,0x9f,0xe7,
    0x9f,0xe7,0x9f,0xe7,0x9f,0xe7,0x9f,0xe7,0x7f,0xe7,0x9f,0xe7,0x9f,0xe7,0x9f,0xe7,
    0xbf,0xef,0xdf,0xff,0x7f,0xdf,0x9f,0xe7,0x9f,0xe7,0x7f,0xdf,0xff,0xff,0xbf,0xef,
    0x9f,0xef,0x9f,0xe7,0x9f,0xe7,0x9f,0xe7,0x9f,0xe7,0x9f,0xe7,0x9f,0xe7,0x9f,0xe7,
    0x9f,0xe7,0x9f,0xe7,0x9f,0xe7,0x9f,0xe7,0x9f,0xe7,0x9f,0xe7,0x9f,0xe7,0x9f,0xe7,
    0x9f,0xe7,0x9f,0xe7,0x9f,0xe7,0x9f,0xe7,0x9f,0xe7,0x9f,0xe7,0x9f,0xe7,0x9f,0xe7,
    0x9f,0xe7,0x9f,0xe7,0x9f,0xe7,0x9f,0xe7,0x9f,0xe7,0x9f,0xe7,0x7f,0xe7,0x7f,0xe7,
    0x7f,0xe7,0x7f,0xe7,0x7f,0xe7,0x9f,0xe7,0x9f,0xe7,0x9f,0xe7,0x9f,0xe7,0x9f,0xe7,
    0x9f,0xe7,0x9f,0xe7,0x9f,0xe7,0x9f,0xe7,0x9f,0xe7,0xbf,0xef,0xdf,0xff,0x7f,0xdf,
    0x9f,0xe7,0x9f,0xe7,0x7f,0xdf,0xff,0xff,0xbf,0xef,0x9f,0xef,0x9f,0xe7,0x9f,0xe7,
    0x9f,0xe7,0x9f,0xe7,0x9f,0xe7,0x9f,0xe7,0x9f,0xe7,0x9f,0xe7,0x9f,0xe7,0x9f,0xe7,
    0x9f,0xe7,0x9f,0xe7,0x9f,0xe7,0x9f,0xe7,0x9f,0xe7,0x9f,0xe7,0x9f,0xe7,0x9f,0xe7,
    0x9f,0xe7,0x9f,0xe7,0x9f,0xe7,0x9f,0xe7,0x9f,0xe7,0x9f,0xe7,0x9f,0xe7,0x9f,0xe7,
    0x9f,0xe7,0x9f,0xe7,0x9f,0xe7,0x7f,0xe7,0x7f,0xe7,0x7f,0xe7,0x7f,0xe7,0x7f,0xe7,
    0x9f,0xe7,0x9f,0xe7,0x9f,0xe7,0x9f,0xe7,0x9f,0xe7,0x9f,0xe7,0x9f,0xe7,0x9f,0xe7,
    0x9f,0xe7,0x9f,0xe7,0xbf,0xef,0xdf,0xff,0x7f,0xdf,0x9f,0xe7,0x9f,0xe7,0x7f,0xdf,
    0xff,0xff,0xbf,0xef,0x9f,0xef,0x9f,0xe7,0x9f,0xe7,0x9f,0xe7,0x9f,0xe7,0x9f,0xe7,
    0x9f,0xe7,0x9f,0xe7,0x9f,0xe7,0x9f,0xe7,0x9f,0xe7,0x9f,0xe7,0x9f,0xe7,0x9f,0xe7,
    0x9f,0xe7,0x9f,0xe7,0x9f,0xe7,0x9f,0xe7,0x9f,0xe7,0x9f,0xe7,0x9f,0xe7,0x9f,0xe7,
    0x9f,0xe7,0x9f,0xe7,0x9f,0xe7,0x9f,0xe7,0x9f,0xe7,0x9f,0xe7,0x9f,0xe7,0x7f,0xe7,
    0x7f,0xe7,0x7f,0xdf,0x7f,0xdf,0x7f,0xdf,0x7f,0xdf,0x7f,0xdf,0x7f,0xdf,0x7f,0xe7,
    0x7f,0xe7,0x9f,0xe7,0x9f,0xe7,0x9f,0xe7,0x9f,0xe7,0x9f,0xe7,0x9f,0xe7,0xbf,0xef,
    0xdf,0xff,0x7f,0xdf,0x9f,0xe7,0x9f,0xe7,0x7f,0xdf,0xff,0xff,0xbf,0xef,0x9f,0xe7,
    0x9f,0xe7,0x9f,0xe7,0x9f,0xe7,0x9f,0xe7,0x9f,0xe7,0x9f,0xe7,0xbf,0xef,0xbf,0xef,
    0xbf,0xef,0xbf,0xef,0xbf,0xef,0xbf,0xf7,0xdf,0xf7,0xdf,0xf7,0xdf,0xf7,0xdf,0xf7,
    0xdf,0xf7,0xdf,0xf7,0xdf,0xf7,0xdf,0xf7,0xdf,0xf7,0xdf,0xf7,0xdf,0xf7,0xdf,0xf7,
    0xdf,0xf7,0xdf,0xf7,0xdf,0xf7,0xdf,0xf7,0xdf,0xf7,0xdf,0xf7,0xdf,0xf7,0xdf,0xf7,
    0xbf,0xef,0xbf,0xef,0xbf,0xef,0x9f,0xe7,0x9f,0xe7,0x7f,0xdf,0x7f,0xe7,0x9f,0xe7,
    0x9f,0xe7,0x7f,0xe7,0x7f,0xe7,0x7f,0xe7,0x9f,0xef,0xdf,0xff,0x7f,0xdf,0x9f,0xe7,
    0x9f,0xe7,0x7f,0xdf,0xff,0xff,0xbf,0xef,0x9f,0xe7,0x9f,0xe7,0x9f,0xe7,0x9f,0xe7,
    0x9f,0xe7,0x9f,0xe7,0xdf,0xf7,0xdf,0xf7,0xdf,0xf7,0xbf,0xf7,0xbf,0xf7,0xbf,0xf7,
    0xbf,0xf7,0xbf,0xf7,0xbf,0xf7,0xbf,0xf7,0xbf,0xf7,0xdf,0xf7,0xdf,0xf7,0xdf,0xf7,
    0xdf,0xf7,0xdf,0xf7,0xdf,0xf7,0xdf,0xf7,0xdf,0xf7,0xdf,0xf7,0xbf,0xf7,0xbf,0xf7,
    0xbf,0xf7,0xbf,0xf7,0xbf,0xf7,0xbf,0xf7,0xbf,0xf7,0xbf,0xf7,0xbf,0xf7,0xbf,0xf7,
    0xdf,0xf7,0xdf,0xf7,0xdf,0xf7,0x7f,0xdf,0x7f,0xe7,0x7f,0xe7,0x7f,0xe7,0x7f,0xe7,
    0x7f,0xe7,0xbf,0xef,0xdf,0xff,0x7f,0xdf,0x9f,0xe7,0x9f,0xe7,0x7f,0xdf,0xff,0xff,
    0xbf,0xef,0x9f,0xe7,0x9f,0xe7,0x9f,0xe7,0x9f,0xe7,0x9f,0xe7,0xdf,0xf7,0xdf,0xf7,
    0xbf,0xf7,0xbf,0xef,0xbf,0xef,0xbf,0xef,0xbf,0xef,0xbf,0xef,0xbf,0xef,0xbf,0xef,
    0xbf,0xef,0xbf,0xef,0xbf,0xef,0xbf,0xef,0xbf,0xef,0xbf,0xef,0xbf,0xef,0xbf,0xef,
    0xbf,0xef,0xbf,0xef,0xbf,0xef,0xbf,0xef,0xbf,0xef,0xbf,0xef,0xbf,0xef,0xbf,0xef,
    0xbf,0xef,0xbf,0xef,0xbf,0xef,0xbf,0xef,0xbf,0xef,0xbf,0xef,0xbf,0xf7,0xdf,0xf7,
    0xdf,0xf7,0x7f,0xdf,0x7f,0xe7,0x7f,0xe7,0x9f,0xe7,0x9f,0xe7,0xbf,0xef,0xdf,0xff,
    0x7f,0xdf,0x9f,0xe7,0x9f,0xe7,0x7f,0xdf,0xff,0xff,0xbf,0xef,0xbf,0xef,0x9f,0xe7,
    0x9f,0xe7,0x9f,0xe7,0xdf,0xf7,0xdf,0xf7,0xbf,0xf7,0xbf,0xef,0x9f,0xef,0x9f,0xef,
    0x9f,0xef,0x9f,0xef,0x9f,0xef,0x9f,0xef,0x9f,0xef,0x9f,0xef,0x9f,0xef,0x9f,0xef,
    0x9f,0xef,0x9f,0xef,0x9f,0xef,0x9f,0xef,0x9f,0xef,0x9f,0xef,0x9f,0xef,0x9f,0xef,
    0x9f,0xef,0x9f,0xef,0x9f,0xef,0x9f,0xef,0x9f,0xef,0x9f,0xe7,0x9f,0xe7,0x9f,0xe7,
    0x9f,0xef,0x9f,0xef,0x9f,0xef,0xbf,0xef,0xbf,0xf7,0xdf,0xf7,0xbf,0xef,0x7f,0xdf,
    0x9f,0xe7,0x9f,0xe7,0x9f,0xe7,0xbf,0xef,0xdf,0xff,0x7f,0xdf,0x9f,0xe7,0x9f,0xe7,
    0x7f,0xdf,0xff,0xff,0xbf,0xef,0xbf,0xef,0x9f,0xe7,0x9f,0xe7,0x9f,0xe7,0xdf,0xff,
    0xbf,0xf7,0xbf,0xef,0x9f,0xef,0x9f,0xe7,0x9f,0xe7,0x9f,0xe7,0x9f,0xe7,0x9f,0xe7,
    0x9f,0xe7,0x9f,0xe7,0x9f,0xe7,0x9f,0xe7,0x9f,0xef,0x9f,0xef,0x9f,0xef,0x9f,0xef,
    0x9f,0xef,0x9f,0xef,0x9f,0xef,0x9f,0xef,0x9f,0xef,0x9f,0xef,0x9f,0xef,0x9f,0xe7,
    0x9f,0xe7,0x9f,0xe7,0x9f,0xe7,0x9f,0xe7,0x9f,0xe7,0x9f,0xe7,0x9f,0xe7,0x9f,0xe7,
    0x9f,0xef,0xbf,0xef,0xdf,0xf7,0xdf,0xff,0x7f,0xdf,0x7f,0xe7,0x9f,0xe7,0x9f,0xe7,
    0xbf,0xef,0xdf,0xff,0x7f,0xdf,0x9f,0xe7,0x9f,0xe7,0x7f,0xdf,0xff,0xff,0xbf,0xef,
    0xbf,0xef,0x9f,0xe7,0x9f,0xe7,0x9f,0xe7,0xdf,0xf7,0xbf,0xef,0x9f,0xef,0x9f,0xef,
    0x9f,0xe7,0x7f,0xe7,0x7f,0xe7,0x7f,0xe7,0x7f,0xe7,0x7f,0xe7,0x9f,0xe7,0x9f,0xe7,
    0x9f,0xe7,0x9f,0xe7,0x9f,0xe7,0x9f,0xe7,0x9f,0xe7,0x9f,0xef,0x9f,0xef,0x9f,0xef,
    0x9f,0xe7,0x9f,0xe7,0x9f,0xe7,0x9f,0xe7,0x7f,0xe7,0x7f,0xe7,0x7f,0xe7,0x7f,0xe7,
    0x7f,0xe7,0x7f,0xe7,0x7f,0xe7,0x7f,0xe7,0x7f,0xe7,0x9f,0xe7,0x9f,0xef,0xbf,0xef,
    0xdf,0xf7,0x7f,0xdf,0x7f,0xdf,0x9f,0xe7,0x9f,0xe7,0x9f,0xef,0xdf,0xf7,0x7f,0xdf,
    0x9f,0xe7,0x9f,0xe7,0x7f,0xdf,0xff,0xff,0xbf,0xef,0x9f,0xe7,0x9f,0xe7,0x7f,0xe7,
    0xbf,0xef,0xbf,0xf7,0xbf,0xef,0x9f,0xef,0x9f,0xe7,0x7f,0xe7,0x7f,0xe7,0x7f,0xe7,
    0x7f,0xe7,0x7f,0xe7,0x7f,0xe7,0x7f,0xe7,0x9f,0xe7,0x9f,0xe7,0x9f,0xe7,0x9f,0xe7,
    0x9f,0xe7,0x9f,0xe7,0x9f,0xe7,0x9f,0xe7,0x9f,0xe7,0x9f,0xe7,0x9f,0xe7,0x9f,0xe7,
    0x7f,0xe7,0x7f,0xe7,0x7f,0xe7,0x7f,0xe7,0x7f,0xe7,0x7f,0xe7,0x7f,0xe7,0x7f,0xe7,
    0x7f,0xe7,0x7f,0xe7,0x7f,0xe7,0x9f,0xe7,0x9f,0xef,0xbf,0xf7,0xbf,0xef,0x7f,0xdf,
    0x7f,0xe7,0x9f,0xe7,0xbf,0xef,0xdf,0xf7,0x7f,0xdf,0x9f,0xe7,0x9f,0xe7,0x7f,0xdf,
    0xff,0xff,0xbf,0xef,0x9f,0xef,0x9f,0xe7,0x7f,0xdf,0xbf,0xef,0xbf,0xef,0x9f,0xef,
    0x9f,0xe7,0x7f,0xe7,0x7f,0xe7,0x7f,0xe7,0x7f,0xe7,0x7f,0xe7,0x7f,0xe7,0x7f,0xe7,
    0x9f,0xe7,0x9f,0xe7,0x9f,0xe7,0x9f,0xe7,0x9f,0xe7,0x9f,0xe7,0x9f,0xe7,0x9f,0xe7,
    0x9f,0xe7,0x9f,0xe7,0x9f,0xe7,0x9f,0xe7,0x9f,0xe7,0x7f,0xe7,0x7f,0xe7,0x7f,0xe7,
    0x7f,0xe7,0x7f,0xe7,0x7f,0xe7,0x7f,0xe7,0x7f,0xe7,0x7f,0xe7,0x7f,0xe7,0x7f,0xe7,
    0x9f,0xe7,0x9f,0xef,0xbf,0xf7,0xbf,0xef,0x5f,0xd7,0x7f,0xdf,0x9f,0xe7,0xbf,0xef,
    0xdf,0xf7,0x7f,0xdf,0x9f,0xe7,0x9f,0xe7,0x7f,0xdf,0xff,0xff,0xbf,0xef,0x9f,0xe7,
    0x9f,0xe7,0x5f,0xd7,0xbf,0xef,0xbf,0xef,0x9f,0xef,0x9f,0xe7,0x7f,0xe7,0x7f,0xe7,
    0x7f,0xe7,0x7f,0xe7,0x7f,0xe7,0x7f,0xe7,0x7f,0xe7,0x9f,0xe7,0x9f,0xe7,0x9f,0xe7,
    0x9f,0xe7,0x9f,0xe7,0x9f,0xe7,0x9f,0xe7,0x9f,0xe7,0x9f,0xe7,0x9f,0xe7,0x9f,0xe7,
    0x9f,0xe7,0x9f,0xe7,0x9f,0xe7,0x7f,0xe7,0x7f,0xe7,0x7f,0xe7,0x7f,0xe7,0x7f,0xe7,
    0x7f,0xe7,0x7f,0xe7,0x7f,0xe7,0x7f,0xe7,0x7f,0xe7,0x9f,0xe7,0x9f,0xef,0xbf,0xf7,
    0xbf,0xef,0x3f,0xd7,0x7f,0xdf,0x9f,0xe7,0xbf,0xef,0xdf,0xff,0x7f,0xdf,0x9f,0xe7,
    0x9f,0xe7,0x7f,0xdf,0xff,0xff,0xbf,0xef,0x9f,0xe7,0x7f,0xe7,0x3f,0xd7,0xbf,0xef,
    0xbf,0xef,0x9f,0xef,0x9f,0xe7,0x7f,0xe7,0x7f,0xe7,0x7f,0xe7,0x7f,0xe7,0x7f,0xe7,
    0x7f,0xe7,0x9f,0xe7,0x9f,0xe7,0x9f,0xe7,0x9f,0xe7,0x9f,0xe7,0x9f,0xe7,0x9f,0xef,
    0x9f,0xe7,0x9f,0xe7,0x9f,0xe7,0x9f,0xe7,0x9f,0xe7,0x9f,0xe7,0x9f,0xe7,0x9f,0xe7,
    0x9f,0xe7,0x7f,0xe7,0x7f,0xe7,0x7f,0xe7,0x7f,0xe7,0x7f,0xe7,0x7f,0xe7,0x7f,0xe7,
    0x7f,0xe7,0x7f,0xe7,0x7f,0xe7,0x9f,0xef,0xbf,0xf7,0xbf,0xef,0x3f,0xd7,0x7f,0xdf,
    0x7f,0xe7,0xbf,0xef,0xff,0xff,0x7f,0xdf,0x9f,0xe7,0x9f,0xe7,0x7f,0xdf,0xff,0xff,
    0xbf,0xef,0x9f,0xe7,0x7f,0xe7,0x3f,0xd7,0xbf,0xef,0xbf,0xef,0x9f,0xef,0x7f,0xe7,
    0x7f,0xe7,0x7f,0xe7,0x7f,0xe7,0x7f,0xe7,0x7f,0xe7,0x7f,0xe7,0x9f,0xe7,0x9f,0xe7,
    0x9f,0xe7,0x9f,0xe7,0x9f,0xe7,0x9f,0xef,0x9f,0xef,0x9f,0xef,0x9f,0xef,0x9f,0xef,
    0x9f,0xef,0x9f,0xef,0x9f,0xef,0x9f,0xe7,0x9f,0xe7,0x9f,0xe7,0x7f,0xe7,0x7f,0xe7,
    0x7f,0xe7,0x7f,0xe7,0x7f,0xe7,0x7f,0xe7,0x7f,0xe7,0x7f,0xe7,0x7f,0xe7,0x9f,0xe7,
    0x9f,0xef,0xbf,0xf7,0xbf,0xef,0x3f,0xd7,0x7f,0xdf,0x7f,0xe7,0xbf,0xef,0xff,0xff,
    0x7f,0xdf,0x9f,0xe7,0x9f,0xe7,0x7f,0xdf,0xff,0xff,0xbf,0xef,0x9f,0xe7,0x7f,0xe7,
    0x3f,0xd7,0xbf,0xef,0xbf,0xef,0x9f,0xef,0x7f,0xe7,0x7f,0xe7,0x7f,0xe7,0x7f,0xe7,
    0x7f,0xe7,0x7f,0xe7,0x7f,0xe7,0x9f,0xe7,0x9f,0xe7,0x9f,0xe7,0x9f,0xe7,0x9f,0xe7,
    0x9f,0xef,0x9f,0xef,0x9f,0xef,0x9f,0xef,0x9f,0xef,0x9f,0xef,0x9f,0xe7,0x9f,0xef,
    0x9f,0xe7,0x9f,0xe7,0x9f,0xe7,0x9f,0xe7,0x7f,0xe7,0x7f,0xe7,0x7f,0xe7,0x7f,0xe7,
    0x7f,0xe7,0x7f,0xe7,0x7f,0xe7,0x7f,0xe7,0x9f,0xe7,0x9f,0xef,0xbf,0xf7,0xbf,0xef,
    0x3f,0xd7,0x5f,0xdf,0x7f,0xe7,0xbf,0xef,0xdf,0xff,0x9f,0xe7,0x9f,0xe7,0x9f,0xe7,
    0x7f,0xdf,0xff,0xff,0xbf,0xef,0x9f,0xe7,0x7f,0xe7,0x5f,0xd7,0xbf,0xef,0xbf,0xef,
    0x9f,0xef,0x7f,0xe7,0x7f,0xe7,0x7f,0xe7,0x7f,0xe7,0x7f,0xe7,0x7f,0xe7,0x7f,0xe7,
    0x7f,0xe7,0x7f,0xe7,0x5f,0xdf,0x7f,0xae,0x7f,0x6d,0x3f,0x65,0x3f,0x65,0x3f,0x65,
    0x7f,0x6d,0xbf,0xb6,0x5f,0xdf,0x9f,0xe7,0x9f,0xe7,0x9f,0xe7,0x9f,0xe7,0x9f,0xe7,
    0x9f,0xe7,0x7f,0xe7,0x7f,0xe7,0x7f,0xe7,0x7f,0xe7,0x7f,0xe7,0x7f,0xe7,0x7f,0xe7,
    0x7f,0xe7,0x9f,0xe7,0x9f,0xef,0xbf,0xf7,0xbf,0xef,0x3f,0xd7,0x7f,0xdf,0x9f,0xe7,
    0xbf,0xef,0xdf,0xff,0x9f,0xe7,0x9f,0xe7,0x9f,0xe7,0x7f,0xdf,0xff,0xff,0xbf,0xef,
    0x9f,0xe7,0x7f,0xe7,0x3f,0xd7,0xbf,0xef,0xbf,0xef,0x9f,0xef,0x7f,0xe7,0x7f,0xe7,
    0x7f,0xe7,0x7f,0xe7,0x7f,0xe7,0x7f,0xe7,0x7f,0xe7,0x3f,0xd7,0x9f,0x7d,0x3e,0x2c,
    0xbf,0x44,0xdf,0x85,0xff,0x8d,0xff,0x8d,0xff,0x8d,0xff,0x8d,0xbf,0x44,0x7e,0x3c,
    0xbf,0x7d,0x5f,0xdf,0x9f,0xe7,0x9f,0xe7,0x9f,0xe7,0x9f,0xe7,0x7f,0xe7,0x7f,0xe7,
    0x7f,0xe7,0x7f,0xe7,0x7f,0xe7,0x7f,0xe7,0x7f,0xe7,0x7f,0xe7,0x9f,0xe7,0x9f,0xef,
    0xdf,0xf7,0xbf,0xef,0x3f,0xd7,0x7f,0xdf,0x9f,0xe7,0xbf,0xef,0xff,0xff,0x9f,0xe7,
    0x9f,0xe7,0x9f,0xe7,0x7f,0xdf,0xff,0xff,0xbf,0xef,0x9f,0xe7,0x7f,0xdf,0x3f,0xd7,
    0xbf,0xef,0xbf,0xef,0x9f,0xef,0x7f,0xe7,0x7f,0xe7,0x7f,0xe7,0x7f,0xe7,0x7f,0xe7,
    0x7f,0xe7,0x7f,0xae,0x5e,0x34,0x3e,0x65,0xdf,0xbe,0x9f,0xef,0x9f,0xe7,0x9f,0xef,
    0x9f,0xef,0x9f,0xef,0x9f,0xef,0x9f,0xe7,0xdf,0xbe,0x1e,0x5d,0xbe,0x44,0x3f,0xcf,
    0x9f,0xe7,0x9f,0xe7,0x9f,0xe7,0x9f,0xe7,0x7f,0xe7,0x7f,0xe7,0x7f,0xe7,0x7f,0xe7,
    0x7f,0xe7,0x7f,0xe7,0x7f,0xe7,0x9f,0xe7,0x9f,0xef,0xdf,0xf7,0xbf,0xef,0x3f,0xd7,
    0x7f,0xdf,0x9f,0xe7,0xbf,0xef,0xff,0xff,0x9f,0xe7,0x9f,0xe7,0x9f,0xe7,0x7f,0xdf,
    0xff,0xff,0xbf,0xef,0x9f,0xe7,0x7f,0xdf,0x3f,0xd7,0xbf,0xef,0xbf,0xf7,0x9f,0xef,
    0x7f,0xe7,0x7f,0xe7,0x7f,0xe7,0x7f,0xe7,0x7f,0xe7,0x7f,0xa6,0x3e,0x2c,0x1f,0x96,
    0x9f,0xef,0x9f,0xe7,0x9f,0xe7,0x9f,0xe7,0x9f,0xef,0x9f,0xef,0x9f,0xef,0x9f,0xef,
    0x9f,0xef,0x9f,0xef,0x9f,0xe7,0xdf,0x85,0x9e,0x3c,0x1f,0xcf,0x9f,0xe7,0x9f,0xe7,
    0x9f,0xe7,0x9f,0xe7,0x7f,0xe7,0x7f,0xe7,0x7f,0xe7,0x7f,0xe7,0x7f,0xe7,0x7f,0xe7,
    0x9f,0xe7,0x9f,0xef,0xdf,0xf7,0xbf,0xef,0x5f,0xd7,0x7f,0xe7,0x9f,0xe7,0xbf,0xef,
    0xff,0xff,0x9f,0xe7,0x9f,0xe7,0x9f,0xe7,0x7f,0xdf,0xff,0xff,0xbf,0xef,0x9f,0xe7,
    0x7f,0xe7,0x3f,0xd7,0xbf,0xef,0xbf,0xf7,0x9f,0xef,0x7f,0xe7,0x7f,0xe7,0x7f,0xe7,
    0x7f,0xe7,0xff,0xce,0x5e,0x2c,0x3f,0x9e,0x9f,0xe7,0x9f,0xef,0x9f,0xe7,0x9f,0xe7,
    0x9f,0xe7,0x9f,0xef,0x9f,0xef,0x9f,0xef,0x9f,0xef,0x9f,0xef,0x9f,0xef,0x9f,0xef,
    0x9f,0xef,0xdf,0x85,0xdf,0x4c,0x5f,0xdf,0x9f,0xef,0x9f,0xe7,0x9f,0xe7,0x9f,0xe7,
    0x7f,0xe7,0x1f,0xcf,0x7f,0xe7,0x7f,0xe7,0x7f,0xe7,0x9f,0xe7,0x9f,0xef,0xbf,0xf7,
    0xbf,0xef,0x5f,0xd7,0x7f,0xe7,0x9f,0xe7,0xbf,0xef,0xff,0xff,0x9f,0xe7,0x9f,0xef,
    0x9f,0xe7,0x9f,0xe7,0xff,0xff,0xbf,0xef,0x9f,0xe7,0x7f,0xe7,0x5f,0xd7,0xbf,0xef,
    0xbf,0xf7,0x9f,0xef,0x7f,0xe7,0x7f,0xe7,0x7f,0xe7,0x7f,0xe7,0x3e,0x65,0x7f,0x75,
    0x9f,0xef,0x9f,0xef,0x9f,0xef,0x9f,0xef,0x9f,0xe7,0x9f,0xef,0x9f,0xef,0x9f,0xef,
    0x9f,0xef,0x9f,0xef,0x9f,0xef,0x9f,0xef,0x9f,0xef,0x9f,0xef,0x9f,0xe7,0x1f,0x5d,
    0xdf,0x85,0x9f,0xef,0x9f,0xe7,0x9f,0xe7,0x9f,0xe7,0xff,0xc6,0x9f,0x3c,0xff,0xc6,
    0x7f,0xe7,0x7f,0xe7,0x9f,0xe7,0x9f,0xef,0xdf,0xf7,0xbf,0xef,0x5f,0xd7,0x9f,0xe7,
    0x9f,0xe7,0xbf,0xef,0xff,0xff,0x9f,0xe7,0x9f,0xef,0x9f,0xe7,0x9f,0xe7,0xff,0xff,
    0xbf,0xef,0x9f,0xef,0x9f,0xe7,0x5f,0xdf,0xdf,0xef,0xbf,0xf7,0x9f,0xef,0x9f,0xe7,
    0x7f,0xe7,0x7f,0xe7,0xdf,0xc6,0x7e,0x34,0x3f,0xd7,0x9f,0xef,0x9f,0xef,0x9f,0xe7,
    0x9f,0xef,0x7f,0xe7,0x9f,0xef,0x9f,0xef,0x9f,0xef,0x9f,0xef,0x9f,0xef,0x7f,0xe7,
    0x9f,0xef,0x9f,0xef,0x9f,0xef,0x9f,0xef,0xdf,0xbe,0x5e,0x2c,0x7f,0xe7,0x9f,0xe7,
    0x9f,0xe7,0x7f,0xe7,0x7f,0xe7,0xbf,0x7d,0x1f,0x55,0x9f,0xe7,0x7f,0xe7,0x9f,0xe7,
    0xbf,0xef,0xdf,0xf7,0xbf,0xef,0x5f,0xd7,0x7f,0xe7,0x9f,0xe7,0xbf,0xef,0xff,0xff,
    0x9f,0xe7,0x9f,0xef,0x9f,0xe7,0x9f,0xe7,0xff,0xff,0xbf,0xef,0x9f,0xef,0x9f,0xe7,
    0x5f,0xdf,0xdf,0xf7,0xbf,0xf7,0xbf,0xef,0x9f,0xef,0x7f,0xe7,0x7f,0xe7,0xdf,0x85,
    0x3f,0x5d,0x9f,0xe7,0x9f,0xef,0x9f,0xef,0x9f,0xe7,0x5f,0xdf,0xbe,0x44,0xff,0x8d,
    0x9f,0xef,0x9f,0xef,0x9f,0xef,0x9f,0xae,0xbf,0x3c,0x1f,0xcf,0x9f,0xef,0x9f,0xef,
    0x9f,0xef,0x9f,0xe7,0xbe,0x44,0xbf,0xb6,0x9f,0xe7,0xff,0x8d,0x5f,0x65,0x9f,0xe7,
    0x3f,0xcf,0x5e,0x2c,0xff,0xc6,0x9f,0xe7,0x9f,0xef,0xbf,0xef,0xdf,0xf7,0xbf,0xef,
    0x5f,0xd7,0x7f,0xe7,0x9f,0xe7,0xbf,0xef,0xdf,0xff,0x9f,0xe7,0x9f,0xef,0xbf,0xef,
    0x9f,0xe7,0xff,0xff,0xbf,0xef,0x9f,0xef,0x9f,0xe7,0x7f,0xdf,0xdf,0xf7,0xbf,0xf7,
    0xbf,0xef,0x9f,0xef,0x9f,0xe7,0x9f,0xe7,0x3f,0x5d,0x3f,0x96,0x9f,0xef,0x9f,0xef,
    0x9f,0xef,0x9f,0xe7,0x1f,0xc7,0x5f,0x2c,0x7f,0x6d,0x9f,0xef,0x9f,0xef,0x9f,0xef,
    0xff,0x85,0x7f,0x2c,0x7f,0xa6,0x9f,0xef,0x9f,0xef,0x9f,0xef,0x9f,0xef,0xbf,0x7d,
    0x9f,0x75,0x9f,0xef,0x1f,0xcf,0x7f,0x34,0x1f,0xcf,0x7f,0xe7,0x1f,0x5d,0x1f,0x96,
    0x9f,0xe7,0x9f,0xef,0xbf,0xef,0xdf,0xf7,0xdf,0xef,0x5f,0xdf,0x9f,0xe7,0x9f,0xe7,
    0xbf,0xef,0xff,0xff,0x9f,0xe7,0xbf,0xef,0x9f,0xe7,0x9f,0xe7,0xff,0xff,0xbf,0xf7,
    0xbf,0xef,0x9f,0xe7,0x5f,0xdf,0xdf,0xf7,0xbf,0xf7,0xbf,0xef,0x9f,0xef,0x9f,0xe7,
    0x9f,0xe7,0x9f,0x34,0xdf,0xbe,0x9f,0xef,0x9f,0xef,0x9f,0xe7,0x9f,0xe7,0x9f,0xef,
    0x9f,0xb6,0x7f,0xdf,0x9f,0xef,0x9f,0xef,0x9f,0xef,0x7f,0xdf,0x9f,0xae,0x9f,0xe7,
    0x9f,0xef,0x9f,0xef,0x9f,0xef,0x9f,0xef,0x1f,0x96,0x3f,0x65,0x9f,0xef,0x9f,0xe7,
    0x1f,0x55,0x3f,0x96,0x7f,0xe7,0x1f,0x8e,0xff,0x4c,0x9f,0xe7,0x9f,0xef,0xbf,0xef,
    0xdf,0xf7,0xdf,0xf7,0x5f,0xdf,0x9f,0xe7,0x9f,0xe7,0xbf,0xef,0xff,0xff,0x9f,0xe7,
    0x9f,0xef,0xbf,0xef,0x9f,0xe7,0xff,0xff,0xdf,0xf7,0xbf,0xef,0x9f,0xe7,0x5f,0xdf,
    0xdf,0xf7,0xbf,0xf7,0xbf,0xef,0x9f,0xef,0x9f,0xe7,0x7f,0xe7,0x7f,0x34,0xdf,0xbe,
    0x9f,0xef,0x9f,0xef,0x9f,0xef,0x9f,0xe7,0x9f,0xe7,0x9f,0xe7,0x9f,0xef,0x9f,0xef,
    0x9f,0xef,0x9f,0xef,0x9f,0xe7,0x9f,0xef,0x9f,0xef,0x9f,0xef,0x9f,0xef,0x9f,0xef,
    0x9f,0xef,0x1f,0x8e,0x5f,0x65,0x9f,0xef,0x9f,0xe7,0x7f,0x6d,0xdf,0x85,0x7f,0xe7,
    0x7f,0xae,0xff,0x4c,0x9f,0xe7,0x9f,0xef,0xbf,0xef,0xdf,0xf7,0xdf,0xf7,0x5f,0xd7,
    0x9f,0xe7,0xbf,0xef,0xbf,0xef,0xff,0xff,0x9f,0xe7,0x9f,0xef,0xbf,0xef,0x9f,0xe7,
    0xff,0xff,0xdf,0xf7,0xbf,0xef,0x9f,0xe7,0x5f,0xdf,0xdf,0xf7,0xbf,0xf7,0xbf,0xef,
    0x9f,0xef,0x9f,0xe7,0x9f,0xe7,0x3f,0x5d,0x7f,0xa6,0x9f,0xef,0x9f,0xef,0x9f,0xef,
    0x9f,0xe7,0x7f,0xe7,0xdf,0xc6,0x9f,0xe7,0x9f,0xe7,0x9f,0xe7,0x9f,0xe7,0x9f,0xe7,
    0x1f,0xcf,0x9f,0xe7,0x9f,0xef,0x9f,0xef,0x9f,0xef,0x9f,0xef,0xdf,0x85,0x5f,0x6d,
    0x9f,0xef,0x9f,0xe7,0x5f,0x65,0xdf,0x85,0x7f,0xe7,0x7f,0xa6,0xff,0x4c,0x9f,0xef,
    0x9f,0xef,0xbf,0xef,0xdf,0xf7,0xdf,0xf7,0x5f,0xd7,0x9f,0xe7,0x9f,0xef,0xbf,0xef,
    0xff,0xff,0x9f,0xe7,0x9f,0xef,0x9f,0xe7,0x9f,0xe7,0xff,0xff,0xdf,0xf7,0xbf,0xef,
    0x9f,0xe7,0x5f,0xdf,0xdf,0xf7,0xbf,0xf7,0x9f,0xef,0x9f,0xef,0x9f,0xe7,0x9f,0xe7,
    0xdf,0x85,0x5f,0x65,0x9f,0xef,0x9f,0xef,0x9f,0xe7,0x9f,0xe7,0x3f,0xcf,0x7e,0x2c,
    0xbf,0xb6,0x9f,0xe7,0x9f,0xe7,0x9f,0xe7,0xbf,0xb6,0x7e,0x34,0x5f,0xd7,0x9f,0xe7,
    0x9f,0xe7,0x9f,0xef,0x9f,0xef,0xdf,0x4c,0x7f,0xa6,0x9f,0xe7,0x7f,0xe7,0x9f,0x3c,
    0xbf,0xb6,0x7f,0xe7,0xbf,0x7d,0x9f,0x75,0x9f,0xef,0x9f,0xef,0xbf,0xef,0xdf,0xf7,
    0xdf,0xf7,0x5f,0xd7,0x9f,0xe7,0xbf,0xef,0xbf,0xef,0xff,0xff,0x9f,0xe7,0x9f,0xef,
    0x9f,0xe7,0x9f,0xe7,0xff,0xff,0xdf,0xf7,0xbf,0xef,0x9f,0xe7,0x5f,0xdf,0xdf,0xf7,
    0xbf,0xf7,0x9f,0xef,0x9f,0xef,0x7f,0xe7,0x9f,0xe7,0xdf,0xbe,0x9f,0x34,0x7f,0xdf,
    0x9f,0xe7,0x9f,0xe7,0x7f,0xe7,0x9f,0xe7,0x3f,0x9e,0x7f,0x34,0xff,0x8d,0x9f,0xae,
    0x9f,0x75,0x5e,0x34,0x3f,0x96,0x9f,0xe7,0x9f,0xe7,0x9f,0xe7,0x9f,0xe7,0xdf,0xbe,
    0x5f,0x2c,0x3f,0xd7,0x9f,0xe7,0x1f,0x96,0xdf,0x44,0x7f,0xe7,0x7f,0xe7,0xdf,0x4c,
    0x7f,0xa6,0x9f,0xe7,0x9f,0xef,0xbf,0xef,0xdf,0xf7,0xdf,0xf7,0x5f,0xd7,0x9f,0xe7,
    0x9f,0xef,0xbf,0xef,0xff,0xff,0x9f,0xe7,0x9f,0xef,0xbf,0xef,0x9f,0xe7,0xff,0xff,
    0xbf,0xf7,0xbf,0xef,0x9f,0xe7,0x5f,0xdf,0xdf,0xf7,0xbf,0xf7,0x9f,0xef,0x9f,0xe7,
    0x7f,0xe7,0x7f,0xe7,0x7f,0xe7,0x3f,0x5d,0xdf,0x7d,0x9f,0xe7,0x9f,0xe7,0x9f,0xe7,
    0x9f,0xe7,0x7f,0xe7,0xdf,0xbe,0x5f,0x65,0xff,0x4c,0x5f,0x6d,0xdf,0xbe,0x9f,0xe7,
    0x9f,0xe7,0x9f,0xe7,0x9f,0xe7,0x9f,0xe7,0xde,0x54,0x9f,0x75,0x9f,0xef,0x9f,0xe7,
    0x9f,0xae,0xff,0xc6,0x9f,0xe7,0xbf,0xb6,0x9f,0x34,0x7f,0xdf,0x9f,0xe7,0x9f,0xef,
    0xbf,0xef,0xdf,0xf7,0xdf,0xf7,0x5f,0xd7,0x7f,0xe7,0x9f,0xe7,0xbf,0xef,0xff,0xff,
    0x9f,0xe7,0xbf,0xef,0xbf,0xef,0x9f,0xe7,0xff,0xff,0xbf,0xf7,0xbf,0xef,0x9f,0xe7,
    0x5f,0xdf,0xdf,0xf7,0xbf,0xf7,0x9f,0xef,0x9f,0xe7,0x7f,0xe7,0x7f,0xe7,0x7f,0xe7,
    0xff,0xce,0x7e,0x34,0xbf,0xb6,0x9f,0xe7,0x9f,0xe7,0x9f,0xe7,0x9f,0xe7,0x9f,0xe7,
    0x9f,0xe7,0x9f,0xe7,0x9f,0xe7,0x9f,0xe7,0x9f,0xe7,0x9f,0xe7,0x9f,0xe7,0x9f,0xe7,
    0xdf,0x85,0x9e,0x44,0x5f,0xdf,0x9f,0xef,0x9f,0xe7,0x9f,0xe7,0x9f,0xe7,0x5f,0xdf,
    0xbe,0x4c,0x1f,0x96,0x9f,0xe7,0x9f,0xe7,0x9f,0xef,0xbf,0xef,0xdf,0xf7,0xdf,0xf7,
    0x5f,0xd7,0x7f,0xe7,0x9f,0xe7,0xbf,0xef,0xff,0xff,0x9f,0xe7,0xbf,0xef,0xbf,0xef,
    0x9f,0xe7,0xff,0xff,0xbf,0xf7,0xbf,0xef,0x9f,0xe7,0x5f,0xdf,0xdf,0xf7,0xbf,0xf7,
    0x9f,0xef,0x9f,0xe7,0x7f,0xe7,0x7f,0xe7,0x7f,0xe7,0x7f,0xe7,0xbf,0x7d,0xbf,0x7d,
    0x9f,0xe7,0x9f,0xe7,0x7f,0xe7,0x9f,0xe7,0x9f,0xe7,0x9f,0xe7,0x9f,0xe7,0x9f,0xe7,
    0x9f,0xe7,0x9f,0xe7,0x9f,0xe7,0x7f,0xe7,0x9f,0x75,0x5e,0x3c,0xff,0xc6,0x9f,0xe7,
    0x9f,0xe7,0x9f,0xe7,0x9f,0xe7,0x9f,0xe7,0x5f,0xdf,0xff,0x8d,0x7f,0xe7,0x9f,0xe7,
    0x7f,0xe7,0x9f,0xe7,0xbf,0xef,0xdf,0xf7,0xdf,0xef,0x5f,0xd7,0x7f,0xe7,0x9f,0xe7,
    0xbf,0xef,0xff,0xff,0x9f,0xe7,0xbf,0xef,0xbf,0xef,0x9f,0xe7,0xff,0xff,0xbf,0xef,
    0x9f,0xef,0x9f,0xe7,0x5f,0xdf,0xdf,0xf7,0xbf,0xf7,0x9f,0xef,0x7f,0xe7,0x7f,0xe7,
    0x7f,0xe7,0x7f,0xe7,0x7f,0xe7,0x9f,0x6d,0xbf,0x7d,0x7f,0xe7,0x7f,0xe7,0x7f,0xe7,
    0x9f,0xef,0x9f,0xe7,0x9f,0xe7,0x9f,0xe7,0x9f,0xe7,0x9f,0xe7,0x7f,0xe7,0x9f,0xae,
    0xbf,0x4c,0xbe,0x4c,0x1f,0xcf,0x9f,0xe7,0x9f,0xe7,0x9f,0xe7,0x9f,0xe7,0x9f,0xe7,
    0x7f,0xe7,0x7f,0xe7,0x7f,0xe7,0x7f,0xe7,0x7f,0xe7,0x7f,0xe7,0x9f,0xe7,0x9f,0xef,
    0xdf,0xf7,0xdf,0xf7,0x5f,0xd7,0x7f,0xe7,0x9f,0xe7,0xbf,0xef,0xff,0xff,0x9f,0xe7,
    0xbf,0xef,0x9f,0xe7,0x7f,0xe7,0xff,0xff,0xbf,0xef,0x9f,0xe7,0x7f,0xe7,0x5f,0xdf,
    0xdf,0xf7,0xbf,0xf7,0x9f,0xef,0x7f,0xe7,0x7f,0xe7,0x7f,0xe7,0x7f,0xe7,0x7f,0xe7,
    0x7f,0x6d,0xff,0x8d,0x5f,0xdf,0x7f,0xa6,0x1f,0x5d,0xdf,0x44,0x9f,0x75,0x1f,0x96,
    0x7f,0xa6,0x5f,0xa6,0x5f,0x6d,0xbf,0x44,0x7e,0x3c,0xff,0x8d,0x7f,0xe7,0x9f,0xe7,
    0x9f,0xe7,0x9f,0xe7,0x9f,0xe7,0x9f,0xe7,0x7f,0xe7,0x7f,0xe7,0x7f,0xe7,0x7f,0xe7,
    0x7f,0xe7,0x7f,0xe7,0x7f,0xe7,0x7f,0xe7,0x9f,0xef,0xdf,0xf7,0xdf,0xf7,0x5f,0xd7,
    0x7f,0xe7,0x9f,0xe7,0xbf,0xef,0xff,0xff,0x9f,0xe7,0xbf,0xef,0x9f,0xe7,0x7f,0xdf,
    0xff,0xff,0xbf,0xef,0x9f,0xe7,0x7f,0xe7,0x5f,0xd7,0xbf,0xef,0xbf,0xf7,0x9f,0xef,
    0x7f,0xe7,0x7f,0xe7,0x7f,0xe7,0x7f,0xe7,0x7f,0xe7,0x7f,0x6d,0xff,0x4c,0x7f,0x34,
    0xdf,0x4c,0xff,0x8d,0x7f,0xae,0x1f,0x8e,0x7f,0x6d,0xff,0x54,0x1f,0x55,0xff,0x8d,
    0x9f,0xae,0x7f,0xe7,0x9f,0xe7,0x9f,0xe7,0x9f,0xe7,0x9f,0xe7,0x9f,0xe7,0x9f,0xe7,
    0x7f,0xe7,0x7f,0xe7,0x7f,0xe7,0x7f,0xe7,0x7f,0xe7,0x7f,0xe7,0x7f,0xe7,0x7f,0xe7,
    0x7f,0xe7,0x9f,0xef,0xdf,0xf7,0xdf,0xf7,0x5f,0xd7,0x7f,0xdf,0x9f,0xe7,0xbf,0xef,
    0xff,0xff,0x9f,0xe7,0xbf,0xef,0x9f,0xe7,0x7f,0xe7,0xff,0xff,0xbf,0xef,0x9f,0xe7,
    0x7f,0xdf,0x3f,0xd7,0xbf,0xef,0xbf,0xf7,0x9f,0xef,0x7f,0xe7,0x7f,0xe7,0x7f,0xe7,
    0x7f,0xe7,0x7f,0xe7,0x5f,0x9e,0x7f,0x75,0xbf,0xb6,0x7f,0xe7,0x7f,0xe7,0x9f,0xe7,
    0x9f,0xe7,0x9f,0xe7,0x9f,0xe7,0x9f,0xe7,0x9f,0xe7,0x9f,0xe7,0x9f,0xe7,0x9f,0xe7,
    0x9f,0xe7,0x9f,0xe7,0x9f,0xe7,0x7f,0xe7,0x7f,0xe7,0x7f,0xe7,0x7f,0xe7,0x7f,0xe7,
    0x7f,0xe7,0x7f,0xe7,0x7f,0xe7,0x7f,0xe7,0x7f,0xe7,0x7f,0xe7,0x9f,0xef,0xdf,0xf7,
    0xbf,0xef,0x5f,0xd7,0x7f,0xdf,0x9f,0xe7,0xbf,0xef,0xff,0xff,0x9f,0xe7,0xbf,0xef,
    0x9f,0xe7,0x9f,0xdf,0xff,0xff,0xbf,0xef,0x9f,0xe7,0x7f,0xdf,0x3f,0xd7,0xbf,0xef,
    0xbf,0xef,0x9f,0xef,0x7f,0xe7,0x7f,0xe7,0x7f,0xe7,0x7f,0xe7,0x7f,0xe7,0x7f,0xe7,
    0x7f,0xe7,0x7f,0xe7,0x7f,0xe7,0x7f,0xe7,0x7f,0xe7,0x7f,0xe7,0x7f,0xe7,0x9f,0xe7,
    0x9f,0xe7,0x9f,0xe7,0x9f,0xe7,0x9f,0xe7,0x9f,0xe7,0x9f,0xe7,0x7f,0xe7,0x7f,0xe7,
    0x7f,0xe7,0x7f,0xe7,0x7f,0xe7,0x7f,0xe7,0x7f,0xe7,0x7f,0xe7,0x7f,0xe7,0x7f,0xe7,
    0x7f,0xe7,0x7f,0xe7,0x7f,0xe7,0x9f,0xef,0xbf,0xf7,0xbf,0xef,0x3f,0xd7,0x7f,0xdf,
    0x9f,0xe7,0xbf,0xef,0xff,0xff,0x9f,0xe7,0x9f,0xef,0x9f,0xe7,0x9f,0xe7,0xff,0xff,
    0xbf,0xef,0x9f,0xe7,0x7f,0xdf,0x3f,0xd7,0xbf,0xef,0xbf,0xef,0x9f,0xef,0x7f,0xe7,
    0x7f,0xe7,0x7f,0xe7,0x7f,0xe7,0x7f,0xe7,0x7f,0xe7,0x7f,0xe7,0x7f,0xe7,0x7f,0xe7,
    0x7f,0xe7,0x7f,0xe7,0x7f,0xe7,0x7f,0xe7,0x7f,0xe7,0x9f,0xe7,0x9f,0xe7,0x9f,0xe7,
    0x9f,0xe7,0x9f,0xe7,0x7f,0xe7,0x7f,0xe7,0x7f,0xe7,0x7f,0xe7,0x7f,0xe7,0x7f,0xe7,
    0x7f,0xe7,0x7f,0xe7,0x7f,0xe7,0x7f,0xe7,0x7f,0xe7,0x7f,0xe7,0x7f,0xe7,0x7f,0xe7,
    0x9f,0xef,0xbf,0xf7,0xbf,0xef,0x3f,0xd7,0x7f,0xdf,0x9f,0xe7,0xbf,0xef,0xdf,0xff,
    0x9f,0xe7,0x9f,0xef,0x9f,0xe7,0x9f,0xe7,0xff,0xff,0x9f,0xef,0x9f,0xe7,0x5f,0xdf,
    0x3f,0xd7,0xbf,0xef,0xbf,0xef,0x9f,0xef,0x7f,0xe7,0x7f,0xe7,0x7f,0xe7,0x7f,0xe7,
    0x7f,0xe7,0x7f,0xe7,0x7f,0xe7,0x7f,0xe7,0x7f,0xe7,0x7f,0xe7,0x7f,0xe7,0x7f,0xe7,
    0x7f,0xe7,0x7f,0xe7,0x7f,0xe7,0x7f,0xe7,0x7f,0xe7,0x7f,0xe7,0x7f,0xe7,0x7f,0xe7,
    0x7f,0xe7,0x7f,0xe7,0x7f,0xe7,0x7f,0xe7,0x7f,0xe7,0x7f,0xe7,0x7f,0xe7,0x7f,0xe7,
    0x7f,0xe7,0x7f,0xe7,0x7f,0xe7,0x7f,0xe7,0x7f,0xe7,0x9f,0xef,0xbf,0xf7,0xbf,0xef,
    0x3f,0xd7,0x7f,0xdf,0x9f,0xe7,0xbf,0xef,0xff,0xff,0x9f,0xe7,0x9f,0xef,0x9f,0xe7,
    0x7f,0xe7,0xff,0xff,0x9f,0xef,0x9f,0xe7,0x5f,0xdf,0x3f,0xd7,0xbf,0xef,0xbf,0xef,
    0x9f,0xe7,0x7f,0xe7,0x5f,0xdf,0x7f,0xdf,0x7f,0xe7,0x7f,0xe7,0x7f,0xe7,0x7f,0xe7,
    0x7f,0xe7,0x7f,0xe7,0x7f,0xe7,0x7f,0xe7,0x7f,0xe7,0x7f,0xe7,0x7f,0xe7,0x7f,0xe7,
    0x7f,0xe7,0x7f,0xe7,0x7f,0xe7,0x7f,0xe7,0x7f,0xe7,0x7f,0xe7,0x7f,0xe7,0x7f,0xe7,
    0x7f,0xe7,0x7f,0xe7,0x7f,0xe7,0x7f,0xe7,0x7f,0xe7,0x7f,0xe7,0x7f,0xe7,0x7f,0xe7,
    0x7f,0xe7,0x7f,0xe7,0x9f,0xef,0xbf,0xf7,0xbf,0xef,0x5f,0xd7,0x7f,0xdf,0x9f,0xe7,
    0xbf,0xef,0xff,0xff,0x9f,0xe7,0x9f,0xef,0x9f,0xe7,0x7f,0xe7,0xff,0xff,0x9f,0xef,
    0x9f,0xe7,0x5f,0xdf,0x3f,0xd7,0xbf,0xef,0xbf,0xef,0x9f,0xef,0x7f,0xe7,0x7f,0xe7,
    0x7f,0xdf,0x7f,0xdf,0x7f,0xe7,0x7f,0xe7,0x7f,0xe7,0x7f,0xe7,0x7f,0xe7,0x7f,0xe7,
    0x7f,0xe7,0x7f,0xe7,0x7f,0xe7,0x7f,0xe7,0x7f,0xe7,0x7f,0xe7,0x7f,0xe7,0x7f,0xe7,
    0x7f,0xe7,0x7f,0xe7,0x7f,0xe7,0x7f,0xe7,0x7f,0xe7,0x7f,0xe7,0x7f,0xe7,0x7f,0xe7,
    0x7f,0xe7,0x7f,0xe7,0x7f,0xe7,0x7f,0xe7,0x7f,0xe7,0x7f,0xe7,0x7f,0xe7,0x9f,0xef,
    0xbf,0xf7,0xbf,0xef,0x5f,0xd7,0x7f,0xdf,0x9f,0xe7,0xbf,0xef,0xff,0xff,0x9f,0xe7,
    0x9f,0xef,0x9f,0xe7,0x7f,0xe7,0xff,0xff,0x9f,0xef,0x9f,0xe7,0x7f,0xdf,0x5f,0xd7,
    0xbf,0xef,0xbf,0xef,0x9f,0xef,0x7f,0xe7,0x7f,0xe7,0x7f,0xdf,0x7f,0xdf,0x7f,0xe7,
    0x7f,0xe7,0x7f,0xe7,0x7f,0xe7,0x7f,0xe7,0x7f,0xe7,0x7f,0xe7,0x7f,0xe7,0x7f,0xe7,
    0x7f,0xe7,0x7f,0xe7,0x7f,0xe7,0x7f,0xe7,0x7f,0xe7,0x7f,0xe7,0x7f,0xe7,0x7f,0xe7,
    0x7f,0xe7,0x7f,0xe7,0x7f,0xe7,0x7f,0xe7,0x7f,0xe7,0x7f,0xe7,0x7f,0xe7,0x7f,0xe7,
    0x7f,0xdf,0x7f,0xdf,0x7f,0xe7,0x7f,0xe7,0x9f,0xef,0xdf,0xf7,0xdf,0xf7,0x5f,0xdf,
    0x7f,0xe7,0x9f,0xe7,0xbf,0xef,0xff,0xff,0x9f,0xe7,0x9f,0xef,0x9f,0xe7,0x9f,0xe7,
    0xff,0xff,0xbf,0xef,0x9f,0xe7,0x7f,0xdf,0x5f,0xd7,0x7f,0xdf,0xbf,0xf7,0x9f,0xef,
    0x7f,0xe7,0x7f,0xe7,0x5f,0xdf,0x7f,0xdf,0x7f,0xe7,0x7f,0xe7,0x7f,0xe7,0x7f,0xe7,
    0x7f,0xe7,0x7f,0xe7,0x7f,0xe7,0x7f,0xe7,0x7f,0xe7,0x7f,0xe7,0x7f,0xe7,0x7f,0xe7,
    0x7f,0xe7,0x7f,0xe7,0x7f,0xe7,0x7f,0xe7,0x7f,0xe7,0x7f,0xe7,0x7f,0xe7,0x7f,0xe7,
    0x7f,0xe7,0x7f,0xe7,0x7f,0xdf,0x7f,0xe7,0x7f,0xe7,0x7f,0xe7,0x7f,0xe7,0x7f,0xe7,
    0x9f,0xe7,0xbf,0xef,0xdf,0xf7,0x7f,0xdf,0x5f,0xdf,0x7f,0xe7,0x9f,0xe7,0xbf,0xef,
    0xff,0xff,0x9f,0xe7,0x9f,0xef,0x9f,0xe7,0x9f,0xe7,0xff,0xff,0xbf,0xef,0x9f,0xe7,
    0x7f,0xe7,0x5f,0xdf,0x3f,0xd7,0xdf,0xf7,0xbf,0xef,0x9f,0xe7,0x7f,0xe7,0x7f,0xe7,
    0x5f,0xdf,0x7f,0xdf,0x7f,0xe7,0x7f,0xe7,0x7f,0xe7,0x7f,0xe7,0x7f,0xe7,0x7f,0xe7,
    0x7f,0xe7,0x7f,0xe7,0x7f,0xe7,0x7f,0xe7,0x7f,0xe7,0x7f,0xe7,0x7f,0xe7,0x7f,0xe7,
    0x7f,0xe7,0x7f,0xe7,0x7f,0xe7,0x7f,0xe7,0x7f,0xe7,0x7f,0xe7,0x7f,0xe7,0x7f,0xdf,
    0x7f,0xdf,0x7f,0xdf,0x7f,0xe7,0x7f,0xe7,0x9f,0xe7,0x9f,0xef,0xbf,0xf7,0xdf,0xf7,
    0x5f,0xdf,0x5f,0xdf,0x9f,0xe7,0x9f,0xe7,0xbf,0xef,0xff,0xff,0x9f,0xe7,0x9f,0xef,
    0x9f,0xe7,0x9f,0xe7,0xff,0xff,0xbf,0xef,0x9f,0xe7,0x9f,0xe7,0x7f,0xdf,0x3f,0xcf,
    0xbf,0xef,0xdf,0xf7,0xbf,0xef,0x9f,0xe7,0x7f,0xe7,0x7f,0xe7,0x7f,0xe7,0x7f,0xe7,
    0x7f,0xe7,0x7f,0xe7,0x7f,0xe7,0x7f,0xe7,0x7f,0xe7,0x7f,0xe7,0x7f,0xe7,0x7f,0xe7,
    0x7f,0xe7,0x7f,0xe7,0x7f,0xe7,0x7f,0xe7,0x7f,0xe7,0x7f,0xe7,0x7f,0xe7,0x7f,0xe7,
    0x7f,0xe7,0x7f,0xe7,0x7f,0xe7,0x7f,0xe7,0x7f,0xe7,0x7f,0xe7,0x7f,0xe7,0x7f,0xe7,
    0x7f,0xe7,0x9f,0xef,0xbf,0xef,0xdf,0xf7,0xbf,0xef,0x5f,0xd7,0x7f,0xdf,0x9f,0xe7,
    0x9f,0xe7,0xbf,0xf7,0xff,0xff,0x9f,0xe7,0x9f,0xef,0x9f,0xe7,0x9f,0xe7,0xff,0xff,
    0xbf,0xef,0x9f,0xe7,0x7f,0xe7,0x5f,0xdf,0x3f,0xd7,0x1f,0xcf,0xdf,0xf7,0xdf,0xf7,
    0xbf,0xef,0x9f,0xef,0x7f,0xe7,0x7f,0xe7,0x7f,0xe7,0x7f,0xe7,0x7f,0xe7,0x7f,0xe7,
    0x7f,0xe7,0x7f,0xe7,0x7f,0xe7,0x9f,0xe7,0x9f,0xe7,0x7f,0xe7,0x7f,0xe7,0x7f,0xe7,
    0x9f,0xe7,0x9f,0xe7,0x9f,0xe7,0x7f,0xe7,0x7f,0xe7,0x7f,0xe7,0x7f,0xe7,0x7f,0xe7,
    0x7f,0xe7,0x7f,0xe7,0x7f,0xe7,0x7f,0xe7,0x9f,0xe7,0x9f,0xef,0xbf,0xef,0xdf,0xf7,
    0xdf,0xf7,0x3f,0xcf,0x5f,0xd7,0x7f,0xe7,0x9f,0xe7,0xbf,0xe7,0xbf,0xf7,0xff,0xff,
    0x9f,0xe7,0x9f,0xef,0x9f,0xe7,0x7f,0xdf,0xff,0xff,0x9f,0xef,0x9f,0xe7,0x7f,0xe7,
    0x5f,0xdf,0x3f,0xd7,0x1f,0xcf,0x1f,0xcf,0xbf,0xf7,0xdf,0xf7,0xbf,0xef,0x9f,0xef,
    0x9f,0xef,0x9f,0xef,0x9f,0xef,0x9f,0xef,0x9f,0xef,0x9f,0xef,0x9f,0xef,0x9f,0xef,
    0x9f,0xef,0x9f,0xef,0x9f,0xef,0x9f,0xef,0xbf,0xef,0xbf,0xef,0xbf,0xef,0xbf,0xef,
    0x9f,0xef,0x9f,0xef,0x9f,0xef,0x9f,0xef,0x9f,0xef,0x9f,0xef,0x9f,0xef,0x9f,0xef,
    0x9f,0xef,0x9f,0xef,0xbf,0xef,0xdf,0xf7,0xbf,0xf7,0x5f,0xd7,0x5f,0xd7,0x5f,0xdf,
    0x9f,0xe7,0x9f,0xe7,0xbf,0xef,0xdf,0xf7,0xff,0xff,0x9f,0xe7,0xbf,0xef,0x9f,0xe7,
    0x7f,0xdf,0xdf,0xff,0x9f,0xef,0x9f,0xe7,0x7f,0xe7,0x7f,0xdf,0x5f,0xdf,0x3f,0xd7,
    0x1f,0xcf,0x1f,0xcf,0x5f,0xd7,0xbf,0xef,0xbf,0xef,0xbf,0xef,0xbf,0xef,0xbf,0xef,
    0xbf,0xef,0xbf,0xef,0xbf,0xef,0xbf,0xef,0xbf,0xef,0xbf,0xef,0xbf,0xef,0xbf,0xef,
    0xbf,0xef,0xbf,0xf7,0xdf,0xf7,0xdf,0xf7,0xbf,0xf7,0xbf,0xf7,0xbf,0xef,0xbf,0xef,
    0xbf,0xef,0xbf,0xef,0xbf,0xef,0xbf,0xef,0xbf,0xef,0xbf,0xef,0xbf,0xef,0x9f,0xef,
    0x7f,0xdf,0x3f,0xcf,0x3f,0xd7,0x5f,0xd7,0x7f,0xdf,0x9f,0xe7,0x9f,0xe7,0xbf,0xef,
    0xbf,0xef,0xff,0xff,0x9f,0xe7,0x9f,0xef,0x9f,0xe7,0x7f,0xdf,0xdf,0xff,0x9f,0xe7,
    0x9f,0xe7,0x7f,0xe7,0x7f,0xdf,0x5f,0xdf,0x3f,0xd7,0x1f,0xcf,0xff,0xc6,0xff,0xc6,
    0x1f,0xc7,0xff,0xc6,0xff,0xc6,0x1f,0xc7,0x1f,0xc7,0x1f,0xc7,0x1f,0xc7,0x1f,0xc7,
    0x1f,0xc7,0x1f,0xc7,0x3f,0xcf,0x3f,0xcf,0x3f,0xcf,0x3f,0xcf,0x5f,0xd7,0x5f,0xd7,
    0x5f,0xd7,0x5f,0xd7,0x5f,0xd7,0x3f,0xcf,0x3f,0xcf,0x3f,0xcf,0x3f,0xcf,0x3f,0xcf,
    0x1f,0xc7,0x1f,0xc7,0x1f,0xc7,0x1f,0xc7,0x1f,0xcf,0x1f,0xcf,0x1f,0xcf,0x3f,0xd7,
    0x5f,0xd7,0x7f,0xdf,0x9f,0xe7,0x9f,0xe7,0xbf,0xef,0xbf,0xef,0xff,0xff,0x9f,0xe7,
    0x9f,0xef,0x9f,0xe7,0x7f,0xdf,0xdf,0xff,0x9f,0xe7,0x7f,0xe7,0x7f,0xe7,0x7f,0xdf,
    0x5f,0xdf,0x3f,0xd7,0x3f,0xd7,0x1f,0xcf,0xff,0xc6,0xde,0xc6,0xde,0xbe,0xde,0xbe,
    0xde,0xbe,0xde,0xbe,0xde,0xbe,0xde,0xbe,0xde,0xbe,0xde,0xbe,0xde,0xbe,0xde,0xbe,
    0xde,0xbe,0xde,0xbe,0xde,0xbe,0xde,0xbe,0xdf,0xbe,0xdf,0xbe,0xdf,0xbe,0xdf,0xbe,
    0xdf,0xbe,0xdf,0xbe,0xdf,0xbe,0xdf,0xbe,0xdf,0xbe,0xdf,0xbe,0xdf,0xbe,0xdf,0xbe,
    0xff,0xc6,0xff,0xc6,0xff,0xc6,0x1f,0xcf,0x3f,0xd7,0x5f,0xdf,0x7f,0xdf,0x9f,0xe7,
    0x9f,0xe7,0x9f,0xe7,0xbf,0xef,0xff,0xff,0x9f,0xe7,0xbf,0xef,0x9f,0xe7,0x7f,0xdf,
    0xdf,0xff,0x9f,0xe7,0x7f,0xe7,0x7f,0xe7,0x7f,0xdf,0x5f,0xdf,0x5f,0xdf,0x3f,0xd7,
    0x3f,0xd7,0x1f,0xcf,0xfe,0xc6,0xfe,0xc6,0xde,0xc6,0xde,0xc6,0xff,0xc6,0xde,0xc6,
    0xde,0xc6,0xfe,0xc6,0xff,0xc6,0xde,0xc6,0xff,0xc6,0xff,0xc6,0xdf,0xc6,0xde,0xc6,
    0xdf,0xc6,0xff,0xc6,0xff,0xc6,0xff,0xc6,0xff,0xc6,0xff,0xc6,0xff,0xc6,0xff,0xc6,
    0xff,0xc6,0xff,0xc6,0xff,0xc6,0xdf,0xc6,0xff,0xc6,0xff,0xc6,0x1f,0xcf,0x1f,0xcf,
    0x3f,0xd7,0x5f,0xd7,0x7f,0xdf,0x7f,0xe7,0x9f,0xe7,0x9f,0xe7,0x9f,0xe7,0xbf,0xef,
    0xff,0xff,0x9f,0xe7,0x9f,0xef,0x9f,0xe7,0x7f,0xdf,0xdf,0xff,0x9f,0xe7,0x7f,0xe7,
    0x7f,0xe7,0x7f,0xdf,0x7f,0xdf,0x7f,0xdf,0x5f,0xdf,0x5f,0xdf,0x3f,0xd7,0x1f,0xd7,
    0x1f,0xcf,0x1f,0xcf,0x1f,0xcf,0x1f,0xcf,0x1f,0xcf,0x1f,0xcf,0x1f,0xcf,0x1f,0xcf,
    0x1f,0xcf,0x1f,0xcf,0x1f,0xcf,0x1f,0xcf,0x1f,0xcf,0x1f,0xcf,0x1f,0xcf,0x1f,0xcf,
    0x1f,0xcf,0x1f,0xcf,0x3f,0xcf,0x3f,0xcf,0x3f,0xcf,0x1f,0xcf,0x1f,0xcf,0x1f,0xcf,
    0x1f,0xcf,0x1f,0xcf,0x3f,0xcf,0x3f,0xd7,0x3f,0xd7,0x5f,0xd7,0x5f,0xdf,0x7f,0xdf,
    0x7f,0xe7,0x9f,0xe7,0x9f,0xe7,0x9f,0xe7,0xbf,0xef,0xff,0xff,0x9f,0xe7,0x9f,0xef,
    0x9f,0xe7,0x7f,0xdf,0xdf,0xff,0x9f,0xe7,0x7f,0xdf,0x7f,0xdf,0x7f,0xdf,0x7f,0xdf,
    0x7f,0xdf,0x7f,0xdf,0x5f,0xdf,0x5f,0xdf,0x5f,0xdf,0x3f,0xd7,0x3f,0xd7,0x3f,0xd7,
    0x3f,0xd7,0x3f,0xd7,0x3f,0xd7,0x3f,0xd7,0x3f,0xd7,0x3f,0xd7,0x3f,0xd7,0x3f,0xd7,
    0x3f,0xd7,0x3f,0xd7,0x3f,0xd7,0x3f,0xd7,0x5f,0xd7,0x5f,0xd7,0x5f,0xd7,0x5f,0xd7,
    0x5f,0xdf,0x5f,0xd7,0x5f,0xd7,0x5f,0xd7,0x5f,0xd7,0x5f,0xdf,0x5f,0xd7,0x5f,0xdf,
    0x5f,0xdf,0x5f,0xdf,0x7f,0xdf,0x7f,0xdf,0x7f,0xe7,0x9f,0xe7,0x9f,0xe7,0x9f,0xe7,
    0x9f,0xe7,0xbf,0xef,0xff,0xff,0x7f,0xe7,0x9f,0xe7,0x9f,0xe7,0x7f,0xdf,0xdf,0xff,
    0x9f,0xe7,0x7f,0xdf,0x7f,0xdf,0x7f,0xdf,0x7f,0xdf,0x7f,0xdf,0x7f,0xdf,0x7f,0xdf,
    0x7f,0xdf,0x5f,0xdf,0x5f,0xdf,0x5f,0xdf,0x5f,0xdf,0x5f,0xdf,0x5f,0xdf,0x5f,0xdf,
    0x5f,0xdf,0x5f,0xdf,0x5f,0xdf,0x5f,0xdf,0x5f,0xdf,0x5f,0xdf,0x5f,0xdf,0x5f,0xdf,
    0x5f,0xdf,0x7f,0xdf,0x7f,0xdf,0x7f,0xdf,0x7f,0xdf,0x7f,0xdf,0x7f,0xdf,0x7f,0xdf,
    0x7f,0xdf,0x7f,0xdf,0x7f,0xdf,0x7f,0xdf,0x7f,0xdf,0x7f,0xdf,0x7f,0xe7,0x7f,0xe7,
    0x7f,0xe7,0x7f,0xe7,0x9f,0xe7,0x9f,0xe7,0x9f,0xe7,0x9f,0xe7,0xbf,0xef,0xff,0xff,
    0x7f,0xdf,0x9f,0xe7,0x7f,0xe7,0x5f,0xdf,0xdf,0xff,0x9f,0xe7,0x7f,0xdf,0x5f,0xdf,
    0x7f,0xdf,0x7f,0xdf,0x7f,0xdf,0x7f,0xdf,0x7f,0xdf,0x7f,0xdf,0x7f,0xdf,0x7f,0xdf,
    0x7f,0xdf,0x7f,0xdf,0x7f,0xdf,0x7f,0xdf,0x7f,0xdf,0x7f,0xdf,0x7f,0xdf,0x7f,0xdf,
    0x7f,0xe7,0x7f,0xe7,0x7f,0xe7,0x7f,0xe7,0x7f,0xe7,0x7f,0xe7,0x7f,0xe7,0x7f,0xe7,
    0x7f,0xe7,0x7f,0xe7,0x7f,0xe7,0x7f,0xe7,0x7f,0xe7,0x7f,0xe7,0x7f,0xe7,0x9f,0xe7,
    0x9f,0xe7,0x7f,0xe7,0x7f,0xe7,0x9f,0xe7,0x9f,0xe7,0x9f,0xe7,0x9f,0xe7,0x9f,0xe7,
    0x9f,0xe7,0x9f,0xe7,0x9f,0xe7,0xbf,0xef,0xff,0xff,0x7f,0xdf,0x9f,0xe7,0x7f,0xe7,
    0x5f,0xdf,0xdf,0xff,0x9f,0xe7,0x5f,0xdf,0x5f,0xdf,0x5f,0xdf,0x5f,0xdf,0x5f,0xdf,
    0x5f,0xdf,0x7f,0xdf,0x7f,0xdf,0x7f,0xdf,0x7f,0xdf,0x7f,0xe7,0x7f,0xe7,0x7f,0xe7,
    0x7f,0xe7,0x7f,0xe7,0x7f,0xe7,0x7f,0xe7,0x7f,0xe7,0x7f,0xe7,0x7f,0xe7,0x7f,0xe7,
    0x7f,0xe7,0x7f,0xe7,0x7f,0xe7,0x7f,0xe7,0x7f,0xe7,0x7f,0xe7,0x7f,0xe7,0x7f,0xe7,
    0x7f,0xe7,0x7f,0xe7,0x9f,0xe7,0x9f,0xe7,0x9f,0xe7,0x9f,0xe7,0x9f,0xe7,0x9f,0xe7,
    0x9f,0xe7,0x9f,0xe7,0x7f,0xe7,0x9f,0xe7,0x9f,0xe7,0x9f,0xe7,0x9f,0xe7,0x9f,0xe7,
    0xbf,0xef,0xdf,0xff,0x7f,0xdf,0x9f,0xe7,0x7f,0xe7,0x7f,0xdf,0xdf,0xff,0x9f,0xe7,
    0x7f,0xdf,0x5f,0xdf,0x5f,0xdf,0x5f,0xdf,0x5f,0xdf,0x5f,0xdf,0x7f,0xdf,0x7f,0xdf,
    0x7f,0xdf,0x7f,0xdf,0x7f,0xdf,0x7f,0xe7,0x7f,0xe7,0x7f,0xe7,0x7f,0xe7,0x7f,0xe7,
    0x7f,0xe7,0x7f,0xe7,0x7f,0xe7,0x7f,0xe7,0x7f,0xe7,0x7f,0xe7,0x7f,0xe7,0x7f,0xe7,
    0x7f,0xe7,0x7f,0xe7,0x7f,0xe7,0x7f,0xe7,0x7f,0xe7,0x7f,0xe7,0x7f,0xe7,0x9f,0xe7,
    0x9f,0xe7,0x9f,0xe7,0x9f,0xe7,0x9f,0xe7,0x9f,0xe7,0x9f,0xe7,0x9f,0xe7,0x7f,0xe7,
    0x7f,0xe7,0x9f,0xe7,0x9f,0xe7,0x9f,0xe7,0x9f,0xe7,0xbf,0xef,0xdf,0xff,0x7f,0xdf,
    0x9f,0xe7,0x7f,0xe7,0x7f,0xdf,0xdf,0xff,0x9f,0xe7,0x7f,0xdf,0x5f,0xdf,0x7f,0xdf,
    0x7f,0xdf,0x7f,0xdf,0x7f,0xdf,0x7f,0xdf,0x7f,0xdf,0x7f,0xdf,0x7f,0xdf,0x7f,0xdf,
    0x7f,0xe7,0x7f,0xe7,0x7f,0xe7,0x7f,0xe7,0x7f,0xe7,0x7f,0xe7,0x7f,0xe7,0x7f,0xe7,
    0x7f,0xe7,0x7f,0xe7,0x7f,0xe7,0x7f,0xe7,0x7f,0xe7,0x7f,0xe7,0x7f,0xe7,0x7f,0xe7,
    0x7f,0xe7,0x7f,0xe7,0x7f,0xe7,0x7f,0xe7,0x7f,0xe7,0x9f,0xe7,0x9f,0xe7,0x9f,0xe7,
    0x9f,0xe7,0x9f,0xe7,0x9f,0xe7,0x9f,0xe7,0x7f,0xe7,0x7f,0xe7,0x9f,0xe7,0x9f,0xe7,
    0x9f,0xe7,0x9f,0xe7,0xbf,0xef,0xdf,0xff,0x7f,0xdf,0x9f,0xe7,0x7f,0xe7,0x7f,0xdf,
    0xdf,0xff,0x9f,0xe7,0x7f,0xdf,0x5f,0xdf,0x7f,0xdf,0x7f,0xdf,0x7f,0xdf,0x7f,0xdf,
    0x7f,0xdf,0x7f,0xdf,0x7f,0xdf,0x7f,0xdf,0x7f,0xdf,0x7f,0xdf,0x7f,0xdf,0x7f,0xdf,
    0x7f,0xdf,0x7f,0xe7,0x7f,0xe7,0x7f,0xe7,0x7f,0xe7,0x7f,0xe7,0x7f,0xe7,0x7f,0xe7,
    0x7f,0xe7,0x7f,0xe7,0x7f,0xe7,0x7f,0xe7,0x7f,0xe7,0x7f,0xe7,0x7f,0xe7,0x7f,0xe7,
    0x7f,0xe7,0x7f,0xe7,0x7f,0xe7,0x9f,0xe7,0x9f,0xe7,0x9f,0xe7,0x9f,0xe7,0x9f,0xe7,
    0x9f,0xe7,0x7f,0xe7,0x7f,0xe7,0x9f,0xe7,0x9f,0xe7,0x9f,0xe7,0x9f,0xe7,0xbf,0xef,
    0xdf,0xff,0x7f,0xdf,0x9f,0xe7,0x7f,0xe7,0x7f,0xdf,0xdf,0xff,0x9f,0xe7,0x5f,0xdf,
    0x5f,0xdf,0x7f,0xdf,0x7f,0xdf,0x5f,0xdf,0x5f,0xdf,0x7f,0xdf,0x7f,0xdf,0x7f,0xdf,
    0x7f,0xdf,0x7f,0xdf,0x7f,0xdf,0x7f,0xdf,0x7f,0xdf,0x7f,0xe7,0x7f,0xe7,0x7f,0xe7,
    0x7f,0xe7,0x7f,0xe7,0x7f,0xe7,0x7f,0xe7,0x7f,0xe7,0x7f,0xe7,0x7f,0xe7,0x7f,0xe7,
    0x7f,0xe7,0x7f,0xe7,0x7f,0xe7,0x7f,0xe7,0x7f,0xe7,0x7f,0xe7,0x7f,0xe7,0x7f,0xe7,
    0x9f,0xe7,0x9f,0xe7,0x9f,0xe7,0x9f,0xe7,0x9f,0xe7,0x9f,0xe7,0x7f,0xe7,0x7f,0xe7,
    0x9f,0xe7,0x9f,0xe7,0x9f,0xe7,0x9f,0xe7,0xbf,0xef,0xdf,0xff,0x7f,0xdf,0x9f,0xe7,
    0x7f,0xe7,0x7f,0xdf,0xdf,0xff,0x7f,0xe7,0x5f,0xdf,0x5f,0xdf,0x5f,0xdf,0x5f,0xdf,
    0x5f,0xdf,0x7f,0xdf,0x7f,0xdf,0x7f,0xdf,0x7f,0xdf,0x7f,0xdf,0x7f,0xdf,0x7f,0xdf,
    0x7f,0xdf,0x7f,0xdf,0x7f,0xe7,0x7f,0xe7,0x7f,0xe7,0x7f,0xe7,0x7f,0xe7,0x7f,0xe7,
    0x7f,0xe7,0x7f,0xe7,0x7f,0xe7,0x7f,0xe7,0x7f,0xe7,0x7f,0xe7,0x7f,0xe7,0x7f,0xe7,
    0x7f,0xe7,0x7f,0xe7,0x7f,0xe7,0x7f,0xe7,0x7f,0xe7,0x9f,0xe7,0x9f,0xe7,0x9f,0xe7,
    0x9f,0xe7,0x9f,0xe7,0x9f,0xe7,0x9f,0xe7,0x7f,0xe7,0x9f,0xe7,0x9f,0xe7,0x9f,0xe7,
    0x9f,0xe7,0x9f,0xef,0xdf,0xff,0x7f,0xdf,0x9f,0xe7,0x7f,0xe7,0x7f,0xdf,0xdf,0xff,
    0x7f,0xe7,0x5f,0xdf,0x5f,0xdf,0x5f,0xdf,0x5f,0xdf,0x5f,0xdf,0x5f,0xdf,0x5f,0xdf,
    0x5f,0xdf,0x5f,0xdf,0x5f,0xdf,0x7f,0xdf,0x7f,0xdf,0x7f,0xdf,0x7f,0xdf,0x7f,0xdf,
    0x7f,0xdf,0x7f,0xe7,0x7f,0xe7,0x7f,0xe7,0x7f,0xe7,0x7f,0xe7,0x7f,0xe7,0x7f,0xe7,
    0x7f,0xe7,0x7f,0xe7,0x7f,0xe7,0x7f,0xe7,0x7f,0xe7,0x7f,0xe7,0x7f,0xe7,0x7f,0xe7,
    0x7f,0xe7,0x7f,0xe7,0x9f,0xe7,0x9f,0xe7,0x9f,0xe7,0x9f,0xe7,0x9f,0xe7,0x9f,0xe7,
    0x7f,0xe7,0x7f,0xe7,0x9f,0xe7,0x9f,0xe7,0x9f,0xe7,0x9f,0xe7,0xbf,0xef,0xdf,0xff,
    0x7f,0xdf,0x9f,0xe7,0x7f,0xe7,0x7f,0xdf,0xdf,0xff,0x7f,0xe7,0x5f,0xdf,0x5f,0xdf,
    0x5f,0xdf,0x5f,0xdf,0x5f,0xdf,0x5f,0xdf,0x5f,0xdf,0x5f,0xdf,0x5f,0xdf,0x7f,0xdf,
    0x7f,0xdf,0x7f,0xdf,0x7f,0xdf,0x7f,0xdf,0x7f,0xdf,0x7f,0xdf,0x7f,0xe7,0x7f,0xe7,
    0x7f,0xe7,0x7f,0xe7,0x7f,0xe7,0x7f,0xe7,0x7f,0xe7,0x7f,0xe7,0x7f,0xe7,0x7f,0xe7,
    0x7f,0xe7,0x7f,0xe7,0x7f,0xe7,0x7f,0xe7,0x9f,0xe7,0x9f,0xe7,0x9f,0xe7,0x9f,0xe7,
    0x9f,0xe7,0x9f,0xe7,0x9f,0xe7,0x7f,0xe7,0x7f,0xe7,0x9f,0xe7,0x9f,0xe7,0x9f,0xe7,
    0x9f,0xe7,0x9f,0xe7,0x9f,0xe7,0xbf,0xef,0xdf,0xff,0x7f,0xdf,0x9f,0xe7,0x7f,0xe7,
    0x7f,0xdf,0xdf,0xf7,0x7f,0xe7,0x7f,0xdf,0x5f,0xdf,0x5f,0xdf,0x5f,0xdf,0x5f,0xdf,
    0x5f,0xdf,0x5f,0xdf,0x5f,0xdf,0x5f,0xdf,0x7f,0xdf,0x7f,0xdf,0x7f,0xdf,0x7f,0xdf,
    0x7f,0xdf,0x7f,0xdf,0x7f,0xdf,0x7f,0xdf,0x7f,0xe7,0x7f,0xe7,0x7f,0xe7,0x7f,0xe7,
    0x7f,0xe7,0x7f,0xe7,0x7f,0xe7,0x7f,0xe7,0x7f,0xe7,0x7f,0xe7,0x7f,0xe7,0x7f,0xe7,
    0x7f,0xe7,0x9f,0xe7,0x9f,0xe7,0x9f,0xe7,0x9f,0xe7,0x9f,0xe7,0x9f,0xe7,0x9f,0xe7,
    0x9f,0xe7,0x9f,0xe7,0x9f,0xe7,0x9f,0xe7,0x9f,0xe7,0x9f,0xe7,0x9f,0xe7,0x9f,0xe7,
    0xbf,0xef,0xdf,0xff,0x7f,0xdf,0x9f,0xe7,0x7f,0xe7,0x7f,0xdf,0xdf,0xff,0x7f,0xe7,
    0x7f,0xdf,0x5f,0xdf,0x5f,0xdf,0x5f,0xdf,0x5f,0xdf,0x5f,0xdf,0x5f,0xdf,0x5f,0xdf,
    0x5f,0xdf,0x5f,0xdf,0x7f,0xdf,0x7f,0xdf,0x7f,0xdf,0x7f,0xdf,0x7f,0xdf,0x7f,0xdf,
    0x7f,0xdf,0x7f,0xdf,0x7f,0xe7,0x7f,0xe7,0x7f,0xe7,0x7f,0xe7,0x7f,0xe7,0x7f,0xe7,
    0x7f,0xe7,0x7f,0xe7,0x7f,0xe7,0x7f,0xe7,0x7f,0xe7,0x7f,0xe7,0x9f,0xe7,0x9f,0xe7,
    0x9f,0xe7,0x9f,0xe7,0x9f,0xe7,0x9f,0xe7,0x9f,0xe7,0x9f,0xe7,0x9f,0xe7,0x9f,0xe7,
    0x9f,0xe7,0x9f,0xe7,0x9f,0xe7,0x9f,0xe7,0x9f,0xe7,0xbf,0xef,0xdf,0xff,0x7f,0xdf,
    0x9f,0xe7,0x7f,0xe7,0x7f,0xdf,0xdf,0xff,0x7f,0xe7,0x7f,0xdf,0x5f,0xdf,0x5f,0xdf,
    0x5f,0xdf,0x5f,0xdf,0x5f,0xdf,0x5f,0xdf,0x5f,0xdf,0x7f,0xdf,0x7f,0xdf,0x7f,0xdf,
    0x7f,0xdf,0x7f,0xdf,0x7f,0xdf,0x7f,0xdf,0x7f,0xdf,0x7f,0xe7,0x7f,0xe7,0x7f,0xe7,
    0x7f,0xe7,0x7f,0xe7,0x7f,0xe7,0x7f,0xe7,0x7f,0xe7,0x7f,0xe7,0x7f,0xe7,0x7f,0xe7,
    0x7f,0xe7,0x7f,0xe7,0x7f,0xe7,0x9f,0xe7,0x9f,0xe7,0x9f,0xe7,0x9f,0xe7,0x9f,0xe7,
    0x9f,0xe7,0x9f,0xe7,0x9f,0xe7,0x9f,0xe7,0x9f,0xe7,0x9f,0xe7,0x9f,0xe7,0x7f,0xe7,
    0x9f,0xe7,0x9f,0xe7,0xbf,0xef,0xff,0xff,0x7f,0xdf,0x9f,0xe7,0x9f,0xe7,0x7f,0xdf,
    0xdf,0xff,0x7f,0xe7,0x7f,0xdf,0x7f,0xdf,0x7f,0xdf,0x5f,0xdf,0x5f,0xdf,0x5f,0xdf,
    0x7f,0xdf,0x7f,0xdf,0x7f,0xdf,0x7f,0xdf,0x7f,0xdf,0x7f,0xdf,0x7f,0xdf,0x7f,0xdf,
    0x7f,0xdf,0x7f,0xdf,0x7f,0xdf,0x7f,0xe7,0x7f,0xe7,0x7f,0xe7,0x7f,0xe7,0x7f,0xe7,
    0x7f,0xe7,0x7f,0xe7,0x7f,0xe7,0x7f,0xe7,0x9f,0xe7,0x7f,0xe7,0x7f,0xe7,0x7f,0xe7,
    0x7f,0xe7,0x9f,0xe7,0x9f,0xe7,0x9f,0xe7,0x7f,0xe7,0x9f,0xe7,0x9f,0xe7,0x9f,0xe7,
    0x9f,0xe7,0x9f,0xe7,0x9f,0xe7,0x9f,0xe7,0x9f,0xe7,0x9f,0xe7,0x9f,0xe7,0xbf,0xef,
    0xff,0xff,0x7f,0xdf,0x9f,0xe7,0x9f,0xe7,0x7f,0xdf,0xdf,0xff,0x9f,0xe7,0x7f,0xdf,
    0x7f,0xdf,0x7f,0xdf,0x5f,0xdf,0x7f,0xdf,0x7f,0xdf,0x7f,0xdf,0x7f,0xdf,0x7f,0xdf,
    0x7f,0xdf,0x7f,0xdf,0x7f,0xdf,0x7f,0xdf,0x7f,0xdf,0x7f,0xdf,0x7f,0xe7,0x7f,0xe7,
    0x7f,0xe7,0x7f,0xe7,0x7f,0xe7,0x7f,0xe7,0x7f,0xe7,0x7f,0xe7,0x7f,0xe7,0x7f,0xe7,
    0x7f,0xe7,0x7f,0xe7,0x9f,0xe7,0x9f,0xe7,0x9f,0xe7,0x9f,0xe7,0x9f,0xe7,0x9f,0xe7,
    0x9f,0xe7,0x7f,0xe7,0x9f,0xe7,0x9f,0xe7,0x9f,0xe7,0x9f,0xe7,0x9f,0xe7,0x9f,0xe7,
    0x9f,0xe7,0x9f,0xe7,0x9f,0xe7,0x9f,0xe7,0xbf,0xef,0xff,0xff,0x5f,0xd7,0x9f,0xe7,
    0x9f,0xe7,0x5f,0xdf,0xdf,0xff,0x9f,0xe7,0x7f,0xe7,0x7f,0xdf,0x7f,0xdf,0x7f,0xdf,
    0x7f,0xdf,0x7f,0xdf,0x7f,0xdf,0x7f,0xdf,0x7f,0xdf,0x7f,0xdf,0x7f,0xdf,0x7f,0xdf,
    0x7f,0xdf,0x7f,0xdf,0x7f,0xe7,0x7f,0xe7,0x7f,0xe7,0x7f,0xe7,0x7f,0xe7,0x7f,0xe7,
    0x7f,0xe7,0x7f,0xe7,0x7f,0xe7,0x7f,0xe7,0x9f,0xe7,0x9f,0xe7,0x9f,0xe7,0x7f,0xe7,
    0x7f,0xe7,0x7f,0xe7,0x9f,0xe7,0x9f,0xe7,0x9f,0xe7,0x9f,0xe7,0x7f,0xe7,0x9f,0xe7,
    0x9f,0xe7,0x9f,0xe7,0x9f,0xe7,0x9f,0xe7,0x9f,0xe7,0x9f,0xe7,0x7f,0xe7,0x7f,0xe7,
    0x9f,0xe7,0xbf,0xef,0xdf,0xff,0x5f,0xd7,0x9f,0xe7,0x7f,0xe7,0x5f,0xd7,0xff,0xff,
    0x9f,0xef,0x7f,0xe7,0x7f,0xe7,0x7f,0xdf,0x7f,0xdf,0x7f,0xdf,0x7f,0xdf,0x7f,0xdf,
    0x7f,0xdf,0x7f,0xdf,0x7f,0xdf,0x7f,0xe7,0x7f,0xe7,0x7f,0xe7,0x7f,0xe7,0x7f,0xe7,
    0x7f,0xe7,0x7f,0xe7,0x7f,0xe7,0x7f,0xe7,0x7f,0xe7,0x7f,0xe7,0x7f,0xe7,0x9f,0xe7,
    0x9f,0xe7,0x9f,0xe7,0x9f,0xe7,0x9f,0xe7,0x9f,0xe7,0x9f,0xe7,0x9f,0xe7,0x9f,0xe7,
    0x9f,0xe7,0x9f,0xe7,0x9f,0xe7,0x9f,0xe7,0x9f,0xe7,0x9f,0xe7,0x9f,0xe7,0x9f,0xe7,
    0x7f,0xe7,0x9f,0xe7,0x9f,0xe7,0x7f,0xe7,0x9f,0xe7,0x9f,0xe7,0xbf,0xef,0xdf,0xf7,
    0x3f,0xcf,0x9f,0xe7,0x7f,0xe7,0x3f,0xd7,0xff,0xff,0xbf,0xef,0x9f,0xe7,0x7f,0xe7,
    0x7f,0xe7,0x7f,0xe7,0x7f,0xdf,0x7f,0xdf,0x7f,0xe7,0x7f,0xe7,0x7f,0xe7,0x7f,0xe7,
    0x7f,0xe7,0x7f,0xe7,0x7f,0xe7,0x7f,0xe7,0x7f,0xe7,0x7f,0xe7,0x9f,0xe7,0x9f,0xe7,
    0x9f,0xe7,0x9f,0xe7,0x9f,0xe7,0x9f,0xe7,0x9f,0xe7,0x9f,0xe7,0x9f,0xe7,0x9f,0xe7,
    0x9f,0xe7,0x9f,0xe7,0x9f,0xe7,0x9f,0xe7,0x9f,0xe7,0x9f,0xe7,0x9f,0xe7,0x9f,0xe7,
    0x9f,0xe7,0x9f,0xe7,0x7f,0xe7,0x7f,0xe7,0x9f,0xe7,0x9f,0xe7,0x7f,0xe7,0x7f,0xe7,
    0x7f,0xe7,0x9f,0xe7,0x9f,0xe7,0xbf,0xef,0xdf,0xf7,0x3f,0xcf,0x9f,0xe7,0x9f,0xe7,
    0x5f,0xd7,0xdf,0xf7,0xbf,0xf7,0x9f,0xe7,0x7f,0xe7,0x7f,0xe7,0x7f,0xe7,0x7f,0xe7,
    0x7f,0xe7,0x7f,0xe7,0x7f,0xe7,0x7f,0xe7,0x7f,0xe7,0x7f,0xe7,0x7f,0xe7,0x7f,0xe7,
    0x7f,0xe7,0x9f,0xe7,0x9f,0xe7,0x9f,0xe7,0x9f,0xe7,0x9f,0xe7,0x9f,0xe7,0x9f,0xe7,
    0x9f,0xe7,0x9f,0xe7,0x9f,0xe7,0x9f,0xe7,0x9f,0xe7,0x9f,0xe7,0x9f,0xe7,0x9f,0xe7,
    0x9f,0xe7,0x9f,0xe7,0x9f,0xe7,0x9f,0xe7,0x9f,0xe7,0x9f,0xe7,0x9f,0xe7,0x9f,0xe7,
    0x9f,0xe7,0x9f,0xe7,0x9f,0xe7,0x9f,0xe7,0x9f,0xe7,0x9f,0xe7,0x9f,0xe7,0xbf,0xef,
    0xdf,0xf7,0xbf,0xef,0x3f,0xcf,0x7f,0xe7,0x9f,0xe7,0x7f,0xe7,0xbf,0xe7,0xdf,0xf7,
    0xbf,0xef,0x9f,0xe7,0x9f,0xe7,0x7f,0xe7,0x7f,0xe7,0x7f,0xe7,0x7f,0xe7,0x7f,0xe7,
    0x7f,0xe7,0x7f,0xe7,0x7f,0xe7,0x7f,0xe7,0x7f,0xe7,0x9f,0xe7,0x9f,0xe7,0x9f,0xe7,
    0x9f,0xe7,0x9f,0xe7,0x9f,0xe7,0x9f,0xe7,0x9f,0xe7,0x9f,0xe7,0x9f,0xe7,0x9f,0xe7,
    0x9f,0xe7,0x9f,0xe7,0x9f,0xe7,0x9f,0xe7,0x9f,0xe7,0x9f,0xe7,0x9f,0xe7,0x9f,0xe7,
    0x9f,0xe7,0x9f,0xe7,0x9f,0xe7,0x9f,0xe7,0x9f,0xe7,0x9f,0xe7,0x9f,0xe7,0x9f,0xe7,
    0x9f,0xe7,0x9f,0xe7,0x9f,0xe7,0xbf,0xef,0xbf,0xef,0xdf,0xf7,0x9f,0xe7,0x5f,0xdf,
    0x7f,0xe7,0x9f,0xef,0x9f,0xe7,0x9f,0xe7,0xdf,0xf7,0xdf,0xf7,0xbf,0xef,0x9f,0xe7,
    0x9f,0xe7,0x9f,0xe7,0x9f,0xe7,0x9f,0xe7,0x9f,0xe7,0x9f,0xe7,0x9f,0xe7,0x9f,0xe7,
    0x9f,0xe7,0x9f,0xe7,0x9f,0xe7,0x9f,0xe7,0x9f,0xe7,0x9f,0xe7,0x9f,0xe7,0x9f,0xe7,
    0x9f,0xe7,0x9f,0xe7,0x9f,0xe7,0x9f,0xe7,0x9f,0xe7,0x9f,0xe7,0x9f,0xe7,0x9f,0xe7,
    0x9f,0xe7,0x9f,0xe7,0x9f,0xe7,0x9f,0xe7,0x9f,0xe7,0x9f,0xe7,0x9f,0xe7,0x9f,0xe7,
    0x9f,0xe7,0x9f,0xe7,0x9f,0xe7,0x9f,0xe7,0x9f,0xe7,0x9f,0xe7,0x9f,0xe7,0xbf,0xef,
    0xbf,0xef,0xdf,0xf7,0xbf,0xef,0xbf,0xef,0x7f,0xe7,0x9f,0xef,0xbf,0xf7,0x5f,0xdf,
    0xbf,0xef,0x9f,0xe7,0xdf,0xf7,0xdf,0xf7,0xbf,0xef,0x9f,0xe7,0x9f,0xe7,0x9f,0xe7,
    0x9f,0xe7,0x9f,0xe7,0x9f,0xe7,0x9f,0xe7,0x9f,0xe7,0x9f,0xe7,0x9f,0xe7,0x9f,0xe7,
    0x9f,0xe7,0x9f,0xe7,0x9f,0xe7,0x9f,0xe7,0x9f,0xe7,0x9f,0xe7,0x9f,0xe7,0x9f,0xe7,
    0x9f,0xe7,0x9f,0xe7,0x9f,0xe7,0x9f,0xe7,0x9f,0xe7,0x9f,0xe7,0x9f,0xe7,0x9f,0xe7,
    0x9f,0xe7,0x9f,0xe7,0x9f,0xe7,0x9f,0xe7,0x9f,0xe7,0x9f,0xe7,0x9f,0xe7,0x9f,0xe7,
    0x9f,0xe7,0x9f,0xe7,0x9f,0xe7,0xbf,0xef,0xbf,0xef,0xdf,0xf7,0xbf,0xef,0x9f,0xe7,
    0xdf,0xf7,0x5f,0xdf,0xbf,0xf7,0xdf,0xff,0x7f,0xe7,0x7f,0xe7,0xbf,0xef,0x7f,0xe7,
    0xdf,0xf7,0xdf,0xf7,0xbf,0xef,0x9f,0xef,0x9f,0xe7,0x9f,0xe7,0x9f,0xe7,0x9f,0xe7,
    0x9f,0xe7,0x9f,0xe7,0x9f,0xe7,0x9f,0xe7,0x9f,0xe7,0x9f,0xe7,0x9f,0xe7,0xbf,0xef,
    0xbf,0xef,0xbf,0xef,0xbf,0xef,0xbf,0xef,0xbf,0xef,0xbf,0xef,0xbf,0xef,0xbf,0xef,
    0xbf,0xef,0xbf,0xef,0xbf,0xef,0xbf,0xe7,0xbf,0xe7,0xbf,0xef,0xbf,0xe7,0xbf,0xe7,
    0xbf,0xe7,0xbf,0xe7,0xbf,0xe7,0x9f,0xe7,0x9f,0xe7,0x9f,0xe7,0xbf,0xef,0xbf,0xef,
    0xbf,0xef,0xdf,0xf7,0xbf,0xef,0x7f,0xdf,0xdf,0xf7,0x7f,0xe7,0x9f,0xe7,0xdf,0xff,
    0xff,0xff,0xbf,0xef,0x3f,0xdf,0x9f,0xe7,0xbf,0xef,0x7f,0xdf,0xbf,0xf7,0xdf,0xff,
    0xdf,0xf7,0xdf,0xf7,0xbf,0xf7,0xbf,0xef,0xbf,0xef,0xbf,0xf7,0xdf,0xf7,0xdf,0xf7,
    0xdf,0xf7,0xdf,0xf7,0xdf,0xf7,0xdf,0xf7,0xdf,0xf7,0xdf,0xf7,0xdf,0xf7,0xdf,0xf7,
    0xdf,0xf7,0xdf,0xf7,0xdf,0xf7,0xdf,0xf7,0xdf,0xf7,0xdf,0xf7,0xdf,0xf7,0xdf,0xf7,
    0xdf,0xf7,0xdf,0xf7,0xdf,0xf7,0xdf,0xf7,0xdf,0xf7,0xdf,0xf7,0xdf,0xf7,0xdf,0xf7,
    0xdf,0xf7,0xdf,0xf7,0xdf,0xf7,0xdf,0xf7,0xdf,0xf7,0xdf,0xf7,0x9f,0xe7,0x7f,0xdf,
    0xdf,0xf7,0x7f,0xe7,0x5f,0xe7,0xbf,0xf7,0xff,0xff,0xff,0xff,0xdf,0xf7,0x9f,0xef,
    0x3f,0xd7,0x7f,0xe7,0xdf,0xf7,0x9f,0xe7,0x7f,0xdf,0x9f,0xe7,0xbf,0xef,0xbf,0xef,
    0xbf,0xef,0xbf,0xef,0x9f,0xef,0x9f,0xef,0x9f,0xef,0x9f,0xef,0x9f,0xef,0x9f,0xef,
    0x9f,0xef,0xbf,0xef,0xbf,0xef,0xbf,0xef,0x9f,0xef,0x9f,0xef,0xbf,0xef,0xbf,0xef,
    0xbf,0xef,0xbf,0xef,0xbf,0xef,0xbf,0xef,0xbf,0xef,0xbf,0xef,0xbf,0xef,0xbf,0xef,
    0xbf,0xef,0xbf,0xef,0xbf,0xef,0xbf,0xef,0x9f,0xef,0x9f,0xe7,0x9f,0xe7,0x9f,0xe7,
    0x9f,0xe7,0x7f,0xdf,0x7f,0xdf,0x9f,0xe7,0xdf,0xf7,0x7f,0xe7,0x5f,0xdf,0xbf,0xef,
    0xff,0xff,0xff,0xff,0xff,0xff,0xff,0xff,0xdf,0xf7,0x9f,0xe7,0x3f,0xdf,0x5f,0xdf,
    0xbf,0xef,0xbf,0xef,0x9f,0xe7,0x9f,0xe7,0x9f,0xe7,0x9f,0xe7,0x9f,0xe7,0x9f,0xe7,
    0x9f,0xe7,0x9f,0xe7,0x9f,0xe7,0x9f,0xe7,0x9f,0xe7,0x9f,0xe7,0x9f,0xe7,0x9f,0xe7,
    0x9f,0xe7,0x9f,0xe7,0x9f,0xe7,0x9f,0xe7,0x9f,0xe7,0x9f,0xe7,0xbf,0xe7,0x9f,0xe7,
    0xbf,0xe7,0x9f,0xe7,0x9f,0xe7,0x9f,0xe7,0xbf,0xe7,0x9f,0xe7,0x9f,0xe7,0x9f,0xe7,
    0x9f,0xe7,0x9f,0xe7,0x9f,0xe7,0x9f,0xe7,0x9f,0xe7,0x9f,0xe7,0x9f,0xe7,0xbf,0xef,
    0xbf,0xef,0x3f,0xd7,0x5f,0xdf,0x9f,0xef,0xdf,0xff,0xff,0xff,0xff,0xff,0xff,0xff,
    0xff,0xff,0xff,0xff,0xdf,0xf7,0x9f,0xef,0x5f,0xdf,0x3f,0xd7,0x1f,0xcf,0x5f,0xdf,
    0x9f,0xe7,0x9f,0xe7,0x9f,0xef,0x9f,0xef,0xbf,0xef,0xbf,0xef,0x9f,0xef,0xbf,0xef,
    0xbf,0xef,0xbf,0xef,0x9f,0xef,0x9f,0xe7,0x9f,0xef,0x9f,0xef,0x9f,0xef,0xbf,0xef,
    0xbf,0xef,0xbf,0xef,0xbf,0xef,0xbf,0xef,0xbf,0xef,0x9f,0xef,0xbf,0xef,0x9f,0xef,
    0x9f,0xe7,0x9f,0xef,0x9f,0xef,0x9f,0xef,0x9f,0xef,0x9f,0xef,0x9f,0xef,0x9f,0xe7,
    0x9f,0xe7,0x9f,0xe7,0x7f,0xdf,0x3f,0xd7,0x1f,0xcf,0x3f,0xd7,0x7f,0xe7,0xbf,0xef,
    0xdf,0xff,0xff,0xff,0xff,0xff,0xff,0xff,0xff,0xff,0xff,0xff,0xff,0xff,0xff,0xff,
    0xff,0xff,0xff,0xff,0xff,0xff,0xff,0xff,0xff,0xff,0xff,0xff,0xff,0xff,0xff,0xff,
    0xff,0xff,0xff,0xff,0xff,0xff,0xff,0xff,0xff,0xff,0xff,0xff,0xff,0xff,0xff,0xff,
    0xff,0xff,0xff,0xff,0xff,0xff,0xff,0xff,0xff,0xff,0xff,0xff,0xff,0xff,0xff,0xff,
    0xff,0xff,0xff,0xff,0xff,0xff,0xff,0xff,0xff,0xff,0xff,0xff,0xff,0xff,0xff,0xff,
    0xff,0xff,0xff,0xff,0xff,0xff,0xff,0xff,0xff,0xff,0xff,0xff,0xff,0xff,0xff,0xff,
    0xff,0xff,0xff,0xff,0xff,0xff,0xff,0xff,0xff,0xff,0xff,0xff,0xff,0xff,0xff,0xff,
    0xff,0xff,0xff,0xff,0xff,0xff,0xff,0xff,0xff,0xff,0xff,0xff,0xff,0xff,0xff,0xff,
    0xff,0xff,0xff,0xff,0xff,0xff,0xff,0xff,0xff,0xff,0xff,0xff,0xff,0xff,0xff,0xff,
    0xff,0xff,0xff,0xff,0xff,0xff,0xff,0xff,0xff,0xff,0xff,0xff,0xff,0xff,0xff,0xff,
    0xff,0xff,0xff,0xff,0xff,0xff,0xff,0xff,0xff,0xff,0xff,0xff,0xff,0xff,0xff,0xff,
    0xff,0xff,0xff,0xff,0xff,0xff,0xff,0xff,0xff,0xff,0xff,0xff,0xff,0xff,0xff,0xff,
    0xff,0xff,0xff,0xff,0xff,0xff,0xff,0xff,0xff,0xff,0xff,0xff,0xff,0xff,0xff,0xff,
    0xff,0xff,0xff,0xff,0xff,0xff,0xff,0xff,0xff,0xff,0xff,0xff,0xff,0xff,0xff,0xff,
    0xff,0xff,0xff,0xff,0xff,0xff,0xff,0xff,0xff,0xff,0xff,0xff,0xff,0xff,0xff,0xff,
    0xff,0xff,0xff,0xff,0xff,0xff,0xff,0xff,0xff,0xff,0xff,0xff,0xff,0xff,0xff,0xff,
    0xff,0xff,0xff,0xff,0xff,0xff,0xff,0xff,0xff,0xff,0xff,0xff,0xff,0xff,0xff,0xff,
    0xff,0xff,0xff,0xff,0xff,0xff,0xff,0xff,0xff,0xff,0xff,0xff,0xff,0xff,0xff,0xff,
    0xff,0xff,0xff,0xff,0xff,0xff,0xff,0xff,0xff,0xff,0xff,0xff,0xff,0xff,0xff,0xff,
    0xff,0xff,0xff,0xff,0xff,0xff,0xff,0xff,0xff,0xff,0xff,0xff,0xff,0xff,0xff,0xff,
    0xff,0xff,0xff,0xff,0xff,0xff,0xff,0xff,0xff,0xff,0xff,0xff,0xff,0xff,0xff,0xff,
    0xff,0xff,0xff,0xff,0xff,0xff,0xff,0xff,0xff,0xff,0xff,0xff,0xff,0xff,0xff,0xff,
    0xff,0xff,0xff,0xff,0xff,0xff,0xff,0xff,0xff,0xff,0xff,0xff,0xff,0xff,0xff,0xff,
    0xff,0xff,0xff,0xff,0xff,0xff,0xff,0xff,0xff,0xff,0xff,0xff,0xff,0xff,0xff,0xff,
    0xff,0xff,0xff,0xff,0xff,0xff,0xff,0xff,0xff,0xff,0xff,0xff,0xff,0xff,0xff,0xff,
    0xff,0xff,0xff,0xff,0xff,0xff,0xff,0xff,0xff,0xff,0xff,0xff,0xff,0xff,0xff,0xff,
    0xff,0xff,0xff,0xff,0xff,0xff,0xff,0xff,0xff,0xff,0xff,0xff,0xff,0xff,0xff,0xff,
    0xff,0xff,0xff,0xff,0xff,0xff,0xff,0xff,0xff,0xff,0xff,0xff,0xff,0xff,0xff,0xff,
    0xff,0xff,0xff,0xff,0xff,0xff,0xff,0xff,0xff,0xff,0xff,0xff,0xff,0xff,0xff,0xff,
    0xff,0xff,0xff,0xff,0xff,0xff,0xff,0xff,0xff,0xff,0xff,0xff,0xff,0xff,0xff,0xff,
    0xff,0xff,0xff,0xff,0xff,0xff,0xff,0xff,0xff,0xff,0xff,0xff,0xff,0xff,0xff,0xff,
    0xff,0xff,0xff,0xff,0xff,0xff,0xff,0xff,0xff,0xff,0xff,0xff,0xff,0xff,0xff,0xff,
    0xff,0xff,0xff,0xff,0xff,0xff,0xff,0xff,0xff,0xff,0xff,0xff,0xff,0xff,0xff,0xff,
    0xff,0xff,0xff,0xff,0xff,0xff,0xff,0xff,0xff,0xff,0xff,0xff,0xff,0xff,0xff,0xff,
    0xff,0xff,0xff,0xff,0xff,0xff,0xff,0xff,0xff,0xff,0xff,0xff,0xff,0xff,0xff,0xff,
    0xff,0xff,0xff,0xff,0xff,0xff,0xff,0xff,0xff,0xff,0xff,0xff,0xff,0xff,0xff,0xff,
    0xff,0xff,0xff,0xff,0xff,0xff,0xff,0xff,0xff,0xff,0xff,0xff,0xff,0xff,0xff,0xff,
    0xff,0xff,0xff,0xff,0xff,0xff,0xff,0xff,0xff,0xff,0xff,0xff,0xff,0xff,0xff,0xff,
    0xff,0xff,0xff,0xff,0xff,0xff,0xff,0xff,0xff,0xff,0xff,0xff,0xff,0xff,0xff,0xff,
    0xff,0xff,0xff,0xff,0xff,0xff,0xff,0xff,0xff,0xff,0xff,0xff,0xff,0xff,0xff,0xff,
    0xff,0xff,0xff,0xff,0xff,0xff,0xff,0xff,0xff,0xff,0xff,0xff,0xff,0xff,0xff,0xff,
    0xff,0xff,0xff,0xff,0xff,0xff,0xff,0xff,0xff,0xff,0xff,0xff,0xff,0xff,0xff,0xff,
    0xff,0xff,0xff,0xff,0xff,0xff,0xff,0xff,0xff,0xff,0xff,0xff,0xff,0xff,0xff,0xff,
    0xff,0xff,0xff,0xff,0xff,0xff,0xff,0xff,0xff,0xff,0xff,0xff,0xff,0xff,0xff,0xff,
    0xff,0xff,0xff,0xff,0xff,0xff,0xff,0xff,0xff,0xff,0xff,0xff,0xff,0xff,0xff,0xff,
    0xff,0xff,0xff,0xff,0xff,0xff,0xff,0xff,0xff,0xff,0xff,0xff,0xff,0xff,0xff,0xff,
    0xff,0xff,0xff,0xff,0xff,0xff,0xff,0xff,0xff,0xff,0xff,0xff,0xff,0xff,0xff,0xff,
    0xff,0xff,0xff,0xff,0xff,0xff,0xff,0xff,0xff,0xff,0xff,0xff,0xff,0xff,0xff,0xff,
    0xff,0xff,0xff,0xff,0xff,0xff,0xff,0xff,0xff,0xff,0xff,0xff,0xff,0xff,0xff,0xff,
    0xff,0xff,0xff,0xff,0xff,0xff,0xff,0xff,0xff,0xff,0xff,0xff,0xff,0xff,0xff,0xff,
    0xff,0xff,0xff,0xff,0xff,0xff,0xff,0xff,0xff,0xff,0xff,0xff,0xff,0xff,0xff,0xff,
    0xff,0xff,0xff,0xff,0xff,0xff,0xff,0xff,0xff,0xff,0xff,0xff,0xff,0xff,0xff,0xff,
    0xff,0xff,0xff,0xff,0xff,0xff,0xff,0xff,0xff,0xff,0xff,0xff,0xff,0xff,0xff,0xff,
    0xff,0xff,0xff,0xff,0xff,0xff,0xff,0xff,0xff,0xff,0xff,0xff,0xff,0xff,0xff,0xff,
    0xff,0xff,0xff,0xff,0xff,0xff,0xff,0xff,0xff,0xff,0xff,0xff,0xff,0xff,0xff,0xff,
    0xff,0xff,0xff,0xff,0xff,0xff,0xff,0xff,0xff,0xff,0xff,0xff,0xff,0xff,0xff,0xff,
    0xff,0xff,0xff,0xff,0xff,0xff,0xff,0xff,0xff,0xff,0xff,0xff,0xff,0xff,0xff,0xff,
    0xff,0xff,0xff,0xff,0xff,0xff,0xff,0xff,0xff,0xff,0xff,0xff,0xff,0xff,0xff,0xff,
    0xff,0xff,0xff,0xff,0xff,0xff,0xff,0xff,0xff,0xff,0xff,0xff,0xff,0xff,0xff,0xff,
    0xff,0xff,0xff,0xff,0xff,0xff,0xff,0xff,0xff,0xff,0xff,0xff,0xff,0xff,0xff,0xff,
    0xff,0xff,0xff,0xff,0xff,0xff,0xff,0xff,0xff,0xff,0xff,0xff,0xff,0xff,0xff,0xff,
    0xff,0xff,0xff,0xff,0xff,0xff,0xff,0xff,0xff,0xff,0xff,0xff,0xff,0xff,0xff,0xff,
    0xff,0xff,0xff,0xff,0xff,0xff,0xff,0xff,0xff,0xff,0xff,0xff,0xff,0xff,0xff,0xff,
    0xff,0xff,0xff,0xff,0xff,0xff,0xff,0xff,0xff,0xff,0xff,0xff,0xff,0xff,0xff,0xff,
    0xff,0xff,0xff,0xff,0xff,0xff,0xff,0xff,0xff,0xff,0xff,0xff,0xff,0xff,0xff,0xff,
    0xff,0xff,0xff,0xff,0xff,0xff,0xff,0xff,0xff,0xff,0xff,0xff,0xff,0xff,0xff,0xff,
    0xff,0xff,0xff,0xff,0xff,0xff,0xff,0xff,0xff,0xff,0xff,0xff,0xff,0xff,0xff,0xff,
    0xff,0xff,0xff,0xff,0xff,0xff,0xff,0xff,0xff,0xff,0xff,0xff,0xff,0xff,0xff,0xff,
    0xff,0xff,0xff,0xff,0xff,0xff,0xff,0xff,0xff,0xff,0xff,0xff,0xff,0xff,0xff,0xff,
    0xff,0xff,0xff,0xff,0xff,0xff,0xff,0xff,0xff,0xff,0xff,0xff,0xff,0xff,0xff,0xff,
    0xff,0xff,0xff,0xff,0xff,0xff,0xff,0xff,0xff,0xff,0xff,0xff,0xff,0xff,0xff,0xff,
    0xff,0xff,0xff,0xff,0xff,0xff,0xff,0xff,0xff,0xff,0xff,0xff,0xff,0xff,0xff,0xff,
    0xff,0xff,0xff,0xff,0xff,0xff,0xff,0xff,0xff,0xff,0xff,0xff,0xff,0xff,0xff,0xff,
    0xff,0xff,0xff,0xff,0xff,0xff,0xff,0xff,0xff,0xff,0xff,0xff,0xff,0xff,0xff,0xff,
    0xff,0xff,0xff,0xff,0xff,0xff,0xff,0xff,0xff,0xff,0xff,0xff,0xff,0xff,0xff,0xff,
    0xff,0xff,0xff,0xff,0xff,0xff,0xff,0xff,0xff,0xff,0xff,0xff,0xff,0xff,0xff,0xff,
    0xff,0xff,0xff,0xff,0xff,0xff,0xff,0xff,0xff,0xff,0xff,0xff,0xff,0xff,0xff,0xff,
    0xff,0xff,0xff,0xff,0xff,0xff,0xff,0xff,0xff,0xff,0xff,0xff,0xff,0xff,0xff,0xff,
    0xff,0xff,0xff,0xff,0xff,0xff,0xff,0xff,0xff,0xff,0xff,0xff,0xff,0xff,0xff,0xff,
    0xff,0xff,0xff,0xff,0xff,0xff,0xff,0xff,0xff,0xff,0xff,0xff,0xff,0xff,0xff,0xff,
    0xff,0xff,0xff,0xff,0xff,0xff,0xff,0xff,0xff,0xff,0xff,0xff,0xff,0xff,0xff,0xff,
    0xff,0xff,0xff,0xff,0xff,0xff,0xff,0xff,0xff,0xff,0xff,0xff,0xff,0xff,0xff,0xff,
    0xff,0xff,0xff,0xff,0xff,0xff,0xff,0xff,0xff,0xff,0xff,0xff,0xff,0xff,0xff,0xff,
    0xff,0xff,0xff,0xff,0xff,0xff,0xff,0xff,0xff,0xff,0xff,0xff,0xff,0xff,0xff,0xff,
    0xff,0xff,0xff,0xff,0xff,0xff,0xff,0xff,0xff,0xff,0xff,0xff,0xff,0xff,0xff,0xff,
    0xff,0xff,0xff,0xff,0xff,0xff,0xff,0xff,0xff,0xff,0xff,0xff,0xff,0xff,0xff,0xff,
    0xff,0xff,0xff,0xff,0xff,0xff,0xff,0xff,0xff,0xff,0xff,0xff,0xff,0xff,0xff,0xff,
    0xff,0xff,0xff,0xff,0xff,0xff,0xff,0xff,0xff,0xff,0xff,0xff,0xff,0xff,0xff,0xff,
    0xff,0xff,0xff,0xff,0xff,0xff,0xff,0xff,0xff,0xff,0xff,0xff,0xff,0xff,0xff,0xff,
    0xff,0xff,0xff,0xff,0xff,0xff,0xff,0xff,0xff,0xff,0xff,0xff,0xff,0xff,0xff,0xff,
    0xff,0xff,0xff,0xff,0xff,0xff,0xff,0xff,0xff,0xff,0xff,0xff,0xff,0xff,0xff,0xff,
    0xff,0xff,0xff,0xff,0xff,0xff,0xff,0xff,0xff,0xff,0xff,0xff,0xff,0xff,0xff,0xff,
    0xff,0xff,0xff,0xff,0xff,0xff,0xff,0xff,0xff,0xff,0xff,0xff,0xff,0xff,0xff,0xff,
    0xff,0xff,0xff,0xff,0xff,0xff,0xff,0xff,0xff,0xff,0xff,0xff,0xff,0xff,0xff,0xff,
    0xff,0xff,0xff,0xff,0xff,0xff,0xff,0xff,0xff,0xff,0xff,0xff,0xff,0xff,0xff,0xff,
    0xff,0xff,0xff,0xff,0xff,0xff,0xff,0xff,0xff,0xff,0xff,0xff,0xff,0xff,0xff,0xff,
    0xff,0xff,0xff,0xff,0xff,0xff,0xff,0xff,0xff,0xff,0xff,0xff,0xff,0xff,0xff,0xff,
    0xff,0xff,0xff,0xff,0xff,0xff,0xff,0xff,0xff,0xff,0xff,0xff,0xff,0xff,0xff,0xff,
    0xff,0xff,0xff,0xff,0xff,0xff,0xff,0xff,0xff,0xff,0xff,0xff,0xff,0xff,0xff,0xff,
    0xff,0xff,0xff,0xff,0xff,0xff,0xff,0xff,0xff,0xff,0xff,0xff,0xff,0xff,0xff,0xff,
    0xff,0xff,0xff,0xff,0xff,0xff,0xff,0xff,0xff,0xff,0xff,0xff,0xff,0xff,0xff,0xff,
    0xff,0xff,0xff,0xff,0xff,0xff,0xff,0xff,0xff,0xff,0xff,0xff,0xff,0xff,0xff,0xff,
    0xff,0xff,0xff,0xff,0xff,0xff,0xff,0xff,0xff,0xff,0xff,0xff,0xff,0xff,0xff,0xff,
    0xff,0xff,0xff,0xff,0xff,0xff,0xff,0xff,0xff,0xff,0xff,0xff,0xff,0xff,0xff,0xff,
    0xff,0xff,0xff,0xff,0xff,0xff,0xff,0xff,0xff,0xff,0xff,0xff,0xff,0xff,0xff,0xff,
    0xff,0xff,0xff,0xff,0xff,0xff,0xff,0xff,0xff,0xff,0xff,0xff,0xff,0xff,0xff,0xff,
    0xff,0xff,0xff,0xff,0xff,0xff,0xff,0xff,0xff,0xff,0xff,0xff,0xff,0xff,0xff,0xff,
    0xff,0xff,0xff,0xff,0xff,0xff,0xff,0xff,0xff,0xff,0xff,0xff,0xff,0xff,0xff,0xff,
    0xff,0xff,0xff,0xff,0xff,0xff,0xff,0xff,0xff,0xff,0xff,0xff,0xff,0xff,0xff,0xff,
    0xff,0xff,0xff,0xff,0xff,0xff,0xff,0xff,0xff,0xff,0xff,0xff,0xff,0xff,0xff,0xff,
    0xff,0xff,0xff,0xff,0xff,0xff,0xff,0xff,0xff,0xff,0xff,0xff,0xff,0xff,0xff,0xff,
    0xff,0xff,0xff,0xff,0xff,0xff,0xff,0xff,0xff,0xff,0xff,0xff,0xff,0xff,0xff,0xff,
    0xff,0xff,0xff,0xff,0xff,0xff,0xff,0xff,0xff,0xff,0xff,0xff,0xff,0xff,0xff,0xff,
    0xff,0xff,0xff,0xff,0xff,0xff,0xff,0xff,0xff,0xff,0xff,0xff,0xff,0xff,0xff,0xff,
    0xff,0xff,0xff,0xff,0xff,0xff,0xff,0xff,0xff,0xff,0xff,0xff,0xff,0xff,0xff,0xff,
    0xff,0xff,0xff,0xff,0xff,0xff,0xff,0xff,0xff,0xff,0xff,0xff,0xff,0xff,0xff,0xff,
    0xff,0xff,0xff,0xff,0xff,0xff,0xff,0xff,0xff,0xff,0xff,0xff,0xff,0xff,0xff,0xff,
    0xff,0xff,0xff,0xff,0xff,0xff,0xff,0xff,0xff,0xff,0xff,0xff,0xff,0xff,0xff,0xff,
    0xff,0xff,0xff,0xff,0xff,0xff,0xff,0xff,0xff,0xff,0xff,0xff,0xff,0xff,0xff,0xff,
    0xff,0xff,0xff,0xff,0xff,0xff,0xff,0xff,0xff,0xff,0xff,0xff,0xff,0xff,0xff,0xff,
    0xff,0xff,0xff,0xff,0xff,0xff,0xff,0xff,0xff,0xff,0xff,0xff,0xff,0xff,0xff,0xff,
    0xff,0xff,0xff,0xff,0xff,0xff,0xff,0xff,0xff,0xff,0xff,0xff,0xff,0xff,0xff,0xff,
    0xff,0xff,0xff,0xff,0xff,0xff,0xff,0xff,0xff,0xff,0xff,0xff,0xff,0xff,0xff,0xff,
    0xff,0xff,0xff,0xff,0xff,0xff,0xff,0xff,0xff,0xff,0xff,0xff,0xff,0xff,0xff,0xff,
    0xff,0xff,0xff,0xff,0xff,0xff,0xff,0xff,0xff,0xff,0xff,0xff,0xff,0xff,0xff,0xff,
    0xff,0xff,0xff,0xff,0xff,0xff,0xff,0xff,0xff,0xff,0xff,0xff,0xff,0xff,0xff,0xff,
    0xff,0xff,0xff,0xff,0xff,0xff,0xff,0xff,0xff,0xff,0xff,0xff,0xff,0xff,0xff,0xff,
    0xff,0xff,0xff,0xff,0xff,0xff,0xff,0xff,0xff,0xff,0xff,0xff,0xff,0xff,0xff,0xff,
    0xff,0xff,0xff,0xff,0xff,0xff,0xff,0xff,0xff,0xff,0xff,0xff,0xff,0xff,0xff,0xff,
    0xff,0xff,0xff,0xff,0xff,0xff,0xff,0xff,0xff,0xff,0xff,0xff,0xff,0xff,0xff,0xff,
    0xff,0xff,0xff,0xff,0xff,0xff,0xff,0xff,0xff,0xff,0xff,0xff,0xff,0xff,0xff,0xff,
    0xff,0xff,0xff,0xff,0xff,0xff,0xff,0xff,0xff,0xff,0xff,0xff,0xff,0xff,0xff,0xff,
    0xff,0xff,0xff,0xff,0xff,0xff,0xff,0xff,0xff,0xff,0xff,0xff,0xff,0xff,0xff,0xff,
    0xff,0xff,0xff,0xff,0xff,0xff,0xff,0xff,0xff,0xff,0xff,0xff,0xff,0xff,0xff,0xff,
    0xff,0xff,0xff,0xff,0xff,0xff,0xff,0xff,0xff,0xff,0xff,0xff,0xff,0xff,0xff,0xff,
    0xff,0xff,0xff,0xff,0xff,0xff,0xff,0xff,0xff,0xff,0xff,0xff,0xff,0xff,0xff,0xff,
    0xff,0xff,0xff,0xff,0xff,0xff,0xff,0xff,0xff,0xff,0xff,0xff,0xff,0xff,0xff,0xff,
    0xff,0xff,0xff,0xff,0xff,0xff,0xff,0xff,0xff,0xff,0xff,0xff,0xff,0xff,0xff,0xff,
    0xff,0xff,0xff,0xff,0xff,0xff,0xff,0xff,0xff,0xff,0xff,0xff,0xff,0xff,0xff,0xff,
    0xff,0xff,0xff,0xff,0xff,0xff,0xff,0xff,0xff,0xff,0xff,0xff,0xff,0xff,0xff,0xff,
    0xff,0xff,0xff,0xff,0xff,0xff,0xff,0xff,0xff,0xff,0xff,0xff,0xff,0xff,0xff,0xff,
    0xff,0xff,0xff,0xff,0xff,0xff,0xff,0xff,0xff,0xff,0xff,0xff,0xff,0xff,0xff,0xff,
    0xff,0xff,0xff,0xff,0xff,0xff,0xff,0xff,0xff,0xff,0xff,0xff,0xff,0xff,0xff,0xff,
    0xff,0xff,0xff,0xff,0xff,0xff,0xff,0xff,0xff,0xff,0xff,0xff,0xff,0xff,0xff,0xff,
    0xff,0xff,0xff,0xff,0xff,0xff,0xff,0xff,0xff,0xff,0xff,0xff,0xff,0xff,0xff,0xff,
    0xff,0xff,0xff,0xff,0xff,0xff,0xff,0xff,0xff,0xff,0xff,0xff,0xff,0xff,0xff,0xff,
    0xff,0xff,0xff,0xff,0xff,0xff,0xff,0xff,0xff,0xff,0xff,0xff,0xff,0xff,0xff,0xff,
    0xff,0xff,0xff,0xff,0xff,0xff,0xff,0xff,0xff,0xff,0xff,0xff,0xff,0xff,0xff,0xff,
    0xff,0xff,0xff,0xff,0xff,0xff,0xff,0xff,0xff,0xff,0xff,0xff,0xff,0xff,0xff,0xff,
    0xff,0xff,0xff,0xff,0xff,0xff,0xff,0xff,0xff,0xff,0xff,0xff,0xff,0xff,0xff,0xff,
    0xff,0xff,0xff,0xff,0xff,0xff,0xff,0xff,0xff,0xff,0xff,0xff,0xff,0xff,0xff,0xff,
    0xff,0xff,0xff,0xff,0xff,0xff,0xff,0xff,0xff,0xff,0xff,0xff,0xff,0xff,0xff,0xff,
    0xff,0xff,0xff,0xff,0xff,0xff,0xff,0xff,0xff,0xff,0xff,0xff,0xff,0xff,0xff,0xff,
    0xff,0xff,0xff,0xff,0xff,0xff,0xff,0xff,0xff,0xff,0xff,0xff,0xff,0xff,0xff,0xff,
    0xff,0xff,0xff,0xff,0xff,0xff,0xff,0xff,0xff,0xff,0xff,0xff,0xff,0xff,0xff,0xff,
    0xff,0xff,0xff,0xff,0xff,0xff,0xff,0xff,0xff,0xff,0xff,0xff,0xff,0xff,0xff,0xff,
    0xff,0xff,0xff,0xff,0xff,0xff,0xff,0xff,0xff,0xff,0xff,0xff,0xff,0xff,0xff,0xff,
    0xff,0xff,0xff,0xff,0xff,0xff,0xff,0xff,0xff,0xff,0xff,0xff,0xff,0xff,0xff,0xff,
    0xff,0xff,0xff,0xff,0xff,0xff,0xff,0xff,0xff,0xff,0xff,0xff,0xff,0xff,0xff,0xff,
    0xff,0xff,0xff,0xff,0xff,0xff,0xff,0xff,0xff,0xff,0xff,0xff,0xff,0xff,0xff,0xff,
    0xff,0xff,0xff,0xff,0xff,0xff,0xff,0xff,0xff,0xff,0xff,0xff,0xff,0xff,0xff,0xff,
    0xff,0xff,0xff,0xff,0xff,0xff,0xff,0xff,0xff,0xff,0xff,0xff,0xff,0xff,0xff,0xff,
    0xff,0xff,0xff,0xff,0xff,0xff,0xff,0xff,0xff,0xff,0xff,0xff,0xff,0xff,0xff,0xff,
    0xff,0xff,0xff,0xff,0xff,0xff,0xff,0xff,0xff,0xff,0xff,0xff,0xff,0xff,0xff,0xff,
    0xff,0xff,0xff,0xff,0xff,0xff,0xff,0xff,0xff,0xff,0xff,0xff,0xff,0xff,0xff,0xff,
    0xff,0xff,0xff,0xff,0xff,0xff,0xff,0xff,0xff,0xff,0xff,0xff,0xff,0xff,0xff,0xff,
    0xff,0xff,0xff,0xff,0xff,0xff,0xff,0xff,0xff,0xff,0xff,0xff,0xff,0xff,0xff,0xff,
    0xff,0xff,0xff,0xff,0xff,0xff,0xff,0xff,0xff,0xff,0xff,0xff,0xff,0xff,0xff,0xff,
    0xff,0xff,0xff,0xff,0xff,0xff,0xff,0xff,0xff,0xff,0xff,0xff,0xff,0xff,0xff,0xff,
    0xff,0xff,0xff,0xff,0xff,0xff,0xff,0xff,0xff,0xff,0xff,0xff,0xff,0xff,0xff,0xff,
    0xff,0xff,0xff,0xff,0xff,0xff,0xff,0xff,0xff,0xff,0xff,0xff,0xff,0xff,0xff,0xff,
    0xff,0xff,0xff,0xff,0xff,0xff,0xff,0xff,0xff,0xff,0xff,0xff,0xff,0xff,0xff,0xff,
    0xff,0xff,0xff,0xff,0xff,0xff,0xff,0xff,0xff,0xff,0xff,0xff,0xff,0xff,0xff,0xff,
    0xff,0xff,0xff,0xff,0xff,0xff,0xff,0xff,0xff,0xff,0xff,0xff,0xff,0xff,0xff,0xff,
    0xff,0xff,0xff,0xff,0xff,0xff,0xff,0xff,0xff,0xff,0xff,0xff,0xff,0xff,0xff,0xff,
    0xff,0xff,0xff,0xff,0xff,0xff,0xff,0xff,0xff,0xff,0xff,0xff,0xff,0xff,0xff,0xff,
    0xff,0xff,0xff,0xff,0xff,0xff,0xff,0xff,0xff,0xff,0xff,0xff,0xff,0xff,0xff,0xff,
    0xff,0xff,0xff,0xff,0xff,0xff,0xff,0xff,0xff,0xff,0xff,0xff,0xff,0xff,0xff,0xff,
    0xff,0xff,0xff,0xff,0xff,0xff,0xff,0xff,0xff,0xff,0xff,0xff,0xff,0xff,0xff,0xff,
    0xff,0xff,0xff,0xff,0xff,0xff,0xff,0xff,0xff,0xff,0xff,0xff,0xff,0xff,0xff,0xff,
    0xff,0xff,0xff,0xff,0xff,0xff,0xff,0xff,0xff,0xff,0xff,0xff,0xff,0xff,0xff,0xff,
    0xff,0xff,0xff,0xff,0xff,0xff,0xff,0xff,0xff,0xff,0xff,0xff,0xff,0xff,0xff,0xff,
    0xff,0xff,0xff,0xff,0xff,0xff,0xff,0xff,0xff,0xff,0xff,0xff,0xff,0xff,0xff,0xff,
    0xff,0xff,0xff,0xff,0xff,0xff,0xff,0xff,0xff,0xff,0xff,0xff,0xff,0xff,0xff,0xff,
    0xff,0xff,0xff,0xff,0xff,0xff,0xff,0xff,0xff,0xff,0xff,0xff,0xff,0xff,0xff,0xff,
    0xff,0xff,0xff,0xff,0xff,0xff,0xff,0xff,0xff,0xff,0xff,0xff,0xff,0xff,0xff,0xff,
    0xff,0xff,0xff,0xff,0xff,0xff,0xff,0xff,0xff,0xff,0xff,0xff,0xff,0xff,0xff,0xff,
    0xff,0xff,0xff,0xff,0xff,0xff,0xff,0xff,0xff,0xff,0xff,0xff,0xff,0xff,0xff,0xff,
    0xff,0xff,0xff,0xff,0xff,0xff,0xff,0xff,0xff,0xff,0xff,0xff,0xff,0xff,0xff,0xff,
    0xff,0xff,0xff,0xff,0xff,0xff,0xff,0xff,0xff,0xff,0xff,0xff,0xff,0xff,0xff,0xff,
    0xff,0xff,0xff,0xff,0xff,0xff,0xff,0xff,0xff,0xff,0xff,0xff,0xff,0xff,0xff,0xff,
    0xff,0xff,0xff,0xff,0xff,0xff,0xff,0xff,0xff,0xff,0xff,0xff,0xff,0xff,0xff,0xff,
    0xff,0xff,0xff,0xff,0xff,0xff,0xff,0xff,0xff,0xff,0xff,0xff,0xff,0xff,0xff,0xff,
    0xff,0xff,0xff,0xff,0xff,0xff,0xff,0xff,0xff,0xff,0xff,0xff,0xff,0xff,0xff,0xff,
    0xff,0xff,0xff,0xff,0xff,0xff,0xff,0xff,0xff,0xff,0xff,0xff,0xff,0xff,0xff,0xff,
    0xff,0xff,0xff,0xff,0xff,0xff,0xff,0xff,0xff,0xff,0xff,0xff,0xff,0xff,0xff,0xff,
    0xff,0xff,0xff,0xff,0xff,0xff,0xff,0xff,0xff,0xff,0xff,0xff,0xff,0xff,0xff,0xff,
    0xff,0xff,0xff,0xff,0xff,0xff,0xff,0xff,0xff,0xff,0xff,0xff,0xff,0xff,0xff,0xff,
    0xff,0xff,0xff,0xff,0xff,0xff,0xff,0xff,0xff,0xff,0xff,0xff,0xff,0xff,0xff,0xff,
    0xff,0xff,0xff,0xff,0xff,0xff,0xff,0xff,0xff,0xff,0xff,0xff,0xff,0xff,0xff,0xff,
    0xff,0xff,0xff,0xff,0xff,0xff,0xff,0xff,0xff,0xff,0xff,0xff,0xff,0xff,0xff,0xff,
    0xff,0xff,0xff,0xff,0xff,0xff,0xff,0xff,0xff,0xff,0xff,0xff,0xff,0xff,0xff,0xff,
    0xff,0xff,0xff,0xff,0xff,0xff,0xff,0xff,0xff,0xff,0xff,0xff,0xff,0xff,0xff,0xff,
    0xff,0xff,0xff,0xff,0xff,0xff,0xff,0xff,0xff,0xff,0xff,0xff,0xff,0xff,0xff,0xff,
    0xff,0xff,0xff,0xff,0xff,0xff,0xff,0xff,0xff,0xff,0xff,0xff,0xff,0xff,0xff,0xff,
    0xff,0xff,0xff,0xff,0xff,0xff,0xff,0xff,0xff,0xff,0xff,0xff,0xff,0xff,0xff,0xff,
    0xff,0xff,0xff,0xff,0xff,0xff,0xff,0xff,0xff,0xff,0xff,0xff,0xff,0xff,0xff,0xff,
    0xff,0xff,0xff,0xff,0xff,0xff,0xff,0xff,0xff,0xff,0xff,0xff,0xff,0xff,0xff,0xff,
    0xff,0xff,0xff,0xff,0xff,0xff,0xff,0xff,0xff,0xff,0xff,0xff,0xff,0xff,0xff,0xff,
    0xff,0xff,0xff,0xff,0xff,0xff,0xff,0xff,0xff,0xff,0xff,0xff,0xff,0xff,0xff,0xff,
    0xff,0xff,0xff,0xff,0xff,0xff,0xff,0xff,0xff,0xff,0xff,0xff,0xff,0xff,0xff,0xff,
    0xff,0xff,0xff,0xff,0xff,0xff,0xff,0xff,0xff,0xff,0xff,0xff,0xff,0xff,0xff,0xff,
    0xff,0xff,0xff,0xff,0xff,0xff,0xff,0xff,0xff,0xff,0xff,0xff,0xff,0xff,0xff,0xff,
    0xff,0xff,0xff,0xff,0xff,0xff,0xff,0xff,0xff,0xff,0xff,0xff,0xff,0xff,0xff,0xff,
    0xff,0xff,0xff,0xff,0xff,0xff,0xff,0xff,0xff,0xff,0xff,0xff,0xff,0xff,0xff,0xff,
    0xff,0xff,0xff,0xff,0xff,0xff,0xff,0xff,0xff,0xff,0xff,0xff,0xff,0xff,0xff,0xff,
    0xff,0xff,0xff,0xff,0xff,0xff,0xff,0xff,0xff,0xff,0xff,0xff,0xff,0xff,0xff,0xff,
    0xff,0xff,0xff,0xff,0xff,0xff,0xff,0xff,0xff,0xff,0xff,0xff,0xff,0xff,0xff,0xff,
    0xff,0xff,0xff,0xff,0xff,0xff,0xff,0xff,0xff,0xff,0xff,0xff,0xff,0xff,0xff,0xff,
    0xff,0xff,0xff,0xff,0xff,0xff,0xff,0xff,0xff,0xff,0xff,0xff,0xff,0xff,0xff,0xff,
    0xff,0xff,0xff,0xff,0xff,0xff,0xff,0xff,0xff,0xff,0xff,0xff,0xff,0xff,0xff,0xff,
    0xff,0xff,0xff,0xff,0xff,0xff,0xff,0xff,0xff,0xff,0xff,0xff,0xff,0xff,0xff,0xff,
    0xff,0xff,0xff,0xff,0xff,0xff,0xff,0xff,0xff,0xff,0xff,0xff,0xff,0xff,0xff,0xff,
    0xff,0xff,0xff,0xff,0xff,0xff,0xff,0xff,0xff,0xff,0xff,0xff,0xff,0xff,0xff,0xff,
    0xff,0xff,0xff,0xff,0xff,0xff,0xff,0xff,0xff,0xff,0xff,0xff,0xff,0xff,0xff,0xff,
    0xff,0xff,0xff,0xff,0xff,0xff,0xff,0xff,0xff,0xff,0xff,0xff,0xff,0xff,0xff,0xff,
    0xff,0xff,0xff,0xff,0xff,0xff,0xff,0xff,0xff,0xff,0xff,0xff,0xff,0xff,0xff,0xff,
    0xff,0xff,0xff,0xff,0xff,0xff,0xff,0xff,0xff,0xff,0xff,0xff,0xff,0xff,0xff,0xff,
    0xff,0xff,0xff,0xff,0xff,0xff,0xff,0xff,0xff,0xff,0xff,0xff,0xff,0xff,0xff,0xff,
    0xff,0xff,0xff,0xff,0xff,0xff,0xff,0xff,0xff,0xff,0xff,0xff,0xff,0xff,0xff,0xff,
    0xff,0xff,0xff,0xff,0xff,0xff,0xff,0xff,0xff,0xff,0xff,0xff,0xff,0xff,0xff,0xff,
    0xff,0xff,0xff,0xff,0xff,0xff,0xff,0xff,0xff,0xff,0xff,0xff,0xff,0xff,0xff,0xff,
    0xff,0xff,0xff,0xff,0xff,0xff,0xff,0xff,0xff,0xff,0xff,0xff,0xff,0xff,0xff,0xff,
    0xff,0xff,0xff,0xff,0xff,0xff,0xff,0xff,0xff,0xff,0xff,0xff,0xff,0xff,0xff,0xff,
    0xff,0xff,0xff,0xff,0xff,0xff,0xff,0xff,0xff,0xff,0xff,0xff,0xff,0xff,0xff,0xff,
    0xff,0xff,0xff,0xff,0xff,0xff,0xff,0xff,0xff,0xff,0xff,0xff,0xff,0xff,0xff,0xff,
    0xff,0xff,0xff,0xff,0xff,0xff,0xff,0xff,0xff,0xff,0xff,0xff,0xff,0xff,0xff,0xff,
    0xff,0xff,0xff,0xff,0xff,0xff,0xff,0xff,0xff,0xff,0xff,0xff,0xff,0xff,0xff,0xff,
    0xff,0xff,0xff,0xff,0xff,0xff,0xff,0xff,0xff,0xff,0xff,0xff,0xff,0xff,0xff,0xff,
    0xff,0xff,0xff,0xff,0xff,0xff,0xff,0xff,0xff,0xff,0xff,0xff,0xff,0xff,0xff,0xff,
    0xff,0xff,0xff,0xff,0xff,0xff,0xff,0xff,0xff,0xff,0xff,0xff,0xff,0xff,0xff,0xff,
    0xff,0xff,0xff,0xff,0xff,0xff,0xff,0xff,0xff,0xff,0xff,0xff,0xff,0xff,0xff,0xff,
    0xff,0xff,0xff,0xff,0xff,0xff,0xff,0xff,0xff,0xff,0xff,0xff,0xff,0xff,0xff,0xff,
    0xff,0xff,0xff,0xff,0xff,0xff,0xff,0xff,0xff,0xff,0xff,0xff,0xff,0xff,0xff,0xff,
    0xff,0xff,0xff,0xff,0xff,0xff,0xff,0xff,0xff,0xff,0xff,0xff,0xff,0xff,0xff,0xff,
    0xff,0xff,0xff,0xff,0xff,0xff,0xff,0xff,0xff,0xff,0xff,0xff,0xff,0xff,0xff,0xff,
    0xff,0xff,0xff,0xff,0xff,0xff,0xff,0xff,0xff,0xff,0xff,0xff,0xff,0xff,0xff,0xff,
    0xff,0xff,0xff,0xff,0xff,0xff,0xff,0xff,0xff,0xff,0xff,0xff,0xff,0xff,0xff,0xff,
    0xff,0xff,0xff,0xff,0xff,0xff,0xff,0xff,0xff,0xff,0xff,0xff,0xff,0xff,0xff,0xff,
    0xff,0xff,0xff,0xff,0xff,0xff,0xff,0xff,0xff,0xff,0xff,0xff,0xff,0xff,0xff,0xff,
    0xff,0xff,0xff,0xff,0xff,0xff,0xff,0xff,0xff,0xff,0xff,0xff,0xff,0xff,0xff,0xff,
    0xff,0xff,0xff,0xff,0xff,0xff,0xff,0xff,0xff,0xff,0xff,0xff,0xff,0xff,0xff,0xff,
    0xff,0xff,0xff,0xff,0xff,0xff,0xff,0xff,0xff,0xff,0xff,0xff,0xff,0xff,0xff,0xff,
    0xff,0xff,0xff,0xff,0xff,0xff,0xff,0xff,0xff,0xff,0xff,0xff,0xff,0xff,0xff,0xff,
    0xff,0xff,0xff,0xff,0xff,0xff,0xff,0xff,0xff,0xff,0xff,0xff,0xff,0xff,0xff,0xff,
    0xff,0xff,0xff,0xff,0xff,0xff,0xff,0xff,0xff,0xff,0xff,0xff,0xff,0xff,0xff,0xff,
    0xff,0xff,0xff,0xff,0xff,0xff,0xff,0xff,0xff,0xff,0xff,0xff,0xff,0xff,0xff,0xff,
    0xff,0xff,0xff,0xff,0xff,0xff,0xff,0xff,0xff,0xff,0xff,0xff,0xff,0xff,0xff,0xff,
    0xff,0xff,0xff,0xff,0xff,0xff,0xff,0xff,0xff,0xff,0xff,0xff,0xff,0xff,0xff,0xff,
    0xff,0xff,0xff,0xff,0xff,0xff,0xff,0xff,0xff,0xff,0xff,0xff,0xff,0xff,0xff,0xff,
    0xff,0xff,0xff,0xff,0xff,0xff,0xff,0xff,0xff,0xff,0xff,0xff,0xff,0xff,0xff,0xff,
    0xff,0xff,0xff,0xff,0xff,0xff,0xff,0xff,0xff,0xff,0xff,0xff,0xff,0xff,0xff,0xff,
    0xff,0xff,0xff,0xff,0xff,0xff,0xff,0xff,0xff,0xff,0xff,0xff,0xff,0xff,0xff,0xff,
    0xff,0xff,0xff,0xff,0xff,0xff,0xff,0xff,0xff,0xff,0xff,0xff,0xff,0xff,0xff,0xff,
    0xff,0xff,0xff,0xff,0xff,0xff,0xff,0xff,0xff,0xff,0xff,0xff,0xff,0xff,0xff,0xff,
    0xff,0xff,0xff,0xff,0xff,0xff,0xff,0xff,0xff,0xff,0xff,0xff,0xff,0xff,0xff,0xff,
    0xff,0xff,0xff,0xff,0xff,0xff,0xff,0xff,0xff,0xff,0xff,0xff,0xff,0xff,0xff,0xff,
    0xff,0xff,0xff,0xff,0xff,0xff,0xff,0xff,0xff,0xff,0xff,0xff,0xff,0xff,0xff,0xff,
    0xff,0xff,0xff,0xff,0xff,0xff,0xff,0xff,0xff,0xff,0xff,0xff,0xff,0xff,0xff,0xff,
    0xff,0xff,0xff,0xff,0xff,0xff,0xff,0xff,0xff,0xff,0xff,0xff,0xff,0xff,0xff,0xff,
    0xff,0xff,0xff,0xff,0xff,0xff,0xff,0xff,0xff,0xff,0xff,0xff,0xff,0xff,0xff,0xff,
    0xff,0xff,0xff,0xff,0xff,0xff,0xff,0xff,0xff,0xff,0xff,0xff,0xff,0xff,0xff,0xff,
    0xff,0xff,0xff,0xff,0xff,0xff,0xff,0xff,0xff,0xff,0xff,0xff,0xff,0xff,0xff,0xff,
    0xff,0xff,0xff,0xff,0xff,0xff,0xff,0xff,0xff,0xff,0xff,0xff,0xff,0xff,0xff,0xff,
    0xff,0xff,0xff,0xff,0xff,0xff,0xff,0xff,0xff,0xff,0xff,0xff,0xff,0xff,0xff,0xff,
    0xff,0xff,0xff,0xff,0xff,0xff,0xff,0xff,0xff,0xff,0xff,0xff,0xff,0xff,0xff,0xff,
    0xff,0xff,0xff,0xff,0xff,0xff,0xff,0xff,0xff,0xff,0xff,0xff,0xff,0xff,0xff,0xff,
    0xff,0xff,0xff,0xff,0xff,0xff,0xff,0xff,0xff,0xff,0xff,0xff,0xff,0xff,0xff,0xff,
    0xff,0xff,0xff,0xff,0xff,0xff,0xff,0xff,0xff,0xff,0xff,0xff,0xff,0xff,0xff,0xff,
    0xff,0xff,0xff,0xff,0xff,0xff,0xff,0xff,0xff,0xff,0xff,0xff,0xff,0xff,0xff,0xff,
    0xff,0xff,0xff,0xff,0xff,0xff,0xff,0xff,0xff,0xff,0xff,0xff,0xff,0xff,0xff,0xff,
    0xff,0xff,0xff,0xff,0xff,0xff,0xff,0xff,0xff,0xff,0xff,0xff,0xff,0xff,0xff,0xff,
    0xff,0xff,0xff,0xff,0xff,0xff,0xff,0xff,0xff,0xff,0xff,0xff,0xff,0xff,0xff,0xff,
    0xff,0xff,0xff,0xff,0xff,0xff,0xff,0xff,0xff,0xff,0xff,0xff,0xff,0xff,0xff,0xff,
    0xff,0xff,0xff,0xff,0xff,0xff,0xff,0xff,0xff,0xff,0xff,0xff,0xff,0xff,0xff,0xff,
    0xff,0xff,0xff,0xff,0xff,0xff,0xff,0xff,0xff,0xff,0xff,0xff,0xff,0xff,0xff,0xff,
    0xff,0xff,0xff,0xff,0xff,0xff,0xff,0xff,0xff,0xff,0xff,0xff,0xff,0xff,0xff,0xff,
    0xff,0xff,0xff,0xff,0xff,0xff,0xff,0xff,0xff,0xff,0xff,0xff,0xff,0xff,0xff,0xff,
    0xff,0xff,0xff,0xff,0xff,0xff,0xff,0xff,0xff,0xff,0xff,0xff,0xff,0xff,0xff,0xff,
    0xff,0xff,0xff,0xff,0xff,0xff,0xff,0xff,0xff,0xff,0xff,0xff,0xff,0xff,0xff,0xff,
    0xff,0xff,0xff,0xff,0xff,0xff,0xff,0xff,0xff,0xff,0xff,0xff,0xff,0xff,0xff,0xff,
    0xff,0xff,0xff,0xff,0xff,0xff,0xff,0xff,0xff,0xff,0xff,0xff,0xff,0xff,0xff,0xff,
    0xff,0xff,0xff,0xff,0xff,0xff,0xff,0xff,0xff,0xff,0xff,0xff,0xff,0xff,0xff,0xff,
    0xff,0xff,0xff,0xff,0xff,0xff,0xff,0xff,0xff,0xff,0xff,0xff,0xff,0xff,0xff,0xff,
    0xff,0xff,0xff,0xff,0xff,0xff,0xff,0xff,0xff,0xff,0xff,0xff,0xff,0xff,0xff,0xff,
    0xff,0xff,0xff,0xff,0xff,0xff,0xff,0xff,0xff,0xff,0xff,0xff,0xff,0xff,0xff,0xff,
    0xff,0xff,0xff,0xff,0xff,0xff,0xff,0xff,0xff,0xff,0xff,0xff,0xff,0xff,0xff,0xff,
    0xff,0xff,0xff,0xff,0xff,0xff,0xff,0xff,0xff,0xff,0xff,0xff,0xff,0xff,0xff,0xff,
    0xff,0xff,0xff,0xff,0xff,0xff,0xff,0xff,0xff,0xff,0xff,0xff,0xff,0xff,0xff,0xff,
    0xff,0xff,0xff,0xff,0xff,0xff,0xff,0xff,0xff,0xff,0xff,0xff,0xff,0xff,0xff,0xff,
    0xff,0xff,0xff,0xff,0xff,0xff,0xff,0xff,0xff,0xff,0xff,0xff,0xff,0xff,0xff,0xff,
    0xff,0xff,0xff,0xff,0xff,0xff,0xff,0xff,0xff,0xff,0xff,0xff,0xff,0xff,0xff,0xff,
    0xff,0xff,0xff,0xff,0xff,0xff,0xff,0xff,0xff,0xff,0xff,0xff,0xff,0xff,0xff,0xff,
    0xff,0xff,0xff,0xff,0xff,0xff,0xff,0xff,0xff,0xff,0xff,0xff,0xff,0xff,0xff,0xff,
    0xff,0xff,0xff,0xff,0xff,0xff,0xff,0xff,0xff,0xff,0xff,0xff,0xff,0xff,0xff,0xff,
    0xff,0xff,0xff,0xff,0xff,0xff,0xff,0xff,0xff,0xff,0xff,0xff,0xff,0xff,0xff,0xff,
    0xff,0xff,0xff,0xff,0xff,0xff,0xff,0xff,0xff,0xff,0xff,0xff,0xff,0xff,0xff,0xff,
    0xff,0xff,0xff,0xff,0xff,0xff,0xff,0xff,0xff,0xff,0xff,0xff,0xff,0xff,0xff,0xff,
    0xff,0xff,0xff,0xff,0xff,0xff,0xff,0xff,0xff,0xff,0xff,0xff,0xff,0xff,0xff,0xff,
    0xff,0xff,0xff,0xff,0xff,0xff,0xff,0xff,0xff,0xff,0xff,0xff,0xff,0xff,0xff,0xff,
    0xff,0xff,0xff,0xff,0xff,0xff,0xff,0xff,0xff,0xff,0xff,0xff,0xff,0xff,0xff,0xff,
    0xff,0xff,0xff,0xff,0xff,0xff,0xff,0xff,0xff,0xff,0xff,0xff,0xff,0xff,0xff,0xff,
    0xff,0xff,0xff,0xff,0xff,0xff,0xff,0xff,0xff,0xff,0xff,0xff,0xff,0xff,0xff,0xff,
    0xff,0xff,0xff,0xff,0xff,0xff,0xff,0xff,0xff,0xff,0xff,0xff,0xff,0xff,0xff,0xff,
    0xff,0xff,0xff,0xff,0xff,0xff,0xff,0xff,0xff,0xff,0xff,0xff,0xff,0xff,0xff,0xff,
    0xff,0xff,0xff,0xff,0xff,0xff,0xff,0xff,0xff,0xff,0xff,0xff,0xff,0xff,0xff,0xff,
    0xff,0xff,0xff,0xff,0xff,0xff,0xff,0xff,0xff,0xff,0xff,0xff,0xff,0xff,0xff,0xff,
    0xff,0xff,0xff,0xff,0xff,0xff,0xff,0xff,0xff,0xff,0xff,0xff,0xff,0xff,0xff,0xff,
    0xff,0xff,0xff,0xff,0xff,0xff,0xff,0xff,0xff,0xff,0xff,0xff,0xff,0xff,0xff,0xff,
    0xff,0xff,0xff,0xff,0xff,0xff,0xff,0xff,0xff,0xff,0xff,0xff,0xff,0xff,0xff,0xff,
    0xff,0xff,0xff,0xff,0xff,0xff,0xff,0xff,0xff,0xff,0xff,0xff,0xff,0xff,0xff,0xff,
    0xff,0xff,0xff,0xff,0xff,0xff,0xff,0xff,0xff,0xff,0xff,0xff,0xff,0xff,0xff,0xff,
    0xff,0xff,0xff,0xff,0xff,0xff,0xff,0xff,0xff,0xff,0xff,0xff,0xff,0xff,0xff,0xff,
    0xff,0xff,0xff,0xff,0xff,0xff,0xff,0xff,0xff,0xff,0xff,0xff,0xff,0xff,0xff,0xff,
    0xff,0xff,0xff,0xff,0xff,0xff,0xff,0xff,0xff,0xff,0xff,0xff,0xff,0xff,0xff,0xff,
    0xff,0xff,0xff,0xff,0xff,0xff,0xff,0xff,0xff,0xff,0xff,0xff,0xff,0xff,0xff,0xff,
    0xff,0xff,0xff,0xff,0xff,0xff,0xff,0xff,0xff,0xff,0xff,0xff,0xff,0xff,0xff,0xff,
    0xff,0xff,0xff,0xff,0xff,0xff,0xff,0xff,0xff,0xff,0xff,0xff,0xff,0xff,0xff,0xff,
    0xff,0xff,0xff,0xff,0xff,0xff,0xff,0xff,0xff,0xff,0xff,0xff,0xff,0xff,0xff,0xff,
    0xff,0xff,0xff,0xff,0xff,0xff,0xff,0xff,0xff,0xff,0xff,0xff,0xff,0xff,0xff,0xff,
    0xff,0xff,0xff,0xff,0xff,0xff,0xff,0xff,0xff,0xff,0xff,0xff,0xff,0xff,0xff,0xff,
    0xff,0xff,0xff,0xff,0xff,0xff,0xff,0xff,0xff,0xff,0xff,0xff,0xff,0xff,0xff,0xff,
    0xff,0xff,0xff,0xff,0xff,0xff,0xff,0xff,0xff,0xff,0xff,0xff,0xff,0xff,0xff,0xff,
    0xff,0xff,0xff,0xff,0xff,0xff,0xff,0xff,0xff,0xff,0xff,0xff,0xff,0xff,0xff,0xff,
    0xff,0xff,0xff,0xff,0xff,0xff,0xff,0xff,0xff,0xff,0xff,0xff,0xff,0xff,0xff,0xff,
    0xff,0xff,0xff,0xff,0xff,0xff,0xff,0xff,0xff,0xff,0xff,0xff,0xff,0xff,0xff,0xff,
    0xff,0xff,0xff,0xff,0xff,0xff,0xff,0xff,0xff,0xff,0xff,0xff,0xff,0xff,0xff,0xff,
    0xff,0xff,0xff,0xff,0xff,0xff,0xff,0xff,0xff,0xff,0xff,0xff,0xff,0xff,0xff,0xff,
    0xff,0xff,0xff,0xff,0xff,0xff,0xff,0xff,0xff,0xff,0xff,0xff,0xff,0xff,0xff,0xff,
    0xff,0xff,0xff,0xff,0xff,0xff,0xff,0xff,0xff,0xff,0xff,0xff,0xff,0xff,0xff,0xff,
    0xff,0xff,0xff,0xff,0xff,0xff,0xff,0xff,0xff,0xff,0xff,0xff,0xff,0xff,0xff,0xff,
    0xff,0xff,0xff,0xff,0xff,0xff,0xff,0xff,0xff,0xff,0xff,0xff,0xff,0xff,0xff,0xff,
    0xff,0xff,0xff,0xff,0xff,0xff,0xff,0xff,0xff,0xff,0xff,0xff,0xff,0xff,0xff,0xff,
    0xff,0xff,0xff,0xff,0xff,0xff,0xff,0xff,0xff,0xff,0xff,0xff,0xff,0xff,0xff,0xff,
    0xff,0xff,0xff,0xff,0xff,0xff,0xff,0xff,0xff,0xff,0xff,0xff,0xff,0xff,0xff,0xff,
    0xff,0xff,0xff,0xff,0xff,0xff,0xff,0xff,0xff,0xff,0xff,0xff,0xff,0xff,0xff,0xff,
    0xff,0xff,0xff,0xff,0xff,0xff,0xff,0xff,0xff,0xff,0xff,0xff,0xff,0xff,0xff,0xff,
    0xff,0xff,0xff,0xff,0xff,0xff,0xff,0xff,0xff,0xff,0xff,0xff,0xff,0xff,0xff,0xff,
    0xff,0xff,0xff,0xff,0xff,0xff,0xff,0xff,0xff,0xff,0xff,0xff,0xff,0xff,0xff,0xff,
    0xff,0xff,0xff,0xff,0xff,0xff,0xff,0xff,0xff,0xff,0xff,0xff,0xff,0xff,0xff,0xff,
    0xff,0xff,0xff,0xff,0xff,0xff,0xff,0xff,0xff,0xff,0xff,0xff,0xff,0xff,0xff,0xff,
    0xff,0xff,0xff,0xff,0xff,0xff,0xff,0xff,0xff,0xff,0xff,0xff,0xff,0xff,0xff,0xff,
    0xff,0xff,0xff,0xff,0xff,0xff,0xff,0xff,0xff,0xff,0xff,0xff,0xff,0xff,0xff,0xff,
    0xff,0xff,0xff,0xff,0xff,0xff,0xff,0xff,0xff,0xff,0xff,0xff,0xff,0xff,0xff,0xff,
    0xff,0xff,0xff,0xff,0xff,0xff,0xff,0xff,0xff,0xff,0xff,0xff,0xff,0xff,0xff,0xff,
    0xff,0xff,0xff,0xff,0xff,0xff,0xff,0xff,0xff,0xff,0xff,0xff,0xff,0xff,0xff,0xff,
    0xff,0xff,0xff,0xff,0xff,0xff,0xff,0xff,0xff,0xff,0xff,0xff,0xff,0xff,0xff,0xff,
    0xff,0xff,0xff,0xff,0xff,0xff,0xff,0xff,0xff,0xff,0xff,0xff,0xff,0xff,0xff,0xff,
    0xff,0xff,0xff,0xff,0xff,0xff,0xff,0xff,0xff,0xff,0xff,0xff,0xff,0xff,0xff,0xff,
    0xff,0xff,0xff,0xff,0xff,0xff,0xff,0xff,0xff,0xff,0xff,0xff,0xff,0xff,0xff,0xff,
    0xff,0xff,0xff,0xff,0xff,0xff,0xff,0xff,0xff,0xff,0xff,0xff,0xff,0xff,0xff,0xff,
    0xff,0xff,0xff,0xff,0xff,0xff,0xff,0xff,0xff,0xff,0xff,0xff,0xff,0xff,0xff,0xff,
    0xff,0xff,0xff,0xff,0xff,0xff,0xff,0xff,0xff,0xff,0xff,0xff,0xff,0xff,0xff,0xff,
    0xff,0xff,0xff,0xff,0xff,0xff,0xff,0xff,0xff,0xff,0xff,0xff,0xff,0xff,0xff,0xff,
    0xff,0xff,0xff,0xff,0xff,0xff,0xff,0xff,0xff,0xff,0xff,0xff,0xff,0xff,0xff,0xff,
    0xff,0xff,0xff,0xff,0xff,0xff,0xff,0xff,0xff,0xff,0xff,0xff,0xff,0xff,0xff,0xff,
    0xff,0xff,0xff,0xff,0xff,0xff,0xff,0xff,0xff,0xff,0xff,0xff,0xff,0xff,0xff,0xff,
    0xff,0xff,0xff,0xff,0xff,0xff,0xff,0xff,0xff,0xff,0xff,0xff,0xff,0xff,0xff,0xff,
    0xff,0xff,0xff,0xff,0xff,0xff,0xff,0xff,0xff,0xff,0xff,0xff,0xff,0xff,0xff,0xff,
    0xff,0xff,0xff,0xff,0xff,0xff,0xff,0xff,0xff,0xff,0xff,0xff,0xff,0xff,0xff,0xff,
    0xff,0xff,0xff,0xff,0xff,0xff,0xff,0xff,0xff,0xff,0xff,0xff,0xff,0xff,0xff,0xff,
    0xff,0xff,0xff,0xff,0xff,0xff,0xff,0xff,0xff,0xff,0xff,0xff,0xff,0xff,0xff,0xff,
    0xff,0xff,0xff,0xff,0xff,0xff,0xff,0xff,0xff,0xff,0xff,0xff,0xff,0xff,0xff,0xff,
    0xff,0xff,0xff,0xff,0xff,0xff,0xff,0xff,0xff,0xff,0xff,0xff,0xff,0xff,0xff,0xff,
    0xff,0xff,0xff,0xff,0xff,0xff,0xff,0xff,0xff,0xff,0xff,0xff,0xff,0xff,0xff,0xff,
    0xff,0xff,0xff,0xff,0xff,0xff,0xff,0xff,0xff,0xff,0xff,0xff,0xff,0xff,0xff,0xff,
    0xff,0xff,0xff,0xff,0xff,0xff,0xff,0xff,0xff,0xff,0xff,0xff,0xff,0xff,0xff,0xff,
    0xff,0xff,0xff,0xff,0xff,0xff,0xff,0xff,0xff,0xff,0xff,0xff,0xff,0xff,0xff,0xff,
    0xff,0xff,0xff,0xff,0xff,0xff,0xff,0xff,0xff,0xff,0xff,0xff,0xff,0xff,0xff,0xff,
    0xff,0xff,0xff,0xff,0xff,0xff,0xff,0xff,0xff,0xff,0xff,0xff,0xff,0xff,0xff,0xff,
    0xff,0xff,0xff,0xff,0xff,0xff,0xff,0xff,0xff,0xff,0xff,0xff,0xff,0xff,0xff,0xff,
    0xff,0xff,0xff,0xff,0xff,0xff,0xff,0xff,0xff,0xff,0xff,0xff,0xff,0xff,0xff,0xff,
    0xff,0xff,0xff,0xff,0xff,0xff,0xff,0xff,0xff,0xff,0xff,0xff,0xff,0xff,0xff,0xff,
    0xff,0xff,0xff,0xff,0xff,0xff,0xff,0xff,0xff,0xff,0xff,0xff,0xff,0xff,0xff,0xff,
    0xff,0xff,0xff,0xff,0xff,0xff,0xff,0xff,0xff,0xff,0xff,0xff,0xff,0xff,0xff,0xff,
    0xff,0xff,0xff,0xff,0xff,0xff,0xff,0xff,0xff,0xff,0xff,0xff,0xff,0xff,0xff,0xff,
    0xff,0xff,0xff,0xff,0xff,0xff,0xff,0xff,0xff,0xff,0xff,0xff,0xff,0xff,0xff,0xff,
    0xff,0xff,0xff,0xff,0xff,0xff,0xff,0xff,0xff,0xff,0xff,0xff,0xff,0xff,0xff,0xff,
    0xff,0xff,0xff,0xff,0xff,0xff,0xff,0xff,0xff,0xff,0xff,0xff,0xff,0xff,0xff,0xff,
    0xff,0xff,0xff,0xff,0xff,0xff,0xff,0xff,0xff,0xff,0xff,0xff,0xff,0xff,0xff,0xff,
    0xff,0xff,0xff,0xff,0xff,0xff,0xff,0xff,0xff,0xff,0xff,0xff,0xff,0xff,0xff,0xff,
    0xff,0xff,0xff,0xff,0xff,0xff,0xff,0xff,0xff,0xff,0xff,0xff,0xff,0xff,0xff,0xff,
    0xff,0xff,0xff,0xff,0xff,0xff,0xff,0xff,0xff,0xff,0xff,0xff,0xff,0xff,0xff,0xff,
    0xff,0xff,0xff,0xff,0xff,0xff,0xff,0xff,0xff,0xff,0xff,0xff,0xff,0xff,0xff,0xff,
    0xff,0xff,0xff,0xff,0xff,0xff,0xff,0xff,0xff,0xff,0xff,0xff,0xff,0xff,0xff,0xff,
    0xff,0xff,0xff,0xff,0xff,0xff,0xff,0xff,0xff,0xff,0xff,0xff,0xff,0xff,0xff,0xff,
    0xff,0xff,0xff,0xff,0xff,0xff,0xff,0xff,0xff,0xff,0xff,0xff,0xff,0xff,0xff,0xff,
    0xff,0xff,0xff,0xff,0xff,0xff,0xff,0xff,0xff,0xff,0xff,0xff,0xff,0xff,0xff,0xff,
    0xff,0xff,0xff,0xff,0xff,0xff,0xff,0xff,0xff,0xff,0xff,0xff,0xff,0xff,0xff,0xff,
    0xff,0xff,0xff,0xff,0xff,0xff,0xff,0xff,0xff,0xff,0xff,0xff,0xff,0xff,0xff,0xff,
    0xff,0xff,0xff,0xff,0xff,0xff,0xff,0xff,0xff,0xff,0xff,0xff,0xff,0xff,0xff,0xff,
    0xff,0xff,0xff,0xff,0xff,0xff,0xff,0xff,0xff,0xff,0xff,0xff,0xff,0xff,0xff,0xff,
    0xff,0xff,0xff,0xff,0xff,0xff,0xff,0xff,0xff,0xff,0xff,0xff,0xff,0xff,0xff,0xff,
    0xff,0xff,0xff,0xff,0xff,0xff,0xff,0xff,0xff,0xff,0xff,0xff,0xff,0xff,0xff,0xff,
    0xff,0xff,0xff,0xff,0xff,0xff,0xff,0xff,0xff,0xff,0xff,0xff,0xff,0xff,0xff,0xff,
    0xff,0xff,0xff,0xff,0xff,0xff,0xff,0xff,0xff,0xff,0xff,0xff,0xff,0xff,0xff,0xff,
    0xff,0xff,0xff,0xff,0xff,0xff,0xff,0xff,0xff,0xff,0xff,0xff,0xff,0xff,0xff,0xff,
    0xff,0xff,0xff,0xff,0xff,0xff,0xff,0xff,0xff,0xff,0xff,0xff,0xff,0xff,0xff,0xff,
    0xff,0xff,0xff,0xff,0xff,0xff,0xff,0xff,0xff,0xff,0xff,0xff,0xff,0xff,0xff,0xff,
    0xff,0xff,0xff,0xff,0xff,0xff,0xff,0xff,0xff,0xff,0xff,0xff,0xff,0xff,0xff,0xff,
    0xff,0xff,0xff,0xff,0xff,0xff,0xff,0xff,0xff,0xff,0xff,0xff,0xff,0xff,0xff,0xff,
    0xff,0xff,0xff,0xff,0xff,0xff,0xff,0xff,0xff,0xff,0xff,0xff,0xff,0xff,0xff,0xff,
    0xff,0xff,0xff,0xff,0xff,0xff,0xff,0xff,0xff,0xff,0xff,0xff,0xff,0xff,0xff,0xff,
    0xff,0xff,0xff,0xff,0xff,0xff,0xff,0xff,0xff,0xff,0xff,0xff,0xff,0xff,0xff,0xff,
    0xff,0xff,0xff,0xff,0xff,0xff,0xff,0xff,0xff,0xff,0xff,0xff,0xff,0xff,0xff,0xff,
    0xff,0xff,0xff,0xff,0xff,0xff,0xff,0xff,0xff,0xff,0xff,0xff,0xff,0xff,0xff,0xff,
    0xff,0xff,0xff,0xff,0xff,0xff,0xff,0xff,0xff,0xff,0xff,0xff,0xff,0xff,0xff,0xff,
    0xff,0xff,0xff,0xff,0xff,0xff,0xff,0xff,0xff,0xff,0xff,0xff,0xff,0xff,0xff,0xff,
    0xff,0xff,0xff,0xff,0xff,0xff,0xff,0xff,0xff,0xff,0xff,0xff,0xff,0xff,0xff,0xff,
    0xff,0xff,0xff,0xff,0xff,0xff,0xff,0xff,0xff,0xff,0xff,0xff,0xff,0xff,0xff,0xff,
    0xff,0xff,0xff,0xff,0xff,0xff,0xff,0xff,0xff,0xff,0xff,0xff,0xff,0xff,0xff,0xff,
    0xff,0xff,0xff,0xff,0xff,0xff,0xff,0xff,0xff,0xff,0xff,0xff,0xff,0xff,0xff,0xff,
    0xff,0xff,0xff,0xff,0xff,0xff,0xff,0xff,0xff,0xff,0xff,0xff,0xff,0xff,0xff,0xff,
    0xff,0xff,0xff,0xff,0xff,0xff,0xff,0xff,0xff,0xff,0xff,0xff,0xff,0xff,0xff,0xff,
    0xff,0xff,0xff,0xff,0xff,0xff,0xff,0xff,0xff,0xff,0xff,0xff,0xff,0xff,0xff,0xff,
    0xff,0xff,0xff,0xff,0xff,0xff,0xff,0xff,0xff,0xff,0xff,0xff,0xff,0xff,0xff,0xff,
    0xff,0xff,0xff,0xff,0xff,0xff,0xff,0xff,0xff,0xff,0xff,0xff,0xff,0xff,0xff,0xff,
    0xff,0xff,0xff,0xff,0xff,0xff,0xff,0xff,0xff,0xff,0xff,0xff,0xff,0xff,0xff,0xff,
    0xff,0xff,0xff,0xff,0xff,0xff,0xff,0xff,0xff,0xff,0xff,0xff,0xff,0xff,0xff,0xff,
    0xff,0xff,0xff,0xff,0xff,0xff,0xff,0xff,0xff,0xff,0xff,0xff,0xff,0xff,0xff,0xff,
    0xff,0xff,0xff,0xff,0xff,0xff,0xff,0xff,0xff,0xff,0xff,0xff,0xff,0xff,0xff,0xff,
    0xff,0xff,0xff,0xff,0xff,0xff,0xff,0xff,0xff,0xff,0xff,0xff,0xff,0xff,0xff,0xff,
    0xff,0xff,0xff,0xff,0xff,0xff,0xff,0xff,0xff,0xff,0xff,0xff,0xff,0xff,0xff,0xff,
    0xff,0xff,0xff,0xff,0xff,0xff,0xff,0xff,0xff,0xff,0xff,0xff,0xff,0xff,0xff,0xff,
    0xff,0xff,0xff,0xff,0xff,0xff,0xff,0xff,0xff,0xff,0xff,0xff,0xff,0xff,0xff,0xff,
    0xff,0xff,0xff,0xff,0xff,0xff,0xff,0xff,0xff,0xff,0xff,0xff,0xff,0xff,0xff,0xff,
    0xff,0xff,0xff,0xff,0xff,0xff,0xff,0xff,0xff,0xff,0xff,0xff,0xff,0xff,0xff,0xff,
    0xff,0xff,0xff,0xff,0xff,0xff,0xff,0xff,0xff,0xff,0xff,0xff,0xff,0xff,0xff,0xff,
    0xff,0xff,0xff,0xff,0xff,0xff,0xff,0xff,0xff,0xff,0xff,0xff,0xff,0xff,0xff,0xff,
    0xff,0xff,0xff,0xff,0xff,0xff,0xff,0xff,0xff,0xff,0xff,0xff,0xff,0xff,0xff,0xff,
    0xff,0xff,0xff,0xff,0xff,0xff,0xff,0xff,0xff,0xff,0xff,0xff,0xff,0xff,0xff,0xff,
    0xff,0xff,0xff,0xff,0xff,0xff,0xff,0xff,0xff,0xff,0xff,0xff,0xff,0xff,0xff,0xff,
    0xff,0xff,0xff,0xff,0xff,0xff,0xff,0xff,0xff,0xff,0xff,0xff,0xff,0xff,0xff,0xff,
    0xff,0xff,0xff,0xff,0xff,0xff,0xff,0xff,0xff,0xff,0xff,0xff,0xff,0xff,0xff,0xff,
    0xff,0xff,0xff,0xff,0xff,0xff,0xff,0xff,0xff,0xff,0xff,0xff,0xff,0xff,0xff,0xff,
    0xff,0xff,0xff,0xff,0xff,0xff,0xff,0xff,0xff,0xff,0xff,0xff,0xff,0xff,0xff,0xff,
    0xff,0xff,0xff,0xff,0xff,0xff,0xff,0xff,0xff,0xff,0xff,0xff,0xff,0xff,0xff,0xff,
    0xff,0xff,0xff,0xff,0xff,0xff,0xff,0xff,0xff,0xff,0xff,0xff,0xff,0xff,0xff,0xff,
    0xff,0xff,0xff,0xff,0xff,0xff,0xff,0xff,0xff,0xff,0xff,0xff,0xff,0xff,0xff,0xff,
    0xff,0xff,0xff,0xff,0xff,0xff,0xff,0xff,0xff,0xff,0xff,0xff,0xff,0xff,0xff,0xff,
    0xff,0xff,0xff,0xff,0xff,0xff,0xff,0xff,0xff,0xff,0xff,0xff,0xff,0xff,0xff,0xff,
    0xff,0xff,0xff,0xff,0xff,0xff,0xff,0xff,0xff,0xff,0xff,0xff,0xff,0xff,0xff,0xff,
    0xff,0xff,0xff,0xff,0xff,0xff,0xff,0xff,0xff,0xff,0xff,0xff,0xff,0xff,0xff,0xff,
    0xff,0xff,0xff,0xff,0xff,0xff,0xff,0xff,0xff,0xff,0xff,0xff,0xff,0xff,0xff,0xff,
    0xff,0xff,0xff,0xff,0xff,0xff,0xff,0xff,0xff,0xff,0xff,0xff,0xff,0xff,0xff,0xff,
    0xff,0xff,0xff,0xff,0xff,0xff,0xff,0xff,0xff,0xff,0xff,0xff,0xff,0xff,0xff,0xff,
    0xff,0xff,0xff,0xff,0xff,0xff,0xff,0xff,0xff,0xff,0xff,0xff,0xff,0xff,0xff,0xff,
    0xff,0xff,0xff,0xff,0xff,0xff,0xff,0xff,0xff,0xff,0xff,0xff,0xff,0xff,0xff,0xff,
    0xff,0xff,0xff,0xff,0xff,0xff,0xff,0xff,0xff,0xff,0xff,0xff,0xff,0xff,0xff,0xff,
    0xff,0xff,0xff,0xff,0xff,0xff,0xff,0xff,0xff,0xff,0xff,0xff,0xff,0xff,0xff,0xff,
    0xff,0xff,0xff,0xff,0xff,0xff,0xff,0xff,0xff,0xff,0xff,0xff,0xff,0xff,0xff,0xff,
    0xff,0xff,0xff,0xff,0xff,0xff,0xff,0xff,0xff,0xff,0xff,0xff,0xff,0xff,0xff,0xff,
    0xff,0xff,0xff,0xff,0xff,0xff,0xff,0xff,0xff,0xff,0xff,0xff,0xff,0xff,0xff,0xff,
    0xff,0xff,0xff,0xff,0xff,0xff,0xff,0xff,0xff,0xff,0xff,0xff,0xff,0xff,0xff,0xff,
    0xff,0xff,0xff,0xff,0xff,0xff,0xff,0xff,0xff,0xff,0xff,0xff,0xff,0xff,0xff,0xff,
    0xff,0xff,0xff,0xff,0xff,0xff,0xff,0xff,0xff,0xff,0xff,0xff,0xff,0xff,0xff,0xff,
    0xff,0xff,0xff,0xff,0xff,0xff,0xff,0xff,0xff,0xff,0xff,0xff,0xff,0xff,0xff,0xff,
    0xff,0xff,0xff,0xff,0xff,0xff,0xff,0xff,0xff,0xff,0xff,0xff,0xff,0xff,0xff,0xff,
    0xff,0xff,0xff,0xff,0xff,0xff,0xff,0xff,0xff,0xff,0xff,0xff,0xff,0xff,0xff,0xff,
    0xff,0xff,0xff,0xff,0xff,0xff,0xff,0xff,0xff,0xff,0xff,0xff,0xff,0xff,0xff,0xff,
    0xff,0xff,0xff,0xff,0xff,0xff,0xff,0xff,0xff,0xff,0xff,0xff,0xff,0xff,0xff,0xff,
    0xff,0xff,0xff,0xff,0xff,0xff,0xff,0xff,0xff,0xff,0xff,0xff,0xff,0xff,0xff,0xff,
    0xff,0xff,0xff,0xff,0xff,0xff,0xff,0xff,0xff,0xff,0xff,0xff,0xff,0xff,0xff,0xff,
    0xff,0xff,0xff,0xff,0xff,0xff,0xff,0xff,0xff,0xff,0xff,0xff,0xff,0xff,0xff,0xff,
    0xff,0xff,0xff,0xff,0xff,0xff,0xff,0xff,0xff,0xff,0xff,0xff,0xff,0xff,0xff,0xff,
    0xff,0xff,0xff,0xff,0xff,0xff,0xff,0xff,0xff,0xff,0xff,0xff,0xff,0xff,0xff,0xff,
    0xff,0xff,0xff,0xff,0xff,0xff,0xff,0xff,0xff,0xff,0xff,0xff,0xff,0xff,0xff,0xff,
    0xff,0xff,0xff,0xff,0xff,0xff,0xff,0xff,0xff,0xff,0xff,0xff,0xff,0xff,0xff,0xff,
    0xff,0xff,0xff,0xff,0xff,0xff,0xff,0xff,0xff,0xff,0xff,0xff,0xff,0xff,0xff,0xff,
    0xff,0xff,0xff,0xff,0xff,0xff,0xff,0xff,0xff,0xff,0xff,0xff,0xff,0xff,0xff,0xff,
    0xff,0xff,0xff,0xff,0xff,0xff,0xff,0xff,0xff,0xff,0xff,0xff,0xff,0xff,0xff,0xff,
    0xff,0xff,0xff,0xff,0xff,0xff,0xff,0xff,0xff,0xff,0xff,0xff,0xff,0xff,0xff,0xff,
    0xff,0xff,0xff,0xff,0xff,0xff,0xff,0xff,0xff,0xff,0xff,0xff,0xff,0xff,0xff,0xff,
    0xff,0xff,0xff,0xff,0xff,0xff,0xff,0xff,0xff,0xff,0xff,0xff,0xff,0xff,0xff,0xff,
    0xff,0xff,0xff,0xff,0xff,0xff,0xff,0xff,0xff,0xff,0xff,0xff,0xff,0xff,0xff,0xff,
    0xff,0xff,0xff,0xff,0xff,0xff,0xff,0xff,0xff,0xff,0xff,0xff,0xff,0xff,0xff,0xff,
    0xff,0xff,0xff,0xff,0xff,0xff,0xff,0xff,0xff,0xff,0xff,0xff,0xff,0xff,0xff,0xff,
    0xff,0xff,0xff,0xff,0xff,0xff,0xff,0xff,0xff,0xff,0xff,0xff,0xff,0xff,0xff,0xff,
    0xff,0xff,0xff,0xff,0xff,0xff,0xff,0xff,0xff,0xff,0xff,0xff,0xff,0xff,0xff,0xff,
    0xff,0xff,0xff,0xff,0xff,0xff,0xff,0xff,0xff,0xff,0xff,0xff,0xff,0xff,0xff,0xff,
    0xff,0xff,0xff,0xff,0xff,0xff,0xff,0xff,0xff,0xff,0xff,0xff,0xff,0xff,0xff,0xff,
    0xff,0xff,0xff,0xff,0xff,0xff,0xff,0xff,0xff,0xff,0xff,0xff,0xff,0xff,0xff,0xff,
    0xff,0xff,0xff,0xff,0xff,0xff,0xff,0xff,0xff,0xff,0xff,0xff,0xff,0xff,0xff,0xff,
    0xff,0xff,0xff,0xff,0xff,0xff,0xff,0xff,0xff,0xff,0xff,0xff,0xff,0xff,0xff,0xff,
    0xff,0xff,0xff,0xff,0xff,0xff,0xff,0xff,0xff,0xff,0xff,0xff,0xff,0xff,0xff,0xff,
    0xff,0xff,0xff,0xff,0xff,0xff,0xff,0xff,0xff,0xff,0xff,0xff,0xff,0xff,0xff,0xff,
    0xff,0xff,0xff,0xff,0xff,0xff,0xff,0xff,0xff,0xff,0xff,0xff,0xff,0xff,0xff,0xff,
    0xff,0xff,0xff,0xff,0xff,0xff,0xff,0xff,0xff,0xff,0xff,0xff,0xff,0xff,0xff,0xff,
    0xff,0xff,0xff,0xff,0xff,0xff,0xff,0xff,0xff,0xff,0xff,0xff,0xff,0xff,0xff,0xff,
    0xff,0xff,0xff,0xff,0xff,0xff,0xff,0xff,0xff,0xff,0xff,0xff,0xff,0xff,0xff,0xff,
    0xff,0xff,0xff,0xff,0xff,0xff,0xff,0xff,0xff,0xff,0xff,0xff,0xff,0xff,0xff,0xff,
    0xff,0xff,0xff,0xff,0xff,0xff,0xff,0xff,0xff,0xff,0xff,0xff,0xff,0xff,0xff,0xff,
    0xff,0xff,0xff,0xff,0xff,0xff,0xff,0xff,0xff,0xff,0xff,0xff,0xff,0xff,0xff,0xff,
    0xff,0xff,0xff,0xff,0xff,0xff,0xff,0xff,0xff,0xff,0xff,0xff,0xff,0xff,0xff,0xff,
    0xff,0xff,0xff,0xff,0xff,0xff,0xff,0xff,0xff,0xff,0xff,0xff,0xff,0xff,0xff,0xff,
    0xff,0xff,0xff,0xff,0xff,0xff,0xff,0xff,0xff,0xff,0xff,0xff,0xff,0xff,0xff,0xff,
    0xff,0xff,0xff,0xff,0xff,0xff,0xff,0xff,0xff,0xff,0xff,0xff,0xff,0xff,0xff,0xff,
    0xff,0xff,0xff,0xff,0xff,0xff,0xff,0xff,0xff,0xff,0xff,0xff,0xff,0xff,0xff,0xff,
    0xff,0xff,0xff,0xff,0xff,0xff,0xff,0xff,0xff,0xff,0xff,0xff,0xff,0xff,0xff,0xff,
    0xff,0xff,0xff,0xff,0xff,0xff,0xff,0xff,0xff,0xff,0xff,0xff,0xff,0xff,0xff,0xff,
    0xff,0xff,0xff,0xff,0xff,0xff,0xff,0xff,0xff,0xff,0xff,0xff,0xff,0xff,0xff,0xff,
    0xff,0xff,0xff,0xff,0xff,0xff,0xff,0xff,0xff,0xff,0xff,0xff,0xff,0xff,0xff,0xff,
    0xff,0xff,0xff,0xff,0xff,0xff,0xff,0xff,0xff,0xff,0xff,0xff,0xff,0xff,0xff,0xff,
    0xff,0xff,0xff,0xff,0xff,0xff,0xff,0xff,0xff,0xff,0xff,0xff,0xff,0xff,0xff,0xff,
    0xff,0xff,0xff,0xff,0xff,0xff,0xff,0xff,0xff,0xff,0xff,0xff,0xff,0xff,0xff,0xff,
    0xff,0xff,0xff,0xff,0xff,0xff,0xff,0xff,0xff,0xff,0xff,0xff,0xff,0xff,0xff,0xff,
    0xff,0xff,0xff,0xff,0xff,0xff,0xff,0xff,0xff,0xff,0xff,0xff,0xff,0xff,0xff,0xff,
    0xff,0xff,0xff,0xff,0xff,0xff,0xff,0xff,0xff,0xff,0xff,0xff,0xff,0xff,0xff,0xff,
    0xff,0xff,0xff,0xff,0xff,0xff,0xff,0xff,0xff,0xff,0xff,0xff,0xff,0xff,0xff,0xff,
    0xff,0xff,0xff,0xff,0xff,0xff,0xff,0xff,0xff,0xff,0xff,0xff,0xff,0xff,0xff,0xff,
    0xff,0xff,0xff,0xff,0xff,0xff,0xff,0xff,0xff,0xff,0xff,0xff,0xff,0xff,0xff,0xff,
    0xff,0xff,0xff,0xff,0xff,0xff,0xff,0xff,0xff,0xff,0xff,0xff,0xff,0xff,0xff,0xff,
    0xff,0xff,0xff,0xff,0xff,0xff,0xff,0xff,0xff,0xff,0xff,0xff,0xff,0xff,0xff,0xff,
    0xff,0xff,0xff,0xff,0xff,0xff,0xff,0xff,0xff,0xff,0xff,0xff,0xff,0xff,0xff,0xff,
    0xff,0xff,0xff,0xff,0xff,0xff,0xff,0xff,0xff,0xff,0xff,0xff,0xff,0xff,0xff,0xff,
    0xff,0xff,0xff,0xff,0xff,0xff,0xff,0xff,0xff,0xff,0xff,0xff,0xff,0xff,0xff,0xff,
    0xff,0xff,0xff,0xff,0xff,0xff,0xff,0xff,0xff,0xff,0xff,0xff,0xff,0xff,0xff,0xff,
    0xff,0xff,0xff,0xff,0xff,0xff,0xff,0xff,0xff,0xff,0xff,0xff,0xff,0xff,0xff,0xff,
    0xff,0xff,0xff,0xff,0xff,0xff,0xff,0xff,0xff,0xff,0xff,0xff,0xff,0xff,0xff,0xff,
    0xff,0xff,0xff,0xff,0xff,0xff,0xff,0xff,0xff,0xff,0xff,0xff,0xff,0xff,0xff,0xff,
    0xff,0xff,0xff,0xff,0xff,0xff,0xff,0xff,0xff,0xff,0xff,0xff,0xff,0xff,0xff,0xff,
    0xff,0xff,0xff,0xff,0xff,0xff,0xff,0xff,0xff,0xff,0xff,0xff,0xff,0xff,0xff,0xff,
    0xff,0xff,0xff,0xff,0xff,0xff,0xff,0xff,0xff,0xff,0xff,0xff,0xff,0xff,0xff,0xff,
    0xff,0xff,0xff,0xff,0xff,0xff,0xff,0xff,0xff,0xff,0xff,0xff,0xff,0xff,0xff,0xff,
    0xff,0xff,0xff,0xff,0xff,0xff,0xff,0xff,0xff,0xff,0xff,0xff,0xff,0xff,0xff,0xff,
    0xff,0xff,0xff,0xff,0xff,0xff,0xff,0xff,0xff,0xff,0xff,0xff,0xff,0xff,0xff,0xff,
    0xff,0xff,0xff,0xff,0xff,0xff,0xff,0xff,0xff,0xff,0xff,0xff,0xff,0xff,0xff,0xff,
    0xff,0xff,0xff,0xff,0xff,0xff,0xff,0xff,0xff,0xff,0xff,0xff,0xff,0xff,0xff,0xff,
    0xff,0xff,0xff,0xff,0xff,0xff,0xff,0xff,0xff,0xff,0xff,0xff,0xff,0xff,0xff,0xff,
    0xff,0xff,0xff,0xff,0xff,0xff,0xff,0xff,0xff,0xff,0xff,0xff,0xff,0xff,0xff,0xff,
    0xff,0xff,0xff,0xff,0xff,0xff,0xff,0xff,0xff,0xff,0xff,0xff,0xff,0xff,0xff,0xff,
    0xff,0xff,0xff,0xff,0xff,0xff,0xff,0xff,0xff,0xff,0xff,0xff,0xff,0xff,0xff,0xff,
    0xff,0xff,0xff,0xff,0xff,0xff,0xff,0xff,0xff,0xff,0xff,0xff,0xff,0xff,0xff,0xff,
    0xff,0xff,0xff,0xff,0xff,0xff,0xff,0xff,0xff,0xff,0xff,0xff,0xff,0xff,0xff,0xff,
    0xff,0xff,0xff,0xff,0xff,0xff,0xff,0xff,0xff,0xff,0xff,0xff,0xff,0xff,0xff,0xff,
    0xff,0xff,0xff,0xff,0xff,0xff,0xff,0xff,0xff,0xff,0xff,0xff,0xff,0xff,0xff,0xff,
    0xff,0xff,0xff,0xff,0xff,0xff,0xff,0xff,0xff,0xff,0xff,0xff,0xff,0xff,0xff,0xff,
    0xff,0xff,0xff,0xff,0xff,0xff,0xff,0xff,0xff,0xff,0xff,0xff,0xff,0xff,0xff,0xff,
    0xff,0xff,0xff,0xff,0xff,0xff,0xff,0xff,0xff,0xff,0xff,0xff,0xff,0xff,0xff,0xff,
    0xff,0xff,0xff,0xff,0xff,0xff,0xff,0xff,0xff,0xff,0xff,0xff,0xff,0xff,0xff,0xff,
    0xff,0xff,0xff,0xff,0xff,0xff,0xff,0xff,0xff,0xff,0xff,0xff,0xff,0xff,0xff,0xff,
    0xff,0xff,0xff,0xff,0xff,0xff,0xff,0xff,0xff,0xff,0xff,0xff,0xff,0xff,0xff,0xff,
    0xff,0xff,0xff,0xff,0xff,0xff,0xff,0xff,0xff,0xff,0xff,0xff,0xff,0xff,0xff,0xff,
    0xff,0xff,0xff,0xff,0xff,0xff,0xff,0xff,0xff,0xff,0xff,0xff,0xff,0xff,0xff,0xff,
    0xff,0xff,0xff,0xff,0xff,0xff,0xff,0xff,0xff,0xff,0xff,0xff,0xff,0xff,0xff,0xff,
    0xff,0xff,0xff,0xff,0xff,0xff,0xff,0xff,0xff,0xff,0xff,0xff,0xff,0xff,0xff,0xff,
    0xff,0xff,0xff,0xff,0xff,0xff,0xff,0xff,0xff,0xff,0xff,0xff,0xff,0xff,0xff,0xff,
    0xff,0xff,0xff,0xff,0xff,0xff,0xff,0xff,0xff,0xff,0xff,0xff,0xff,0xff,0xff,0xff,
    0xff,0xff,0xff,0xff,0xff,0xff,0xff,0xff,0xff,0xff,0xff,0xff,0xff,0xff,0xff,0xff,
    0xff,0xff,0xff,0xff,0xff,0xff,0xff,0xff,0xff,0xff,0xff,0xff,0xff,0xff,0xff,0xff,
    0xff,0xff,0xff,0xff,0xff,0xff,0xff,0xff,0xff,0xff,0xff,0xff,0xff,0xff,0xff,0xff,
    0xff,0xff,0xff,0xff,0xff,0xff,0xff,0xff,0xff,0xff,0xff,0xff,0xff,0xff,0xff,0xff,
    0xff,0xff,0xff,0xff,0xff,0xff,0xff,0xff,0xff,0xff,0xff,0xff,0xff,0xff,0xff,0xff,
    0xff,0xff,0xff,0xff,0xff,0xff,0xff,0xff,0xff,0xff,0xff,0xff,0xff,0xff,0xff,0xff,
    0xff,0xff,0xff,0xff,0xff,0xff,0xff,0xff,0xff,0xff,0xff,0xff,0xff,0xff,0xff,0xff,
    0xff,0xff,0xff,0xff,0xff,0xff,0xff,0xff,0xff,0xff,0xff,0xff,0xff,0xff,0xff,0xff,
    0xff,0xff,0xff,0xff,0xff,0xff,0xff,0xff,0xff,0xff,0xff,0xff,0xff,0xff,0xff,0xff,
    0xff,0xff,0xff,0xff,0xff,0xff,0xff,0xff,0xff,0xff,0xff,0xff,0xff,0xff,0xff,0xff,
    0xff,0xff,0xff,0xff,0xff,0xff,0xff,0xff,0xff,0xff,0xff,0xff,0xff,0xff,0xff,0xff,
    0xff,0xff,0xff,0xff,0xff,0xff,0xff,0xff,0xff,0xff,0xff,0xff,0xff,0xff,0xff,0xff,
    0xff,0xff,0xff,0xff,0xff,0xff,0xff,0xff,0xff,0xff,0xff,0xff,0xff,0xff,0xff,0xff,
    0xff,0xff,0xff,0xff,0xff,0xff,0xff,0xff,0xff,0xff,0xff,0xff,0xff,0xff,0xff,0xff,
    0xff,0xff,0xff,0xff,0xff,0xff,0xff,0xff,0xff,0xff,0xff,0xff,0xff,0xff,0xff,0xff,
    0xff,0xff,0xff,0xff,0xff,0xff,0xff,0xff,0xff,0xff,0xff,0xff,0xff,0xff,0xff,0xff,
    0xff,0xff,0xff,0xff,0xff,0xff,0xff,0xff,0xff,0xff,0xff,0xff,0xff,0xff,0xff,0xff,
    0xff,0xff,0xff,0xff,0xff,0xff,0xff,0xff,0xff,0xff,0xff,0xff,0xff,0xff,0xff,0xff,
    0xff,0xff,0xff,0xff,0xff,0xff,0xff,0xff,0xff,0xff,0xff,0xff,0xff,0xff,0xff,0xff,
    0xff,0xff,0xff,0xff,0xff,0xff,0xff,0xff,0xff,0xff,0xff,0xff,0xff,0xff,0xff,0xff,
    0xff,0xff,0xff,0xff,0xff,0xff,0xff,0xff,0xff,0xff,0xff,0xff,0xff,0xff,0xff,0xff,
    0xff,0xff,0xff,0xff,0xff,0xff,0xff,0xff,0xff,0xff,0xff,0xff,0xff,0xff,0xff,0xff,
    0xff,0xff,0xff,0xff,0xff,0xff,0xff,0xff,0xff,0xff,0xff,0xff,0xff,0xff,0xff,0xff,
    0xff,0xff,0xff,0xff,0xff,0xff,0xff,0xff,0xff,0xff,0xff,0xff,0xff,0xff,0xff,0xff,
    0xff,0xff,0xff,0xff,0xff,0xff,0xff,0xff,0xff,0xff,0xff,0xff,0xff,0xff,0xff,0xff,
    0xff,0xff,0xff,0xff,0xff,0xff,0xff,0xff,0xff,0xff,0xff,0xff,0xff,0xff,0xff,0xff,
    0xff,0xff,0xff,0xff,0xff,0xff,0xff,0xff,0xff,0xff,0xff,0xff,0xff,0xff,0xff,0xff,
    0xff,0xff,0xff,0xff,0xff,0xff,0xff,0xff,0xff,0xff,0xff,0xff,0xff,0xff,0xff,0xff,
    0xff,0xff,0xff,0xff,0xff,0xff,0xff,0xff,0xff,0xff,0xff,0xff,0xff,0xff,0xff,0xff,
    0xff,0xff,0xff,0xff,0xff,0xff,0xff,0xff,0xff,0xff,0xff,0xff,0xff,0xff,0xff,0xff,
    0xff,0xff,0xff,0xff,0xff,0xff,0xff,0xff,0xff,0xff,0xff,0xff,0xff,0xff,0xff,0xff,
    0xff,0xff,0xff,0xff,0xff,0xff,0xff,0xff,0xff,0xff,0xff,0xff,0xff,0xff,0xff,0xff,
    0xff,0xff,0xff,0xff,0xff,0xff,0xff,0xff,0xff,0xff,0xff,0xff,0xff,0xff,0xff,0xff,
    0xff,0xff,0xff,0xff,0xff,0xff,0xff,0xff,0xff,0xff,0xff,0xff,0xff,0xff,0xff,0xff,
    0xff,0xff,0xff,0xff,0xff,0xff,0xff,0xff,0xff,0xff,0xff,0xff,0xff,0xff,0xff,0xff,
    0xff,0xff,0xff,0xff,0xff,0xff,0xff,0xff,0xff,0xff,0xff,0xff,0xff,0xff,0xff,0xff,
    0xff,0xff,0xff,0xff,0xff,0xff,0xff,0xff,0xff,0xff,0xff,0xff,0xff,0xff,0xff,0xff,
    0xff,0xff,0xff,0xff,0xff,0xff,0xff,0xff,0xff,0xff,0xff,0xff,0xff,0xff,0xff,0xff,
    0xff,0xff,0xff,0xff,0xff,0xff,0xff,0xff,0xff,0xff,0xff,0xff,0xff,0xff,0xff,0xff,
    0xff,0xff,0xff,0xff,0xff,0xff,0xff,0xff,0xff,0xff,0xff,0xff,0xff,0xff,0xff,0xff,
    0xff,0xff,0xff,0xff,0xff,0xff,0xff,0xff,0xff,0xff,0xff,0xff,0xff,0xff,0xff,0xff,
    0xff,0xff,0xff,0xff,0xff,0xff,0xff,0xff,0xff,0xff,0xff,0xff,0xff,0xff,0xff,0xff,
    0xff,0xff,0xff,0xff,0xff,0xff,0xff,0xff,0xff,0xff,0xff,0xff,0xff,0xff,0xff,0xff,
    0xff,0xff,0xff,0xff,0xff,0xff,0xff,0xff,0xff,0xff,0xff,0xff,0xff,0xff,0xff,0xff,
    0xff,0xff,0xff,0xff,0xff,0xff,0xff,0xff,0xff,0xff,0xff,0xff,0xff,0xff,0xff,0xff,
    0xff,0xff,0xff,0xff,0xff,0xff,0xff,0xff,0xff,0xff,0xff,0xff,0xff,0xff,0xff,0xff,
    0xff,0xff,0xff,0xff,0xff,0xff,0xff,0xff,0xff,0xff,0xff,0xff,0xff,0xff,0xff,0xff,
    0xff,0xff,0xff,0xff,0xff,0xff,0xff,0xff,0xff,0xff,0xff,0xff,0xff,0xff,0xff,0xff,
    0xff,0xff,0xff,0xff,0xff,0xff,0xff,0xff,0xff,0xff,0xff,0xff,0xff,0xff,0xff,0xff,
    0xff,0xff,0xff,0xff,0xff,0xff,0xff,0xff,0xff,0xff,0xff,0xff,0xff,0xff,0xff,0xff,
    0xff,0xff,0xff,0xff,0xff,0xff,0xff,0xff,0xff,0xff,0xff,0xff,0xff,0xff,0xff,0xff,
    0xff,0xff,0xff,0xff,0xff,0xff,0xff,0xff,0xff,0xff,0xff,0xff,0xff,0xff,0xff,0xff,
    0xff,0xff,0xff,0xff,0xff,0xff,0xff,0xff,0xff,0xff,0xff,0xff,0xff,0xff,0xff,0xff,
    0xff,0xff,0xff,0xff,0xff,0xff,0xff,0xff,0xff,0xff,0xff,0xff,0xff,0xff,0xff,0xff,
    0xff,0xff,0xff,0xff,0xff,0xff,0xff,0xff,0xff,0xff,0xff,0xff,0xff,0xff,0xff,0xff,
    0xff,0xff,0xff,0xff,0xff,0xff,0xff,0xff,0xff,0xff,0xff,0xff,0xff,0xff,0xff,0xff,
    0xff,0xff,0xff,0xff,0xff,0xff,0xff,0xff,0xff,0xff,0xff,0xff,0xff,0xff,0xff,0xff,
    0xff,0xff,0xff,0xff,0xff,0xff,0xff,0xff,0xff,0xff,0xff,0xff,0xff,0xff,0xff,0xff,
    0xff,0xff,0xff,0xff,0xff,0xff,0xff,0xff,0xff,0xff,0xff,0xff,0xff,0xff,0xff,0xff,
    0xff,0xff,0xff,0xff,0xff,0xff,0xff,0xff,0xff,0xff,0xff,0xff,0xff,0xff,0xff,0xff,
    0xff,0xff,0xff,0xff,0xff,0xff,0xff,0xff,0xff,0xff,0xff,0xff,0xff,0xff,0xff,0xff,
    0xff,0xff,0xff,0xff,0xff,0xff,0xff,0xff,0xff,0xff,0xff,0xff,0xff,0xff,0xff,0xff,
    0xff,0xff,0xff,0xff,0xff,0xff,0xff,0xff,0xff,0xff,0xff,0xff,0xff,0xff,0xff,0xff,
    0xff,0xff,0xff,0xff,0xff,0xff,0xff,0xff,0xff,0xff,0xff,0xff,0xff,0xff,0xff,0xff,
    0xff,0xff,0xff,0xff,0xff,0xff,0xff,0xff,0xff,0xff,0xff,0xff,0xff,0xff,0xff,0xff,
    0xff,0xff,0xff,0xff,0xff,0xff,0xff,0xff,0xff,0xff,0xff,0xff,0xff,0xff,0xff,0xff,
    0xff,0xff,0xff,0xff,0xff,0xff,0xff,0xff,0xff,0xff,0xff,0xff,0xff,0xff,0xff,0xff,
    0xff,0xff,0xff,0xff,0xff,0xff,0xff,0xff,0xff,0xff,0xff,0xff,0xff,0xff,0xff,0xff,
    0xff,0xff,0xff,0xff,0xff,0xff,0xff,0xff,0xff,0xff,0xff,0xff,0xff,0xff,0xff,0xff,
    0xff,0xff,0xff,0xff,0xff,0xff,0xff,0xff,0xff,0xff,0xff,0xff,0xff,0xff,0xff,0xff,
    0xff,0xff,0xff,0xff,0xff,0xff,0xff,0xff,0xff,0xff,0xff,0xff,0xff,0xff,0xff,0xff,
    0xff,0xff,0xff,0xff,0xff,0xff,0xff,0xff,0xff,0xff,0xff,0xff,0xff,0xff,0xff,0xff,
    0xff,0xff,0xff,0xff,0xff,0xff,0xff,0xff,0xff,0xff,0xff,0xff,0xff,0xff,0xff,0xff,
    0xff,0xff,0xff,0xff,0xff,0xff,0xff,0xff,0xff,0xff,0xff,0xff,0xff,0xff,0xff,0xff,
    0xff,0xff,0xff,0xff,0xff,0xff,0xff,0xff,0xff,0xff,0xff,0xff,0xff,0xff,0xff,0xff,
    0xff,0xff,0xff,0xff,0xff,0xff,0xff,0xff,0xff,0xff,0xff,0xff,0xff,0xff,0xff,0xff,
    0xff,0xff,0xff,0xff,0xff,0xff,0xff,0xff,0xff,0xff,0xff,0xff,0xff,0xff,0xff,0xff,
    0xff,0xff,0xff,0xff,0xff,0xff,0xff,0xff,0xff,0xff,0xff,0xff,0xff,0xff,0xff,0xff,
    0xff,0xff,0xff,0xff,0xff,0xff,0xff,0xff,0xff,0xff,0xff,0xff,0xff,0xff,0xff,0xff,
    0xff,0xff,0xff,0xff,0xff,0xff,0xff,0xff,0xff,0xff,0xff,0xff,0xff,0xff,0xff,0xff,
    0xff,0xff,0xff,0xff,0xff,0xff,0xff,0xff,0xff,0xff,0xff,0xff,0xff,0xff,0xff,0xff,
    0xff,0xff,0xff,0xff,0xff,0xff,0xff,0xff,0xff,0xff,0xff,0xff,0xff,0xff,0xff,0xff,
    0xff,0xff,0xff,0xff,0xff,0xff,0xff,0xff,0xff,0xff,0xff,0xff,0xff,0xff,0xff,0xff,
    0xff,0xff,0xff,0xff,0xff,0xff,0xff,0xff,0xff,0xff,0xff,0xff,0xff,0xff,0xff,0xff,
    0xff,0xff,0xff,0xff,0xff,0xff,0xff,0xff,0xff,0xff,0xff,0xff,0xff,0xff,0xff,0xff,
    0xff,0xff,0xff,0xff,0xff,0xff,0xff,0xff,0xff,0xff,0xff,0xff,0xff,0xff,0xff,0xff,
    0xff,0xff,0xff,0xff,0xff,0xff,0xff,0xff,0xff,0xff,0xff,0xff,0xff,0xff,0xff,0xff,
    0xff,0xff,0xff,0xff,0xff,0xff,0xff,0xff,0xff,0xff,0xff,0xff,0xff,0xff,0xff,0xff,
    0xff,0xff,0xff,0xff,0xff,0xff,0xff,0xff,0xff,0xff,0xff,0xff,0xff,0xff,0xff,0xff,
    0xff,0xff,0xff,0xff,0xff,0xff,0xff,0xff,0xff,0xff,0xff,0xff,0xff,0xff,0xff,0xff,
    0xff,0xff,0xff,0xff,0xff,0xff,0xff,0xff,0xff,0xff,0xff,0xff,0xff,0xff,0xff,0xff,
    0xff,0xff,0xff,0xff,0xff,0xff,0xff,0xff,0xff,0xff,0xff,0xff,0xff,0xff,0xff,0xff,
    0xff,0xff,0xff,0xff,0xff,0xff,0xff,0xff,0xff,0xff,0xff,0xff,0xff,0xff,0xff,0xff,
    0xff,0xff,0xff,0xff,0xff,0xff,0xff,0xff,0xff,0xff,0xff,0xff,0xff,0xff,0xff,0xff,
    0xff,0xff,0xff,0xff,0xff,0xff,0xff,0xff,0xff,0xff,0xff,0xff,0xff,0xff,0xff,0xff,
    0xff,0xff,0xff,0xff,0xff,0xff,0xff,0xff,0xff,0xff,0xff,0xff,0xff,0xff,0xff,0xff,
    0xff,0xff,0xff,0xff,0xff,0xff,0xff,0xff,0xff,0xff,0xff,0xff,0xff,0xff,0xff,0xff,
    0xff,0xff,0xff,0xff,0xff,0xff,0xff,0xff,0xff,0xff,0xff,0xff,0xff,0xff,0xff,0xff,
    0xff,0xff,0xff,0xff,0xff,0xff,0xff,0xff,0xff,0xff,0xff,0xff,0xff,0xff,0xff,0xff,
    0xff,0xff,0xff,0xff,0xff,0xff,0xff,0xff,0xff,0xff,0xff,0xff,0xff,0xff,0xff,0xff,
    0xff,0xff,0xff,0xff,0xff,0xff,0xff,0xff,0xff,0xff,0xff,0xff,0xff,0xff,0xff,0xff,
    0xff,0xff,0xff,0xff,0xff,0xff,0xff,0xff,0xff,0xff,0xff,0xff,0xff,0xff,0xff,0xff,
    0xff,0xff,0xff,0xff,0xff,0xff,0xff,0xff,0xff,0xff,0xff,0xff,0xff,0xff,0xff,0xff,
    0xff,0xff,0xff,0xff,0xff,0xff,0xff,0xff,0xff,0xff,0xff,0xff,0xff,0xff,0xff,0xff,
    0xff,0xff,0xff,0xff,0xff,0xff,0xff,0xff,0xff,0xff,0xff,0xff,0xff,0xff,0xff,0xff,
    0xff,0xff,0xff,0xff,0xff,0xff,0xff,0xff,0xff,0xff,0xff,0xff,0xff,0xff,0xff,0xff,
    0xff,0xff,0xff,0xff,0xff,0xff,0xff,0xff,0xff,0xff,0xff,0xff,0xff,0xff,0xff,0xff,
    0xff,0xff,0xff,0xff,0xff,0xff,0xff,0xff,0xff,0xff,0xff,0xff,0xff,0xff,0xff,0xff,
    0xff,0xff,0xff,0xff,0xff,0xff,0xff,0xff,0xff,0xff,0xff,0xff,0xff,0xff,0xff,0xff,
    0xff,0xff,0xff,0xff,0xff,0xff,0xff,0xff,0xff,0xff,0xff,0xff,0xff,0xff,0xff,0xff,
    0xff,0xff,0xff,0xff,0xff,0xff,0xff,0xff,0xff,0xff,0xff,0xff,0xff,0xff,0xff,0xff,
    0xff,0xff,0xff,0xff,0xff,0xff,0xff,0xff,0xff,0xff,0xff,0xff,0xff,0xff,0xff,0xff,
    0xff,0xff,0xff,0xff,0xff,0xff,0xff,0xff,0xff,0xff,0xff,0xff,0xff,0xff,0xff,0xff,
    0xff,0xff,0xff,0xff,0xff,0xff,0xff,0xff,0xff,0xff,0xff,0xff,0xff,0xff,0xff,0xff,
    0xff,0xff,0xff,0xff,0xff,0xff,0xff,0xff,0xff,0xff,0xff,0xff,0xff,0xff,0xff,0xff,
    0xff,0xff,0xff,0xff,0xff,0xff,0xff,0xff,0xff,0xff,0xff,0xff,0xff,0xff,0xff,0xff,
    0xff,0xff,0xff,0xff,0xff,0xff,0xff,0xff,0xff,0xff,0xff,0xff,0xff,0xff,0xff,0xff,
    0xff,0xff,0xff,0xff,0xff,0xff,0xff,0xff,0xff,0xff,0xff,0xff,0xff,0xff,0xff,0xff,
    0xff,0xff,0xff,0xff,0xff,0xff,0xff,0xff,0xff,0xff,0xff,0xff,0xff,0xff,0xff,0xff,
    0xff,0xff,0xff,0xff,0xff,0xff,0xff,0xff,0xff,0xff,0xff,0xff,0xff,0xff,0xff,0xff,
    0xff,0xff,0xff,0xff,0xff,0xff,0xff,0xff,0xff,0xff,0xff,0xff,0xff,0xff,0xff,0xff,
    0xff,0xff,0xff,0xff,0xff,0xff,0xff,0xff,0xff,0xff,0xff,0xff,0xff,0xff,0xff,0xff,
    0xff,0xff,0xff,0xff,0xff,0xff,0xff,0xff,0xff,0xff,0xff,0xff,0xff,0xff,0xff,0xff,
    0xff,0xff,0xff,0xff,0xff,0xff,0xff,0xff,0xff,0xff,0xff,0xff,0xff,0xff,0xff,0xff,
    0xff,0xff,0xff,0xff,0xff,0xff,0xff,0xff,0xff,0xff,0xff,0xff,0xff,0xff,0xff,0xff,
    0xff,0xff,0xff,0xff,0xff,0xff,0xff,0xff,0xff,0xff,0xff,0xff,0xff,0xff,0xff,0xff,
    0xff,0xff,0xff,0xff,0xff,0xff,0xff,0xff,0xff,0xff,0xff,0xff,0xff,0xff,0xff,0xff,
    0xff,0xff,0xff,0xff,0xff,0xff,0xff,0xff,0xff,0xff,0xff,0xff,0xff,0xff,0xff,0xff,
    0xff,0xff,0xff,0xff,0xff,0xff,0xff,0xff,0xff,0xff,0xff,0xff,0xff,0xff,0xff,0xff,
    0xff,0xff,0xff,0xff,0xff,0xff,0xff,0xff,0xff,0xff,0xff,0xff,0xff,0xff,0xff,0xff,
    0xff,0xff,0xff,0xff,0xff,0xff,0xff,0xff,0xff,0xff,0xff,0xff,0xff,0xff,0xff,0xff,
    0xff,0xff,0xff,0xff,0xff,0xff,0xff,0xff,0xff,0xff,0xff,0xff,0xff,0xff,0xff,0xff,
    0xff,0xff,0xff,0xff,0xff,0xff,0xff,0xff,0xff,0xff,0xff,0xff,0xff,0xff,0xff,0xff,
    0xff,0xff,0xff,0xff,0xff,0xff,0xff,0xff,0xff,0xff,0xff,0xff,0xff,0xff,0xff,0xff,
    0xff,0xff,0xff,0xff,0xff,0xff,0xff,0xff,0xff,0xff,0xff,0xff,0xff,0xff,0xff,0xff,
    0xff,0xff,0xff,0xff,0xff,0xff,0xff,0xff,0xff,0xff,0xff,0xff,0xff,0xff,0xff,0xff,
    0xff,0xff,0xff,0xff,0xff,0xff,0xff,0xff,0xff,0xff,0xff,0xff,0xff,0xff,0xff,0xff,
    0xff,0xff,0xff,0xff,0xff,0xff,0xff,0xff,0xff,0xff,0xff,0xff,0xff,0xff,0xff,0xff,
    0xff,0xff,0xff,0xff,0xff,0xff,0xff,0xff,0xff,0xff,0xff,0xff,0xff,0xff,0xff,0xff,
    0xff,0xff,0xff,0xff,0xff,0xff,0xff,0xff,0xff,0xff,0xff,0xff,0xff,0xff,0xff,0xff,
    0xff,0xff,0xff,0xff,0xff,0xff,0xff,0xff,0xff,0xff,0xff,0xff,0xff,0xff,0xff,0xff,
    0xff,0xff,0xff,0xff,0xff,0xff,0xff,0xff,0xff,0xff,0xff,0xff,0xff,0xff,0xff,0xff,
    0xff,0xff,0xff,0xff,0xff,0xff,0xff,0xff,0xff,0xff,0xff,0xff,0xff,0xff,0xff,0xff,
    0xff,0xff,0xff,0xff,0xff,0xff,0xff,0xff,0xff,0xff,0xff,0xff,0xff,0xff,0xff,0xff,
    0xff,0xff,0xff,0xff,0xff,0xff,0xff,0xff,0xff,0xff,0xff,0xff,0xff,0xff,0xff,0xff,
    0xff,0xff,0xff,0xff,0xff,0xff,0xff,0xff,0xff,0xff,0xff,0xff,0xff,0xff,0xff,0xff,
    0xff,0xff,0xff,0xff,0xff,0xff,0xff,0xff,0xff,0xff,0xff,0xff,0xff,0xff,0xff,0xff,
    0xff,0xff,0xff,0xff,0xff,0xff,0xff,0xff,0xff,0xff,0xff,0xff,0xff,0xff,0xff,0xff,
    0xff,0xff,0xff,0xff,0xff,0xff,0xff,0xff,0xff,0xff,0xff,0xff,0xff,0xff,0xff,0xff,
    0xff,0xff,0xff,0xff,0xff,0xff,0xff,0xff,0xff,0xff,0xff,0xff,0xff,0xff,0xff,0xff,
    0xff,0xff,0xff,0xff,0xff,0xff,0xff,0xff,0xff,0xff,0xff,0xff,0xff,0xff,0xff,0xff,
    0xff,0xff,0xff,0xff,0xff,0xff,0xff,0xff,0xff,0xff,0xff,0xff,0xff,0xff,0xff,0xff,
    0xff,0xff,0xff,0xff,0xff,0xff,0xff,0xff,0xff,0xff,0xff,0xff,0xff,0xff,0xff,0xff,
    0xff,0xff,0xff,0xff,0xff,0xff,0xff,0xff,0xff,0xff,0xff,0xff,0xff,0xff,0xff,0xff,
    0xff,0xff,0xff,0xff,0xff,0xff,0xff,0xff,0xff,0xff,0xff,0xff,0xff,0xff,0xff,0xff,
    0xff,0xff,0xff,0xff,0xff,0xff,0xff,0xff,0xff,0xff,0xff,0xff,0xff,0xff,0xff,0xff,
    0xff,0xff,0xff,0xff,0xff,0xff,0xff,0xff,0xff,0xff,0xff,0xff,0xff,0xff,0xff,0xff,
    0xff,0xff,0xff,0xff,0xff,0xff,0xff,0xff,0xff,0xff,0xff,0xff,0xff,0xff,0xff,0xff,
    0xff,0xff,0xff,0xff,0xff,0xff,0xff,0xff,0xff,0xff,0xff,0xff,0xff,0xff,0xff,0xff,
    0xff,0xff,0xff,0xff,0xff,0xff,0xff,0xff,0xff,0xff,0xff,0xff,0xff,0xff,0xff,0xff,
    0xff,0xff,0xff,0xff,0xff,0xff,0xff,0xff,0xff,0xff,0xff,0xff,0xff,0xff,0xff,0xff,
    0xff,0xff,0xff,0xff,0xff,0xff,0xff,0xff,0xff,0xff,0xff,0xff,0xff,0xff,0xff,0xff,
    0xff,0xff,0xff,0xff,0xff,0xff,0xff,0xff,0xff,0xff,0xff,0xff,0xff,0xff,0xff,0xff,
    0xff,0xff,0xff,0xff,0xff,0xff,0xff,0xff,0xff,0xff,0xff,0xff,0xff,0xff,0xff,0xff,
    0xff,0xff,0xff,0xff,0xff,0xff,0xff,0xff,0xff,0xff,0xff,0xff,0xff,0xff,0xff,0xff,
    0xff,0xff,0xff,0xff,0xff,0xff,0xff,0xff,0xff,0xff,0xff,0xff,0xff,0xff,0xff,0xff,
    0xff,0xff,0xff,0xff,0xff,0xff,0xff,0xff,0xff,0xff,0xff,0xff,0xff,0xff,0xff,0xff,
    0xff,0xff,0xff,0xff,0xff,0xff,0xff,0xff,0xff,0xff,0xff,0xff,0xff,0xff,0xff,0xff,
    0xff,0xff,0xff,0xff,0xff,0xff,0xff,0xff,0xff,0xff,0xff,0xff,0xff,0xff,0xff,0xff,
    0xff,0xff,0xff,0xff,0xff,0xff,0xff,0xff,0xff,0xff,0xff,0xff,0xff,0xff,0xff,0xff,
    0xff,0xff,0xff,0xff,0xff,0xff,0xff,0xff,0xff,0xff,0xff,0xff,0xff,0xff,0xff,0xff,
    0xff,0xff,0xff,0xff,0xff,0xff,0xff,0xff,0xff,0xff,0xff,0xff,0xff,0xff,0xff,0xff,
    0xff,0xff,0xff,0xff,0xff,0xff,0xff,0xff,0xff,0xff,0xff,0xff,0xff,0xff,0xff,0xff,
    0xff,0xff,0xff,0xff,0xff,0xff,0xff,0xff,0xff,0xff,0xff,0xff,0xff,0xff,0xff,0xff,
    0xff,0xff,0xff,0xff,0xff,0xff,0xff,0xff,0xff,0xff,0xff,0xff,0xff,0xff,0xff,0xff,
    0xff,0xff,0xff,0xff,0xff,0xff,0xff,0xff,0xff,0xff,0xff,0xff,0xff,0xff,0xff,0xff,
    0xff,0xff,0xff,0xff,0xff,0xff,0xff,0xff,0xff,0xff,0xff,0xff,0xff,0xff,0xff,0xff,
    0xff,0xff,0xff,0xff,0xff,0xff,0xff,0xff,0xff,0xff,0xff,0xff,0xff,0xff,0xff,0xff,
    0xff,0xff,0xff,0xff,0xff,0xff,0xff,0xff,0xff,0xff,0xff,0xff,0xff,0xff,0xff,0xff,
    0xff,0xff,0xff,0xff,0xff,0xff,0xff,0xff,0xff,0xff,0xff,0xff,0xff,0xff,0xff,0xff,
    0xff,0xff,0xff,0xff,0xff,0xff,0xff,0xff,0xff,0xff,0xff,0xff,0xff,0xff,0xff,0xff,
    0xff,0xff,0xff,0xff,0xff,0xff,0xff,0xff,0xff,0xff,0xff,0xff,0xff,0xff,0xff,0xff,
    0xff,0xff,0xff,0xff,0xff,0xff,0xff,0xff,0xff,0xff,0xff,0xff,0xff,0xff,0xff,0xff,
    0xff,0xff,0xff,0xff,0xff,0xff,0xff,0xff,0xff,0xff,0xff,0xff,0xff,0xff,0xff,0xff,
    0xff,0xff,0xff,0xff,0xff,0xff,0xff,0xff,0xff,0xff,0xff,0xff,0xff,0xff,0xff,0xff,
    0xff,0xff,0xff,0xff,0xff,0xff,0xff,0xff,0xff,0xff,0xff,0xff,0xff,0xff,0xff,0xff,
    0xff,0xff,0xff,0xff,0xff,0xff,0xff,0xff,0xff,0xff,0xff,0xff,0xff,0xff,0xff,0xff,
    0xff,0xff,0xff,0xff,0xff,0xff,0xff,0xff,0xff,0xff,0xff,0xff,0xff,0xff,0xff,0xff,
    0xff,0xff,0xff,0xff,0xff,0xff,0xff,0xff,0xff,0xff,0xff,0xff,0xff,0xff,0xff,0xff,
    0xff,0xff,0xff,0xff,0xff,0xff,0xff,0xff,0xff,0xff,0xff,0xff,0xff,0xff,0xff,0xff,
    0xff,0xff,0xff,0xff,0xff,0xff,0xff,0xff,0xff,0xff,0xff,0xff,0xff,0xff,0xff,0xff,
    0xff,0xff,0xff,0xff,0xff,0xff,0xff,0xff,0xff,0xff,0xff,0xff,0xff,0xff,0xff,0xff,
    0xff,0xff,0xff,0xff,0xff,0xff,0xff,0xff,0xff,0xff,0xff,0xff,0xff,0xff,0xff,0xff,
    0xff,0xff,0xff,0xff,0xff,0xff,0xff,0xff,0xff,0xff,0xff,0xff,0xff,0xff,0xff,0xff,
    0xff,0xff,0xff,0xff,0xff,0xff,0xff,0xff,0xff,0xff,0xff,0xff,0xff,0xff,0xff,0xff,
    0xff,0xff,0xff,0xff,0xff,0xff,0xff,0xff,0xff,0xff,0xff,0xff,0xff,0xff,0xff,0xff,
    0xff,0xff,0xff,0xff,0xff,0xff,0xff,0xff,0xff,0xff,0xff,0xff,0xff,0xff,0xff,0xff,
    0xff,0xff,0xff,0xff,0xff,0xff,0xff,0xff,0xff,0xff,0xff,0xff,0xff,0xff,0xff,0xff,
    0xff,0xff,0xff,0xff,0xff,0xff,0xff,0xff,0xff,0xff,0xff,0xff,0xff,0xff,0xff,0xff,
    0xff,0xff,0xff,0xff,0xff,0xff,0xff,0xff,0xff,0xff,0xff,0xff,0xff,0xff,0xff,0xff,
    0xff,0xff,0xff,0xff,0xff,0xff,0xff,0xff,0xff,0xff,0xff,0xff,0xff,0xff,0xff,0xff,
    0xff,0xff,0xff,0xff,0xff,0xff,0xff,0xff,0xff,0xff,0xff,0xff,0xff,0xff,0xff,0xff,
    0xff,0xff,0xff,0xff,0xff,0xff,0xff,0xff,0xff,0xff,0xff,0xff,0xff,0xff,0xff,0xff,
    0xff,0xff,0xff,0xff,0xff,0xff,0xff,0xff,0xff,0xff,0xff,0xff,0xff,0xff,0xff,0xff,
    0xff,0xff,0xff,0xff,0xff,0xff,0xff,0xff,0xff,0xff,0xff,0xff,0xff,0xff,0xff,0xff,
    0xff,0xff,0xff,0xff,0xff,0xff,0xff,0xff,0xff,0xff,0xff,0xff,0xff,0xff,0xff,0xff,
    0xff,0xff,0xff,0xff,0xff,0xff,0xff,0xff,0xff,0xff,0xff,0xff,0xff,0xff,0xff,0xff,
    0xff,0xff,0xff,0xff,0xff,0xff,0xff,0xff,0xff,0xff,0xff,0xff,0xff,0xff,0xff,0xff,
    0xff,0xff,0xff,0xff,0xff,0xff,0xff,0xff,0xff,0xff,0xff,0xff,0xff,0xff,0xff,0xff,
    0xff,0xff,0xff,0xff,0xff,0xff,0xff,0xff,0xff,0xff,0xff,0xff,0xff,0xff,0xff,0xff,
    0xff,0xff,0xff,0xff,0xff,0xff,0xff,0xff,0xff,0xff,0xff,0xff,0xff,0xff,0xff,0xff,
    0xff,0xff,0xff,0xff,0xff,0xff,0xff,0xff,0xff,0xff,0xff,0xff,0xff,0xff,0xff,0xff,
    0xff,0xff,0xff,0xff,0xff,0xff,0xff,0xff,0xff,0xff,0xff,0xff,0xff,0xff,0xff,0xff,
    0xff,0xff,0xff,0xff,0xff,0xff,0xff,0xff,0xff,0xff,0xff,0xff,0xff,0xff,0xff,0xff,
    0xff,0xff,0xff,0xff,0xff,0xff,0xff,0xff,0xff,0xff,0xff,0xff,0xff,0xff,0xff,0xff,
    0xff,0xff,0xff,0xff,0xff,0xff,0xff,0xff,0xff,0xff,0xff,0xff,0xff,0xff,0xff,0xff,
    0xff,0xff,0xff,0xff,0xff,0xff,0xff,0xff,0xff,0xff,0xff,0xff,0xff,0xff,0xff,0xff,
    0xff,0xff,0xff,0xff,0xff,0xff,0xff,0xff,0xff,0xff,0xff,0xff,0xff,0xff,0xff,0xff,
    0xff,0xff,0xff,0xff,0xff,0xff,0xff,0xff,0xff,0xff,0xff,0xff,0xff,0xff,0xff,0xff,
    0xff,0xff,0xff,0xff,0xff,0xff,0xff,0xff,0xff,0xff,0xff,0xff,0xff,0xff,0xff,0xff,
    0xff,0xff,0xff,0xff,0xff,0xff,0xff,0xff,0xff,0xff,0xff,0xff,0xff,0xff,0xff,0xff,
    0xff,0xff,0xff,0xff,0xff,0xff,0xff,0xff,0xff,0xff,0xff,0xff,0xff,0xff,0xff,0xff,
    0xff,0xff,0xff,0xff,0xff,0xff,0xff,0xff,0xff,0xff,0xff,0xff,0xff,0xff,0xff,0xff,
    0xff,0xff,0xff,0xff,0xff,0xff,0xff,0xff,0xff,0xff,0xff,0xff,0xff,0xff,0xff,0xff,
    0xff,0xff,0xff,0xff,0xff,0xff,0xff,0xff,0xff,0xff,0xff,0xff,0xff,0xff,0xff,0xff,
    0xff,0xff,0xff,0xff,0xff,0xff,0xff,0xff,0xff,0xff,0xff,0xff,0xff,0xff,0xff,0xff,
    0xff,0xff,0xff,0xff,0xff,0xff,0xff,0xff,0xff,0xff,0xff,0xff,0xff,0xff,0xff,0xff,
    0xff,0xff,0xff,0xff,0xff,0xff,0xff,0xff,0xff,0xff,0xff,0xff,0xff,0xff,0xff,0xff,
    0xff,0xff,0xff,0xff,0xff,0xff,0xff,0xff,0xff,0xff,0xff,0xff,0xff,0xff,0xff,0xff,
    0xff,0xff,0xff,0xff,0xff,0xff,0xff,0xff,0xff,0xff,0xff,0xff,0xff,0xff,0xff,0xff,
    0xff,0xff,0xff,0xff,0xff,0xff,0xff,0xff,0xff,0xff,0xff,0xff,0xff,0xff,0xff,0xff,
    0xff,0xff,0xff,0xff,0xff,0xff,0xff,0xff,0xff,0xff,0xff,0xff,0xff,0xff,0xff,0xff,
    0xff,0xff,0xff,0xff,0xff,0xff,0xff,0xff,0xff,0xff,0xff,0xff,0xff,0xff,0xff,0xff,
    0xff,0xff,0xff,0xff,0xff,0xff,0xff,0xff,0xff,0xff,0xff,0xff,0xff,0xff,0xff,0xff,
    0xff,0xff,0xff,0xff,0xff,0xff,0xff,0xff,0xff,0xff,0xff,0xff,0xff,0xff,0xff,0xff,
    0xff,0xff,0xff,0xff,0xff,0xff,0xff,0xff,0xff,0xff,0xff,0xff,0xff,0xff,0xff,0xff,
    0xff,0xff,0xff,0xff,0xff,0xff,0xff,0xff,0xff,0xff,0xff,0xff,0xff,0xff,0xff,0xff,
    0xff,0xff,0xff,0xff,0xff,0xff,0xff,0xff,0xff,0xff,0xff,0xff,0xff,0xff,0xff,0xff,
    0xff,0xff,0xff,0xff,0xff,0xff,0xff,0xff,0xff,0xff,0xff,0xff,0xff,0xff,0xff,0xff,
    0xff,0xff,0xff,0xff,0xff,0xff,0xff,0xff,0xff,0xff,0xff,0xff,0xff,0xff,0xff,0xff,
    0xff,0xff,0xff,0xff,0xff,0xff,0xff,0xff,0xff,0xff,0xff,0xff,0xff,0xff,0xff,0xff,
    0xff,0xff,0xff,0xff,0xff,0xff,0xff,0xff,0xff,0xff,0xff,0xff,0xff,0xff,0xff,0xff,
    0xff,0xff,0xff,0xff,0xff,0xff,0xff,0xff,0xff,0xff,0xff,0xff,0xff,0xff,0xff,0xff,
    0xff,0xff,0xff,0xff,0xff,0xff,0xff,0xff,0xff,0xff,0xff,0xff,0xff,0xff,0xff,0xff,
    0xff,0xff,0xff,0xff,0xff,0xff,0xff,0xff,0xff,0xff,0xff,0xff,0xff,0xff,0xff,0xff,
    0xff,0xff,0xff,0xff,0xff,0xff,0xff,0xff,0xff,0xff,0xff,0xff,0xff,0xff,0xff,0xff,
    0xff,0xff,0xff,0xff,0xff,0xff,0xff,0xff,0xff,0xff,0xff,0xff,0xff,0xff,0xff,0xff,
    0xff,0xff,0xff,0xff,0xff,0xff,0xff,0xff,0xff,0xff,0xff,0xff,0xff,0xff,0xff,0xff,
    0xff,0xff,0xff,0xff,0xff,0xff,0xff,0xff,0xff,0xff,0xff,0xff,0xff,0xff,0xff,0xff,
    0xff,0xff,0xff,0xff,0xff,0xff,0xff,0xff,0xff,0xff,0xff,0xff,0xff,0xff,0xff,0xff,
    0xff,0xff,0xff,0xff,0xff,0xff,0xff,0xff,0xff,0xff,0xff,0xff,0xff,0xff,0xff,0xff,
    0xff,0xff,0xff,0xff,0xff,0xff,0xff,0xff,0xff,0xff,0xff,0xff,0xff,0xff,0xff,0xff,
    0xff,0xff,0xff,0xff,0xff,0xff,0xff,0xff,0xff,0xff,0xff,0xff,0xff,0xff,0xff,0xff,
    0xff,0xff,0xff,0xff,0xff,0xff,0xff,0xff,0xff,0xff,0xff,0xff,0xff,0xff,0xff,0xff,
    0xff,0xff,0xff,0xff,0xff,0xff,0xff,0xff,0xff,0xff,0xff,0xff,0xff,0xff,0xff,0xff,
    0xff,0xff,0xff,0xff,0xff,0xff,0xff,0xff,0xff,0xff,0xff,0xff,0xff,0xff,0xff,0xff,
    0xff,0xff,0xff,0xff,0xff,0xff,0xff,0xff,0xff,0xff,0xff,0xff,0xff,0xff,0xff,0xff,
    0xff,0xff,0xff,0xff,0xff,0xff,0xff,0xff,0xff,0xff,0xff,0xff,0xff,0xff,0xff,0xff,
    0xff,0xff,0xff,0xff,0xff,0xff,0xff,0xff,0xff,0xff,0xff,0xff,0xff,0xff,0xff,0xff,
    0xff,0xff,0xff,0xff,0xff,0xff,0xff,0xff,0xff,0xff,0xff,0xff,0xff,0xff,0xff,0xff,
    0xff,0xff,0xff,0xff,0xff,0xff,0xff,0xff,0xff,0xff,0xff,0xff,0xff,0xff,0xff,0xff,
    0xff,0xff,0xff,0xff,0xff,0xff,0xff,0xff,0xff,0xff,0xff,0xff,0xff,0xff,0xff,0xff,
    0xff,0xff,0xff,0xff,0xff,0xff,0xff,0xff,0xff,0xff,0xff,0xff,0xff,0xff,0xff,0xff,
    0xff,0xff,0xff,0xff,0xff,0xff,0xff,0xff,0xff,0xff,0xff,0xff,0xff,0xff,0xff,0xff,
    0xff,0xff,0xff,0xff,0xff,0xff,0xff,0xff,0xff,0xff,0xff,0xff,0xff,0xff,0xff,0xff,
    0xff,0xff,0xff,0xff,0xff,0xff,0xff,0xff,0xff,0xff,0xff,0xff,0xff,0xff,0xff,0xff,
    0xff,0xff,0xff,0xff,0xff,0xff,0xff,0xff,0xff,0xff,0xff,0xff,0xff,0xff,0xff,0xff,
    0xff,0xff,0xff,0xff,0xff,0xff,0xff,0xff,0xff,0xff,0xff,0xff,0xff,0xff,0xff,0xff,
    0xff,0xff,0xff,0xff,0xff,0xff,0xff,0xff,0xff,0xff,0xff,0xff,0xff,0xff,0xff,0xff,
    0xff,0xff,0xff,0xff,0xff,0xff,0xff,0xff,0xff,0xff,0xff,0xff,0xff,0xff,0xff,0xff,
    0xff,0xff,0xff,0xff,0xff,0xff,0xff,0xff,0xff,0xff,0xff,0xff,0xff,0xff,0xff,0xff,
    0xff,0xff,0xff,0xff,0xff,0xff,0xff,0xff,0xff,0xff,0xff,0xff,0xff,0xff,0xff,0xff,
    0xff,0xff,0xff,0xff,0xff,0xff,0xff,0xff,0xff,0xff,0xff,0xff,0xff,0xff,0xff,0xff,
    0xff,0xff,0xff,0xff,0xff,0xff,0xff,0xff,0xff,0xff,0xff,0xff,0xff,0xff,0xff,0xff,
    0xff,0xff,0xff,0xff,0xff,0xff,0xff,0xff,0xff,0xff,0xff,0xff,0xff,0xff,0xff,0xff,
    0xff,0xff,0xff,0xff,0xff,0xff,0xff,0xff,0xff,0xff,0xff,0xff,0xff,0xff,0xff,0xff,
    0xff,0xff,0xff,0xff,0xff,0xff,0xff,0xff,0xff,0xff,0xff,0xff,0xff,0xff,0xff,0xff,
    0xff,0xff,0xff,0xff,0xff,0xff,0xff,0xff,0xff,0xff,0xff,0xff,0xff,0xff,0xff,0xff,
    0xff,0xff,0xff,0xff,0xff,0xff,0xff,0xff,0xff,0xff,0xff,0xff,0xff,0xff,0xff,0xff,
    0xff,0xff,0xff,0xff,0xff,0xff,0xff,0xff,0xff,0xff,0xff,0xff,0xff,0xff,0xff,0xff,
    0xff,0xff,0xff,0xff,0xff,0xff,0xff,0xff,0xff,0xff,0xff,0xff,0xff,0xff,0xff,0xff,
    0xff,0xff,0xff,0xff,0xff,0xff,0xff,0xff,0xff,0xff,0xff,0xff,0xff,0xff,0xff,0xff,
    0xff,0xff,0xff,0xff,0xff,0xff,0xff,0xff,0xff,0xff,0xff,0xff,0xff,0xff,0xff,0xff,
    0xff,0xff,0xff,0xff,0xff,0xff,0xff,0xff,0xff,0xff,0xff,0xff,0xff,0xff,0xff,0xff,
    0xff,0xff,0xff,0xff,0xff,0xff,0xff,0xff,0xff,0xff,0xff,0xff,0xff,0xff,0xff,0xff,
    0xff,0xff,0xff,0xff,0xff,0xff,0xff,0xff,0xff,0xff,0xff,0xff,0xff,0xff,0xff,0xff,
    0xff,0xff,0xff,0xff,0xff,0xff,0xff,0xff,0xff,0xff,0xff,0xff,0xff,0xff,0xff,0xff,
    0xff,0xff,0xff,0xff,0xff,0xff,0xff,0xff,0xff,0xff,0xff,0xff,0xff,0xff,0xff,0xff,
    0xff,0xff,0xff,0xff,0xff,0xff,0xff,0xff,0xff,0xff,0xff,0xff,0xff,0xff,0xff,0xff,
    0xff,0xff,0xff,0xff,0xff,0xff,0xff,0xff,0xff,0xff,0xff,0xff,0xff,0xff,0xff,0xff,
    0xff,0xff,0xff,0xff,0xff,0xff,0xff,0xff,0xff,0xff,0xff,0xff,0xff,0xff,0xff,0xff,
    0xff,0xff,0xff,0xff,0xff,0xff,0xff,0xff,0xff,0xff,0xff,0xff,0xff,0xff,0xff,0xff,
    0xff,0xff,0xff,0xff,0xff,0xff,0xff,0xff,0xff,0xff,0xff,0xff,0xff,0xff,0xff,0xff,
    0xff,0xff,0xff,0xff,0xff,0xff,0xff,0xff,0xff,0xff,0xff,0xff,0xff,0xff,0xff,0xff,
    0xff,0xff,0xff,0xff,0xff,0xff,0xff,0xff,0xff,0xff,0xff,0xff,0xff,0xff,0xff,0xff,
    0xff,0xff,0xff,0xff,0xff,0xff,0xff,0xff,0xff,0xff,0xff,0xff,0xff,0xff,0xff,0xff,
    0xff,0xff,0xff,0xff,0xff,0xff,0xff,0xff,0xff,0xff,0xff,0xff,0xff,0xff,0xff,0xff,
    0xff,0xff,0xff,0xff,0xff,0xff,0xff,0xff,0xff,0xff,0xff,0xff,0xff,0xff,0xff,0xff,
    0xff,0xff,0xff,0xff,0xff,0xff,0xff,0xff,0xff,0xff,0xff,0xff,0xff,0xff,0xff,0xff,
    0xff,0xff,0xff,0xff,0xff,0xff,0xff,0xff,0xff,0xff,0xff,0xff,0xff,0xff,0xff,0xff,
    0xff,0xff,0xff,0xff,0xff,0xff,0xff,0xff,0xff,0xff,0xff,0xff,0xff,0xff,0xff,0xff,
    0xff,0xff,0xff,0xff,0xff,0xff,0xff,0xff,0xff,0xff,0xff,0xff,0xff,0xff,0xff,0xff,
    0xff,0xff,0xff,0xff,0xff,0xff,0xff,0xff,0xff,0xff,0xff,0xff,0xff,0xff,0xff,0xff,
    0xff,0xff,0xff,0xff,0xff,0xff,0xff,0xff,0xff,0xff,0xff,0xff,
};

const lv_image_dsc_t pickpage = {
  .header.magic = LV_IMAGE_HEADER_MAGIC,
  .header.cf = LV_COLOR_FORMAT_RGB565A8,
  .header.flags = 0,
  .header.w = 53,
  .header.h = 260,
  .header.stride = 106,
  .data_size = sizeof(pickpage_map),
  .data = pickpage_map,
};
