#if defined(LV_LVGL_H_INCLUDE_SIMPLE)
#include "lvgl.h"
#elif defined(LV_BUILD_TEST)
#include "../lvgl.h"
#else
#include "lvgl/lvgl.h"
#endif

#ifndef LV_ATTRIBUTE_MEM_ALIGN
#define LV_ATTRIBUTE_MEM_ALIGN
#endif

#ifndef LV_ATTRIBUTE_PRINTPAGE
#define LV_ATTRIBUTE_PRINTPAGE
#endif

static const
LV_ATTRIBUTE_MEM_ALIGN LV_ATTRIBUTE_LARGE_CONST LV_ATTRIBUTE_PRINTPAGE
uint8_t printpage_map[] = {
    0xff,0xff,0xff,0xff,0xff,0xff,0xff,0xff,0xff,0xff,0xff,0xff,0xdf,0xff,0xbf,0xef,
    0xbf,0xef,0xbf,0xef,0xbf,0xef,0xbf,0xef,0xbf,0xef,0xbf,0xef,0xbf,0xef,0xbf,0xef,
    0xbf,0xef,0xbf,0xef,0xbf,0xef,0xbf,0xef,0xbf,0xef,0xbf,0xef,0xbf,0xef,0xbf,0xef,
    0xbf,0xef,0xbf,0xef,0xbf,0xef,0xbf,0xef,0xbf,0xef,0xbf,0xef,0xbf,0xef,0xbf,0xef,
    0xbf,0xef,0xbf,0xef,0xbf,0xef,0xbf,0xef,0xbf,0xef,0xbf,0xef,0xbf,0xe7,0xbf,0xe7,
    0xbf,0xe7,0xbf,0xef,0x9f,0xe7,0x9f,0xe7,0x9f,0xe7,0xbf,0xef,0xff,0xff,0xff,0xff,
    0xff,0xff,0xff,0xff,0xff,0xff,0xff,0xff,0xff,0xff,0xff,0xff,0xff,0xff,0xff,0xff,
    0xff,0xff,0xff,0xff,0x9f,0xe7,0x9f,0xe7,0x9f,0xe7,0x9f,0xe7,0xbf,0xef,0xdf,0xef,
    0xdf,0xf7,0xdf,0xf7,0xdf,0xf7,0xdf,0xf7,0xdf,0xf7,0xdf,0xf7,0xdf,0xf7,0xdf,0xf7,
    0xdf,0xef,0xdf,0xef,0xdf,0xef,0xdf,0xef,0xdf,0xef,0xdf,0xef,0xdf,0xef,0xdf,0xef,
    0xdf,0xef,0xdf,0xef,0xdf,0xef,0xdf,0xef,0xdf,0xef,0xdf,0xef,0xdf,0xef,0xdf,0xef,
    0xdf,0xef,0xdf,0xef,0xdf,0xef,0xdf,0xef,0xdf,0xef,0xdf,0xef,0xdf,0xef,0xbf,0xef,
    0x9f,0xe7,0x7f,0xdf,0x7f,0xdf,0x5f,0xd7,0x9f,0xef,0xff,0xff,0xff,0xff,0xff,0xff,
    0xff,0xff,0xff,0xff,0xff,0xff,0xff,0xff,0xff,0xff,0xdf,0xff,0x5f,0xdf,0x7f,0xdf,
    0x9f,0xe7,0xbf,0xef,0xdf,0xf7,0xbf,0xef,0xbf,0xef,0xbf,0xef,0xbf,0xef,0xbf,0xef,
    0xbf,0xef,0xbf,0xef,0xbf,0xef,0xbf,0xef,0xbf,0xef,0xbf,0xef,0xbf,0xef,0xbf,0xef,
    0xbf,0xef,0xbf,0xef,0xbf,0xef,0xbf,0xef,0xbf,0xef,0xbf,0xef,0xbf,0xef,0xbf,0xef,
    0xbf,0xef,0xbf,0xef,0xbf,0xef,0xbf,0xef,0xbf,0xef,0xbf,0xef,0xbf,0xef,0xbf,0xef,
    0xbf,0xef,0xbf,0xef,0xbf,0xef,0xbf,0xef,0xbf,0xef,0xdf,0xf7,0xdf,0xef,0x9f,0xe7,
    0x5f,0xdf,0x5f,0xd7,0x7f,0xdf,0xff,0xff,0xff,0xff,0xff,0xff,0xff,0xff,0xff,0xff,
    0xff,0xff,0xff,0xff,0x5f,0xd7,0x7f,0xdf,0x9f,0xe7,0xdf,0xf7,0xbf,0xef,0x9f,0xe7,
    0x9f,0xe7,0x7f,0xe7,0x7f,0xe7,0x7f,0xe7,0x7f,0xe7,0x7f,0xe7,0x7f,0xe7,0x7f,0xe7,
    0x7f,0xe7,0x7f,0xe7,0x7f,0xe7,0x7f,0xe7,0x7f,0xe7,0x7f,0xe7,0x7f,0xe7,0x7f,0xe7,
    0x7f,0xe7,0x7f,0xe7,0x7f,0xe7,0x7f,0xe7,0x7f,0xe7,0x7f,0xe7,0x7f,0xe7,0x7f,0xe7,
    0x7f,0xe7,0x7f,0xe7,0x9f,0xe7,0x9f,0xe7,0x9f,0xe7,0x9f,0xe7,0x9f,0xe7,0x9f,0xe7,
    0x9f,0xe7,0x9f,0xe7,0x9f,0xef,0xbf,0xef,0xdf,0xef,0xbf,0xef,0x5f,0xdf,0x3f,0xd7,
    0x7f,0xe7,0xff,0xff,0xff,0xff,0xff,0xff,0xff,0xff,0xff,0xff,0x9f,0xe7,0x7f,0xdf,
    0x9f,0xe7,0xdf,0xf7,0xbf,0xef,0x9f,0xe7,0x7f,0xe7,0x7f,0xdf,0x7f,0xdf,0x7f,0xdf,
    0x5f,0xdf,0x7f,0xdf,0x7f,0xdf,0x7f,0xdf,0x7f,0xdf,0x7f,0xdf,0x7f,0xdf,0x7f,0xdf,
    0x7f,0xdf,0x7f,0xdf,0x5f,0xdf,0x5f,0xdf,0x5f,0xdf,0x5f,0xdf,0x5f,0xdf,0x5f,0xdf,
    0x5f,0xdf,0x7f,0xdf,0x7f,0xdf,0x7f,0xdf,0x7f,0xdf,0x7f,0xdf,0x7f,0xdf,0x7f,0xe7,
    0x7f,0xe7,0x7f,0xe7,0x7f,0xe7,0x7f,0xe7,0x7f,0xe7,0x7f,0xe7,0x9f,0xe7,0x9f,0xe7,
    0x9f,0xe7,0xbf,0xef,0xbf,0xef,0xbf,0xef,0x7f,0xdf,0x3f,0xcf,0xbf,0xef,0xff,0xff,
    0xff,0xff,0xff,0xff,0xdf,0xf7,0x5f,0xdf,0x7f,0xe7,0xdf,0xf7,0xbf,0xef,0x9f,0xe7,
    0x7f,0xe7,0x7f,0xdf,0x5f,0xdf,0x7f,0xdf,0x7f,0xdf,0x5f,0xdf,0x5f,0xdf,0x5f,0xdf,
    0x5f,0xdf,0x5f,0xdf,0x5f,0xdf,0x5f,0xdf,0x5f,0xdf,0x5f,0xdf,0x5f,0xdf,0x5f,0xdf,
    0x5f,0xdf,0x5f,0xdf,0x5f,0xdf,0x5f,0xdf,0x5f,0xdf,0x5f,0xdf,0x5f,0xdf,0x5f,0xdf,
    0x5f,0xdf,0x5f,0xdf,0x7f,0xdf,0x7f,0xdf,0x7f,0xdf,0x7f,0xdf,0x7f,0xdf,0x7f,0xe7,
    0x7f,0xe7,0x7f,0xe7,0x7f,0xe7,0x7f,0xe7,0x7f,0xe7,0x9f,0xe7,0x9f,0xe7,0x9f,0xe7,
    0xbf,0xef,0xbf,0xef,0x7f,0xdf,0x3f,0xd7,0xdf,0xff,0xff,0xff,0xff,0xff,0x9f,0xef,
    0x7f,0xdf,0xbf,0xef,0xdf,0xf7,0x9f,0xe7,0x7f,0xe7,0x7f,0xdf,0x5f,0xdf,0x5f,0xdf,
    0x5f,0xdf,0x5f,0xdf,0x5f,0xdf,0x5f,0xdf,0x5f,0xdf,0x5f,0xdf,0x5f,0xdf,0x5f,0xdf,
    0x5f,0xdf,0x5f,0xdf,0x5f,0xdf,0x5f,0xdf,0x5f,0xdf,0x5f,0xdf,0x5f,0xdf,0x5f,0xdf,
    0x5f,0xdf,0x5f,0xdf,0x5f,0xdf,0x5f,0xdf,0x5f,0xdf,0x5f,0xdf,0x5f,0xdf,0x5f,0xdf,
    0x5f,0xdf,0x7f,0xdf,0x7f,0xdf,0x7f,0xdf,0x7f,0xdf,0x7f,0xdf,0x7f,0xdf,0x7f,0xdf,
    0x7f,0xe7,0x7f,0xdf,0x7f,0xe7,0x7f,0xe7,0x9f,0xe7,0xbf,0xef,0xdf,0xef,0x9f,0xe7,
    0x1f,0xcf,0xbf,0xef,0xff,0xff,0xff,0xff,0x7f,0xdf,0x7f,0xdf,0xdf,0xf7,0xbf,0xef,
    0x9f,0xe7,0x7f,0xe7,0x7f,0xdf,0x5f,0xdf,0x5f,0xdf,0x5f,0xdf,0x5f,0xdf,0x5f,0xdf,
    0x5f,0xdf,0x5f,0xdf,0x5e,0xdf,0x5f,0xdf,0x5f,0xdf,0x5f,0xdf,0x5f,0xdf,0x5f,0xdf,
    0x5f,0xdf,0x5f,0xdf,0x5f,0xdf,0x5f,0xdf,0x5f,0xdf,0x5f,0xdf,0x5f,0xdf,0x5f,0xdf,
    0x5f,0xdf,0x5f,0xdf,0x5f,0xdf,0x5f,0xdf,0x5f,0xdf,0x5f,0xdf,0x5f,0xdf,0x7f,0xdf,
    0x7f,0xdf,0x7f,0xdf,0x7f,0xdf,0x7f,0xdf,0x7f,0xdf,0x7f,0xdf,0x7f,0xdf,0x7f,0xdf,
    0x7f,0xe7,0x7f,0xe7,0x9f,0xe7,0xbf,0xef,0xbf,0xef,0x5f,0xd7,0x7f,0xe7,0xff,0xff,
    0xdf,0xff,0x5f,0xd7,0x9f,0xe7,0xdf,0xf7,0x9f,0xe7,0x7f,0xe7,0x7f,0xdf,0x5f,0xdf,
    0x5f,0xdf,0x5f,0xdf,0x5f,0xdf,0x5f,0xdf,0x5f,0xdf,0x5f,0xdf,0x5f,0xdf,0x5f,0xdf,
    0x5f,0xdf,0x5f,0xdf,0x5f,0xdf,0x5f,0xdf,0x5f,0xdf,0x5f,0xdf,0x5f,0xdf,0x5f,0xdf,
    0x5f,0xdf,0x5f,0xdf,0x5f,0xdf,0x5e,0xdf,0x5f,0xdf,0x5f,0xdf,0x5f,0xdf,0x5f,0xdf,
    0x5f,0xdf,0x5f,0xdf,0x5f,0xdf,0x5f,0xdf,0x5f,0xdf,0x5f,0xdf,0x7f,0xdf,0x7f,0xdf,
    0x7f,0xdf,0x7f,0xdf,0x7f,0xdf,0x7f,0xdf,0x7f,0xdf,0x7f,0xdf,0x7f,0xe7,0x9f,0xe7,
    0x9f,0xef,0xdf,0xf7,0x7f,0xdf,0x7f,0xdf,0xdf,0xf7,0xdf,0xf7,0x3f,0xd7,0xbf,0xef,
    0xbf,0xef,0x9f,0xe7,0x7f,0xe7,0x7f,0xdf,0x5f,0xdf,0x5f,0xdf,0x5f,0xdf,0x5f,0xdf,
    0x5f,0xdf,0x5f,0xdf,0x5f,0xdf,0x5f,0xdf,0x5f,0xdf,0x5f,0xdf,0x5f,0xdf,0x5f,0xdf,
    0x5f,0xdf,0x5f,0xdf,0x5f,0xdf,0x5f,0xdf,0x5f,0xdf,0x5f,0xdf,0x5f,0xdf,0x5f,0xdf,
    0x5e,0xdf,0x5e,0xdf,0x5e,0xdf,0x5f,0xdf,0x5f,0xdf,0x5f,0xdf,0x5f,0xdf,0x5f,0xdf,
    0x5f,0xdf,0x5f,0xdf,0x5f,0xdf,0x5f,0xdf,0x5f,0xdf,0x5f,0xdf,0x5f,0xdf,0x7f,0xdf,
    0x7f,0xdf,0x7f,0xdf,0x7f,0xdf,0x7f,0xdf,0x7f,0xe7,0x9f,0xe7,0xdf,0xf7,0x7f,0xdf,
    0x9f,0xe7,0xbf,0xf7,0xbf,0xf7,0x3f,0xd7,0xbf,0xef,0xbf,0xef,0x7f,0xe7,0x7f,0xdf,
    0x5f,0xdf,0x5f,0xdf,0x5f,0xdf,0x5f,0xdf,0x5f,0xdf,0x5f,0xdf,0x5f,0xdf,0x5f,0xdf,
    0x5f,0xdf,0x5f,0xdf,0x5f,0xdf,0x5f,0xdf,0x5f,0xdf,0x5f,0xdf,0x5f,0xdf,0x5f,0xdf,
    0x5f,0xdf,0x5f,0xdf,0x5f,0xdf,0x5f,0xdf,0x5f,0xdf,0x5f,0xdf,0x5f,0xdf,0x5e,0xdf,
    0x5f,0xdf,0x5f,0xdf,0x5f,0xdf,0x5f,0xdf,0x5f,0xdf,0x5f,0xdf,0x5f,0xdf,0x5f,0xdf,
    0x5f,0xdf,0x5f,0xdf,0x5f,0xdf,0x5f,0xdf,0x5f,0xdf,0x5f,0xdf,0x7f,0xdf,0x7f,0xdf,
    0x7f,0xdf,0x7f,0xe7,0x9f,0xe7,0xdf,0xf7,0x9f,0xe7,0x9f,0xe7,0xbf,0xf7,0xbf,0xf7,
    0x3f,0xd7,0xbf,0xef,0xbf,0xef,0x7f,0xe7,0x7f,0xdf,0x5f,0xdf,0x5f,0xdf,0x5f,0xdf,
    0x5f,0xdf,0x5f,0xdf,0x5f,0xdf,0x5f,0xdf,0x5f,0xdf,0x5f,0xdf,0x7f,0xdf,0x7f,0xdf,
    0x7f,0xdf,0x7f,0xdf,0x7f,0xdf,0x7f,0xdf,0x7f,0xdf,0x7f,0xdf,0x7f,0xdf,0x7f,0xdf,
    0x7f,0xdf,0x7f,0xdf,0x7f,0xdf,0x7f,0xdf,0x7f,0xdf,0x7f,0xdf,0x7f,0xdf,0x7f,0xdf,
    0x7f,0xdf,0x7f,0xdf,0x7f,0xdf,0x7f,0xdf,0x7f,0xdf,0x7f,0xdf,0x7f,0xdf,0x7f,0xdf,
    0x7f,0xdf,0x5f,0xdf,0x5f,0xdf,0x5f,0xdf,0x7f,0xdf,0x7f,0xdf,0x7f,0xdf,0x9f,0xe7,
    0xdf,0xef,0x9f,0xe7,0x7f,0xdf,0xbf,0xf7,0xbf,0xf7,0x3f,0xd7,0xbf,0xef,0xbf,0xef,
    0x7f,0xe7,0x7f,0xdf,0x7f,0xdf,0x5f,0xdf,0x7f,0xdf,0x7f,0xdf,0x7f,0xdf,0x7f,0xdf,
    0x7f,0xdf,0x7f,0xdf,0x7f,0xdf,0x7f,0xdf,0x7f,0xdf,0x7f,0xdf,0x7f,0xdf,0x7f,0xdf,
    0x7f,0xdf,0x7f,0xdf,0x7f,0xdf,0x7f,0xdf,0x7f,0xdf,0x7f,0xdf,0x7f,0xdf,0x7f,0xdf,
    0x7f,0xdf,0x7f,0xdf,0x7f,0xdf,0x7f,0xdf,0x7f,0xdf,0x7f,0xdf,0x7f,0xdf,0x7f,0xdf,
    0x7f,0xdf,0x7f,0xdf,0x7f,0xdf,0x7f,0xdf,0x7f,0xdf,0x7f,0xdf,0x7f,0xdf,0x7f,0xdf,
    0x7f,0xdf,0x5f,0xdf,0x7f,0xdf,0x7f,0xdf,0x7f,0xe7,0xbf,0xf7,0x9f,0xe7,0x7f,0xdf,
    0xbf,0xf7,0xbf,0xf7,0x3f,0xd7,0xbf,0xef,0xbf,0xef,0x7f,0xe7,0x7f,0xdf,0x7f,0xdf,
    0x7f,0xdf,0x7f,0xdf,0x7f,0xdf,0x7f,0xdf,0x7f,0xdf,0x9f,0xdf,0x9f,0xdf,0x9f,0xdf,
    0x9f,0xdf,0x9f,0xdf,0x9f,0xdf,0x9f,0xdf,0x9f,0xdf,0x9f,0xdf,0x9f,0xdf,0x9f,0xdf,
    0x9f,0xdf,0x9f,0xdf,0x9f,0xdf,0x9f,0xdf,0x9f,0xdf,0x9f,0xdf,0x9f,0xdf,0x9f,0xdf,
    0x9f,0xdf,0x9f,0xdf,0x9f,0xdf,0x9f,0xdf,0x9f,0xdf,0x9f,0xdf,0x9f,0xdf,0x9f,0xdf,
    0x9f,0xdf,0x9f,0xdf,0x7f,0xdf,0x7f,0xdf,0x7f,0xdf,0x7f,0xdf,0x7f,0xdf,0x7f,0xdf,
    0x7f,0xdf,0x7f,0xe7,0xbf,0xf7,0x9f,0xe7,0x7f,0xdf,0xbf,0xf7,0xbf,0xf7,0x3f,0xd7,
    0xbf,0xef,0xbf,0xef,0x7f,0xe7,0x7f,0xdf,0x7f,0xdf,0x7f,0xdf,0x7f,0xdf,0x7f,0xdf,
    0x9f,0xdf,0x9f,0xdf,0x9f,0xdf,0x9f,0xdf,0xbf,0xdf,0xbf,0xdf,0xbf,0xdf,0xbf,0xdf,
    0xbf,0xdf,0xbf,0xdf,0xbf,0xdf,0xbf,0xdf,0xbf,0xdf,0xbf,0xdf,0xbf,0xdf,0xbf,0xdf,
    0xbf,0xdf,0xbf,0xdf,0xbf,0xdf,0xbf,0xdf,0xbf,0xdf,0xbf,0xdf,0xbf,0xdf,0xbf,0xdf,
    0xbf,0xdf,0xbf,0xdf,0xbf,0xdf,0xbf,0xdf,0xbf,0xdf,0x9f,0xdf,0x9f,0xdf,0x9f,0xdf,
    0x9f,0xdf,0x9f,0xdf,0x7f,0xdf,0x7f,0xdf,0x7f,0xdf,0x7f,0xdf,0x7f,0xe7,0xdf,0xf7,
    0x9f,0xe7,0x7f,0xdf,0xbf,0xf7,0xbf,0xf7,0x3f,0xd7,0xbf,0xef,0xbf,0xef,0x7f,0xe7,
    0x7f,0xdf,0x7f,0xdf,0x7f,0xdf,0x9f,0xdf,0x9f,0xdf,0x9f,0xdf,0xbf,0xdf,0xbf,0xdf,
    0xdf,0xdf,0xdf,0xdf,0xdf,0xdf,0xdf,0xdf,0xdf,0xdf,0xdf,0xdf,0xdf,0xdf,0xdf,0xdf,
    0xdf,0xdf,0xdf,0xdf,0xdf,0xdf,0xdf,0xdf,0xdf,0xdf,0xdf,0xdf,0xdf,0xdf,0xdf,0xdf,
    0xdf,0xdf,0xdf,0xdf,0xdf,0xdf,0xdf,0xdf,0xdf,0xdf,0xdf,0xdf,0xdf,0xdf,0xdf,0xdf,
    0xdf,0xdf,0xdf,0xdf,0xdf,0xdf,0xbf,0xdf,0xbf,0xdf,0xbf,0xdf,0x9f,0xdf,0x9f,0xdf,
    0x9f,0xdf,0x7f,0xdf,0x7f,0xdf,0x9f,0xe7,0xdf,0xf7,0x9f,0xe7,0x7f,0xdf,0xbf,0xf7,
    0xbf,0xf7,0x3f,0xd7,0xbf,0xef,0xbf,0xef,0x9f,0xe7,0x9f,0xdf,0x9f,0xdf,0x9f,0xdf,
    0x9f,0xdf,0xbf,0xdf,0xdf,0xdf,0xdf,0xdf,0xdf,0xdf,0xff,0xdf,0xff,0xdf,0xff,0xdf,
    0xff,0xdf,0xff,0xdf,0xff,0xdf,0xff,0xdf,0xff,0xdf,0xff,0xdf,0xff,0xdf,0xff,0xdf,
    0xff,0xdf,0xff,0xdf,0xff,0xdf,0xff,0xdf,0xff,0xdf,0xff,0xdf,0xff,0xdf,0xff,0xdf,
    0xff,0xdf,0xff,0xdf,0xff,0xdf,0xff,0xdf,0xff,0xdf,0xff,0xdf,0xff,0xdf,0xff,0xdf,
    0xff,0xdf,0xdf,0xdf,0xdf,0xdf,0xbf,0xdf,0xbf,0xdf,0x9f,0xdf,0x9f,0xdf,0x7f,0xdf,
    0x9f,0xe7,0xdf,0xef,0x9f,0xe7,0x7f,0xdf,0xbf,0xf7,0xbf,0xf7,0x3f,0xd7,0xbf,0xef,
    0xbf,0xef,0x9f,0xe7,0x9f,0xdf,0x9f,0xdf,0xbf,0xdf,0xbf,0xdf,0xdf,0xdf,0xff,0xdf,
    0xff,0xdf,0xff,0xdf,0xff,0xdf,0xff,0xe7,0xff,0xe7,0xff,0xe7,0xff,0xe7,0xff,0xe7,
    0xff,0xe7,0xff,0xe7,0xff,0xdf,0xff,0xdf,0xff,0xdf,0xff,0xdf,0xff,0xdf,0xff,0xdf,
    0xff,0xdf,0xff,0xdf,0xff,0xdf,0xff,0xdf,0xff,0xdf,0xff,0xdf,0xff,0xdf,0xff,0xdf,
    0xff,0xdf,0xff,0xdf,0xff,0xdf,0xff,0xdf,0xff,0xdf,0xff,0xdf,0xff,0xdf,0xff,0xdf,
    0xdf,0xdf,0xbf,0xdf,0xbf,0xdf,0x9f,0xdf,0x9f,0xdf,0x9f,0xe7,0xdf,0xef,0x9f,0xe7,
    0x7f,0xdf,0xbf,0xef,0xbf,0xf7,0x3f,0xd7,0xbf,0xef,0xbf,0xef,0x9f,0xdf,0x9f,0xdf,
    0xbf,0xdf,0xbf,0xdf,0xdf,0xdf,0xff,0xdf,0xff,0xdf,0xff,0xdf,0xff,0xd7,0xff,0xcf,
    0xff,0xcf,0xff,0xc7,0xfe,0xc7,0xfe,0xc7,0xfe,0xc7,0xfe,0xc7,0xff,0xc7,0xff,0xcf,
    0xff,0xcf,0xff,0xcf,0xff,0xcf,0xff,0xcf,0xff,0xcf,0xff,0xc7,0xff,0xc7,0xff,0xc7,
    0xff,0xc7,0xff,0xc7,0xff,0xc7,0xff,0xc7,0xff,0xc7,0xff,0xc7,0xff,0xc7,0xff,0xc7,
    0xff,0xc7,0xff,0xcf,0xff,0xd7,0xff,0xdf,0xff,0xdf,0xff,0xdf,0xdf,0xdf,0xdf,0xdf,
    0xbf,0xdf,0x9f,0xdf,0x9f,0xe7,0xdf,0xef,0x9f,0xe7,0x7f,0xdf,0xbf,0xf7,0xbf,0xf7,
    0x3f,0xd7,0xbf,0xef,0xbf,0xef,0x9f,0xdf,0xbf,0xdf,0xbf,0xdf,0xdf,0xdf,0xff,0xdf,
    0xff,0xdf,0xff,0xd7,0xff,0xd7,0xfe,0xb7,0xfe,0xa7,0xfd,0x9f,0xfd,0x9f,0xfd,0x9f,
    0xfd,0x9f,0xdd,0x9f,0xfd,0x9f,0xfd,0x9f,0xfe,0xa7,0xfe,0xaf,0xfe,0xb7,0xff,0xbf,
    0xff,0xc7,0xff,0xbf,0xfe,0xb7,0xfe,0xaf,0xfe,0xa7,0xfe,0xa7,0xfe,0xa7,0xfe,0xa7,
    0xfe,0xa7,0xfe,0xa7,0xfe,0xa7,0xfe,0x9f,0xfe,0x9f,0xfe,0x9f,0xfe,0xa7,0xfe,0xb7,
    0xff,0xcf,0xff,0xcf,0xff,0xdf,0xff,0xdf,0xdf,0xdf,0xbf,0xdf,0xbf,0xdf,0x9f,0xdf,
    0xdf,0xef,0x9f,0xe7,0x7f,0xdf,0xbf,0xf7,0xbf,0xf7,0x3f,0xd7,0xbf,0xef,0xbf,0xef,
    0xbf,0xdf,0xbf,0xdf,0xdf,0xdf,0xff,0xdf,0xff,0xdf,0xff,0xd7,0xff,0xdf,0xff,0xbf,
    0xfe,0xaf,0xfd,0xaf,0xdd,0xa7,0xdd,0xa7,0xdd,0xa7,0xdd,0xa7,0xdd,0xa7,0xfd,0xa7,
    0xfd,0xa7,0xfd,0xa7,0xfd,0xa7,0xfd,0xa7,0xfd,0xa7,0xfd,0xa7,0xfd,0xa7,0xfd,0xa7,
    0xfd,0xa7,0xfd,0xa7,0xfd,0xa7,0xfd,0xa7,0xfd,0xa7,0xfd,0xa7,0xfd,0xa7,0xfd,0xa7,
    0xdd,0xa7,0xdd,0xa7,0xfd,0xa7,0xfd,0xa7,0xfe,0xaf,0xff,0xc7,0xff,0xdf,0xff,0xcf,
    0xff,0xdf,0xff,0xdf,0xdf,0xdf,0xbf,0xdf,0xbf,0xdf,0xdf,0xef,0x9f,0xe7,0x7f,0xdf,
    0xbf,0xf7,0xbf,0xf7,0x3f,0xd7,0xbf,0xef,0xbf,0xef,0xbf,0xdf,0xdf,0xdf,0xff,0xdf,
    0xff,0xdf,0xff,0xd7,0xff,0xe7,0xfe,0xb7,0xfd,0xaf,0xdc,0xa7,0xbc,0xa7,0xbc,0x9f,
    0xbc,0x9f,0xbc,0x9f,0xbc,0x9f,0xbc,0x9f,0xbc,0x9f,0xbc,0xa7,0xbc,0xa7,0xbc,0xa7,
    0xbc,0x9f,0xbc,0x9f,0xbc,0x9f,0xbc,0x9f,0xbc,0x9f,0xbc,0x9f,0xbc,0x9f,0xbc,0x9f,
    0xbc,0x9f,0xbc,0x9f,0xbc,0x9f,0xbc,0x9f,0xbb,0x9f,0xbb,0x9f,0xbb,0x9f,0xbb,0x9f,
    0xbc,0x9f,0xdc,0xa7,0xfd,0xa7,0xfe,0xb7,0xff,0xdf,0xff,0xcf,0xff,0xdf,0xdf,0xdf,
    0xdf,0xdf,0xbf,0xdf,0xdf,0xef,0x9f,0xe7,0x7f,0xdf,0xbf,0xf7,0xbf,0xf7,0x3f,0xd7,
    0xbf,0xef,0xdf,0xef,0xbf,0xdf,0xdf,0xdf,0xff,0xdf,0xff,0xd7,0xff,0xd7,0xff,0xbf,
    0xfd,0xa7,0xbc,0xa7,0x9c,0x9f,0x9b,0x9f,0x7b,0x9f,0x7b,0x9f,0x7b,0x9f,0x7b,0x9f,
    0x7b,0x9f,0x9b,0x9f,0x9b,0x9f,0x9b,0x9f,0x9b,0x9f,0x9b,0x9f,0x9b,0x9f,0x9b,0x9f,
    0x7b,0x9f,0x9b,0x9f,0x9b,0x9f,0x9b,0x9f,0x9b,0x9f,0x9b,0x9f,0x9b,0x9f,0x7b,0x9f,
    0x7b,0x9f,0x7b,0x97,0x7b,0x97,0x7b,0x97,0x7b,0x97,0x7b,0x9f,0x9b,0x9f,0xbc,0x9f,
    0xdd,0xa7,0xfe,0xbf,0xff,0xcf,0xff,0xd7,0xff,0xdf,0xdf,0xdf,0xbf,0xdf,0xdf,0xef,
    0x9f,0xe7,0x7f,0xdf,0xbf,0xf7,0xbf,0xf7,0x5f,0xd7,0xbf,0xef,0xdf,0xef,0xdf,0xdf,
    0xdf,0xdf,0xff,0xdf,0xff,0xcf,0xff,0xc7,0xfe,0xaf,0xbc,0xa7,0x9b,0x9f,0x7b,0x9f,
    0x7b,0x9f,0x7b,0x9f,0x7b,0x9f,0x7b,0x9f,0x7b,0x9f,0x7b,0x9f,0x7b,0x9f,0x7b,0x9f,
    0x7b,0x9f,0x7b,0x9f,0x7b,0x9f,0x7b,0x9f,0x7b,0x9f,0x7b,0x9f,0x7b,0x9f,0x7b,0x9f,
    0x7b,0x9f,0x7b,0x9f,0x7b,0x9f,0x7b,0x9f,0x7b,0x9f,0x7b,0x97,0x5b,0x97,0x5b,0x97,
    0x5b,0x97,0x5b,0x97,0x7b,0x97,0x7b,0x97,0x9b,0x9f,0xbc,0x9f,0xfd,0xa7,0xff,0xbf,
    0xff,0xcf,0xff,0xdf,0xdf,0xdf,0xdf,0xdf,0xdf,0xef,0x9f,0xe7,0x7f,0xdf,0xbf,0xf7,
    0xbf,0xf7,0x5f,0xd7,0xbf,0xef,0xdf,0xef,0xdf,0xdf,0xdf,0xdf,0xff,0xd7,0xff,0xbf,
    0xff,0xbf,0xdd,0xa7,0xbc,0x9f,0x7b,0x9f,0x7b,0x9f,0x5b,0x9f,0x5b,0x9f,0x5b,0x9f,
    0x5b,0x9f,0x5b,0x9f,0x7b,0x9f,0x7b,0x9f,0x7b,0x9f,0x7b,0x9f,0x7b,0xa7,0x7b,0xa7,
    0x7b,0xa7,0x7b,0xa7,0x7b,0xa7,0x7b,0xa7,0x7b,0x9f,0x7b,0x9f,0x7b,0x9f,0x7b,0x9f,
    0x5b,0x9f,0x5b,0x97,0x5b,0x97,0x5a,0x97,0x5a,0x97,0x5b,0x97,0x5b,0x97,0x5b,0x97,
    0x5b,0x97,0x7b,0x97,0x9b,0x9f,0xdc,0x9f,0xfe,0xaf,0xfe,0xbf,0xff,0xd7,0xdf,0xdf,
    0xdf,0xdf,0xdf,0xef,0x9f,0xe7,0x7f,0xdf,0xbf,0xf7,0xbf,0xf7,0x5f,0xd7,0xbf,0xef,
    0xdf,0xef,0xdf,0xdf,0xdf,0xdf,0xff,0xd7,0xfe,0xb7,0xfe,0xbf,0xdc,0xa7,0x9b,0x9f,
    0x7b,0x9f,0x5b,0x9f,0x5b,0x9f,0x5b,0x9f,0x5b,0x9f,0x5b,0x9f,0x5b,0x9f,0x5b,0x9f,
    0x7b,0x9f,0x7b,0x9f,0x7b,0xa7,0x7b,0xa7,0x7b,0xa7,0x7b,0xa7,0x7b,0xa7,0x7b,0xa7,
    0x7b,0xa7,0x7b,0xa7,0x7b,0x9f,0x7b,0x9f,0x7b,0x9f,0x5b,0x9f,0x5b,0x9f,0x5b,0x9f,
    0x5a,0x97,0x5a,0x97,0x5a,0x97,0x5a,0x97,0x5a,0x97,0x5a,0x97,0x7b,0x97,0x9b,0x97,
    0xdc,0x9f,0xfe,0xa7,0xfe,0xaf,0xff,0xd7,0xdf,0xd7,0xdf,0xdf,0xdf,0xef,0x9f,0xe7,
    0x7f,0xdf,0xbf,0xf7,0xbf,0xf7,0x5f,0xd7,0xbf,0xef,0xdf,0xef,0xdf,0xdf,0xdf,0xd7,
    0xff,0xcf,0xfe,0xb7,0xfe,0xbf,0xbc,0x9f,0x7b,0x9f,0x5b,0x97,0x5b,0x9f,0x5b,0x9f,
    0x5b,0x9f,0x5b,0x9f,0x5b,0x9f,0x5b,0x9f,0x5b,0x9f,0x7b,0x9f,0x7b,0xa7,0x7b,0xa7,
    0x7b,0xa7,0x7b,0xa7,0x7b,0xa7,0x7b,0xa7,0x7b,0xa7,0x7b,0xa7,0x7b,0xa7,0x7b,0xa7,
    0x7b,0xa7,0x7b,0x9f,0x5b,0x9f,0x5b,0x9f,0x5b,0x9f,0x5b,0x97,0x5b,0x97,0x5a,0x97,
    0x5a,0x97,0x5a,0x97,0x5a,0x97,0x5b,0x97,0x7b,0x97,0xbc,0x9f,0xfe,0xa7,0xde,0xaf,
    0xff,0xcf,0xdf,0xd7,0xdf,0xdf,0xdf,0xef,0x9f,0xe7,0x7f,0xdf,0xbf,0xf7,0xbf,0xf7,
    0x5f,0xd7,0xbf,0xef,0xdf,0xe7,0xdf,0xdf,0xdf,0xd7,0xff,0xcf,0xde,0xaf,0xfe,0xb7,
    0xbc,0x9f,0x7b,0x9f,0x5b,0x9f,0x5b,0x9f,0x5b,0x9f,0x5b,0x9f,0x5b,0x9f,0x5b,0x9f,
    0x7b,0x9f,0x7b,0x9f,0x7b,0x9f,0x7b,0xa7,0x7b,0xa7,0x7b,0xa7,0x7b,0xa7,0x7b,0xa7,
    0x7b,0xa7,0x7b,0xa7,0x7b,0xa7,0x7b,0xa7,0x7b,0xa7,0x7b,0xa7,0x7b,0x9f,0x7b,0x9f,
    0x5b,0x9f,0x5b,0x9f,0x5b,0x97,0x5b,0x97,0x5a,0x97,0x5a,0x97,0x5a,0x97,0x5a,0x97,
    0x5a,0x97,0x7b,0x97,0xbc,0x9f,0xfe,0xa7,0xde,0xaf,0xff,0xcf,0xdf,0xd7,0xdf,0xdf,
    0xdf,0xef,0x9f,0xe7,0x7f,0xdf,0xbf,0xf7,0xbf,0xf7,0x5f,0xd7,0xdf,0xef,0xdf,0xe7,
    0xdf,0xdf,0xdf,0xd7,0xdf,0xc7,0xde,0xaf,0xfe,0xb7,0xbc,0xa7,0x7b,0x9f,0x7b,0x9f,
    0x5b,0x9f,0x5b,0x9f,0x5b,0x9f,0x5b,0x9f,0x5b,0x9f,0x7b,0x9f,0x7b,0x9f,0x7b,0xa7,
    0x7b,0xa7,0x7b,0xa7,0x9b,0xa7,0x9b,0xa7,0x9b,0xa7,0x9b,0xa7,0x9b,0xa7,0x9b,0xa7,
    0x9b,0xa7,0x9b,0xa7,0x7b,0xa7,0x7b,0xa7,0x7b,0x9f,0x5b,0x9f,0x5b,0x9f,0x5b,0x9f,
    0x5b,0x97,0x5a,0x97,0x5a,0x97,0x5a,0x97,0x5a,0x97,0x5b,0x97,0x7b,0x97,0xdc,0x9f,
    0xfe,0xa7,0xde,0xa7,0xdf,0xc7,0xdf,0xd7,0xdf,0xdf,0xdf,0xef,0x9f,0xe7,0x7f,0xdf,
    0xbf,0xf7,0xbf,0xf7,0x5f,0xd7,0xdf,0xef,0xdf,0xe7,0xbf,0xdf,0xdf,0xcf,0xde,0xc7,
    0xdd,0xa7,0xfe,0xb7,0xbc,0xa7,0x7b,0x9f,0x7b,0x9f,0x5b,0x9f,0x5b,0x9f,0x5b,0x9f,
    0x5b,0x9f,0x5b,0x9f,0x7b,0x9f,0x7b,0x9f,0x7b,0xa7,0x7b,0xa7,0x9b,0xa7,0x9b,0xa7,
    0x9b,0xa7,0x9b,0xa7,0x9b,0xa7,0x9b,0xa7,0x9b,0xa7,0x9b,0xa7,0x9b,0xa7,0x9b,0xa7,
    0x7b,0xa7,0x7b,0x9f,0x7b,0x9f,0x7b,0x9f,0x5b,0x9f,0x5b,0x97,0x5a,0x97,0x5a,0x97,
    0x5a,0x97,0x5a,0x97,0x5b,0x97,0x7b,0x97,0xdc,0x9f,0xfe,0xa7,0xbd,0xa7,0xde,0xc7,
    0xde,0xcf,0xbf,0xdf,0xdf,0xef,0x9f,0xe7,0x7f,0xdf,0xbf,0xf7,0xbf,0xf7,0x5f,0xd7,
    0xdf,0xef,0xdf,0xe7,0xbf,0xd7,0xbe,0xcf,0xde,0xc7,0xdd,0xa7,0xfe,0xb7,0xbc,0xa7,
    0x7b,0x9f,0x5b,0x9f,0x5b,0x9f,0x5b,0x9f,0x5b,0x9f,0x7b,0x9f,0x7b,0x9f,0x7b,0x9f,
    0x7b,0x9f,0x7b,0x9f,0x7b,0xa7,0x9b,0xa7,0x9b,0xa7,0x9b,0xa7,0x7b,0xa7,0x7b,0xa7,
    0x7b,0xa7,0x7b,0xa7,0x7b,0xa7,0x7b,0xa7,0x7b,0xa7,0x7b,0xa7,0x7b,0x9f,0x7b,0x9f,
    0x7b,0x9f,0x5b,0x9f,0x5b,0x9f,0x5a,0x97,0x5a,0x97,0x5a,0x97,0x5a,0x97,0x5b,0x97,
    0x7b,0x97,0xdc,0x9f,0xfe,0xaf,0xbd,0xa7,0xbe,0xbf,0xbe,0xcf,0xbf,0xd7,0xdf,0xef,
    0x9f,0xe7,0x7f,0xdf,0xbf,0xf7,0xbf,0xf7,0x5f,0xd7,0xdf,0xef,0xdf,0xe7,0xbf,0xd7,
    0xbe,0xcf,0xbe,0xbf,0xbd,0xa7,0xfe,0xbf,0xdc,0xa7,0x7b,0x9f,0x7b,0x9f,0x5b,0x9f,
    0x5b,0x9f,0x5b,0x9f,0x7b,0x9f,0x7b,0x9f,0x7b,0x9f,0x7b,0x9f,0x7b,0x9f,0x56,0x86,
    0x4b,0x43,0x4f,0x5c,0x5a,0xa7,0x7b,0xa7,0x7b,0xa7,0x7b,0xa7,0x7b,0xa7,0x7b,0xa7,
    0x7b,0xa7,0x7b,0xa7,0x7b,0xa7,0x7b,0xa7,0x7b,0x9f,0x7b,0x9f,0x5b,0x9f,0x5b,0x9f,
    0x5b,0x97,0x5a,0x97,0x5a,0x97,0x5a,0x97,0x5b,0x97,0x7b,0x97,0xdc,0x9f,0xfe,0xaf,
    0xbd,0xa7,0xbe,0xbf,0xbe,0xcf,0xbf,0xd7,0xdf,0xef,0x9f,0xe7,0x7f,0xdf,0xbf,0xf7,
    0xbf,0xf7,0x5f,0xd7,0xdf,0xef,0xdf,0xe7,0xbe,0xd7,0x9e,0xc7,0xbd,0xbf,0xbd,0xa7,
    0xfe,0xbf,0xdc,0xa7,0x7b,0x9f,0x7b,0x9f,0x5b,0x9f,0x5b,0x9f,0x5b,0x9f,0x7b,0x9f,
    0x7b,0x9f,0x7b,0x9f,0x7b,0x9f,0x7b,0x9f,0x24,0x19,0x00,0x00,0x00,0x00,0x65,0x19,
    0xd5,0x7d,0x7b,0xa7,0x7b,0xa7,0x7b,0xa7,0x7b,0xa7,0x7b,0xa7,0x7b,0xa7,0x7b,0xa7,
    0x7b,0xa7,0x7b,0xa7,0x7b,0x9f,0x5b,0x9f,0x5b,0x9f,0x5b,0x97,0x5a,0x97,0x5a,0x97,
    0x5a,0x97,0x5b,0x97,0x7b,0x97,0xdc,0x9f,0xfe,0xaf,0x9d,0xa7,0x9d,0xbf,0x9e,0xcf,
    0xbe,0xd7,0xdf,0xef,0x9f,0xe7,0x7f,0xdf,0xbf,0xf7,0xbf,0xf7,0x5f,0xd7,0xdf,0xef,
    0xdf,0xe7,0xbe,0xd7,0x9e,0xc7,0x9d,0xbf,0x9d,0x9f,0xfe,0xbf,0xdc,0xa7,0x7b,0x9f,
    0x5b,0x9f,0x5b,0x9f,0x5b,0x9f,0x7b,0x9f,0x7b,0x9f,0x7b,0x9f,0x7b,0x9f,0x7b,0x9f,
    0x5a,0x9f,0x20,0x00,0x00,0x00,0x00,0x00,0x00,0x00,0x20,0x00,0x0b,0x43,0xf9,0x9e,
    0x7b,0xa7,0x7b,0xa7,0x7b,0xa7,0x7b,0xa7,0x7b,0xa7,0x7b,0xa7,0x7b,0xa7,0x7b,0x9f,
    0x7b,0x9f,0x5b,0x9f,0x5b,0x9f,0x5a,0x97,0x5a,0x97,0x5a,0x97,0x5a,0x97,0x7b,0x97,
    0xdc,0x9f,0xfe,0xaf,0x9d,0x9f,0x9d,0xbf,0x9e,0xcf,0x9e,0xd7,0xdf,0xef,0x9f,0xe7,
    0x7f,0xdf,0xbf,0xf7,0xbf,0xf7,0x5f,0xd7,0xdf,0xef,0xdf,0xe7,0x9e,0xd7,0x9e,0xc7,
    0x9d,0xb7,0x9d,0x9f,0xfe,0xbf,0xdc,0xa7,0x7b,0x9f,0x7b,0x9f,0x5b,0x9f,0x5b,0x9f,
    0x7b,0x9f,0x7b,0x9f,0x7b,0x9f,0x7b,0x9f,0x7b,0x9f,0x5a,0x9f,0x20,0x00,0x00,0x00,
    0x00,0x00,0x00,0x00,0x00,0x00,0x00,0x00,0xc2,0x10,0xf1,0x6c,0x7b,0xa7,0x7b,0xa7,
    0x7b,0xa7,0x7b,0xa7,0x7b,0xa7,0x7b,0x9f,0x7b,0x9f,0x7b,0x9f,0x7b,0x9f,0x5b,0x9f,
    0x5b,0x97,0x5a,0x97,0x5a,0x97,0x7b,0x97,0x7b,0x97,0xdc,0x9f,0xfe,0xaf,0x9d,0x9f,
    0x9d,0xbf,0x9e,0xc7,0x9e,0xd7,0xdf,0xe7,0x9f,0xe7,0x7f,0xdf,0xbf,0xf7,0xbf,0xf7,
    0x5f,0xd7,0xdf,0xef,0xdf,0xe7,0x9e,0xd7,0x9e,0xc7,0x9d,0xb7,0x9d,0x9f,0xff,0xbf,
    0xdc,0xa7,0x9b,0x9f,0x7b,0x9f,0x5b,0x9f,0x5b,0x9f,0x7b,0x9f,0x7b,0x9f,0x7b,0x9f,
    0x7b,0x9f,0x7b,0x9f,0x3a,0x97,0x20,0x00,0x00,0x00,0x00,0x00,0x00,0x00,0x00,0x00,
    0x00,0x00,0x00,0x00,0x00,0x00,0x28,0x32,0x98,0x8e,0x7b,0xa7,0x7b,0xa7,0x7b,0x9f,
    0x7b,0x9f,0x7b,0x9f,0x7b,0x9f,0x5b,0x9f,0x7b,0x9f,0x5b,0x9f,0x5a,0x97,0x5a,0x97,
    0x5b,0x97,0x9b,0x97,0xdc,0x9f,0xfe,0xaf,0x9d,0x9f,0x9d,0xbf,0x9e,0xc7,0x9e,0xd7,
    0xdf,0xe7,0x9f,0xe7,0x7f,0xdf,0xbf,0xf7,0xbf,0xf7,0x3f,0xd7,0xdf,0xef,0xdf,0xe7,
    0x9e,0xd7,0x9e,0xc7,0x9d,0xb7,0x9d,0x9f,0xff,0xbf,0xdc,0xa7,0x7b,0x9f,0x7b,0x9f,
    0x5b,0x9f,0x7b,0x9f,0x7b,0x9f,0x7b,0x9f,0x7b,0x9f,0x7b,0x9f,0x7b,0x9f,0x3a,0x97,
    0x20,0x00,0x00,0x00,0x00,0x00,0x00,0x00,0x00,0x00,0x00,0x00,0x00,0x00,0x00,0x00,
    0x00,0x00,0x61,0x08,0x0e,0x54,0x5a,0x9f,0x7b,0x9f,0x7b,0x9f,0x7b,0x9f,0x7b,0x9f,
    0x7b,0x9f,0x7b,0x9f,0x5b,0x9f,0x5a,0x97,0x5a,0x97,0x7a,0x97,0x9b,0x97,0xdc,0x9f,
    0xfe,0xaf,0x9d,0x9f,0x9d,0xbf,0x9e,0xc7,0x9e,0xd7,0xdf,0xe7,0x9f,0xe7,0x7f,0xdf,
    0xbf,0xf7,0xbf,0xf7,0x5f,0xd7,0xdf,0xef,0xdf,0xe7,0x9e,0xcf,0x9e,0xc7,0x9d,0xb7,
    0x9d,0x9f,0xff,0xbf,0xdc,0xa7,0x7b,0x9f,0x7b,0x9f,0x5b,0x9f,0x5b,0x9f,0x7b,0x9f,
    0x7b,0x9f,0x7b,0x9f,0x7b,0x9f,0x7b,0x9f,0x3a,0x97,0x20,0x00,0x00,0x00,0x00,0x00,
    0x00,0x00,0x00,0x00,0x00,0x00,0x00,0x00,0x00,0x00,0x00,0x00,0x00,0x00,0x00,0x00,
    0x65,0x19,0xd5,0x7d,0x7a,0x9f,0x7b,0x9f,0x7b,0x9f,0x7b,0x9f,0x5a,0x9f,0x5a,0x9f,
    0x5a,0x97,0x5a,0x97,0x7a,0x97,0x7b,0x97,0xdc,0x9f,0xfe,0xaf,0x9d,0x9f,0x9d,0xbf,
    0x9e,0xc7,0x9e,0xd7,0xdf,0xe7,0x9f,0xdf,0x7f,0xdf,0xbf,0xf7,0xbf,0xf7,0x3f,0xd7,
    0xdf,0xef,0xbf,0xe7,0x9e,0xcf,0x9e,0xc7,0x9d,0xb7,0x9d,0x9f,0xff,0xbf,0xdc,0xa7,
    0x7b,0x9f,0x7b,0x9f,0x5b,0x9f,0x5b,0x9f,0x7b,0x9f,0x7b,0x9f,0x7a,0x9f,0x7b,0x9f,
    0x7b,0x9f,0x3a,0x97,0x20,0x00,0x00,0x00,0x00,0x00,0x00,0x00,0x00,0x00,0x00,0x00,
    0x00,0x00,0x00,0x00,0x00,0x00,0x00,0x00,0x00,0x00,0x00,0x00,0x20,0x00,0x4b,0x43,
    0x5a,0x9f,0x7b,0x9f,0x7a,0x9f,0x5a,0x9f,0x5a,0x9f,0x5a,0x97,0x5a,0x97,0x7a,0x97,
    0x7b,0x97,0xdc,0x9f,0xfe,0xaf,0x9d,0x9f,0x9d,0xbf,0x9e,0xc7,0x9e,0xcf,0xdf,0xe7,
    0x9f,0xdf,0x7f,0xdf,0xbf,0xf7,0xbf,0xf7,0x3f,0xd7,0xbf,0xe7,0xdf,0xe7,0x9e,0xcf,
    0x9e,0xc7,0x9d,0xb7,0x9d,0x9f,0xfe,0xbf,0xdc,0xa7,0x7b,0x9f,0x7b,0x9f,0x5b,0x9f,
    0x5b,0x9f,0x7b,0x9f,0x7b,0x9f,0x7b,0x9f,0x7b,0x9f,0x7b,0x9f,0x3a,0x97,0x20,0x00,
    0x00,0x00,0x00,0x00,0x00,0x00,0x00,0x00,0x00,0x00,0x00,0x00,0x00,0x00,0x00,0x00,
    0x00,0x00,0x00,0x00,0x00,0x00,0x00,0x00,0x00,0x00,0x70,0x5c,0x7a,0x9f,0x7a,0x9f,
    0x5a,0x9f,0x5a,0x9f,0x5a,0x97,0x5a,0x97,0x7b,0x97,0x9b,0x97,0xdc,0x9f,0xfe,0xaf,
    0x9d,0x9f,0x9d,0xbf,0x9e,0xc7,0x9e,0xcf,0xdf,0xe7,0x9f,0xdf,0x7f,0xdf,0xbf,0xf7,
    0xbf,0xf7,0x3f,0xd7,0xbf,0xe7,0xdf,0xdf,0x9e,0xcf,0x9e,0xc7,0x9d,0xb7,0x9d,0x9f,
    0xfe,0xbf,0xdc,0xa7,0x9b,0x9f,0x7b,0x9f,0x5b,0x9f,0x5b,0x9f,0x7b,0x9f,0x7b,0x9f,
    0x7b,0x9f,0x7b,0x9f,0x7b,0x9f,0x3a,0x97,0x20,0x00,0x00,0x00,0x00,0x00,0x00,0x00,
    0x00,0x00,0x00,0x00,0x00,0x00,0x00,0x00,0x00,0x00,0x00,0x00,0x00,0x00,0x00,0x00,
    0x00,0x00,0x00,0x00,0xd1,0x64,0x7a,0x9f,0x7a,0x9f,0x5a,0x9f,0x5a,0x9f,0x5a,0x97,
    0x5a,0x97,0x7b,0x97,0x9b,0x97,0xdc,0x9f,0xfe,0xaf,0x9d,0x9f,0x9d,0xb7,0x9e,0xc7,
    0x9e,0xcf,0xdf,0xe7,0x9f,0xdf,0x7f,0xdf,0xbf,0xf7,0xbf,0xf7,0x3f,0xd7,0xbf,0xe7,
    0xdf,0xdf,0x9e,0xcf,0x9e,0xc7,0x9d,0xb7,0x9d,0x9f,0xfe,0xbf,0xdc,0xa7,0x9b,0x9f,
    0x7b,0x9f,0x5b,0x9f,0x5b,0x9f,0x7b,0x9f,0x7b,0x9f,0x7b,0x9f,0x7b,0x9f,0x7b,0x9f,
    0x3a,0x97,0x20,0x00,0x00,0x00,0x00,0x00,0x00,0x00,0x00,0x00,0x00,0x00,0x00,0x00,
    0x00,0x00,0x00,0x00,0x00,0x00,0x00,0x00,0x00,0x00,0x61,0x08,0x2f,0x54,0x5a,0x9f,
    0x7b,0x9f,0x7b,0x9f,0x5a,0x9f,0x5a,0x9f,0x5a,0x97,0x5a,0x97,0x5a,0x97,0x7b,0x97,
    0xdc,0x9f,0xfe,0xaf,0x9d,0x9f,0x9d,0xb7,0x9e,0xc7,0x9e,0xcf,0xdf,0xe7,0x9f,0xdf,
    0x7f,0xdf,0xbf,0xf7,0xbf,0xf7,0x3f,0xd7,0xbf,0xe7,0xdf,0xdf,0x9e,0xcf,0x9e,0xc7,
    0x9d,0xb7,0x9d,0x9f,0xff,0xbf,0xdc,0xa7,0x7b,0x9f,0x5b,0x9f,0x5b,0x9f,0x5b,0x9f,
    0x7b,0x9f,0x7b,0x9f,0x7b,0x9f,0x7b,0x9f,0x7b,0x9f,0x3a,0x97,0x20,0x00,0x00,0x00,
    0x00,0x00,0x00,0x00,0x00,0x00,0x00,0x00,0x00,0x00,0x00,0x00,0x00,0x00,0x00,0x00,
    0x00,0x00,0x48,0x2a,0x97,0x8e,0x7b,0x9f,0x7b,0x9f,0x7b,0x9f,0x5b,0x9f,0x5a,0x9f,
    0x5a,0x9f,0x5a,0x97,0x5a,0x97,0x5a,0x97,0x7b,0x97,0xdc,0x9f,0xfe,0xaf,0x9c,0x9f,
    0x9d,0xb7,0x9e,0xc7,0x9e,0xcf,0xdf,0xe7,0x9f,0xdf,0x7f,0xdf,0xbf,0xf7,0xbf,0xf7,
    0x3f,0xd7,0xbf,0xe7,0xdf,0xdf,0x9e,0xcf,0x9e,0xc7,0x9d,0xb7,0x9d,0x9f,0xff,0xbf,
    0xdc,0xa7,0x9b,0x9f,0x5b,0x97,0x5b,0x9f,0x5b,0x9f,0x5b,0x9f,0x7b,0x9f,0x7b,0x9f,
    0x7b,0x9f,0x7b,0x9f,0x3a,0x97,0x20,0x00,0x00,0x00,0x00,0x00,0x00,0x00,0x00,0x00,
    0x00,0x00,0x00,0x00,0x00,0x00,0x00,0x00,0xc2,0x10,0xf1,0x64,0x7b,0x9f,0x7b,0x9f,
    0x7b,0x9f,0x7b,0x9f,0x7b,0x9f,0x7b,0x9f,0x5a,0x9f,0x5a,0x97,0x5a,0x97,0x5a,0x97,
    0x5a,0x97,0x7b,0x97,0xdc,0x9f,0xfe,0xaf,0x9c,0x9f,0x9d,0xb7,0x9d,0xc7,0x9e,0xcf,
    0xdf,0xe7,0x9f,0xdf,0x7f,0xdf,0xbf,0xf7,0xbf,0xf7,0x3f,0xd7,0xbf,0xe7,0xbf,0xdf,
    0x9e,0xcf,0x9e,0xc7,0x9d,0xb7,0x9d,0x9f,0xfe,0xbf,0xdc,0x9f,0x7b,0x97,0x5b,0x97,
    0x5a,0x97,0x5a,0x97,0x5a,0x9f,0x5b,0x9f,0x7b,0x9f,0x7b,0x9f,0x7b,0x9f,0x3a,0x97,
    0x20,0x00,0x00,0x00,0x00,0x00,0x00,0x00,0x00,0x00,0x00,0x00,0x00,0x00,0x20,0x00,
    0x0b,0x3b,0xf9,0x96,0x7b,0xa7,0x7b,0xa7,0x7b,0x9f,0x7b,0x9f,0x7b,0x9f,0x7b,0x9f,
    0x7b,0x9f,0x5a,0x9f,0x5a,0x97,0x5a,0x97,0x5a,0x97,0x5a,0x97,0x7b,0x97,0xdc,0x9f,
    0xfe,0xaf,0x9c,0x9f,0x9d,0xb7,0x9d,0xc7,0x9e,0xcf,0xdf,0xe7,0x9f,0xdf,0x7f,0xdf,
    0xbf,0xf7,0xbf,0xf7,0x3f,0xd7,0xbf,0xe7,0xbf,0xdf,0x9e,0xcf,0x9e,0xc7,0x9d,0xb7,
    0x9d,0x9f,0xfe,0xbf,0xdc,0x9f,0x7b,0x97,0x5a,0x97,0x5a,0x97,0x5a,0x97,0x5a,0x97,
    0x5b,0x9f,0x5b,0x9f,0x7b,0x9f,0x7b,0x9f,0x3a,0x97,0x20,0x00,0x00,0x00,0x00,0x00,
    0x00,0x00,0x00,0x00,0x00,0x00,0x65,0x19,0xd5,0x7d,0x7b,0x9f,0x7b,0x9f,0x7b,0x9f,
    0x7b,0x9f,0x7b,0x9f,0x7b,0x9f,0x7b,0x9f,0x5b,0x9f,0x5a,0x9f,0x5a,0x97,0x5a,0x97,
    0x5a,0x97,0x5a,0x97,0x5a,0x97,0x7b,0x97,0xdc,0x9f,0xfe,0xaf,0x9c,0x9f,0x9d,0xb7,
    0x9d,0xc7,0x9e,0xcf,0xdf,0xe7,0x9f,0xdf,0x5f,0xd7,0xbf,0xef,0xbf,0xf7,0x3f,0xd7,
    0xbf,0xe7,0xbf,0xdf,0x9e,0xcf,0x9e,0xc7,0x9d,0xb7,0x9d,0xa7,0xfe,0xb7,0xdc,0x9f,
    0x7b,0x97,0x5a,0x97,0x3a,0x97,0x5a,0x97,0x5a,0x97,0x5a,0x97,0x5b,0x9f,0x7b,0x9f,
    0x5b,0x9f,0x3a,0x97,0x20,0x00,0x00,0x00,0x00,0x00,0x00,0x00,0x41,0x00,0xee,0x53,
    0x5a,0x9f,0x7b,0x9f,0x7b,0xa7,0x7b,0xa7,0x7b,0x9f,0x7b,0x9f,0x7b,0x9f,0x7b,0x9f,
    0x5a,0x9f,0x5a,0x9f,0x5a,0x97,0x5a,0x97,0x5a,0x97,0x3a,0x97,0x3a,0x97,0x5a,0x97,
    0x7b,0x97,0xdc,0x9f,0xfe,0xaf,0x9c,0x9f,0x9d,0xb7,0x9e,0xc7,0x9e,0xcf,0xdf,0xe7,
    0x9f,0xdf,0x5f,0xd7,0xbf,0xef,0xbf,0xf7,0x5f,0xd7,0xdf,0xef,0xbf,0xdf,0x9e,0xcf,
    0x9e,0xc7,0x9d,0xb7,0x9d,0x9f,0xfe,0xbf,0xbc,0x9f,0x7b,0x97,0x5a,0x97,0x3a,0x97,
    0x3a,0x97,0x5a,0x97,0x5a,0x97,0x5b,0x97,0x5b,0x9f,0x5b,0x9f,0x5a,0x97,0x65,0x19,
    0x00,0x00,0x00,0x00,0x27,0x2a,0x77,0x8e,0x7b,0xa7,0x7b,0xa7,0x7b,0xa7,0x7b,0xa7,
    0x7b,0xa7,0x7b,0x9f,0x7b,0x9f,0x7b,0x9f,0x7b,0x9f,0x5a,0x9f,0x5a,0x97,0x5a,0x97,
    0x5a,0x97,0x3a,0x97,0x3a,0x8f,0x3a,0x8f,0x5b,0x97,0x7b,0x97,0xdc,0x9f,0xfe,0xaf,
    0x9c,0x9f,0x9d,0xb7,0x9e,0xc7,0x9e,0xcf,0xdf,0xe7,0x9f,0xdf,0x5f,0xdf,0xbf,0xef,
    0xbf,0xf7,0x5f,0xd7,0xdf,0xef,0xbf,0xdf,0x9e,0xcf,0x9d,0xc7,0x9d,0xb7,0x9d,0x9f,
    0xfe,0xb7,0xbc,0x9f,0x7b,0x97,0x5a,0x8f,0x3a,0x8f,0x3a,0x97,0x5a,0x97,0x5a,0x97,
    0x5a,0x97,0x5b,0x9f,0x5b,0x9f,0x7b,0x9f,0xb8,0x86,0x0e,0x54,0x33,0x6d,0x7b,0x9f,
    0x7b,0xa7,0x7b,0xa7,0x7b,0xa7,0x7b,0xa7,0x7b,0xa7,0x7b,0x9f,0x7b,0x9f,0x7b,0x9f,
    0x7b,0x9f,0x5b,0x9f,0x5a,0x97,0x5a,0x97,0x5a,0x97,0x3a,0x97,0x3a,0x8f,0x3a,0x8f,
    0x3a,0x8f,0x5a,0x8f,0x7b,0x97,0xdc,0x9f,0xfe,0xaf,0x9c,0x9f,0x9d,0xb7,0x9e,0xc7,
    0x9e,0xd7,0xdf,0xe7,0x9f,0xe7,0x7f,0xdf,0xbf,0xef,0xbf,0xf7,0x3f,0xd7,0xdf,0xef,
    0xbf,0xdf,0x9e,0xcf,0x9d,0xc7,0x9d,0xb7,0x9d,0x9f,0xfe,0xb7,0xbc,0x9f,0x5b,0x97,
    0x3a,0x8f,0x3a,0x8f,0x3a,0x8f,0x3a,0x8f,0x5a,0x97,0x5a,0x97,0x5a,0x97,0x5b,0x9f,
    0x5b,0x9f,0x7b,0x9f,0x7b,0x9f,0x7b,0x9f,0x7b,0xa7,0x7b,0xa7,0x7b,0xa7,0x7b,0xa7,
    0x7b,0xa7,0x7b,0xa7,0x7b,0x9f,0x7b,0x9f,0x7b,0x9f,0x7b,0x9f,0x5a,0x97,0x5a,0x97,
    0x5a,0x97,0x3a,0x97,0x3a,0x8f,0x3a,0x8f,0x3a,0x8f,0x3a,0x8f,0x5a,0x8f,0x7b,0x97,
    0xbc,0x9f,0xfe,0xa7,0x9c,0x9f,0x7d,0xb7,0x9e,0xc7,0x9e,0xcf,0xdf,0xe7,0x9f,0xe7,
    0x7f,0xdf,0xbf,0xf7,0xbf,0xf7,0x5f,0xd7,0xdf,0xef,0xbf,0xdf,0x9e,0xcf,0x9e,0xc7,
    0x9d,0xb7,0x9d,0x9f,0xfe,0xb7,0xbc,0x9f,0x5b,0x97,0x3a,0x8f,0x3a,0x8f,0x3a,0x8f,
    0x3a,0x8f,0x3a,0x8f,0x3a,0x97,0x3a,0x97,0x5a,0x97,0x5b,0x97,0x7b,0x9f,0x7b,0x9f,
    0x7b,0x9f,0x7b,0x9f,0x7b,0xa7,0x7b,0xa7,0x7b,0xa7,0x7b,0x9f,0x7b,0x9f,0x7b,0x9f,
    0x7b,0x9f,0x5b,0x9f,0x5a,0x97,0x5a,0x97,0x5a,0x97,0x3a,0x97,0x3a,0x97,0x3a,0x8f,
    0x3a,0x8f,0x3a,0x8f,0x3a,0x8f,0x5a,0x8f,0x7b,0x97,0xbc,0x97,0xfe,0xa7,0x9c,0x9f,
    0x7d,0xbf,0x9e,0xc7,0x9e,0xcf,0xdf,0xe7,0x9f,0xe7,0x5f,0xdf,0xbf,0xf7,0xbf,0xf7,
    0x5f,0xd7,0xdf,0xef,0xbf,0xe7,0x9e,0xcf,0x9e,0xc7,0x9d,0xb7,0x9d,0xa7,0xfe,0xb7,
    0xbc,0x9f,0x5b,0x97,0x3a,0x8f,0x1a,0x8f,0x3a,0x8f,0x3a,0x8f,0x3a,0x8f,0x3a,0x8f,
    0x3a,0x97,0x5a,0x97,0x5a,0x97,0x5b,0x97,0x5b,0x9f,0x7b,0x9f,0x7b,0x9f,0x7b,0x9f,
    0x7b,0x9f,0x7b,0x9f,0x7b,0x9f,0x7b,0x9f,0x5b,0x9f,0x5a,0x97,0x5a,0x97,0x5a,0x97,
    0x3a,0x97,0x3a,0x97,0x3a,0x97,0x3a,0x8f,0x3a,0x8f,0x3a,0x8f,0x3a,0x8f,0x3a,0x8f,
    0x5a,0x8f,0x7b,0x97,0xbc,0x97,0xfe,0xa7,0x9c,0x9f,0x7d,0xb7,0x9e,0xc7,0x9e,0xcf,
    0xdf,0xe7,0x9f,0xe7,0x5f,0xdf,0xbf,0xf7,0xbf,0xf7,0x5f,0xd7,0xdf,0xef,0xbf,0xe7,
    0x9e,0xd7,0x9e,0xc7,0x9d,0xb7,0x9d,0xa7,0xfe,0xb7,0xbc,0x9f,0x5b,0x97,0x3a,0x8f,
    0x1a,0x8f,0x1a,0x8f,0x3a,0x8f,0x3a,0x8f,0x3a,0x8f,0x3a,0x8f,0x3a,0x97,0x3a,0x97,
    0x5a,0x97,0x5a,0x97,0x5b,0x97,0x5b,0x9f,0x7b,0x9f,0x7b,0x9f,0x7b,0x9f,0x5a,0x9f,
    0x5a,0x97,0x5a,0x97,0x5a,0x97,0x3a,0x97,0x3a,0x97,0x3a,0x97,0x3a,0x8f,0x3a,0x8f,
    0x3a,0x8f,0x3a,0x8f,0x3a,0x8f,0x3a,0x8f,0x3a,0x8f,0x3a,0x8f,0x7b,0x97,0xbc,0x97,
    0xfe,0xa7,0x9c,0x9f,0x7d,0xb7,0x9e,0xc7,0x9e,0xcf,0xdf,0xe7,0x9f,0xdf,0x5f,0xdf,
    0xbf,0xf7,0xbf,0xf7,0x5f,0xd7,0xdf,0xef,0xbf,0xe7,0x9e,0xd7,0x9e,0xc7,0x9d,0xbf,
    0xbd,0xa7,0xfe,0xb7,0xbc,0x9f,0x5b,0x97,0x3a,0x8f,0x1a,0x8f,0x1a,0x8f,0x1a,0x8f,
    0x1a,0x8f,0x1a,0x8f,0x3a,0x8f,0x3a,0x8f,0x3a,0x8f,0x3a,0x97,0x5a,0x97,0x5a,0x97,
    0x5a,0x97,0x5a,0x97,0x5a,0x97,0x5a,0x97,0x5a,0x97,0x5a,0x97,0x5a,0x97,0x3a,0x97,
    0x3a,0x97,0x3a,0x8f,0x3a,0x8f,0x3a,0x8f,0x3a,0x8f,0x3a,0x8f,0x3a,0x8f,0x3a,0x8f,
    0x1a,0x8f,0x3a,0x8f,0x5a,0x8f,0x7b,0x97,0xbc,0x97,0xfe,0xa7,0x9c,0x9f,0x9d,0xbf,
    0x9e,0xc7,0x9e,0xd7,0xdf,0xe7,0x9f,0xdf,0x5f,0xdf,0xbf,0xf7,0xbf,0xf7,0x5f,0xd7,
    0xdf,0xef,0xbf,0xe7,0x9e,0xd7,0x9e,0xcf,0x9d,0xbf,0xbd,0xaf,0xfe,0xb7,0xbc,0x9f,
    0x5b,0x97,0x3a,0x8f,0x1a,0x8f,0x1a,0x8f,0x1a,0x8f,0x1a,0x8f,0x1a,0x8f,0x1a,0x8f,
    0x1a,0x8f,0x3a,0x8f,0x3a,0x8f,0x3a,0x97,0x5a,0x97,0x5a,0x97,0x5a,0x97,0x5a,0x97,
    0x5a,0x97,0x5a,0x97,0x3a,0x97,0x3a,0x8f,0x3a,0x8f,0x3a,0x8f,0x3a,0x8f,0x3a,0x8f,
    0x3a,0x8f,0x3a,0x8f,0x3a,0x8f,0x3a,0x8f,0x3a,0x8f,0x3a,0x8f,0x3a,0x8f,0x5a,0x8f,
    0x7b,0x97,0xbc,0x9f,0xfe,0xa7,0x9d,0x9f,0x9d,0xbf,0x9e,0xc7,0x9e,0xd7,0xdf,0xe7,
    0x9f,0xdf,0x5f,0xd7,0xbf,0xf7,0xbf,0xf7,0x5f,0xd7,0xdf,0xef,0xbf,0xe7,0x9e,0xd7,
    0x9e,0xcf,0xbd,0xbf,0xbd,0xaf,0xff,0xc7,0xdc,0x9f,0x7b,0x97,0x5a,0x8f,0x3a,0x8f,
    0x1a,0x8f,0x1a,0x8f,0x1a,0x8f,0x1a,0x8f,0x1a,0x8f,0x1a,0x8f,0x3a,0x8f,0x3a,0x8f,
    0x3a,0x8f,0x3a,0x97,0x3a,0x97,0x3a,0x97,0x3a,0x97,0x3a,0x8f,0x3a,0x8f,0x3a,0x8f,
    0x3a,0x8f,0x3a,0x8f,0x3a,0x8f,0x3a,0x8f,0x3a,0x8f,0x3a,0x8f,0x3a,0x8f,0x3a,0x8f,
    0x3a,0x8f,0x3a,0x8f,0x3a,0x8f,0x3a,0x8f,0x5a,0x8f,0x9b,0x97,0xdc,0x9f,0xfe,0xb7,
    0xbd,0xa7,0x9d,0xbf,0x9e,0xc7,0x9e,0xd7,0xdf,0xe7,0x9f,0xdf,0x5f,0xd7,0xbf,0xf7,
    0xbf,0xf7,0x5f,0xd7,0xbf,0xef,0xbf,0xe7,0x9e,0xd7,0x9e,0xcf,0xbe,0xc7,0xbc,0xa7,
    0xff,0xd7,0xdd,0xa7,0x9b,0x97,0x5b,0x97,0x3a,0x8f,0x3a,0x8f,0x1a,0x8f,0x3a,0x8f,
    0x3a,0x8f,0x3a,0x8f,0x3a,0x8f,0x3a,0x8f,0x3a,0x8f,0x3a,0x8f,0x3a,0x8f,0x3a,0x97,
    0x3a,0x8f,0x3a,0x8f,0x3a,0x8f,0x3a,0x8f,0x3a,0x8f,0x3a,0x8f,0x3a,0x8f,0x3a,0x8f,
    0x3a,0x8f,0x3a,0x8f,0x3a,0x8f,0x3a,0x8f,0x3a,0x8f,0x3a,0x8f,0x3a,0x8f,0x3a,0x8f,
    0x5a,0x8f,0x7b,0x97,0xbc,0x97,0xdd,0xa7,0xff,0xc7,0xbd,0xa7,0x9d,0xbf,0x9e,0xcf,
    0x9e,0xd7,0xdf,0xe7,0x9f,0xdf,0x5f,0xd7,0xbf,0xf7,0xbf,0xf7,0x3f,0xd7,0xbf,0xef,
    0xbf,0xe7,0x9e,0xdf,0x9e,0xcf,0xbe,0xc7,0xbd,0xb7,0xde,0xc7,0xfe,0xb7,0xdc,0x9f,
    0x9b,0x97,0x7b,0x97,0x5a,0x8f,0x3a,0x8f,0x3a,0x8f,0x3a,0x8f,0x3a,0x8f,0x3a,0x8f,
    0x3a,0x8f,0x3a,0x8f,0x3a,0x8f,0x3a,0x8f,0x5a,0x97,0x5a,0x97,0x5a,0x8f,0x5a,0x8f,
    0x5a,0x8f,0x5a,0x8f,0x5a,0x8f,0x3a,0x8f,0x3a,0x8f,0x3a,0x8f,0x3a,0x8f,0x3a,0x8f,
    0x3a,0x8f,0x3a,0x8f,0x3a,0x8f,0x3a,0x8f,0x5a,0x8f,0x7b,0x97,0x9b,0x97,0xdc,0x9f,
    0xfe,0xb7,0xde,0xc7,0x9d,0xb7,0x9e,0xc7,0x9e,0xcf,0x9e,0xd7,0xdf,0xe7,0x9f,0xdf,
    0x5f,0xd7,0xbf,0xf7,0xbf,0xf7,0x3f,0xd7,0xbf,0xef,0xbf,0xe7,0x9f,0xdf,0x9e,0xd7,
    0x9e,0xcf,0xbd,0xbf,0xbc,0xa7,0xff,0xd7,0xfe,0xaf,0xdc,0x9f,0x9b,0x97,0x7b,0x97,
    0x7b,0x8f,0x5b,0x8f,0x7b,0x8f,0x7b,0x97,0x5b,0x97,0x5b,0x97,0x7b,0x97,0x7b,0x97,
    0x7b,0x97,0x7b,0x97,0x7b,0x97,0x7b,0x97,0x7b,0x97,0x7b,0x97,0x7b,0x97,0x7b,0x97,
    0x7b,0x97,0x7b,0x97,0x7b,0x97,0x5b,0x97,0x5b,0x97,0x5b,0x97,0x5b,0x8f,0x5b,0x8f,
    0x7b,0x97,0x7b,0x97,0xbc,0x97,0xdc,0x9f,0xfe,0xaf,0xde,0xcf,0xbc,0xa7,0x9d,0xbf,
    0x9e,0xc7,0x9e,0xcf,0x9e,0xd7,0xdf,0xe7,0x9f,0xdf,0x5f,0xd7,0xbf,0xf7,0xbf,0xf7,
    0x5f,0xd7,0xbf,0xef,0xbf,0xe7,0x9f,0xdf,0x9e,0xd7,0x9e,0xcf,0x9e,0xc7,0xbd,0xb7,
    0xbc,0x9f,0xfe,0xcf,0xfe,0xaf,0xdd,0xa7,0xdc,0x9f,0xbc,0x97,0xbc,0x97,0xbc,0x97,
    0xbc,0x97,0xbc,0x97,0xbc,0x97,0xbc,0x97,0xbc,0x97,0xbc,0x97,0xbc,0x97,0xbc,0x97,
    0xbc,0x97,0xbc,0x97,0xbc,0x97,0xbc,0x97,0xbc,0x97,0xbc,0x97,0xbc,0x97,0xbc,0x97,
    0xbc,0x97,0xbc,0x97,0xbc,0x97,0xbc,0x97,0xbc,0x97,0xbc,0x97,0xdc,0x9f,0xdd,0x9f,
    0xfe,0xaf,0xde,0xcf,0xbc,0x97,0x9d,0xb7,0x9d,0xbf,0x9e,0xcf,0x7e,0xd7,0x9e,0xdf,
    0xdf,0xef,0x9f,0xdf,0x5f,0xdf,0xbf,0xf7,0xbf,0xf7,0x5f,0xd7,0xbf,0xef,0xbf,0xef,
    0x9f,0xdf,0x9e,0xd7,0x9e,0xcf,0x9e,0xc7,0x9d,0xbf,0x9d,0xaf,0x9c,0x97,0xdd,0xa7,
    0xde,0xaf,0xfe,0xa7,0xfd,0x9f,0xfd,0x9f,0xfd,0x9f,0xfd,0x9f,0xfd,0x9f,0xfd,0x9f,
    0xfd,0x9f,0xfd,0x9f,0xdd,0x9f,0xdd,0x9f,0xdd,0x9f,0xdd,0x9f,0xdd,0x9f,0xdd,0x9f,
    0xdd,0x9f,0xdd,0x9f,0xdd,0x9f,0xdd,0x9f,0xdd,0x9f,0xdd,0x9f,0xdd,0x9f,0xdd,0x97,
    0xdd,0x97,0xdd,0x9f,0xdd,0x9f,0xfd,0x9f,0xdd,0xa7,0xdd,0xa7,0x9c,0x97,0x9d,0xaf,
    0x9d,0xb7,0x9e,0xc7,0x9e,0xcf,0x7e,0xd7,0x9f,0xdf,0xdf,0xef,0x7f,0xdf,0x5f,0xdf,
    0xbf,0xf7,0xbf,0xf7,0x3f,0xd7,0xbf,0xef,0xbf,0xef,0x9f,0xdf,0x9f,0xdf,0x9e,0xd7,
    0x9e,0xcf,0x9e,0xc7,0x9d,0xbf,0x9d,0xaf,0x7c,0xa7,0x7c,0x97,0x9c,0x97,0xbc,0x97,
    0xbc,0x9f,0xbc,0x9f,0xbd,0x9f,0xbd,0x9f,0xbd,0x9f,0xbd,0x9f,0xbd,0x9f,0xbd,0x9f,
    0xbd,0xa7,0xbd,0xa7,0xbd,0xaf,0xdd,0xb7,0xdd,0xb7,0xdd,0xaf,0xbd,0xaf,0xbd,0xa7,
    0xbd,0xa7,0xbd,0x9f,0xbc,0x9f,0xbc,0x9f,0xbc,0x9f,0xbc,0x9f,0xbc,0x97,0xbc,0x97,
    0x9b,0x8f,0x7b,0x97,0x5c,0x9f,0x7c,0xaf,0x9d,0xb7,0x9d,0xbf,0x7e,0xcf,0x7e,0xcf,
    0x7e,0xd7,0x7f,0xdf,0xbf,0xef,0x7f,0xdf,0x5f,0xdf,0xbf,0xf7,0xbf,0xf7,0x3f,0xd7,
    0xbf,0xef,0xbf,0xef,0x9f,0xe7,0x9f,0xdf,0x9e,0xd7,0x9e,0xcf,0x9e,0xc7,0x9d,0xc7,
    0x7d,0xb7,0x7d,0xaf,0x5c,0xa7,0x3c,0x9f,0x3c,0x9f,0x3c,0x9f,0x3b,0x9f,0x3b,0x9f,
    0x3b,0x9f,0x3b,0x9f,0x3b,0x9f,0x1b,0x9f,0x1b,0x97,0x1b,0x9f,0x1b,0x97,0x3b,0x97,
    0x1b,0x9f,0x1b,0x9f,0x3b,0x9f,0x3b,0x9f,0x3b,0x9f,0x3b,0x9f,0x3b,0x9f,0x3b,0x9f,
    0x3b,0x9f,0x3b,0x9f,0x3b,0x9f,0x3b,0x9f,0x3b,0x9f,0x3c,0xa7,0x5c,0xa7,0x5c,0xaf,
    0x7d,0xb7,0x7d,0xbf,0x7e,0xc7,0x7e,0xcf,0x7e,0xd7,0x7e,0xd7,0x7f,0xdf,0xbf,0xef,
    0x7f,0xdf,0x5f,0xdf,0xbf,0xf7,0xbf,0xf7,0x3f,0xd7,0xbf,0xef,0xbf,0xef,0x9f,0xe7,
    0x9f,0xdf,0x9f,0xdf,0x9e,0xd7,0x7e,0xcf,0x7e,0xcf,0x7d,0xc7,0x7d,0xbf,0x5d,0xb7,
    0x5c,0xaf,0x3c,0xaf,0x3c,0xa7,0x3c,0xa7,0x3c,0xa7,0x3c,0xa7,0x3c,0xa7,0x3c,0xa7,
    0x3c,0xa7,0x1c,0xa7,0x1c,0xa7,0x1c,0xa7,0x3c,0xa7,0x3c,0xa7,0x3c,0xa7,0x3c,0xa7,
    0x3c,0xa7,0x3c,0xa7,0x3c,0xa7,0x3c,0xa7,0x3c,0xa7,0x3c,0xa7,0x3c,0xa7,0x3c,0xa7,
    0x3c,0xa7,0x3c,0xaf,0x3c,0xaf,0x5d,0xb7,0x5d,0xb7,0x5d,0xbf,0x7e,0xc7,0x7e,0xcf,
    0x7e,0xd7,0x7e,0xd7,0x7f,0xdf,0x7f,0xdf,0xbf,0xef,0x7f,0xdf,0x7f,0xdf,0xbf,0xf7,
    0xbf,0xf7,0x3f,0xd7,0xbf,0xef,0xbf,0xef,0x9f,0xe7,0x9f,0xdf,0x9f,0xdf,0x9f,0xdf,
    0x7e,0xd7,0x7e,0xcf,0x7e,0xcf,0x7e,0xc7,0x5d,0xc7,0x5d,0xbf,0x5d,0xbf,0x5d,0xbf,
    0x5d,0xb7,0x5d,0xb7,0x3d,0xb7,0x3d,0xb7,0x3d,0xb7,0x3d,0xb7,0x3d,0xb7,0x3d,0xb7,
    0x3d,0xb7,0x3d,0xb7,0x3d,0xb7,0x5d,0xb7,0x3d,0xb7,0x3d,0xb7,0x3d,0xb7,0x3d,0xb7,
    0x3d,0xb7,0x5d,0xb7,0x5d,0xb7,0x5d,0xb7,0x3d,0xb7,0x3d,0xb7,0x3d,0xb7,0x5d,0xbf,
    0x5d,0xbf,0x5d,0xc7,0x7e,0xcf,0x7e,0xcf,0x7e,0xd7,0x7e,0xd7,0x7f,0xdf,0x7f,0xdf,
    0x7f,0xdf,0xbf,0xef,0x7f,0xe7,0x7f,0xdf,0xbf,0xf7,0xbf,0xf7,0x3f,0xd7,0xbf,0xef,
    0xbf,0xef,0x9f,0xe7,0x9f,0xe7,0x7f,0xdf,0x9f,0xdf,0x9f,0xdf,0x7e,0xd7,0x7e,0xd7,
    0x7e,0xcf,0x7e,0xcf,0x7e,0xc7,0x7e,0xc7,0x5e,0xc7,0x5d,0xc7,0x5d,0xc7,0x5d,0xc7,
    0x5d,0xc7,0x5d,0xc7,0x5d,0xc7,0x5d,0xc7,0x5d,0xc7,0x5d,0xc7,0x5d,0xc7,0x5e,0xc7,
    0x5d,0xc7,0x5d,0xc7,0x5d,0xc7,0x5d,0xc7,0x5d,0xc7,0x5d,0xc7,0x5d,0xc7,0x5d,0xc7,
    0x5d,0xc7,0x5d,0xc7,0x5d,0xc7,0x5d,0xc7,0x5e,0xc7,0x7e,0xcf,0x7e,0xcf,0x7e,0xd7,
    0x7e,0xd7,0x7f,0xdf,0x7f,0xdf,0x7f,0xdf,0x7f,0xdf,0x7f,0xdf,0xbf,0xef,0x7f,0xe7,
    0x7f,0xdf,0xbf,0xf7,0xbf,0xf7,0x3f,0xd7,0xbf,0xef,0xbf,0xef,0x9f,0xe7,0x7f,0xe7,
    0x7f,0xe7,0x7f,0xdf,0x7f,0xdf,0x9f,0xdf,0x7f,0xdf,0x7e,0xd7,0x7e,0xd7,0x7e,0xd7,
    0x7e,0xcf,0x7e,0xcf,0x7e,0xcf,0x7e,0xcf,0x7e,0xcf,0x7e,0xcf,0x7e,0xcf,0x5e,0xcf,
    0x5e,0xcf,0x5e,0xcf,0x5e,0xcf,0x5e,0xcf,0x5e,0xcf,0x5e,0xcf,0x5e,0xcf,0x5e,0xcf,
    0x5e,0xcf,0x5e,0xcf,0x5e,0xcf,0x5e,0xcf,0x5e,0xcf,0x5e,0xcf,0x5e,0xcf,0x5e,0xcf,
    0x5e,0xcf,0x7e,0xd7,0x7e,0xd7,0x7e,0xd7,0x7e,0xd7,0x7f,0xdf,0x7f,0xdf,0x7f,0xdf,
    0x7f,0xdf,0x7f,0xdf,0x7f,0xdf,0xbf,0xef,0x7f,0xdf,0x7f,0xdf,0xbf,0xf7,0xbf,0xf7,
    0x3f,0xd7,0xbf,0xef,0xbf,0xef,0x9f,0xe7,0x7f,0xe7,0x7f,0xe7,0x7f,0xe7,0x7f,0xdf,
    0x7f,0xdf,0x7f,0xdf,0x9f,0xdf,0x9f,0xdf,0x7f,0xdf,0x7e,0xdf,0x7e,0xd7,0x7e,0xd7,
    0x7e,0xd7,0x7e,0xd7,0x7e,0xd7,0x7e,0xd7,0x7e,0xd7,0x7e,0xd7,0x7e,0xd7,0x7e,0xd7,
    0x7e,0xd7,0x7e,0xd7,0x7e,0xd7,0x7e,0xd7,0x7e,0xd7,0x7e,0xd7,0x7e,0xd7,0x7e,0xd7,
    0x7e,0xd7,0x7e,0xd7,0x7e,0xd7,0x7e,0xd7,0x7e,0xd7,0x7e,0xd7,0x7e,0xd7,0x7e,0xdf,
    0x7f,0xdf,0x7f,0xdf,0x7f,0xdf,0x7f,0xdf,0x7f,0xdf,0x7f,0xdf,0x7f,0xdf,0x7f,0xe7,
    0xbf,0xef,0x7f,0xdf,0x7f,0xdf,0xbf,0xf7,0xbf,0xf7,0x3f,0xd7,0xbf,0xef,0xbf,0xef,
    0x9f,0xe7,0x9f,0xe7,0x7f,0xe7,0x7f,0xe7,0x7f,0xe7,0x7f,0xe7,0x7f,0xe7,0x7f,0xe7,
    0x7f,0xdf,0x7f,0xdf,0x7f,0xdf,0x7f,0xdf,0x7f,0xdf,0x7f,0xdf,0x7f,0xdf,0x7f,0xdf,
    0x7f,0xdf,0x7f,0xdf,0x7f,0xdf,0x7f,0xdf,0x7f,0xdf,0x7f,0xdf,0x7f,0xdf,0x7f,0xdf,
    0x7f,0xdf,0x7f,0xdf,0x7f,0xdf,0x7f,0xdf,0x7f,0xdf,0x7f,0xdf,0x7f,0xdf,0x7f,0xdf,
    0x7f,0xdf,0x7f,0xdf,0x7f,0xdf,0x5f,0xdf,0x7f,0xdf,0x7f,0xdf,0x7f,0xdf,0x5f,0xdf,
    0x7f,0xdf,0x7f,0xdf,0x7f,0xdf,0x7f,0xdf,0x7f,0xe7,0xbf,0xef,0x7f,0xdf,0x7f,0xdf,
    0xbf,0xf7,0xbf,0xf7,0x3f,0xd7,0xbf,0xef,0xbf,0xef,0x9f,0xe7,0x9f,0xe7,0x7f,0xe7,
    0x7f,0xe7,0x7f,0xe7,0x7f,0xe7,0x7f,0xe7,0x7f,0xe7,0x9f,0xe7,0x9f,0xe7,0x9f,0xe7,
    0x9f,0xe7,0x9f,0xe7,0x9f,0xe7,0x9f,0xe7,0x9f,0xe7,0x9f,0xe7,0x9f,0xe7,0x7f,0xe7,
    0x7f,0xe7,0x7f,0xe7,0x7f,0xe7,0x7f,0xdf,0x7f,0xdf,0x7f,0xdf,0x7f,0xdf,0x7f,0xdf,
    0x7f,0xdf,0x7f,0xdf,0x7f,0xdf,0x7f,0xdf,0x7f,0xdf,0x7f,0xdf,0x7f,0xdf,0x7f,0xdf,
    0x7f,0xdf,0x7f,0xdf,0x7f,0xdf,0x7f,0xdf,0x5f,0xdf,0x7f,0xdf,0x7f,0xdf,0x7f,0xdf,
    0x7f,0xdf,0x7f,0xe7,0xbf,0xef,0x7f,0xdf,0x7f,0xdf,0xbf,0xf7,0xbf,0xf7,0x3f,0xcf,
    0xbf,0xef,0xbf,0xef,0x9f,0xe7,0x7f,0xe7,0x7f,0xe7,0x7f,0xe7,0x7f,0xe7,0x7f,0xe7,
    0x7f,0xe7,0x9f,0xe7,0x9f,0xe7,0x9f,0xe7,0x9f,0xe7,0x9f,0xe7,0x9f,0xe7,0x9f,0xe7,
    0x9f,0xe7,0x9f,0xe7,0x9f,0xe7,0x9f,0xe7,0x9f,0xe7,0x9f,0xe7,0x9f,0xe7,0x9f,0xe7,
    0x7f,0xe7,0x7f,0xdf,0x7f,0xdf,0x7f,0xdf,0x7f,0xdf,0x7f,0xdf,0x7f,0xdf,0x7f,0xdf,
    0x7f,0xdf,0x7f,0xdf,0x7f,0xdf,0x7f,0xdf,0x7f,0xdf,0x7f,0xdf,0x7f,0xdf,0x7f,0xdf,
    0x7f,0xdf,0x7f,0xdf,0x7f,0xdf,0x7f,0xdf,0x7f,0xdf,0x7f,0xdf,0x7f,0xdf,0xbf,0xef,
    0x7f,0xdf,0x7f,0xdf,0xbf,0xf7,0xbf,0xf7,0x3f,0xd7,0xbf,0xef,0xbf,0xef,0x9f,0xe7,
    0x7f,0xe7,0x7f,0xe7,0x7f,0xe7,0x7f,0xe7,0x7f,0xe7,0x7f,0xe7,0x9f,0xe7,0x9f,0xe7,
    0x9f,0xe7,0x9f,0xe7,0x9f,0xe7,0x9f,0xe7,0x9f,0xe7,0x9f,0xe7,0x9f,0xdf,0x9f,0xdf,
    0x7f,0xdf,0x7f,0xdf,0x7f,0xdf,0x7f,0xdf,0x7f,0xdf,0x7f,0xdf,0x7f,0xdf,0x7f,0xdf,
    0x7f,0xdf,0x7f,0xdf,0x7f,0xdf,0x7f,0xdf,0x7f,0xdf,0x7f,0xdf,0x7f,0xdf,0x7f,0xdf,
    0x7f,0xdf,0x7f,0xdf,0x5f,0xdf,0x7f,0xdf,0x7f,0xdf,0x7f,0xdf,0x7f,0xdf,0x7f,0xdf,
    0x7f,0xdf,0x7f,0xdf,0x7f,0xdf,0x7f,0xdf,0xbf,0xef,0x7f,0xdf,0x7f,0xdf,0xbf,0xf7,
    0xbf,0xf7,0x3f,0xd7,0xbf,0xef,0xbf,0xef,0x9f,0xe7,0x7f,0xe7,0x7f,0xe7,0x7f,0xe7,
    0x7f,0xe7,0x7f,0xe7,0x7f,0xdf,0x7f,0xdf,0x7f,0xdf,0x7f,0xdf,0x7f,0xdf,0x7f,0xdf,
    0x7f,0xdf,0x7f,0xdf,0x7f,0xdf,0x7f,0xdf,0x7f,0xdf,0x7f,0xdf,0x7f,0xdf,0x7f,0xdf,
    0x7f,0xdf,0x9f,0xdf,0x7f,0xdf,0x7f,0xdf,0x7f,0xdf,0x9f,0xe7,0x9f,0xe7,0x9f,0xdf,
    0x7f,0xdf,0x7f,0xdf,0x9f,0xdf,0x7f,0xdf,0x7f,0xdf,0x7f,0xdf,0x7f,0xdf,0x7f,0xdf,
    0x5f,0xd7,0x5f,0xd7,0x5f,0xdf,0x7f,0xdf,0x7f,0xdf,0x7f,0xdf,0x7f,0xdf,0x7f,0xdf,
    0x7f,0xdf,0xbf,0xef,0x7f,0xdf,0x7f,0xdf,0xbf,0xf7,0xbf,0xf7,0x3f,0xd7,0xbf,0xef,
    0xbf,0xef,0x7f,0xe7,0x7f,0xe7,0x7f,0xe7,0x7f,0xe7,0x7f,0xe7,0x7f,0xdf,0x9f,0xe7,
    0xdf,0xf7,0xdf,0xf7,0xbf,0xf7,0xbf,0xef,0xbf,0xef,0xbf,0xef,0xbf,0xef,0xbf,0xef,
    0xbf,0xef,0xbf,0xef,0xbf,0xef,0xbf,0xef,0xbf,0xef,0xbf,0xef,0xbf,0xef,0xbf,0xef,
    0xbf,0xef,0xbf,0xef,0xbf,0xef,0xbf,0xef,0xbf,0xef,0xbf,0xef,0xbf,0xef,0xbf,0xef,
    0xbf,0xef,0xbf,0xef,0xbf,0xef,0xbf,0xef,0xbf,0xef,0xbf,0xef,0xbf,0xef,0x7f,0xdf,
    0x5f,0xd7,0x7f,0xdf,0x7f,0xdf,0x7f,0xdf,0x7f,0xdf,0x7f,0xdf,0xbf,0xef,0x7f,0xdf,
    0x5f,0xd7,0xbf,0xf7,0xbf,0xf7,0x3f,0xd7,0xbf,0xef,0xbf,0xef,0x9f,0xe7,0x7f,0xe7,
    0x7f,0xe7,0x7f,0xe7,0x7f,0xdf,0x9f,0xe7,0xdf,0xf7,0xdf,0xf7,0xbf,0xf7,0xbf,0xef,
    0xbf,0xef,0xbf,0xef,0x9f,0xef,0x9f,0xef,0xbf,0xef,0x9f,0xef,0x9f,0xef,0x9f,0xef,
    0xbf,0xef,0xbf,0xef,0xbf,0xef,0xbf,0xef,0xbf,0xef,0xbf,0xef,0xbf,0xef,0xbf,0xef,
    0x9f,0xef,0x9f,0xef,0x9f,0xef,0x9f,0xef,0x9f,0xef,0x9f,0xef,0x9f,0xef,0x9f,0xef,
    0x9f,0xef,0xbf,0xef,0xbf,0xef,0xdf,0xf7,0xdf,0xf7,0x7f,0xdf,0x5f,0xd7,0x7f,0xdf,
    0x7f,0xdf,0x7f,0xdf,0x7f,0xe7,0xbf,0xef,0x7f,0xdf,0x5f,0xd7,0xbf,0xf7,0xbf,0xf7,
    0x3f,0xd7,0xbf,0xef,0xbf,0xef,0x9f,0xe7,0x7f,0xe7,0x7f,0xe7,0x7f,0xdf,0x7f,0xdf,
    0xff,0xff,0xbf,0xf7,0xbf,0xef,0x9f,0xef,0x9f,0xef,0x9f,0xe7,0x9f,0xe7,0x9f,0xe7,
    0x9f,0xe7,0x9f,0xe7,0x9f,0xe7,0x9f,0xef,0x9f,0xef,0x9f,0xef,0x9f,0xef,0x9f,0xef,
    0x9f,0xef,0x9f,0xef,0x9f,0xef,0x9f,0xef,0x9f,0xef,0x9f,0xef,0x9f,0xe7,0x9f,0xe7,
    0x9f,0xe7,0x7f,0xe7,0x7f,0xe7,0x9f,0xe7,0x7f,0xe7,0x7f,0xe7,0x9f,0xe7,0x9f,0xef,
    0xbf,0xef,0xdf,0xf7,0xdf,0xf7,0x5f,0xd7,0x7f,0xdf,0x7f,0xdf,0x7f,0xdf,0x7f,0xe7,
    0xbf,0xef,0x7f,0xdf,0x5f,0xdf,0xbf,0xf7,0xbf,0xf7,0x3f,0xd7,0xbf,0xe7,0xbf,0xef,
    0x9f,0xe7,0x7f,0xe7,0x7f,0xe7,0x5f,0xdf,0xbf,0xef,0xdf,0xf7,0xbf,0xef,0x9f,0xef,
    0x9f,0xe7,0x7f,0xe7,0x7f,0xe7,0x7f,0xe7,0x7f,0xe7,0x7f,0xe7,0x7f,0xe7,0x7f,0xe7,
    0x7f,0xe7,0x9f,0xe7,0x9f,0xe7,0x9f,0xe7,0x7f,0xe7,0x7f,0xe7,0x7f,0xe7,0x7f,0xe7,
    0x7f,0xe7,0x9f,0xe7,0x7f,0xe7,0x7f,0xe7,0x7f,0xe7,0x7f,0xe7,0x7f,0xe7,0x7f,0xe7,
    0x7f,0xe7,0x7f,0xe7,0x7f,0xe7,0x7f,0xe7,0x9f,0xe7,0x9f,0xef,0xbf,0xef,0xdf,0xf7,
    0xbf,0xef,0x5f,0xd7,0x7f,0xdf,0x7f,0xdf,0x7f,0xe7,0xbf,0xef,0x7f,0xdf,0x7f,0xdf,
    0xbf,0xf7,0xbf,0xf7,0x3f,0xd7,0xbf,0xef,0xbf,0xef,0x9f,0xe7,0x7f,0xe7,0x7f,0xdf,
    0x5f,0xd7,0xdf,0xf7,0xbf,0xf7,0x9f,0xef,0x9f,0xe7,0x7f,0xe7,0x7f,0xe7,0x7f,0xe7,
    0x7f,0xe7,0x7f,0xe7,0x7f,0xe7,0x7f,0xe7,0x7f,0xe7,0x7f,0xe7,0x7f,0xe7,0x7f,0xe7,
    0x7f,0xe7,0x7f,0xe7,0x7f,0xe7,0x7f,0xe7,0x7f,0xe7,0x7f,0xe7,0x7f,0xe7,0x7f,0xe7,
    0x7f,0xe7,0x7f,0xe7,0x7f,0xe7,0x7f,0xe7,0x7f,0xe7,0x7f,0xe7,0x7f,0xe7,0x7f,0xe7,
    0x7f,0xe7,0x7f,0xe7,0x9f,0xe7,0x9f,0xef,0xbf,0xef,0xbf,0xef,0x3f,0xd7,0x7f,0xdf,
    0x7f,0xdf,0x7f,0xe7,0xbf,0xef,0x7f,0xe7,0x7f,0xdf,0xbf,0xf7,0xbf,0xf7,0x3f,0xd7,
    0xbf,0xef,0xbf,0xef,0x9f,0xe7,0x7f,0xe7,0x7f,0xdf,0x3f,0xd7,0xbf,0xef,0xbf,0xef,
    0x9f,0xef,0x7f,0xe7,0x7f,0xe7,0x7f,0xe7,0x7f,0xe7,0x7f,0xe7,0x7f,0xe7,0x7f,0xe7,
    0x7f,0xe7,0x7f,0xe7,0x7f,0xe7,0x7f,0xe7,0x7f,0xe7,0x7f,0xe7,0x7f,0xe7,0x7f,0xe7,
    0x7f,0xe7,0x7f,0xe7,0x7f,0xe7,0x7f,0xe7,0x7f,0xe7,0x7f,0xe7,0x7f,0xe7,0x7f,0xe7,
    0x7f,0xe7,0x7f,0xe7,0x7f,0xe7,0x5f,0xe7,0x5f,0xe7,0x7f,0xe7,0x7f,0xe7,0x7f,0xe7,
    0x9f,0xe7,0xbf,0xef,0xbf,0xef,0x3f,0xcf,0x5f,0xdf,0x7f,0xdf,0x7f,0xe7,0xbf,0xef,
    0x7f,0xe7,0x7f,0xdf,0xbf,0xf7,0xbf,0xf7,0x3f,0xd7,0xbf,0xef,0xbf,0xef,0x9f,0xe7,
    0x7f,0xdf,0x5f,0xdf,0x3f,0xcf,0xbf,0xef,0xbf,0xef,0x7f,0xe7,0x7f,0xe7,0x7f,0xe7,
    0x7f,0xe7,0x7f,0xe7,0x7f,0xe7,0x7f,0xe7,0x7f,0xe7,0x7f,0xe7,0x7f,0xe7,0x7f,0xe7,
    0x7f,0xe7,0x7f,0xe7,0x7f,0xe7,0x7f,0xe7,0x7f,0xe7,0x7f,0xe7,0x7f,0xe7,0x7f,0xe7,
    0x7f,0xe7,0x7f,0xe7,0x7f,0xe7,0x7f,0xe7,0x7f,0xe7,0x5f,0xe7,0x5f,0xe7,0x7f,0xe7,
    0x7f,0xe7,0x5f,0xdf,0x5f,0xe7,0x5f,0xe7,0x7f,0xe7,0x7f,0xe7,0x9f,0xef,0xbf,0xef,
    0x1f,0xcf,0x5f,0xd7,0x7f,0xdf,0x7f,0xe7,0xbf,0xef,0x7f,0xe7,0x7f,0xdf,0xbf,0xf7,
    0xbf,0xf7,0x3f,0xd7,0xbf,0xef,0xbf,0xef,0x9f,0xe7,0x7f,0xdf,0x5f,0xd7,0x1f,0xcf,
    0xbf,0xef,0x9f,0xef,0x7f,0xe7,0x7f,0xe7,0x7f,0xe7,0x7f,0xe7,0x7f,0xe7,0x7f,0xe7,
    0x7f,0xe7,0x7f,0xe7,0x7f,0xe7,0x7f,0xe7,0x7f,0xe7,0x7f,0xe7,0x7f,0xe7,0x7f,0xe7,
    0x7f,0xe7,0x7f,0xe7,0x7f,0xe7,0x7f,0xe7,0x7f,0xe7,0x7f,0xe7,0x7f,0xe7,0x7f,0xe7,
    0x7f,0xe7,0x7f,0xe7,0x7f,0xe7,0x5f,0xe7,0x7f,0xe7,0x5f,0xe7,0x5f,0xdf,0x5f,0xdf,
    0x5f,0xdf,0x7f,0xe7,0x7f,0xe7,0x9f,0xef,0xbf,0xef,0x1f,0xcf,0x3f,0xd7,0x5f,0xdf,
    0x7f,0xe7,0xbf,0xef,0x9f,0xe7,0x7f,0xdf,0xbf,0xf7,0xbf,0xf7,0x3f,0xd7,0xbf,0xef,
    0xbf,0xef,0x9f,0xe7,0x5f,0xdf,0x3f,0xd7,0x1f,0xc7,0xbf,0xef,0x9f,0xef,0x7f,0xe7,
    0x7f,0xe7,0x7f,0xe7,0x7f,0xe7,0x7f,0xe7,0x7f,0xe7,0x7f,0xe7,0x7f,0xe7,0x7f,0xe7,
    0x7f,0xe7,0x7f,0xe7,0x7f,0xe7,0x7f,0xe7,0x7f,0xe7,0x7f,0xe7,0x7f,0xe7,0x7f,0xe7,
    0x7f,0xe7,0x7f,0xe7,0x7f,0xe7,0x7f,0xe7,0x7f,0xe7,0x7f,0xe7,0x7f,0xe7,0x7f,0xe7,
    0x7f,0xe7,0x5f,0xe7,0x5f,0xe7,0x5f,0xe7,0x5f,0xe7,0x5f,0xe7,0x7f,0xe7,0x7f,0xe7,
    0x9f,0xef,0xbf,0xef,0x1f,0xc7,0x3f,0xd7,0x5f,0xdf,0x7f,0xe7,0xbf,0xef,0x9f,0xe7,
    0x7f,0xdf,0xbf,0xf7,0xbf,0xf7,0x3f,0xd7,0xbf,0xef,0xbf,0xef,0x9f,0xe7,0x5f,0xdf,
    0x3f,0xd7,0x1f,0xc7,0xbf,0xef,0x9f,0xef,0x7f,0xe7,0x7f,0xe7,0x7f,0xe7,0x7f,0xe7,
    0x7f,0xe7,0x7f,0xe7,0x7f,0xe7,0x7f,0xe7,0x7f,0xe7,0x7f,0xe7,0x7f,0xe7,0x7f,0xe7,
    0x7f,0xe7,0x7f,0xe7,0x7f,0xe7,0x7f,0xe7,0x7f,0xe7,0x7f,0xe7,0x7f,0xe7,0x7f,0xe7,
    0x7f,0xe7,0x7f,0xe7,0x7f,0xe7,0x7f,0xe7,0x7f,0xe7,0x7f,0xe7,0x7f,0xe7,0x5f,0xe7,
    0x5f,0xe7,0x5f,0xe7,0x5f,0xe7,0x7f,0xe7,0x7f,0xe7,0x9f,0xef,0xbf,0xef,0x1f,0xc7,
    0x3f,0xd7,0x5f,0xdf,0x7f,0xe7,0xbf,0xef,0x9f,0xe7,0x7f,0xdf,0xbf,0xf7,0xbf,0xf7,
    0x3f,0xd7,0xbf,0xef,0xbf,0xef,0x9f,0xe7,0x5f,0xdf,0x3f,0xd7,0x1f,0xc7,0xbf,0xef,
    0x9f,0xef,0x7f,0xe7,0x7f,0xe7,0x7f,0xe7,0x7f,0xe7,0x7f,0xe7,0x7f,0xe7,0x7f,0xe7,
    0x7f,0xe7,0x7f,0xe7,0x7f,0xe7,0x7f,0xe7,0x7f,0xe7,0x7f,0xe7,0x7f,0xe7,0xde,0x85,
    0x3e,0x5d,0x3e,0x5d,0x3e,0x5d,0xbe,0x7d,0x7f,0xe7,0x7f,0xe7,0x7f,0xe7,0x7f,0xe7,
    0x7f,0xe7,0x7f,0xe7,0x7f,0xe7,0x7f,0xe7,0x5f,0xe7,0x5f,0xe7,0x7f,0xe7,0x5f,0xe7,
    0x7f,0xe7,0x7f,0xe7,0x9f,0xef,0xbf,0xef,0x1f,0xcf,0x3f,0xd7,0x5f,0xdf,0x7f,0xe7,
    0xbf,0xef,0x9f,0xe7,0x7f,0xdf,0xbf,0xf7,0xbf,0xf7,0x5f,0xd7,0xbf,0xef,0xbf,0xef,
    0x7f,0xe7,0x5f,0xdf,0x3f,0xd7,0x1f,0xc7,0xbf,0xf7,0x9f,0xef,0x7f,0xe7,0x7f,0xe7,
    0x7f,0xe7,0x7f,0xe7,0x7f,0xe7,0x7f,0xe7,0x7f,0xe7,0x7f,0xe7,0x7f,0xe7,0x7f,0xe7,
    0x7f,0xe7,0x7f,0xe7,0x7f,0xe7,0x3f,0xd7,0xfd,0x4c,0xdf,0xbe,0xde,0xbe,0xdf,0xbe,
    0x1e,0x55,0x3f,0xd7,0x7f,0xe7,0x7f,0xe7,0x7f,0xe7,0x7f,0xe7,0x7f,0xe7,0x7f,0xe7,
    0x7f,0xe7,0x7f,0xe7,0x5f,0xe7,0x5f,0xe7,0x5f,0xe7,0x7f,0xe7,0x7f,0xe7,0x9f,0xef,
    0xbf,0xef,0x1f,0xcf,0x3f,0xd7,0x5f,0xdf,0x7f,0xe7,0xbf,0xef,0x9f,0xe7,0x7f,0xdf,
    0xbf,0xf7,0xbf,0xf7,0x5f,0xd7,0xbf,0xef,0xbf,0xef,0x7f,0xe7,0x5f,0xdf,0x3f,0xd7,
    0xff,0xc6,0xdf,0xf7,0x9f,0xef,0x7f,0xe7,0x7f,0xe7,0x7f,0xe7,0x7f,0xe7,0x7f,0xe7,
    0x7f,0xe7,0x7f,0xe7,0x7f,0xe7,0x7f,0xe7,0xdf,0xbe,0x3e,0x65,0x3e,0x96,0x7f,0xe7,
    0xff,0xc6,0x1e,0x55,0x9f,0xef,0x9f,0xef,0x9f,0xef,0x5e,0x65,0xdf,0xbe,0x7f,0xe7,
    0x5e,0xa6,0x3e,0x5d,0x9e,0xb6,0x7f,0xe7,0x7f,0xe7,0x7f,0xe7,0x7f,0xe7,0x5f,0xe7,
    0x5f,0xe7,0x5f,0xe7,0x7f,0xe7,0x7f,0xe7,0x9f,0xef,0xbf,0xf7,0x1f,0xcf,0x3f,0xd7,
    0x5f,0xdf,0x7f,0xe7,0xbf,0xef,0x9f,0xe7,0x7f,0xdf,0xbf,0xf7,0xbf,0xf7,0x5f,0xd7,
    0xbf,0xef,0xbf,0xef,0x9f,0xe7,0x5f,0xdf,0x3f,0xd7,0xff,0xc6,0xdf,0xf7,0xbf,0xef,
    0x7f,0xe7,0x7f,0xe7,0x7f,0xe7,0x7f,0xe7,0x7f,0xe7,0x7f,0xe7,0x7f,0xe7,0x7f,0xe7,
    0xfe,0xc6,0x1e,0x5d,0x5e,0x9e,0x5e,0x65,0x7e,0x6d,0x1e,0x55,0xfe,0x85,0xbf,0xef,
    0xbf,0xef,0xbf,0xef,0x1e,0x8e,0x1e,0x55,0x7e,0x6d,0x3e,0x5d,0x5e,0x9e,0xfe,0x54,
    0xde,0xbe,0x7f,0xe7,0x7f,0xe7,0x7f,0xe7,0x5f,0xe7,0x7f,0xe7,0x7f,0xe7,0x7f,0xe7,
    0x7f,0xe7,0x9f,0xef,0xdf,0xf7,0x1f,0xcf,0x3f,0xd7,0x5f,0xdf,0x7f,0xe7,0xbf,0xf7,
    0x9f,0xe7,0x7f,0xdf,0xbf,0xf7,0xbf,0xf7,0x5f,0xd7,0xbf,0xef,0xbf,0xef,0x9f,0xe7,
    0x5f,0xdf,0x3f,0xd7,0xff,0xc6,0xdf,0xf7,0xbf,0xef,0x7f,0xe7,0x7f,0xe7,0x7f,0xe7,
    0x7f,0xe7,0x7f,0xe7,0x7f,0xe7,0x7f,0xe7,0x1f,0xcf,0x3e,0x5d,0x7e,0xae,0x9f,0xef,
    0x7f,0xdf,0x5e,0x9e,0x5f,0xdf,0xbf,0xef,0xbf,0xef,0xbf,0xef,0xbf,0xef,0xbf,0xef,
    0x5f,0xd7,0x5e,0x9e,0x5f,0xdf,0x9f,0xe7,0x9e,0xae,0x1e,0x55,0xff,0xc6,0x7f,0xe7,
    0x7f,0xe7,0x7f,0xe7,0x7f,0xe7,0x7f,0xe7,0x7f,0xe7,0x7f,0xe7,0xbf,0xef,0xdf,0xf7,
    0x1f,0xcf,0x3f,0xd7,0x5f,0xdf,0x7f,0xe7,0xbf,0xf7,0x9f,0xe7,0x7f,0xdf,0xbf,0xf7,
    0xbf,0xf7,0x5f,0xd7,0xbf,0xef,0xbf,0xef,0x9f,0xe7,0x5f,0xdf,0x3f,0xd7,0x1f,0xc7,
    0xdf,0xf7,0xbf,0xef,0x9f,0xe7,0x7f,0xe7,0x7f,0xe7,0x7f,0xe7,0x7f,0xe7,0x7f,0xe7,
    0x7f,0xe7,0x3e,0x96,0x7e,0x6d,0x9f,0xe7,0x9f,0xef,0x9f,0xef,0x9f,0xef,0xbf,0xef,
    0xbf,0xef,0xbf,0xef,0xbf,0xef,0xbf,0xef,0xbf,0xef,0x9f,0xef,0x9f,0xef,0x9f,0xef,
    0x9f,0xef,0x9f,0xe7,0x9e,0x7d,0xfe,0x8d,0x7f,0xe7,0x7f,0xe7,0x7f,0xe7,0x7f,0xe7,
    0x7f,0xe7,0x7f,0xe7,0x7f,0xe7,0xbf,0xef,0xdf,0xf7,0x1f,0xcf,0x3f,0xd7,0x5f,0xdf,
    0x7f,0xe7,0xdf,0xf7,0x9f,0xe7,0x7f,0xdf,0xbf,0xf7,0xbf,0xf7,0x5f,0xd7,0xbf,0xef,
    0xbf,0xef,0x9f,0xe7,0x5f,0xdf,0x3f,0xd7,0x1f,0xcf,0xdf,0xf7,0xbf,0xef,0x9f,0xe7,
    0x7f,0xe7,0x7f,0xe7,0x7f,0xe7,0x7f,0xe7,0x7f,0xe7,0x7f,0xe7,0x5f,0xd7,0x3e,0x5d,
    0x5e,0x9e,0x9f,0xef,0x9f,0xef,0x9f,0xef,0xbf,0xef,0xbf,0xef,0x9f,0xef,0x7f,0xe7,
    0x9f,0xef,0xbf,0xef,0xbf,0xef,0xbf,0xef,0x9f,0xef,0x9f,0xef,0xbe,0xb6,0x1d,0x5d,
    0x3f,0xd7,0x7f,0xe7,0x7f,0xe7,0x7f,0xe7,0x7f,0xe7,0x7f,0xe7,0x7f,0xe7,0x9f,0xe7,
    0xbf,0xef,0xdf,0xf7,0x1f,0xcf,0x3f,0xd7,0x5f,0xdf,0x7f,0xe7,0xdf,0xf7,0x9f,0xe7,
    0x7f,0xdf,0xbf,0xf7,0xbf,0xf7,0x5f,0xd7,0xbf,0xef,0xbf,0xef,0x9f,0xe7,0x5f,0xdf,
    0x3f,0xd7,0x1f,0xcf,0xdf,0xf7,0xbf,0xef,0x9f,0xef,0x7f,0xe7,0x7f,0xe7,0x7f,0xe7,
    0x7f,0xe7,0x7f,0xe7,0x9f,0xe7,0x7f,0xe7,0x5e,0xa6,0x7e,0x6d,0xbf,0xef,0xbf,0xef,
    0xbf,0xef,0x9f,0xe7,0x3e,0x9e,0x1e,0x5d,0xfd,0x4c,0x1d,0x55,0x1e,0x96,0x7f,0xe7,
    0xbf,0xef,0xbf,0xef,0x9f,0xef,0xde,0x85,0x1e,0x96,0x9f,0xe7,0x9f,0xe7,0x7f,0xe7,
    0x7f,0xe7,0x7f,0xe7,0x7f,0xe7,0x7f,0xe7,0x9f,0xe7,0xbf,0xef,0xdf,0xf7,0x1f,0xcf,
    0x1f,0xd7,0x5f,0xdf,0x7f,0xe7,0xdf,0xf7,0x9f,0xe7,0x7f,0xdf,0xbf,0xf7,0xbf,0xf7,
    0x3f,0xd7,0xbf,0xef,0xbf,0xef,0x9f,0xe7,0x7f,0xdf,0x3f,0xd7,0x1f,0xcf,0xdf,0xf7,
    0xbf,0xef,0x9f,0xef,0x7f,0xe7,0x7f,0xe7,0x7f,0xe7,0x7f,0xe7,0x7f,0xe7,0xff,0xc6,
    0x9e,0xae,0x5e,0x65,0x9e,0xae,0xbf,0xef,0xbf,0xef,0xbf,0xef,0x9e,0x75,0x7e,0x6d,
    0xdf,0xbe,0x5f,0xdf,0xff,0xc6,0x9e,0x75,0x7e,0x6d,0x9f,0xef,0xbf,0xef,0xbf,0xef,
    0xdf,0xbe,0x3e,0x5d,0x7e,0xa6,0xff,0xc6,0x7f,0xe7,0x7f,0xe7,0x7f,0xe7,0x7f,0xe7,
    0x7f,0xe7,0x9f,0xe7,0xbf,0xef,0xdf,0xf7,0x1f,0xcf,0x3f,0xd7,0x5f,0xdf,0x9f,0xe7,
    0xdf,0xf7,0x9f,0xe7,0x7f,0xdf,0xbf,0xf7,0xbf,0xf7,0x3f,0xd7,0xbf,0xef,0xbf,0xef,
    0x9f,0xe7,0x7f,0xdf,0x3f,0xd7,0x1f,0xcf,0xdf,0xf7,0xbf,0xef,0x9f,0xef,0x7f,0xe7,
    0x7f,0xe7,0x7f,0xe7,0x7f,0xe7,0xbe,0xb6,0x1e,0x55,0x9e,0x75,0xfe,0x8d,0x7f,0xe7,
    0xbf,0xef,0xbf,0xef,0xbe,0xb6,0x3e,0x5d,0x9f,0xe7,0xbf,0xef,0xbf,0xf7,0xbf,0xef,
    0x9f,0xef,0x5e,0x65,0x5e,0xa6,0xbf,0xef,0xbf,0xef,0x9f,0xe7,0xfe,0x8d,0x9e,0x75,
    0x1d,0x55,0x7e,0xae,0x7f,0xe7,0x7f,0xe7,0x7f,0xe7,0x7f,0xe7,0x9f,0xe7,0xbf,0xef,
    0xdf,0xf7,0x1f,0xcf,0x3f,0xd7,0x5f,0xdf,0x7f,0xe7,0xdf,0xf7,0x9f,0xe7,0x7f,0xdf,
    0xbf,0xf7,0xbf,0xf7,0x3f,0xd7,0xbf,0xef,0xbf,0xef,0x9f,0xe7,0x7f,0xdf,0x3f,0xd7,
    0x1f,0xcf,0xdf,0xf7,0xbf,0xef,0x9f,0xef,0x7f,0xe7,0x7f,0xe7,0x7f,0xe7,0x7f,0xe7,
    0x5e,0x9e,0xde,0x7d,0x9f,0xef,0x9f,0xef,0xbf,0xef,0xbf,0xef,0xbf,0xef,0xbe,0x7d,
    0x7e,0xa6,0xbf,0xef,0xbf,0xef,0xbf,0xef,0xbf,0xef,0xbf,0xef,0x9e,0xb6,0x5e,0x65,
    0xbf,0xef,0xbf,0xef,0x9f,0xef,0x9f,0xef,0x9f,0xef,0xfe,0x8d,0x1e,0x96,0x7f,0xe7,
    0x7f,0xe7,0x7f,0xe7,0x7f,0xe7,0x9f,0xef,0xbf,0xef,0xdf,0xf7,0x1f,0xcf,0x3f,0xd7,
    0x5f,0xdf,0x7f,0xe7,0xdf,0xf7,0x9f,0xe7,0x7f,0xdf,0xbf,0xf7,0xbf,0xf7,0x3f,0xd7,
    0xbf,0xef,0xbf,0xef,0x9f,0xe7,0x7f,0xdf,0x3f,0xd7,0x1f,0xcf,0xdf,0xf7,0xbf,0xef,
    0x9f,0xef,0x7f,0xe7,0x7f,0xe7,0x7f,0xe7,0x7f,0xe7,0x5e,0x9e,0xde,0x7d,0x9f,0xef,
    0x9f,0xef,0xbf,0xef,0xbf,0xef,0xbf,0xef,0x7e,0x6d,0xbf,0xb6,0xbf,0xef,0xbf,0xf7,
    0xbf,0xf7,0xbf,0xef,0xbf,0xef,0x1f,0xcf,0x1d,0x5d,0xbf,0xef,0xbf,0xef,0x9f,0xef,
    0x9f,0xef,0x9f,0xef,0xfe,0x8d,0x1e,0x96,0x7f,0xe7,0x7f,0xe7,0x7f,0xe7,0x7f,0xe7,
    0x9f,0xef,0xbf,0xef,0xdf,0xf7,0x1f,0xcf,0x1f,0xcf,0x5f,0xdf,0x7f,0xe7,0xbf,0xf7,
    0x9f,0xe7,0x7f,0xdf,0xbf,0xf7,0xbf,0xf7,0x3f,0xd7,0xbf,0xef,0xbf,0xef,0x9f,0xe7,
    0x7f,0xdf,0x3f,0xd7,0x1f,0xcf,0xdf,0xf7,0xbf,0xef,0x9f,0xef,0x7f,0xe7,0x7f,0xe7,
    0x7f,0xe7,0x7f,0xe7,0x5e,0x9e,0xbe,0x7d,0x7f,0xe7,0x9f,0xef,0x9f,0xef,0x9f,0xef,
    0xbf,0xef,0xde,0x85,0x1e,0x96,0xbf,0xef,0xbf,0xf7,0xbf,0xef,0xbf,0xf7,0xbf,0xef,
    0x5e,0xa6,0x9e,0x75,0xbf,0xef,0xbf,0xef,0x9f,0xef,0x9f,0xef,0x9f,0xe7,0xde,0x85,
    0x3e,0x96,0x7f,0xe7,0x7f,0xe7,0x7f,0xe7,0x7f,0xe7,0x9f,0xe7,0xbf,0xef,0xdf,0xf7,
    0x1f,0xcf,0x1f,0xcf,0x5f,0xdf,0x7f,0xe7,0xbf,0xf7,0x9f,0xe7,0x7f,0xdf,0xbf,0xf7,
    0xbf,0xf7,0x3f,0xd7,0xbf,0xef,0xbf,0xef,0x9f,0xe7,0x7f,0xdf,0x3f,0xd7,0x1f,0xcf,
    0xdf,0xf7,0xbf,0xef,0x9f,0xef,0x7f,0xe7,0x7f,0xe7,0x7f,0xe7,0x7f,0xe7,0xff,0xc6,
    0x1e,0x55,0xdd,0x4c,0x3e,0x65,0x3f,0xd7,0x9f,0xef,0x9f,0xef,0x1f,0xcf,0xfd,0x54,
    0xff,0xc6,0xbf,0xef,0xbf,0xef,0xbf,0xef,0x1f,0xcf,0x1e,0x55,0xdf,0xbe,0x9f,0xef,
    0x9f,0xef,0x7f,0xe7,0x5e,0x65,0xdd,0x4c,0xfe,0x4c,0xdf,0xbe,0x7f,0xe7,0x7f,0xe7,
    0x7f,0xe7,0x7f,0xe7,0x9f,0xe7,0xbf,0xef,0xdf,0xf7,0x1f,0xcf,0x1f,0xcf,0x5f,0xdf,
    0x7f,0xe7,0xdf,0xf7,0x9f,0xe7,0x7f,0xdf,0xbf,0xf7,0xbf,0xf7,0x3f,0xd7,0xbf,0xef,
    0xbf,0xef,0x9f,0xe7,0x7f,0xdf,0x3f,0xd7,0x1f,0xcf,0xdf,0xf7,0xbf,0xef,0x9f,0xe7,
    0x7f,0xe7,0x7f,0xe7,0x7f,0xe7,0x7f,0xe7,0x7f,0xe7,0x9f,0xe7,0x3f,0xd7,0xbe,0x7d,
    0x5e,0x9e,0x9f,0xef,0x9f,0xef,0xbf,0xef,0x7e,0xa6,0xfd,0x4c,0xde,0x85,0x7e,0xa6,
    0xfe,0x8d,0xfe,0x54,0x3e,0x9e,0xbf,0xef,0x9f,0xef,0x9f,0xef,0x9e,0xae,0x7e,0x6d,
    0x3f,0xd7,0x9f,0xe7,0x7f,0xe7,0x7f,0xe7,0x7f,0xe7,0x7f,0xe7,0x7f,0xe7,0x9f,0xe7,
    0xbf,0xef,0xdf,0xf7,0x1f,0xcf,0x1f,0xcf,0x5f,0xdf,0x7f,0xe7,0xbf,0xf7,0x9f,0xe7,
    0x7f,0xdf,0xbf,0xf7,0xbf,0xf7,0x3f,0xd7,0xbf,0xef,0xbf,0xef,0x9f,0xe7,0x7f,0xdf,
    0x3f,0xd7,0x1f,0xcf,0xdf,0xf7,0xbf,0xef,0x9f,0xe7,0x7f,0xe7,0x7f,0xe7,0x7f,0xe7,
    0x7f,0xe7,0x7f,0xe7,0x9f,0xe7,0x9f,0xe7,0x3e,0x96,0x7e,0x6d,0x9f,0xef,0x9f,0xef,
    0xbf,0xef,0x9f,0xef,0x1f,0xcf,0x1e,0x8e,0xbe,0x75,0xfe,0x8d,0x1f,0xcf,0x9f,0xef,
    0xbf,0xef,0xbf,0xef,0x9f,0xef,0xbe,0x7d,0xfe,0x8d,0x9f,0xef,0x9f,0xef,0x9f,0xe7,
    0x7f,0xe7,0x7f,0xe7,0x7f,0xe7,0x7f,0xe7,0x9f,0xe7,0xbf,0xef,0xdf,0xf7,0x1f,0xcf,
    0x1f,0xcf,0x5f,0xdf,0x7f,0xe7,0xbf,0xf7,0x9f,0xe7,0x7f,0xdf,0xbf,0xf7,0xbf,0xf7,
    0x3f,0xd7,0xbf,0xef,0xbf,0xef,0x9f,0xe7,0x5f,0xdf,0x3f,0xd7,0x1f,0xcf,0xdf,0xf7,
    0xbf,0xef,0x7f,0xe7,0x7f,0xe7,0x7f,0xe7,0x7f,0xe7,0x7f,0xe7,0x7f,0xe7,0x7f,0xe7,
    0x1f,0xcf,0x1e,0x55,0xdf,0xbe,0x9f,0xef,0x9f,0xef,0xbf,0xef,0x9f,0xef,0xbf,0xef,
    0xbf,0xef,0xbf,0xef,0x9f,0xef,0xbf,0xef,0xbf,0xef,0xbf,0xef,0x9f,0xef,0x9f,0xef,
    0x1f,0xc7,0xfe,0x54,0xff,0xc6,0x9f,0xef,0x7f,0xe7,0x7f,0xe7,0x7f,0xe7,0x7f,0xe7,
    0x7f,0xe7,0x9f,0xe7,0xbf,0xef,0xdf,0xf7,0x1f,0xcf,0x3f,0xd7,0x5f,0xdf,0x7f,0xe7,
    0xbf,0xef,0x9f,0xe7,0x7f,0xdf,0xbf,0xf7,0xbf,0xf7,0x3f,0xd7,0xbf,0xef,0xbf,0xef,
    0x7f,0xe7,0x5f,0xdf,0x3f,0xd7,0x1f,0xcf,0xdf,0xf7,0x9f,0xef,0x7f,0xe7,0x7f,0xe7,
    0x7f,0xe7,0x7f,0xe7,0x7f,0xe7,0x7f,0xe7,0x7f,0xe7,0x3e,0x9e,0x7e,0x6d,0x9f,0xe7,
    0x9f,0xef,0x9f,0xef,0xbf,0xef,0x9f,0xef,0xbf,0xef,0xbf,0xef,0xbf,0xef,0x9f,0xef,
    0xbf,0xef,0x9f,0xef,0x9f,0xef,0x9f,0xef,0x9f,0xef,0x7f,0xe7,0x9e,0x75,0xfe,0x8d,
    0x9f,0xe7,0x7f,0xe7,0x7f,0xe7,0x7f,0xe7,0x7f,0xe7,0x7f,0xe7,0x7f,0xe7,0x9f,0xef,
    0xdf,0xf7,0x1f,0xcf,0x3f,0xd7,0x5f,0xdf,0x7f,0xe7,0xbf,0xef,0x9f,0xe7,0x7f,0xdf,
    0xbf,0xf7,0xbf,0xf7,0x3f,0xd7,0xbf,0xef,0xbf,0xef,0x7f,0xe7,0x5f,0xdf,0x3f,0xd7,
    0x1f,0xcf,0xdf,0xf7,0x9f,0xef,0x7f,0xe7,0x7f,0xe7,0x5f,0xe7,0x7f,0xe7,0x7f,0xe7,
    0x7f,0xe7,0x7f,0xe7,0x5f,0xdf,0x7e,0x6d,0xbe,0x7d,0x7f,0xe7,0xde,0xc6,0x5e,0x65,
    0x3e,0x9e,0x5f,0xdf,0xbf,0xef,0xbf,0xef,0x9f,0xef,0x5f,0xdf,0x5e,0xa6,0x3e,0x65,
    0xbe,0xb6,0x7f,0xe7,0xde,0x85,0x5d,0x65,0x3f,0xd7,0x7f,0xe7,0x7f,0xe7,0x7f,0xe7,
    0x7f,0xe7,0x7f,0xe7,0x7f,0xe7,0x7f,0xe7,0x9f,0xef,0xdf,0xf7,0x1f,0xcf,0x1f,0xcf,
    0x5f,0xdf,0x7f,0xe7,0xbf,0xef,0x7f,0xe7,0x7f,0xdf,0xbf,0xf7,0xbf,0xf7,0x3f,0xd7,
    0xbf,0xef,0xbf,0xef,0x7f,0xe7,0x5f,0xdf,0x1f,0xd7,0x1f,0xcf,0xdf,0xf7,0x9f,0xef,
    0x7f,0xe7,0x7f,0xe7,0x5f,0xe7,0x5f,0xe7,0x7f,0xe7,0x7f,0xe7,0x7f,0xe7,0x7f,0xe7,
    0x5f,0xdf,0x5e,0x65,0x7e,0x6d,0xfe,0x54,0x3e,0x9e,0x9e,0x75,0x5e,0x65,0x9f,0xef,
    0x9f,0xef,0x9f,0xef,0x9e,0x75,0x9e,0x75,0x5e,0xa6,0x1e,0x55,0x7e,0x75,0x3d,0x65,
    0x5f,0xdf,0x7f,0xe7,0x7f,0xe7,0x7f,0xe7,0x7f,0xe7,0x7f,0xe7,0x5f,0xe7,0x7f,0xe7,
    0x7f,0xe7,0x9f,0xef,0xdf,0xf7,0x1f,0xcf,0x1f,0xcf,0x5f,0xdf,0x7f,0xe7,0xbf,0xef,
    0x7f,0xe7,0x7f,0xdf,0xbf,0xf7,0xbf,0xf7,0x3f,0xd7,0xbf,0xef,0xbf,0xef,0x7f,0xe7,
    0x5f,0xdf,0x1f,0xd7,0x1f,0xcf,0xdf,0xf7,0x9f,0xef,0x7f,0xe7,0x5f,0xe7,0x5f,0xdf,
    0x5f,0xdf,0x5f,0xe7,0x7f,0xe7,0x7f,0xe7,0x7f,0xe7,0x7f,0xe7,0x3f,0xd7,0x1e,0x8e,
    0xdf,0xbe,0x7f,0xe7,0x1f,0xcf,0xfd,0x54,0x9f,0xef,0x9f,0xef,0x9f,0xef,0x3e,0x5d,
    0xff,0xc6,0x9f,0xe7,0xff,0xc6,0xfe,0x8d,0x3f,0xd7,0x7f,0xe7,0x7f,0xe7,0x7f,0xe7,
    0x7f,0xe7,0x7f,0xe7,0x5f,0xe7,0x5f,0xe7,0x7f,0xe7,0x7f,0xe7,0x9f,0xef,0xdf,0xf7,
    0x1f,0xcf,0x1f,0xcf,0x5f,0xd7,0x7f,0xdf,0xbf,0xef,0x7f,0xe7,0x5f,0xdf,0xbf,0xf7,
    0xbf,0xf7,0x3f,0xd7,0xbf,0xef,0xbf,0xef,0x7f,0xe7,0x5f,0xdf,0x1f,0xd7,0x1f,0xcf,
    0xdf,0xf7,0x9f,0xef,0x7f,0xe7,0x5f,0xe7,0x5f,0xdf,0x5f,0xdf,0x5f,0xdf,0x5f,0xe7,
    0x7f,0xe7,0x7f,0xe7,0x7f,0xe7,0x7f,0xe7,0x7f,0xe7,0x7f,0xe7,0x7f,0xe7,0x5f,0xdf,
    0xfe,0x4c,0xfe,0x8d,0x1e,0x8e,0xfe,0x8d,0xfd,0x54,0x3f,0xd7,0x7f,0xe7,0x7f,0xe7,
    0x7f,0xe7,0x7f,0xe7,0x7f,0xe7,0x7f,0xe7,0x7f,0xe7,0x7f,0xe7,0x5f,0xe7,0x5f,0xdf,
    0x5f,0xe7,0x7f,0xe7,0x7f,0xe7,0x9f,0xef,0xbf,0xf7,0x1f,0xcf,0x1f,0xcf,0x5f,0xd7,
    0x7f,0xdf,0xbf,0xef,0x7f,0xe7,0x5f,0xdf,0xbf,0xf7,0xbf,0xf7,0x3f,0xd7,0xbf,0xef,
    0xbf,0xef,0x7f,0xe7,0x5f,0xdf,0x1f,0xcf,0x1f,0xc7,0xdf,0xf7,0x9f,0xef,0x7f,0xe7,
    0x5f,0xdf,0x5e,0xdf,0x5e,0xdf,0x5f,0xdf,0x5f,0xdf,0x5f,0xe7,0x7f,0xe7,0x7f,0xe7,
    0x7f,0xe7,0x7f,0xe7,0x7f,0xe7,0x7f,0xe7,0x7f,0xe7,0xbe,0xbe,0x1e,0x96,0x3e,0x96,
    0x1e,0x96,0x9e,0xb6,0x7f,0xe7,0x7f,0xe7,0x7f,0xe7,0x7f,0xe7,0x7f,0xe7,0x7f,0xe7,
    0x7f,0xe7,0x7f,0xe7,0x5f,0xe7,0x5f,0xdf,0x5f,0xdf,0x5f,0xdf,0x7f,0xe7,0x7f,0xe7,
    0x9f,0xef,0xbf,0xf7,0x1f,0xcf,0x1f,0xcf,0x5f,0xdf,0x7f,0xdf,0xbf,0xef,0x7f,0xe7,
    0x5f,0xdf,0xbf,0xf7,0xbf,0xf7,0x3f,0xd7,0xbf,0xef,0xbf,0xef,0x7f,0xe7,0x5f,0xdf,
    0x1f,0xcf,0x1f,0xc7,0xdf,0xf7,0x9f,0xef,0x7f,0xe7,0x5f,0xdf,0x5e,0xdf,0x5e,0xdf,
    0x5e,0xdf,0x5e,0xdf,0x5f,0xdf,0x5f,0xe7,0x5f,0xe7,0x7f,0xe7,0x7f,0xe7,0x7f,0xe7,
    0x7f,0xe7,0x7f,0xe7,0x7f,0xe7,0x7f,0xe7,0x7f,0xe7,0x7f,0xe7,0x7f,0xe7,0x7f,0xe7,
    0x7f,0xe7,0x7f,0xe7,0x7f,0xe7,0x7f,0xe7,0x7f,0xe7,0x5f,0xe7,0x5f,0xdf,0x5f,0xdf,
    0x5f,0xdf,0x5f,0xdf,0x5f,0xdf,0x7f,0xe7,0x7f,0xe7,0x9f,0xef,0xbf,0xf7,0x1f,0xcf,
    0x1f,0xcf,0x5f,0xdf,0x7f,0xe7,0xbf,0xef,0x7f,0xe7,0x5f,0xdf,0xbf,0xf7,0xbf,0xf7,
    0x3f,0xd7,0xbf,0xef,0xbf,0xef,0x7f,0xe7,0x5f,0xdf,0x1f,0xcf,0xff,0xc6,0xdf,0xf7,
    0x9f,0xef,0x7f,0xe7,0x5e,0xdf,0x5e,0xdf,0x5e,0xdf,0x5e,0xdf,0x5e,0xdf,0x5e,0xdf,
    0x5f,0xdf,0x5f,0xe7,0x5f,0xe7,0x7f,0xe7,0x7f,0xe7,0x7f,0xe7,0x7f,0xe7,0x7f,0xe7,
    0x7f,0xe7,0x7f,0xe7,0x7f,0xe7,0x7f,0xe7,0x7f,0xe7,0x7f,0xe7,0x7f,0xe7,0x7f,0xe7,
    0x7f,0xe7,0x5f,0xe7,0x5f,0xe7,0x5f,0xdf,0x5f,0xdf,0x5e,0xdf,0x5e,0xdf,0x5f,0xdf,
    0x5f,0xe7,0x7f,0xe7,0x9f,0xef,0xbf,0xf7,0x1f,0xcf,0x1f,0xcf,0x5f,0xdf,0x7f,0xe7,
    0xbf,0xef,0x7f,0xdf,0x5f,0xdf,0xbf,0xf7,0xbf,0xf7,0x3f,0xd7,0xbf,0xef,0xbf,0xef,
    0x7f,0xe7,0x5f,0xdf,0x1f,0xcf,0x1f,0xcf,0xdf,0xf7,0x9f,0xef,0x7f,0xe7,0x5e,0xdf,
    0x5e,0xdf,0x5e,0xdf,0x5e,0xdf,0x5e,0xdf,0x5e,0xdf,0x5f,0xdf,0x5f,0xdf,0x5f,0xdf,
    0x7f,0xe7,0x7f,0xe7,0x7f,0xe7,0x7f,0xe7,0x7f,0xe7,0x7f,0xe7,0x7f,0xe7,0x7f,0xe7,
    0x7f,0xe7,0x7f,0xe7,0x7f,0xe7,0x7f,0xe7,0x5f,0xe7,0x5f,0xe7,0x5f,0xe7,0x5f,0xdf,
    0x5f,0xdf,0x5f,0xdf,0x5e,0xdf,0x5f,0xdf,0x5f,0xdf,0x5f,0xe7,0x7f,0xe7,0x9f,0xef,
    0xbf,0xf7,0x1f,0xcf,0x1f,0xcf,0x5f,0xdf,0x7f,0xe7,0xbf,0xef,0x7f,0xdf,0x5f,0xd7,
    0xbf,0xf7,0xbf,0xf7,0x3f,0xd7,0xbf,0xef,0xbf,0xef,0x7f,0xe7,0x5f,0xdf,0x3f,0xd7,
    0x1f,0xcf,0xdf,0xf7,0x9f,0xef,0x7f,0xe7,0x5e,0xdf,0x5e,0xdf,0x5e,0xdf,0x5e,0xdf,
    0x5e,0xdf,0x5e,0xdf,0x5f,0xdf,0x5f,0xdf,0x5f,0xdf,0x5f,0xe7,0x5f,0xe7,0x7f,0xe7,
    0x7f,0xe7,0x7f,0xe7,0x7f,0xe7,0x7f,0xe7,0x7f,0xe7,0x7f,0xe7,0x7f,0xe7,0x7f,0xe7,
    0x5f,0xe7,0x5f,0xe7,0x5f,0xdf,0x5f,0xdf,0x5f,0xdf,0x5f,0xdf,0x5e,0xdf,0x5f,0xdf,
    0x5f,0xdf,0x5f,0xdf,0x7f,0xe7,0x7f,0xe7,0x9f,0xef,0xbf,0xf7,0x1f,0xcf,0x1f,0xd7,
    0x5f,0xdf,0x7f,0xe7,0xbf,0xef,0x7f,0xdf,0x5f,0xd7,0xbf,0xf7,0xbf,0xf7,0x3f,0xd7,
    0xbf,0xef,0xbf,0xef,0x7f,0xe7,0x5f,0xdf,0x3f,0xd7,0x1f,0xcf,0xdf,0xf7,0x9f,0xef,
    0x7f,0xe7,0x5f,0xe7,0x5e,0xdf,0x5e,0xdf,0x5e,0xdf,0x5e,0xdf,0x5e,0xdf,0x5e,0xdf,
    0x5e,0xdf,0x5f,0xdf,0x5f,0xdf,0x5f,0xe7,0x5f,0xe7,0x5f,0xe7,0x5f,0xe7,0x7f,0xe7,
    0x7f,0xe7,0x7f,0xe7,0x5f,0xe7,0x5f,0xe7,0x5f,0xe7,0x5f,0xe7,0x5f,0xe7,0x5f,0xdf,
    0x5f,0xdf,0x5f,0xdf,0x5e,0xdf,0x5e,0xdf,0x5e,0xdf,0x5e,0xdf,0x5f,0xe7,0x7f,0xe7,
    0x7f,0xe7,0xbf,0xef,0xdf,0xf7,0x1f,0xcf,0x3f,0xd7,0x5f,0xdf,0x7f,0xe7,0xbf,0xef,
    0x7f,0xe7,0x5f,0xd7,0xbf,0xf7,0xbf,0xf7,0x3f,0xd7,0xbf,0xef,0xbf,0xef,0x9f,0xe7,
    0x5f,0xdf,0x3f,0xd7,0x1f,0xc7,0xdf,0xf7,0xbf,0xef,0x9f,0xe7,0x7f,0xe7,0x5f,0xdf,
    0x5e,0xdf,0x5e,0xdf,0x5e,0xdf,0x5e,0xdf,0x5e,0xdf,0x5e,0xdf,0x5e,0xdf,0x5f,0xdf,
    0x5f,0xdf,0x5f,0xdf,0x5f,0xdf,0x5f,0xdf,0x5f,0xdf,0x5f,0xe7,0x5f,0xe7,0x5f,0xe7,
    0x5f,0xe7,0x5f,0xdf,0x5f,0xdf,0x5f,0xdf,0x5f,0xdf,0x5f,0xdf,0x5f,0xdf,0x5f,0xdf,
    0x5e,0xdf,0x5e,0xdf,0x5f,0xe7,0x7f,0xe7,0x7f,0xe7,0x9f,0xef,0xbf,0xef,0xdf,0xf7,
    0xff,0xc6,0x3f,0xd7,0x5f,0xdf,0x7f,0xe7,0xbf,0xef,0x7f,0xdf,0x5f,0xd7,0xbf,0xf7,
    0xbf,0xf7,0x3f,0xd7,0xbf,0xef,0xbf,0xef,0x9f,0xe7,0x7f,0xdf,0x5f,0xd7,0x1f,0xcf,
    0xbf,0xef,0xdf,0xf7,0x9f,0xef,0x7f,0xe7,0x7f,0xe7,0x5f,0xdf,0x5e,0xdf,0x5e,0xdf,
    0x5e,0xdf,0x5e,0xdf,0x5e,0xdf,0x5f,0xdf,0x5f,0xdf,0x5f,0xdf,0x5f,0xdf,0x5f,0xdf,
    0x5f,0xe7,0x5f,0xe7,0x5f,0xe7,0x5f,0xe7,0x5f,0xe7,0x5f,0xe7,0x5f,0xdf,0x5f,0xdf,
    0x5f,0xdf,0x5f,0xdf,0x5f,0xdf,0x5f,0xdf,0x5f,0xdf,0x5f,0xdf,0x5f,0xdf,0x7f,0xe7,
    0x7f,0xe7,0x9f,0xe7,0x9f,0xef,0xdf,0xf7,0x9f,0xe7,0x1f,0xcf,0x3f,0xd7,0x5f,0xdf,
    0x7f,0xe7,0xbf,0xef,0x7f,0xe7,0x5f,0xd7,0xbf,0xf7,0xbf,0xf7,0x3f,0xd7,0xbf,0xef,
    0xbf,0xef,0x9f,0xe7,0x7f,0xdf,0x5f,0xdf,0x3f,0xd7,0x3f,0xcf,0xdf,0xf7,0xbf,0xf7,
    0x9f,0xef,0x7f,0xe7,0x7f,0xe7,0x5f,0xe7,0x5f,0xe7,0x5f,0xe7,0x5f,0xe7,0x5f,0xe7,
    0x5f,0xe7,0x5f,0xe7,0x7f,0xe7,0x7f,0xe7,0x7f,0xe7,0x7f,0xe7,0x7f,0xe7,0x7f,0xe7,
    0x7f,0xe7,0x7f,0xe7,0x7f,0xe7,0x7f,0xe7,0x7f,0xe7,0x7f,0xe7,0x7f,0xe7,0x7f,0xe7,
    0x7f,0xe7,0x7f,0xe7,0x7f,0xe7,0x7f,0xe7,0x7f,0xe7,0x9f,0xe7,0x9f,0xef,0xbf,0xf7,
    0xdf,0xf7,0x1f,0xcf,0x1f,0xcf,0x5f,0xd7,0x7f,0xdf,0x9f,0xe7,0xbf,0xef,0x7f,0xe7,
    0x5f,0xd7,0xbf,0xf7,0xbf,0xf7,0x3f,0xd7,0xbf,0xef,0xbf,0xef,0x9f,0xe7,0x7f,0xe7,
    0x5f,0xdf,0x3f,0xd7,0x1f,0xcf,0x5f,0xd7,0xdf,0xf7,0xbf,0xf7,0xbf,0xef,0x9f,0xef,
    0x9f,0xe7,0x7f,0xe7,0x7f,0xe7,0x7f,0xe7,0x7f,0xe7,0x7f,0xe7,0x9f,0xe7,0x9f,0xe7,
    0x7f,0xe7,0x7f,0xe7,0x7f,0xe7,0x9f,0xe7,0x9f,0xe7,0x7f,0xe7,0x7f,0xe7,0x9f,0xe7,
    0x9f,0xe7,0x9f,0xe7,0x9f,0xe7,0x9f,0xe7,0x9f,0xe7,0x9f,0xe7,0x7f,0xe7,0x7f,0xe7,
    0x9f,0xe7,0x9f,0xef,0xbf,0xef,0xbf,0xef,0xdf,0xf7,0x3f,0xcf,0x1f,0xcf,0x3f,0xd7,
    0x5f,0xdf,0x7f,0xdf,0x9f,0xe7,0xbf,0xef,0x9f,0xe7,0x5f,0xd7,0xbf,0xf7,0xbf,0xf7,
    0x3f,0xd7,0xbf,0xef,0xbf,0xef,0x9f,0xe7,0x7f,0xe7,0x7f,0xdf,0x3f,0xd7,0x1e,0xd7,
    0x1f,0xcf,0x3f,0xcf,0xbf,0xef,0xdf,0xf7,0xbf,0xef,0xbf,0xef,0xbf,0xef,0xbf,0xef,
    0xbf,0xef,0xbf,0xef,0xbf,0xef,0xbf,0xef,0xbf,0xef,0xbf,0xef,0xbf,0xef,0xbf,0xef,
    0xbf,0xef,0xbf,0xef,0xbf,0xef,0xbf,0xef,0xbf,0xef,0xbf,0xef,0xbf,0xef,0xbf,0xef,
    0xbf,0xef,0xbf,0xef,0xbf,0xef,0xbf,0xef,0xbf,0xef,0xbf,0xef,0xbf,0xef,0xdf,0xf7,
    0xbf,0xef,0x3f,0xcf,0x3f,0xcf,0x3f,0xd7,0x3f,0xd7,0x7f,0xdf,0x7f,0xdf,0x9f,0xe7,
    0xbf,0xef,0x7f,0xe7,0x5f,0xd7,0xbf,0xf7,0xbf,0xf7,0x3f,0xd7,0xbf,0xef,0xbf,0xef,
    0x9f,0xe7,0x7f,0xe7,0x7f,0xdf,0x5f,0xdf,0x3e,0xd7,0x1e,0xcf,0xfe,0xc6,0xff,0xc6,
    0x3f,0xcf,0x5f,0xcf,0x5f,0xd7,0x5f,0xd7,0x5f,0xd7,0x7f,0xd7,0x7f,0xd7,0x7f,0xd7,
    0x7f,0xd7,0x7f,0xdf,0x9f,0xdf,0x9f,0xdf,0x9f,0xdf,0x9f,0xdf,0x9f,0xdf,0x9f,0xe7,
    0xbf,0xe7,0x9f,0xe7,0x9f,0xe7,0x9f,0xdf,0x9f,0xdf,0x7f,0xdf,0x7f,0xd7,0x7f,0xd7,
    0x7f,0xd7,0x5f,0xd7,0x5f,0xd7,0x5f,0xd7,0x3f,0xcf,0x1f,0xc7,0x1e,0xcf,0x1e,0xcf,
    0x3f,0xd7,0x5f,0xdf,0x7f,0xdf,0x7f,0xdf,0x9f,0xe7,0xbf,0xef,0x7f,0xe7,0x5f,0xdf,
    0xbf,0xf7,0xbf,0xf7,0x3f,0xd7,0xbf,0xef,0xbf,0xef,0x9f,0xe7,0x7f,0xe7,0x7f,0xe7,
    0x5f,0xdf,0x3f,0xd7,0x1e,0xd7,0xfe,0xce,0xde,0xc6,0xbe,0xbe,0xbe,0xbe,0xde,0xbe,
    0xde,0xbe,0xde,0xc6,0xde,0xc6,0xde,0xc6,0xde,0xc6,0xde,0xc6,0xde,0xc6,0xde,0xc6,
    0xde,0xc6,0xde,0xc6,0xde,0xc6,0xde,0xc6,0xde,0xc6,0xde,0xc6,0xde,0xc6,0xde,0xc6,
    0xde,0xc6,0xde,0xc6,0xde,0xc6,0xde,0xc6,0xde,0xc6,0xde,0xc6,0xde,0xc6,0xde,0xc6,
    0xde,0xc6,0xde,0xc6,0xde,0xc6,0xfe,0xc6,0x1e,0xcf,0x3f,0xd7,0x5f,0xdf,0x7f,0xdf,
    0x7f,0xdf,0x9f,0xe7,0xbf,0xef,0x7f,0xe7,0x7f,0xdf,0xbf,0xf7,0xbf,0xf7,0x5f,0xd7,
    0xbf,0xef,0xbf,0xef,0x9f,0xe7,0x7f,0xe7,0x7f,0xe7,0x7f,0xdf,0x5f,0xdf,0x3f,0xd7,
    0x1e,0xcf,0xfe,0xce,0xde,0xc6,0xbe,0xbe,0xbe,0xbe,0xbe,0xbe,0xbe,0xbe,0x9e,0xbe,
    0x9e,0xbe,0x9e,0xbe,0x9e,0xbe,0x9e,0xb6,0x9e,0xb6,0x9e,0xb6,0x9e,0xb6,0x9e,0xb6,
    0x9e,0xbe,0x9e,0xbe,0x9e,0xbe,0x9e,0xbe,0x9e,0xbe,0x9e,0xbe,0x9e,0xbe,0x9e,0xbe,
    0x9e,0xbe,0xbe,0xbe,0xbe,0xbe,0xbe,0xbe,0xbe,0xbe,0xbe,0xbe,0xde,0xc6,0xfe,0xc6,
    0x1e,0xcf,0x3f,0xd7,0x5f,0xd7,0x5f,0xdf,0x7f,0xdf,0x7f,0xdf,0x7f,0xe7,0xbf,0xef,
    0x7f,0xe7,0x7f,0xdf,0xbf,0xf7,0xbf,0xf7,0x5f,0xd7,0xbf,0xef,0xbf,0xef,0x9f,0xe7,
    0x7f,0xe7,0x7f,0xe7,0x7f,0xe7,0x7f,0xdf,0x5f,0xdf,0x3f,0xd7,0x1e,0xd7,0x1e,0xcf,
    0xfe,0xce,0xfe,0xc6,0xfe,0xc6,0xfe,0xc6,0xfe,0xc6,0xde,0xc6,0xde,0xc6,0xde,0xc6,
    0xde,0xc6,0xde,0xc6,0xde,0xc6,0xde,0xc6,0xde,0xc6,0xde,0xc6,0xde,0xc6,0xde,0xc6,
    0xde,0xc6,0xde,0xc6,0xde,0xc6,0xde,0xc6,0xde,0xc6,0xde,0xc6,0xde,0xc6,0xde,0xc6,
    0xde,0xc6,0xfe,0xc6,0xfe,0xce,0x1e,0xcf,0x1e,0xcf,0x3f,0xd7,0x5f,0xd7,0x5f,0xdf,
    0x7f,0xdf,0x7f,0xdf,0x7f,0xdf,0x7f,0xe7,0xbf,0xef,0x7f,0xe7,0x7f,0xdf,0xbf,0xf7,
    0xbf,0xf7,0x5f,0xd7,0xbf,0xef,0xbf,0xef,0x9f,0xe7,0x7f,0xe7,0x7f,0xe7,0x7f,0xe7,
    0x7f,0xdf,0x7f,0xdf,0x5f,0xdf,0x5f,0xdf,0x3f,0xd7,0x3f,0xd7,0x3f,0xd7,0x3f,0xd7,
    0x3f,0xd7,0x1f,0xd7,0x1f,0xd7,0x1e,0xcf,0x1f,0xd7,0x1e,0xcf,0x1e,0xcf,0x1e,0xcf,
    0x1e,0xcf,0x1e,0xcf,0x1e,0xcf,0x1f,0xcf,0x1e,0xcf,0x1e,0xcf,0x1e,0xcf,0x1e,0xcf,
    0x1e,0xcf,0x1e,0xcf,0x1e,0xcf,0x1e,0xcf,0x1e,0xcf,0x1e,0xd7,0x1e,0xd7,0x3f,0xd7,
    0x3f,0xd7,0x3f,0xd7,0x5f,0xdf,0x5f,0xdf,0x7f,0xdf,0x7f,0xdf,0x7f,0xdf,0x7f,0xdf,
    0x7f,0xe7,0xbf,0xef,0x7f,0xe7,0x7f,0xdf,0xbf,0xf7,0xbf,0xf7,0x5f,0xd7,0xbf,0xef,
    0xbf,0xef,0x9f,0xe7,0x7f,0xe7,0x7f,0xe7,0x7f,0xe7,0x7f,0xe7,0x7f,0xe7,0x7f,0xdf,
    0x7f,0xdf,0x7f,0xdf,0x5f,0xdf,0x5f,0xdf,0x5f,0xdf,0x5f,0xdf,0x5f,0xdf,0x5f,0xdf,
    0x5f,0xdf,0x5f,0xd7,0x5f,0xd7,0x3f,0xd7,0x3f,0xd7,0x3f,0xd7,0x3f,0xd7,0x3f,0xd7,
    0x3f,0xd7,0x3f,0xd7,0x3f,0xd7,0x3f,0xd7,0x3f,0xd7,0x3f,0xd7,0x3f,0xd7,0x3f,0xd7,
    0x3f,0xd7,0x3f,0xd7,0x5f,0xd7,0x5f,0xd7,0x5f,0xdf,0x5f,0xdf,0x5f,0xdf,0x7f,0xdf,
    0x7f,0xdf,0x7f,0xdf,0x7f,0xdf,0x7f,0xdf,0x7f,0xdf,0x7f,0xe7,0xbf,0xef,0x7f,0xe7,
    0x7f,0xdf,0xbf,0xf7,0xbf,0xf7,0x5f,0xd7,0xbf,0xef,0xbf,0xef,0x9f,0xe7,0x7f,0xe7,
    0x7f,0xe7,0x7f,0xe7,0x7f,0xe7,0x7f,0xe7,0x7f,0xe7,0x7f,0xe7,0x7f,0xdf,0x7f,0xdf,
    0x7f,0xdf,0x7f,0xdf,0x7f,0xdf,0x7f,0xdf,0x7f,0xdf,0x7f,0xdf,0x7f,0xdf,0x7f,0xdf,
    0x5f,0xdf,0x5f,0xdf,0x5f,0xdf,0x5f,0xdf,0x5f,0xdf,0x5f,0xdf,0x5f,0xdf,0x5f,0xdf,
    0x5f,0xdf,0x5f,0xdf,0x5f,0xdf,0x5f,0xdf,0x5f,0xdf,0x5f,0xdf,0x5f,0xdf,0x5f,0xdf,
    0x5f,0xdf,0x5f,0xdf,0x7f,0xdf,0x7f,0xdf,0x7f,0xdf,0x7f,0xdf,0x7f,0xdf,0x7f,0xdf,
    0x7f,0xdf,0x7f,0xdf,0x7f,0xe7,0xbf,0xef,0x7f,0xe7,0x7f,0xdf,0xbf,0xf7,0xbf,0xf7,
    0x5f,0xd7,0xbf,0xef,0xbf,0xef,0x9f,0xe7,0x7f,0xe7,0x7f,0xe7,0x7f,0xe7,0x7f,0xe7,
    0x7f,0xe7,0x7f,0xe7,0x7f,0xe7,0x7f,0xe7,0x7f,0xe7,0x7f,0xe7,0x7f,0xe7,0x7f,0xe7,
    0x7f,0xe7,0x7f,0xe7,0x7f,0xe7,0x7f,0xe7,0x7f,0xdf,0x7f,0xdf,0x7f,0xdf,0x7f,0xdf,
    0x7f,0xdf,0x7f,0xdf,0x7f,0xdf,0x7f,0xdf,0x7f,0xdf,0x7f,0xdf,0x7f,0xdf,0x7f,0xdf,
    0x7f,0xdf,0x7f,0xdf,0x7f,0xdf,0x7f,0xdf,0x7f,0xdf,0x7f,0xdf,0x7f,0xdf,0x7f,0xdf,
    0x7f,0xdf,0x7f,0xdf,0x7f,0xdf,0x7f,0xdf,0x7f,0xdf,0x7f,0xdf,0x7f,0xdf,0x7f,0xe7,
    0xbf,0xef,0x7f,0xe7,0x7f,0xdf,0xbf,0xf7,0xbf,0xf7,0x5f,0xd7,0xbf,0xef,0xbf,0xef,
    0x9f,0xe7,0x7f,0xe7,0x7f,0xe7,0x7f,0xe7,0x7f,0xe7,0x7f,0xe7,0x7f,0xe7,0x7f,0xe7,
    0x7f,0xe7,0x7f,0xe7,0x9f,0xe7,0x7f,0xe7,0x7f,0xe7,0x7f,0xe7,0x9f,0xe7,0x9f,0xe7,
    0x9f,0xe7,0x7f,0xe7,0x7f,0xe7,0x7f,0xdf,0x7f,0xdf,0x7f,0xdf,0x7f,0xdf,0x7f,0xdf,
    0x7f,0xdf,0x7f,0xdf,0x7f,0xdf,0x7f,0xdf,0x7f,0xdf,0x7f,0xdf,0x7f,0xdf,0x7f,0xdf,
    0x7f,0xdf,0x7f,0xdf,0x7f,0xdf,0x7f,0xdf,0x7f,0xdf,0x7f,0xdf,0x7f,0xdf,0x7f,0xdf,
    0x7f,0xdf,0x7f,0xdf,0x7f,0xdf,0x7f,0xdf,0x7f,0xe7,0xbf,0xef,0x7f,0xdf,0x7f,0xdf,
    0xbf,0xf7,0xbf,0xf7,0x5f,0xdf,0xbf,0xef,0xbf,0xef,0x9f,0xe7,0x7f,0xe7,0x7f,0xe7,
    0x7f,0xe7,0x7f,0xe7,0x7f,0xe7,0x7f,0xe7,0x7f,0xe7,0x7f,0xe7,0x7f,0xe7,0x7f,0xe7,
    0x7f,0xe7,0x9f,0xe7,0x9f,0xe7,0x9f,0xe7,0x9f,0xe7,0x9f,0xe7,0x9f,0xe7,0x9f,0xe7,
    0x9f,0xe7,0x7f,0xe7,0x7f,0xe7,0x7f,0xdf,0x7f,0xdf,0x7f,0xdf,0x7f,0xdf,0x7f,0xdf,
    0x7f,0xdf,0x7f,0xdf,0x7f,0xdf,0x7f,0xdf,0x7f,0xdf,0x7f,0xdf,0x7f,0xdf,0x7f,0xdf,
    0x7f,0xdf,0x7f,0xdf,0x7f,0xdf,0x7f,0xdf,0x7f,0xdf,0x7f,0xdf,0x7f,0xdf,0x7f,0xdf,
    0x7f,0xdf,0x7f,0xe7,0xbf,0xef,0x7f,0xdf,0x7f,0xdf,0xbf,0xf7,0xbf,0xf7,0x5f,0xdf,
    0xbf,0xef,0xbf,0xef,0x9f,0xe7,0x7f,0xe7,0x7f,0xe7,0x7f,0xe7,0x7f,0xe7,0x7f,0xe7,
    0x7f,0xe7,0x7f,0xe7,0x7f,0xe7,0x9f,0xe7,0x7f,0xe7,0x9f,0xe7,0x9f,0xe7,0x9f,0xe7,
    0x9f,0xe7,0x9f,0xe7,0x9f,0xe7,0x9f,0xe7,0x9f,0xe7,0x9f,0xe7,0x7f,0xe7,0x7f,0xdf,
    0x7f,0xdf,0x7f,0xdf,0x7f,0xdf,0x7f,0xdf,0x7f,0xdf,0x7f,0xdf,0x7f,0xdf,0x7f,0xdf,
    0x7f,0xdf,0x7f,0xdf,0x7f,0xdf,0x7f,0xdf,0x7f,0xdf,0x7f,0xdf,0x7f,0xdf,0x7f,0xdf,
    0x7f,0xdf,0x7f,0xdf,0x7f,0xdf,0x7f,0xdf,0x7f,0xdf,0x7f,0xdf,0x7f,0xe7,0xbf,0xef,
    0x7f,0xdf,0x7f,0xdf,0xbf,0xf7,0xbf,0xf7,0x5f,0xdf,0xbf,0xef,0xbf,0xef,0x9f,0xe7,
    0x7f,0xe7,0x7f,0xe7,0x7f,0xe7,0x7f,0xe7,0x7f,0xe7,0x7f,0xe7,0x7f,0xe7,0x7f,0xdf,
    0x7f,0xdf,0x7f,0xdf,0x7f,0xdf,0x7f,0xdf,0x7f,0xdf,0x7f,0xdf,0x7f,0xdf,0x7f,0xdf,
    0x7f,0xdf,0x7f,0xdf,0x7f,0xdf,0x7f,0xdf,0x7f,0xdf,0x5f,0xdf,0x5f,0xdf,0x5f,0xdf,
    0x5f,0xd7,0x5f,0xd7,0x5f,0xd7,0x5f,0xd7,0x5f,0xd7,0x5f,0xd7,0x5f,0xd7,0x5f,0xd7,
    0x5f,0xd7,0x5f,0xd7,0x5f,0xd7,0x5f,0xdf,0x7f,0xdf,0x7f,0xdf,0x7f,0xdf,0x7f,0xdf,
    0x7f,0xdf,0x7f,0xdf,0x7f,0xdf,0x7f,0xe7,0xbf,0xef,0x7f,0xdf,0x7f,0xdf,0xbf,0xf7,
    0xbf,0xf7,0x5f,0xd7,0xbf,0xef,0xbf,0xef,0x9f,0xe7,0x7f,0xe7,0x7f,0xe7,0x7f,0xe7,
    0x7f,0xe7,0x7f,0xe7,0x7f,0xdf,0x9f,0xe7,0x9f,0xe7,0x9f,0xe7,0x9f,0xe7,0x9f,0xe7,
    0x9f,0xe7,0x9f,0xe7,0x9f,0xe7,0x9f,0xe7,0x9f,0xe7,0x9f,0xe7,0x9f,0xe7,0x9f,0xe7,
    0xbf,0xef,0xbf,0xef,0xbf,0xef,0xbf,0xef,0xbf,0xef,0xbf,0xef,0xbf,0xef,0xbf,0xef,
    0xbf,0xef,0xbf,0xef,0xbf,0xef,0xbf,0xef,0xbf,0xef,0x9f,0xef,0x9f,0xef,0x9f,0xe7,
    0x9f,0xe7,0x7f,0xdf,0x5f,0xd7,0x7f,0xdf,0x7f,0xdf,0x7f,0xdf,0x7f,0xdf,0x7f,0xdf,
    0x7f,0xe7,0xbf,0xef,0x7f,0xdf,0x7f,0xdf,0xbf,0xf7,0xbf,0xf7,0x5f,0xd7,0xbf,0xe7,
    0xbf,0xef,0x9f,0xe7,0x7f,0xe7,0x7f,0xe7,0x7f,0xe7,0x7f,0xdf,0x7f,0xdf,0xbf,0xef,
    0xdf,0xf7,0xbf,0xf7,0xbf,0xef,0x9f,0xef,0xbf,0xef,0xbf,0xef,0xbf,0xef,0xbf,0xef,
    0xbf,0xef,0xbf,0xef,0xbf,0xef,0xbf,0xef,0xbf,0xef,0xbf,0xef,0xbf,0xef,0xbf,0xef,
    0xbf,0xef,0xbf,0xef,0xbf,0xef,0xbf,0xef,0xbf,0xef,0xbf,0xef,0xbf,0xef,0xbf,0xef,
    0xbf,0xef,0xbf,0xef,0xbf,0xef,0xbf,0xef,0xbf,0xef,0xbf,0xf7,0xdf,0xf7,0xbf,0xef,
    0x5f,0xd7,0x7f,0xdf,0x7f,0xdf,0x7f,0xdf,0x7f,0xdf,0x7f,0xe7,0xbf,0xef,0x7f,0xdf,
    0x5f,0xdf,0xbf,0xf7,0xbf,0xf7,0x5f,0xd7,0xbf,0xef,0xbf,0xef,0x9f,0xe7,0x7f,0xe7,
    0x7f,0xe7,0x7f,0xdf,0x5f,0xdf,0xdf,0xf7,0xdf,0xf7,0xbf,0xf7,0xbf,0xef,0x9f,0xef,
    0x9f,0xef,0x9f,0xef,0x9f,0xef,0x9f,0xef,0x9f,0xef,0x9f,0xef,0x9f,0xef,0x9f,0xef,
    0x9f,0xef,0x9f,0xef,0x9f,0xef,0x9f,0xef,0x9f,0xef,0x9f,0xef,0x9f,0xef,0x9f,0xef,
    0x9f,0xef,0x9f,0xef,0x9f,0xef,0x9f,0xef,0x9f,0xef,0x9f,0xef,0x9f,0xef,0x9f,0xef,
    0x9f,0xef,0x9f,0xef,0xbf,0xef,0xbf,0xf7,0xdf,0xf7,0xbf,0xef,0x5f,0xd7,0x7f,0xdf,
    0x7f,0xdf,0x7f,0xdf,0x7f,0xe7,0xbf,0xef,0x7f,0xdf,0x5f,0xdf,0xbf,0xf7,0xbf,0xf7,
    0x5f,0xd7,0xbf,0xef,0xbf,0xef,0x9f,0xe7,0x7f,0xe7,0x7f,0xe7,0x7f,0xdf,0x9f,0xe7,
    0xdf,0xf7,0xbf,0xf7,0x9f,0xef,0x9f,0xef,0x7f,0xe7,0x7f,0xe7,0x7f,0xe7,0x7f,0xe7,
    0x7f,0xe7,0x7f,0xe7,0x7f,0xe7,0x9f,0xe7,0x9f,0xe7,0x9f,0xe7,0x9f,0xe7,0x9f,0xef,
    0x9f,0xef,0x9f,0xef,0x9f,0xef,0x9f,0xef,0x9f,0xef,0x9f,0xef,0x9f,0xe7,0x9f,0xe7,
    0x7f,0xe7,0x7f,0xe7,0x7f,0xe7,0x7f,0xe7,0x7f,0xe7,0x7f,0xe7,0x9f,0xe7,0x9f,0xef,
    0xbf,0xef,0xbf,0xf7,0xdf,0xf7,0x7f,0xdf,0x5f,0xdf,0x7f,0xdf,0x7f,0xdf,0x7f,0xe7,
    0xbf,0xef,0x7f,0xdf,0x5f,0xdf,0xbf,0xf7,0xbf,0xf7,0x5f,0xd7,0xbf,0xef,0xbf,0xef,
    0x9f,0xe7,0x7f,0xe7,0x7f,0xdf,0x5f,0xd7,0xdf,0xf7,0xdf,0xf7,0xbf,0xef,0x9f,0xef,
    0x7f,0xe7,0x7f,0xe7,0x7f,0xe7,0x7f,0xe7,0x7f,0xe7,0x7f,0xe7,0x7f,0xe7,0x7f,0xe7,
    0x7f,0xe7,0x7f,0xe7,0x7f,0xe7,0x7f,0xe7,0x7f,0xe7,0x7f,0xe7,0x7f,0xe7,0x7f,0xe7,
    0x7f,0xe7,0x7f,0xe7,0x7f,0xe7,0x7f,0xe7,0x7f,0xe7,0x7f,0xe7,0x7f,0xe7,0x7f,0xe7,
    0x7f,0xe7,0x7f,0xe7,0x7f,0xe7,0x7f,0xe7,0x7f,0xe7,0x9f,0xef,0xbf,0xef,0xbf,0xf7,
    0xbf,0xef,0x3f,0xd7,0x7f,0xdf,0x7f,0xdf,0x7f,0xe7,0xbf,0xef,0x7f,0xdf,0x5f,0xdf,
    0xbf,0xf7,0xbf,0xf7,0x3f,0xd7,0xbf,0xef,0xbf,0xef,0x9f,0xe7,0x7f,0xe7,0x7f,0xdf,
    0x5f,0xd7,0xdf,0xf7,0xbf,0xef,0x9f,0xef,0x7f,0xe7,0x7f,0xe7,0x7f,0xe7,0x7f,0xe7,
    0x5f,0xe7,0x7f,0xe7,0x7f,0xe7,0x7f,0xe7,0x7f,0xe7,0x7f,0xe7,0x7f,0xe7,0x7f,0xe7,
    0x7f,0xe7,0x7f,0xe7,0x7f,0xe7,0x7f,0xe7,0x7f,0xe7,0x7f,0xe7,0x7f,0xe7,0x7f,0xe7,
    0x7f,0xe7,0x7f,0xe7,0x7f,0xe7,0x5f,0xe7,0x7f,0xe7,0x7f,0xe7,0x7f,0xe7,0x5f,0xe7,
    0x7f,0xe7,0x7f,0xe7,0x7f,0xe7,0x9f,0xef,0xbf,0xef,0xbf,0xef,0x3f,0xcf,0x5f,0xdf,
    0x7f,0xdf,0x7f,0xe7,0xbf,0xef,0x7f,0xdf,0x5f,0xdf,0xbf,0xf7,0xbf,0xf7,0x3f,0xd7,
    0xbf,0xef,0xbf,0xef,0x9f,0xe7,0x7f,0xdf,0x5f,0xdf,0x3f,0xcf,0xbf,0xef,0xbf,0xef,
    0x9f,0xe7,0x7f,0xe7,0x7f,0xe7,0x5f,0xe7,0x5f,0xe7,0x5f,0xe7,0x7f,0xe7,0x7f,0xe7,
    0x7f,0xe7,0x7f,0xe7,0x7f,0xe7,0x7f,0xe7,0x7f,0xe7,0x7f,0xe7,0x7f,0xe7,0x7f,0xe7,
    0x7f,0xe7,0x7f,0xe7,0x7f,0xe7,0x7f,0xe7,0x7f,0xe7,0x7f,0xe7,0x7f,0xe7,0x7f,0xe7,
    0x5f,0xdf,0x5f,0xdf,0x5f,0xdf,0x5f,0xdf,0x5f,0xdf,0x5f,0xe7,0x7f,0xe7,0x7f,0xe7,
    0x7f,0xe7,0x9f,0xef,0xbf,0xef,0x3f,0xcf,0x5f,0xdf,0x7f,0xdf,0x7f,0xe7,0xbf,0xef,
    0x7f,0xdf,0x5f,0xdf,0xbf,0xf7,0xbf,0xf7,0x5f,0xd7,0xbf,0xef,0xbf,0xef,0x9f,0xe7,
    0x7f,0xdf,0x5f,0xdf,0x1f,0xcf,0xbf,0xef,0x9f,0xef,0x7f,0xe7,0x7f,0xe7,0x7f,0xe7,
    0x5f,0xe7,0x5f,0xe7,0x7f,0xe7,0x5f,0xe7,0x7f,0xe7,0x7f,0xe7,0x7f,0xe7,0x7f,0xe7,
    0x7f,0xe7,0x7f,0xe7,0x7f,0xe7,0x7f,0xe7,0x7f,0xe7,0x7f,0xe7,0x7f,0xe7,0x7f,0xe7,
    0x7f,0xe7,0x7f,0xe7,0x7f,0xe7,0x7f,0xe7,0x7f,0xe7,0x5f,0xe7,0x5f,0xdf,0x5f,0xdf,
    0x5f,0xdf,0x5f,0xdf,0x5f,0xdf,0x5f,0xe7,0x7f,0xe7,0x7f,0xe7,0x9f,0xef,0xbf,0xef,
    0x1f,0xcf,0x3f,0xd7,0x5f,0xdf,0x7f,0xe7,0xbf,0xef,0x7f,0xe7,0x5f,0xdf,0xbf,0xf7,
    0xbf,0xf7,0x3f,0xd7,0xbf,0xef,0xbf,0xef,0x9f,0xe7,0x7f,0xdf,0x3f,0xd7,0x1f,0xc7,
    0xbf,0xef,0x9f,0xef,0x7f,0xe7,0x7f,0xe7,0x5f,0xe7,0x5f,0xe7,0x5f,0xe7,0x5f,0xe7,
    0x7f,0xe7,0x7f,0xe7,0x7f,0xe7,0x7f,0xe7,0x7f,0xe7,0x7f,0xe7,0x7f,0xe7,0x7f,0xe7,
    0x7f,0xe7,0x7f,0xe7,0x7f,0xe7,0x7f,0xe7,0x7f,0xe7,0x7f,0xe7,0x7f,0xe7,0x7f,0xe7,
    0x7f,0xe7,0x5f,0xe7,0x5f,0xe7,0x5f,0xdf,0x5f,0xdf,0x5f,0xdf,0x5f,0xdf,0x5f,0xdf,
    0x5f,0xe7,0x7f,0xe7,0x7f,0xe7,0x9f,0xef,0xbf,0xef,0x1f,0xcf,0x3f,0xd7,0x5f,0xdf,
    0x7f,0xe7,0xbf,0xef,0x7f,0xe7,0x5f,0xdf,0xbf,0xf7,0xbf,0xf7,0x3f,0xd7,0xbf,0xef,
    0xbf,0xef,0x7f,0xe7,0x5f,0xdf,0x3f,0xd7,0x1f,0xc7,0xbf,0xef,0x9f,0xef,0x7f,0xe7,
    0x7f,0xe7,0x7f,0xe7,0x5f,0xe7,0x5f,0xe7,0x7f,0xe7,0x5f,0xe7,0x7f,0xe7,0x7f,0xe7,
    0x7f,0xe7,0x7f,0xe7,0x7f,0xe7,0x7f,0xe7,0x7f,0xe7,0x7f,0xe7,0x7f,0xe7,0x5f,0xdf,
    0x7f,0xe7,0x7f,0xe7,0x7f,0xe7,0x7f,0xe7,0x7f,0xe7,0x7f,0xe7,0x7f,0xe7,0x5f,0xe7,
    0x5f,0xe7,0x5f,0xdf,0x5f,0xdf,0x5f,0xdf,0x5f,0xdf,0x5f,0xdf,0x7f,0xe7,0x7f,0xe7,
    0x9f,0xef,0xbf,0xef,0x1f,0xc7,0x3f,0xd7,0x5f,0xdf,0x7f,0xe7,0xbf,0xef,0x7f,0xe7,
    0x5f,0xdf,0xbf,0xf7,0xbf,0xf7,0x3f,0xd7,0xbf,0xef,0xbf,0xef,0x7f,0xe7,0x5f,0xdf,
    0x3f,0xd7,0x1f,0xc7,0xbf,0xef,0x9f,0xef,0x7f,0xe7,0x7f,0xe7,0x5f,0xe7,0x5f,0xe7,
    0x5f,0xe7,0x7f,0xe7,0x7f,0xe7,0x7f,0xe7,0x7f,0xe7,0x7f,0xe7,0x7f,0xe7,0x7f,0xe7,
    0x7f,0xe7,0x7f,0xe7,0x7f,0xe7,0x7f,0xdf,0x1e,0x55,0x3f,0xd7,0x7f,0xe7,0x7f,0xe7,
    0x7f,0xe7,0x7f,0xe7,0x7f,0xe7,0x7f,0xe7,0x7f,0xe7,0x7f,0xe7,0x5f,0xe7,0x5f,0xdf,
    0x5f,0xdf,0x5f,0xdf,0x5f,0xdf,0x7f,0xe7,0x7f,0xe7,0x9f,0xef,0xbf,0xef,0x1f,0xcf,
    0x3f,0xd7,0x5f,0xdf,0x7f,0xe7,0xbf,0xef,0x7f,0xdf,0x5f,0xd7,0xbf,0xf7,0xbf,0xf7,
    0x3f,0xd7,0xbf,0xef,0xbf,0xef,0x7f,0xe7,0x5f,0xdf,0x3f,0xd7,0x1f,0xc7,0xbf,0xef,
    0x9f,0xef,0x7f,0xe7,0x7f,0xe7,0x5f,0xe7,0x5f,0xe7,0x5f,0xe7,0x7f,0xe7,0x7f,0xe7,
    0x7f,0xe7,0x7f,0xe7,0x7f,0xe7,0x7f,0xe7,0x7f,0xe7,0x7f,0xe7,0x7f,0xe7,0x9f,0xe7,
    0x5f,0xdf,0xfd,0x4c,0x3f,0xd7,0x7f,0xe7,0x7f,0xe7,0x7f,0xe7,0x7f,0xe7,0x7f,0xe7,
    0x7f,0xe7,0x7f,0xe7,0x7f,0xe7,0x7f,0xe7,0x5f,0xe7,0x5f,0xdf,0x5f,0xdf,0x5f,0xdf,
    0x7f,0xe7,0x7f,0xe7,0x9f,0xef,0xbf,0xef,0x1f,0xcf,0x3f,0xd7,0x5f,0xdf,0x7f,0xe7,
    0xbf,0xef,0x7f,0xdf,0x5f,0xd7,0xbf,0xf7,0xbf,0xf7,0x3f,0xd7,0xbf,0xef,0xbf,0xef,
    0x7f,0xe7,0x5f,0xdf,0x3f,0xd7,0x1f,0xc7,0xbf,0xf7,0x9f,0xef,0x7f,0xe7,0x7f,0xe7,
    0x5f,0xe7,0x5f,0xe7,0x5f,0xe7,0x7f,0xe7,0x7f,0xe7,0x7f,0xe7,0x7f,0xe7,0x7f,0xe7,
    0x7f,0xe7,0x7f,0xe7,0x7f,0xe7,0x7f,0xe7,0x3f,0xd7,0xbe,0xb6,0xfe,0x4c,0x9e,0xae,
    0x3f,0xd7,0x9f,0xe7,0x7f,0xe7,0x7f,0xe7,0x7f,0xe7,0x7f,0xe7,0x7f,0xe7,0x7f,0xe7,
    0x7f,0xe7,0x5f,0xe7,0x5f,0xe7,0x5f,0xdf,0x5f,0xdf,0x7f,0xe7,0x7f,0xe7,0x9f,0xef,
    0xbf,0xf7,0x1f,0xcf,0x1f,0xd7,0x5f,0xdf,0x7f,0xe7,0xbf,0xef,0x7f,0xe7,0x5f,0xd7,
    0xbf,0xf7,0xbf,0xf7,0x3f,0xd7,0xbf,0xef,0xbf,0xef,0x7f,0xe7,0x5f,0xdf,0x3f,0xd7,
    0x1f,0xc7,0xbf,0xf7,0x9f,0xef,0x7f,0xe7,0x7f,0xe7,0x5f,0xdf,0x5f,0xdf,0x5f,0xe7,
    0x7f,0xe7,0x7f,0xe7,0x7f,0xe7,0x7f,0xe7,0x7f,0xe7,0x7f,0xe7,0x7f,0xe7,0x7e,0xae,
    0x7e,0x6d,0xfe,0x54,0x1e,0x5d,0xfe,0x4c,0x1d,0x5d,0xfd,0x4c,0x5e,0x65,0x5e,0xa6,
    0x7f,0xe7,0x7f,0xe7,0x7f,0xe7,0x7f,0xe7,0x7f,0xe7,0x7f,0xe7,0x7f,0xe7,0x5f,0xe7,
    0x5f,0xe7,0x5f,0xdf,0x7f,0xe7,0x7f,0xe7,0x9f,0xef,0xbf,0xf7,0x1f,0xcf,0x3f,0xd7,
    0x5f,0xdf,0x7f,0xe7,0xbf,0xf7,0x7f,0xe7,0x5f,0xdf,0xbf,0xf7,0xbf,0xf7,0x3f,0xd7,
    0xbf,0xef,0xbf,0xef,0x7f,0xe7,0x5f,0xdf,0x1f,0xd7,0xff,0xc6,0xdf,0xf7,0x9f,0xef,
    0x7f,0xe7,0x7f,0xe7,0x5f,0xe7,0x5f,0xe7,0x5f,0xe7,0x7f,0xe7,0x7f,0xe7,0x7f,0xe7,
    0x7f,0xe7,0x7f,0xe7,0x1f,0xd7,0x7e,0x6d,0x3e,0x5d,0x7e,0xa6,0x5f,0xdf,0x7f,0xe7,
    0xfd,0x4c,0x5f,0xdf,0x5f,0xdf,0x7e,0xa6,0x3e,0x65,0x5e,0x65,0x1f,0xcf,0x7f,0xe7,
    0x7f,0xe7,0x7f,0xe7,0x7f,0xe7,0x7f,0xe7,0x7f,0xe7,0x5f,0xe7,0x5f,0xe7,0x7f,0xe7,
    0x7f,0xe7,0x9f,0xef,0xbf,0xf7,0x1f,0xcf,0x1f,0xcf,0x5f,0xdf,0x7f,0xe7,0xdf,0xf7,
    0x7f,0xe7,0x5f,0xdf,0xbf,0xf7,0xbf,0xf7,0x3f,0xd7,0xbf,0xef,0xbf,0xef,0x7f,0xe7,
    0x5f,0xdf,0x3f,0xd7,0x1f,0xcf,0xdf,0xf7,0x9f,0xef,0x7f,0xe7,0x7f,0xe7,0x5f,0xe7,
    0x5f,0xe7,0x7f,0xe7,0x7f,0xe7,0x7f,0xe7,0x7f,0xe7,0x7f,0xe7,0x1f,0xcf,0x1d,0x55,
    0xde,0x85,0x7f,0xe7,0x9f,0xef,0x9f,0xef,0x9f,0xe7,0xfd,0x4c,0x5f,0xdf,0xbf,0xef,
    0x9f,0xef,0x7f,0xe7,0xfe,0x8d,0x1e,0x55,0xff,0xc6,0x7f,0xe7,0x7f,0xe7,0x7f,0xe7,
    0x7f,0xe7,0x7f,0xe7,0x7f,0xe7,0x7f,0xe7,0x7f,0xe7,0x7f,0xe7,0x9f,0xef,0xdf,0xf7,
    0x1f,0xcf,0x1f,0xcf,0x5f,0xdf,0x7f,0xe7,0xdf,0xf7,0x7f,0xe7,0x5f,0xdf,0xbf,0xf7,
    0xbf,0xf7,0x3f,0xd7,0xbf,0xef,0xbf,0xef,0x7f,0xe7,0x5f,0xdf,0x3f,0xd7,0x1f,0xcf,
    0xdf,0xf7,0xbf,0xef,0x7f,0xe7,0x7f,0xe7,0x7f,0xe7,0x7f,0xe7,0x7f,0xe7,0x7f,0xe7,
    0x7f,0xe7,0x7f,0xe7,0x5f,0xdf,0x3e,0x65,0xfe,0x8d,0x9f,0xef,0x9f,0xef,0x9f,0xef,
    0xbf,0xef,0xbf,0xef,0x7e,0xa6,0x9f,0xef,0xbf,0xef,0x9f,0xef,0x9f,0xef,0x9f,0xef,
    0x3e,0x9e,0x3e,0x5d,0x5f,0xdf,0x7f,0xe7,0x7f,0xe7,0x7f,0xe7,0x7f,0xe7,0x7f,0xe7,
    0x7f,0xe7,0x7f,0xe7,0x7f,0xe7,0x9f,0xef,0xdf,0xf7,0x1f,0xcf,0x1f,0xcf,0x5f,0xdf,
    0x7f,0xe7,0xdf,0xf7,0x7f,0xe7,0x7f,0xdf,0xbf,0xf7,0xbf,0xf7,0x3f,0xd7,0xbf,0xef,
    0xbf,0xef,0x9f,0xe7,0x5f,0xdf,0x3f,0xd7,0x1f,0xcf,0xdf,0xf7,0xbf,0xef,0x7f,0xe7,
    0x7f,0xe7,0x7f,0xe7,0x7f,0xe7,0x7f,0xe7,0x7f,0xe7,0x7f,0xe7,0x7f,0xe7,0x1e,0x8e,
    0x9e,0x75,0x9f,0xe7,0x9f,0xef,0x9f,0xef,0x9f,0xef,0xbf,0xef,0xbf,0xef,0x9f,0xef,
    0x9f,0xef,0x9f,0xef,0x9f,0xef,0x9f,0xef,0x9f,0xef,0x7f,0xe7,0xbe,0x7d,0xde,0x85,
    0x7f,0xe7,0x7f,0xe7,0x7f,0xe7,0x7f,0xe7,0x7f,0xe7,0x7f,0xe7,0x7f,0xe7,0x7f,0xe7,
    0x9f,0xef,0xdf,0xf7,0x1f,0xcf,0x1f,0xcf,0x5f,0xdf,0x7f,0xe7,0xdf,0xf7,0x7f,0xe7,
    0x7f,0xdf,0xbf,0xf7,0xbf,0xf7,0x3f,0xd7,0xbf,0xef,0xbf,0xef,0x9f,0xe7,0x5f,0xdf,
    0x3f,0xd7,0x1f,0xcf,0xdf,0xf7,0xbf,0xef,0x9f,0xe7,0x7f,0xe7,0x7f,0xe7,0x7f,0xe7,
    0x7f,0xe7,0x7f,0xe7,0x9f,0xe7,0x3f,0xd7,0xfd,0x4c,0x3f,0xcf,0x9f,0xef,0x9f,0xef,
    0x9f,0xef,0xbf,0xef,0x9f,0xef,0x9f,0xef,0x7f,0xe7,0x9f,0xef,0x9f,0xef,0x9f,0xef,
    0x9f,0xef,0x9f,0xef,0x9f,0xef,0x3f,0xd7,0xfe,0x4c,0x1f,0xcf,0x7f,0xe7,0x7f,0xe7,
    0x7f,0xe7,0x7f,0xe7,0x7f,0xe7,0x7f,0xe7,0x9f,0xe7,0xbf,0xef,0xdf,0xf7,0x1f,0xcf,
    0x3f,0xd7,0x5f,0xdf,0x7f,0xe7,0xdf,0xf7,0x7f,0xe7,0x5f,0xdf,0xbf,0xf7,0xbf,0xf7,
    0x3f,0xd7,0xbf,0xef,0xbf,0xef,0x9f,0xe7,0x5f,0xdf,0x3f,0xd7,0x1f,0xcf,0xdf,0xf7,
    0xbf,0xef,0x9f,0xe7,0x7f,0xe7,0x7f,0xe7,0x7f,0xe7,0x7f,0xe7,0x7f,0xe7,0x9f,0xe7,
    0x5e,0xa6,0x9e,0x6d,0xbf,0xef,0x9f,0xef,0x9f,0xef,0xbf,0xef,0xbf,0xef,0x9e,0xb6,
    0x3e,0x5d,0xdd,0x4c,0x1d,0x5d,0x9e,0xae,0xbf,0xef,0x9f,0xef,0x9f,0xef,0x9f,0xef,
    0x9f,0xef,0x9e,0x75,0x3e,0x96,0x7f,0xe7,0x7f,0xe7,0x7f,0xe7,0x7f,0xe7,0x7f,0xe7,
    0x7f,0xe7,0x9f,0xe7,0xbf,0xef,0xdf,0xf7,0x1f,0xcf,0x3f,0xd7,0x5f,0xdf,0x9f,0xe7,
    0xdf,0xf7,0x7f,0xe7,0x5f,0xdf,0xbf,0xf7,0xbf,0xf7,0x3f,0xd7,0xbf,0xef,0xbf,0xef,
    0x9f,0xe7,0x5f,0xdf,0x3f,0xd7,0x1f,0xcf,0xdf,0xf7,0xbf,0xef,0x9f,0xef,0x7f,0xe7,
    0x7f,0xe7,0x7f,0xe7,0x7f,0xe7,0x7f,0xe7,0x7f,0xe7,0xbe,0x7d,0x5e,0x9e,0x9f,0xef,
    0x9f,0xef,0xbf,0xef,0xbf,0xef,0xff,0xc6,0xdd,0x4c,0x9e,0xae,0x3f,0xd7,0x9e,0xb6,
    0xfd,0x54,0xdf,0xbe,0x9f,0xef,0x9f,0xef,0x9f,0xef,0x9f,0xef,0x7e,0xa6,0x7e,0x6d,
    0x7f,0xe7,0x7f,0xe7,0x7f,0xe7,0x7f,0xe7,0x7f,0xe7,0x7f,0xe7,0x9f,0xe7,0xbf,0xef,
    0xdf,0xf7,0x1f,0xcf,0x3f,0xcf,0x5f,0xdf,0x9f,0xe7,0xdf,0xf7,0x7f,0xe7,0x5f,0xdf,
    0xbf,0xf7,0xbf,0xf7,0x3f,0xd7,0xbf,0xef,0xbf,0xef,0x9f,0xe7,0x5f,0xdf,0x3f,0xd7,
    0x1f,0xcf,0xdf,0xf7,0xbf,0xef,0x9f,0xef,0x7f,0xe7,0x7f,0xe7,0x7f,0xe7,0x5f,0xdf,
    0xff,0xce,0x1f,0xcf,0x3e,0x5d,0x7e,0xa6,0x1f,0xcf,0x5f,0xdf,0xbf,0xef,0xbf,0xef,
    0xbe,0x7d,0x5e,0x9e,0xbf,0xef,0xbf,0xef,0xbf,0xef,0x5e,0xa6,0x9e,0x75,0x9f,0xef,
    0x9f,0xef,0x5f,0xdf,0xff,0xc6,0x7e,0xae,0x1d,0x55,0xff,0xce,0xff,0xce,0x5f,0xdf,
    0x7f,0xe7,0x7f,0xe7,0x7f,0xe7,0x9f,0xef,0xbf,0xef,0xdf,0xf7,0x1f,0xcf,0x1f,0xcf,
    0x5f,0xdf,0x9f,0xe7,0xdf,0xf7,0x7f,0xdf,0x5f,0xdf,0xbf,0xf7,0xbf,0xf7,0x3f,0xd7,
    0xbf,0xef,0xbf,0xef,0x9f,0xe7,0x5f,0xdf,0x3f,0xd7,0x1f,0xcf,0xdf,0xf7,0xbf,0xef,
    0x9f,0xef,0x7f,0xe7,0x7f,0xe7,0x7f,0xe7,0x5e,0xa6,0xfd,0x54,0xfe,0x54,0xfd,0x4c,
    0xfd,0x54,0xfd,0x4c,0x5e,0x6d,0xbf,0xef,0xbf,0xef,0x5e,0x65,0xdf,0xbe,0xbf,0xef,
    0xbf,0xef,0xbf,0xef,0xdf,0xbe,0x3e,0x65,0xbf,0xef,0xbf,0xef,0x7e,0x75,0xdd,0x4c,
    0xfd,0x54,0xdd,0x4c,0xfd,0x54,0xfd,0x54,0x3e,0x96,0x7f,0xe7,0x7f,0xe7,0x7f,0xe7,
    0x9f,0xe7,0xbf,0xef,0xdf,0xf7,0x1f,0xcf,0x1f,0xcf,0x5f,0xdf,0x9f,0xe7,0xdf,0xf7,
    0x7f,0xdf,0x5f,0xdf,0xbf,0xf7,0xbf,0xf7,0x3f,0xd7,0xbf,0xef,0xbf,0xef,0x9f,0xe7,
    0x5f,0xdf,0x3f,0xd7,0x1f,0xcf,0xdf,0xf7,0xbf,0xef,0x9f,0xef,0x7f,0xe7,0x7f,0xe7,
    0x7f,0xe7,0x7f,0xe7,0x7f,0xe7,0x7f,0xe7,0x5e,0x65,0xdf,0xbe,0x9f,0xef,0xbf,0xef,
    0xbf,0xef,0xbf,0xef,0xfe,0x85,0xfe,0x8d,0xbf,0xef,0xbf,0xef,0xbf,0xf7,0xfe,0x8d,
    0xde,0x85,0xbf,0xef,0xbf,0xef,0xbf,0xef,0x9f,0xef,0xdf,0xbe,0x3e,0x5d,0x7f,0xe7,
    0x7f,0xe7,0x7f,0xe7,0x7f,0xe7,0x7f,0xe7,0x7f,0xe7,0x9f,0xe7,0xbf,0xef,0xdf,0xf7,
    0x1f,0xcf,0x1f,0xcf,0x5f,0xdf,0x7f,0xe7,0xbf,0xf7,0x7f,0xe7,0x5f,0xdf,0xbf,0xf7,
    0xbf,0xf7,0x3f,0xd7,0xbf,0xef,0xbf,0xef,0x9f,0xe7,0x5f,0xdf,0x3f,0xd7,0x1f,0xcf,
    0xdf,0xf7,0xbf,0xef,0x9f,0xef,0x7f,0xe7,0x7f,0xe7,0x7f,0xe7,0x7f,0xe7,0x7f,0xe7,
    0x7f,0xe7,0xde,0x85,0x3e,0x9e,0xbf,0xef,0xbf,0xef,0xbf,0xef,0xbf,0xef,0x5f,0xdf,
    0xfd,0x54,0xde,0x85,0x9e,0xae,0xfe,0x8d,0xdd,0x4c,0x3f,0xd7,0xbf,0xef,0x9f,0xef,
    0x9f,0xef,0x9f,0xef,0x3e,0x9e,0xbe,0x7d,0x7f,0xe7,0x7f,0xe7,0x7f,0xe7,0x7f,0xe7,
    0x7f,0xe7,0x7f,0xe7,0x9f,0xe7,0xbf,0xef,0xdf,0xf7,0x1f,0xcf,0x1f,0xcf,0x5f,0xdf,
    0x7f,0xe7,0xbf,0xf7,0x7f,0xe7,0x5f,0xdf,0xbf,0xf7,0xbf,0xf7,0x3f,0xd7,0xbf,0xef,
    0xbf,0xef,0x9f,0xe7,0x5f,0xdf,0x3f,0xd7,0x1f,0xcf,0xdf,0xf7,0xbf,0xef,0x9f,0xe7,
    0x7f,0xe7,0x7f,0xe7,0x7f,0xe7,0x7f,0xe7,0x7f,0xe7,0x7f,0xe7,0x9e,0xae,0x3e,0x5d,
    0xbf,0xef,0xbf,0xef,0xbf,0xef,0xbf,0xef,0xbf,0xef,0x3f,0xd7,0xfe,0x8d,0x5d,0x65,
    0xfe,0x8d,0x3f,0xd7,0xbf,0xef,0x9f,0xef,0x9f,0xef,0x9f,0xef,0x9f,0xef,0x5e,0x65,
    0x7e,0xa6,0x7f,0xe7,0x7f,0xe7,0x7f,0xe7,0x7f,0xe7,0x7f,0xe7,0x7f,0xe7,0x9f,0xe7,
    0xbf,0xef,0xdf,0xf7,0x1f,0xcf,0x1f,0xcf,0x5f,0xdf,0x7f,0xe7,0xbf,0xf7,0x7f,0xdf,
    0x5f,0xdf,0xbf,0xf7,0xbf,0xf7,0x3f,0xd7,0xbf,0xef,0xbf,0xef,0x9f,0xe7,0x5f,0xdf,
    0x3f,0xd7,0x1f,0xcf,0xdf,0xf7,0xbf,0xef,0x7f,0xe7,0x7f,0xe7,0x7f,0xe7,0x7f,0xe7,
    0x7f,0xe7,0x7f,0xe7,0x7f,0xe7,0x5f,0xdf,0x1e,0x55,0xdf,0xbe,0xbf,0xef,0x9f,0xef,
    0x9f,0xef,0xbf,0xef,0xbf,0xef,0x9f,0xef,0x9f,0xef,0x9f,0xef,0xbf,0xef,0x9f,0xef,
    0x9f,0xef,0x9f,0xef,0x9f,0xe7,0xde,0xbe,0xfd,0x54,0x5f,0xdf,0x7f,0xe7,0x7f,0xe7,
    0x7f,0xe7,0x7f,0xe7,0x7f,0xe7,0x7f,0xe7,0x9f,0xe7,0xbf,0xef,0xdf,0xf7,0x1f,0xcf,
    0x1f,0xcf,0x5f,0xdf,0x7f,0xe7,0xbf,0xf7,0x7f,0xdf,0x5f,0xdf,0xbf,0xf7,0xbf,0xf7,
    0x3f,0xd7,0xbf,0xef,0xbf,0xef,0x7f,0xe7,0x5f,0xdf,0x3f,0xd7,0x1f,0xcf,0xdf,0xf7,
    0x9f,0xef,0x7f,0xe7,0x7f,0xe7,0x5f,0xe7,0x7f,0xe7,0x7f,0xe7,0x7f,0xe7,0x7f,0xe7,
    0x7f,0xe7,0x5e,0xa6,0x5e,0x65,0x7f,0xdf,0x9f,0xef,0x9f,0xef,0x9f,0xef,0x9f,0xef,
    0xbf,0xef,0x9f,0xef,0x9f,0xef,0x9f,0xef,0x9f,0xef,0x9f,0xef,0x9f,0xef,0x5f,0xdf,
    0x5e,0x65,0x3e,0x96,0x7f,0xe7,0x7f,0xe7,0x7f,0xe7,0x7f,0xe7,0x7f,0xe7,0x7f,0xe7,
    0x7f,0xe7,0x7f,0xe7,0xbf,0xef,0xdf,0xf7,0x1f,0xcf,0x1f,0xcf,0x5f,0xdf,0x7f,0xe7,
    0xbf,0xef,0x7f,0xe7,0x5f,0xdf,0xbf,0xf7,0xbf,0xf7,0x3f,0xd7,0xbf,0xef,0xbf,0xef,
    0x7f,0xe7,0x5f,0xdf,0x3f,0xd7,0x1f,0xcf,0xdf,0xf7,0x9f,0xef,0x7f,0xe7,0x7f,0xe7,
    0x5f,0xe7,0x5f,0xe7,0x7f,0xe7,0x7f,0xe7,0x7f,0xe7,0x7f,0xe7,0x7f,0xe7,0xbe,0x7d,
    0x9e,0x75,0x7f,0xe7,0x9f,0xef,0x9f,0xef,0x9f,0xef,0x9f,0xe7,0xbe,0x7d,0x7f,0xe7,
    0x9f,0xef,0x9f,0xef,0x9f,0xef,0x7f,0xe7,0x9e,0x7d,0x7e,0x6d,0x7f,0xe7,0x7f,0xe7,
    0x7f,0xe7,0x7f,0xe7,0x7f,0xe7,0x7f,0xe7,0x7f,0xe7,0x7f,0xe7,0x7f,0xe7,0x9f,0xef,
    0xdf,0xf7,0x1f,0xcf,0x1f,0xcf,0x5f,0xdf,0x7f,0xdf,0xbf,0xef,0x7f,0xe7,0x5f,0xdf,
    0xbf,0xf7,0xbf,0xf7,0x3f,0xd7,0xbf,0xef,0xbf,0xef,0x7f,0xe7,0x5f,0xdf,0x1f,0xd7,
    0xff,0xce,0xdf,0xf7,0x9f,0xef,0x7f,0xe7,0x5f,0xe7,0x5f,0xdf,0x5f,0xe7,0x7f,0xe7,
    0x7f,0xe7,0x7f,0xe7,0x7f,0xe7,0x7f,0xe7,0x5f,0xdf,0x7e,0x6d,0x7e,0x6d,0x3f,0xd7,
    0x9f,0xef,0x9f,0xef,0x7f,0xe7,0xfd,0x4c,0x3f,0xd7,0x9f,0xef,0x9f,0xe7,0x3f,0xd7,
    0x9e,0x75,0x5e,0x65,0x5f,0xd7,0x7f,0xe7,0x7f,0xe7,0x7f,0xe7,0x5f,0xe7,0x5f,0xe7,
    0x5f,0xe7,0x5f,0xe7,0x7f,0xe7,0x7f,0xe7,0x9f,0xef,0xdf,0xf7,0x1f,0xcf,0x1f,0xcf,
    0x5f,0xdf,0x7f,0xdf,0xbf,0xef,0x7f,0xe7,0x7f,0xdf,0xbf,0xf7,0xbf,0xf7,0x3f,0xd7,
    0xbf,0xef,0xbf,0xef,0x7f,0xe7,0x5f,0xdf,0x1f,0xd7,0xff,0xce,0xdf,0xf7,0x9f,0xef,
    0x7f,0xe7,0x5f,0xe7,0x5e,0xdf,0x5f,0xdf,0x5f,0xe7,0x7f,0xe7,0x7f,0xe7,0x7f,0xe7,
    0x7f,0xe7,0x7f,0xe7,0x5f,0xdf,0xfe,0x8d,0xfd,0x4c,0xde,0x85,0xde,0xbe,0x3f,0xd7,
    0xfe,0x4c,0x1f,0xc7,0xde,0xbe,0xfe,0x8d,0xfd,0x54,0xde,0x85,0x5f,0xdf,0x7f,0xe7,
    0x7f,0xe7,0x7f,0xe7,0x7f,0xe7,0x5f,0xe7,0x5f,0xdf,0x5f,0xdf,0x5f,0xdf,0x7f,0xe7,
    0x7f,0xe7,0x9f,0xef,0xdf,0xf7,0x1f,0xcf,0x1f,0xcf,0x5f,0xd7,0x7f,0xdf,0xbf,0xef,
    0x7f,0xe7,0x5f,0xdf,0xbf,0xf7,0xbf,0xf7,0x3f,0xd7,0xbf,0xef,0xbf,0xef,0x7f,0xe7,
    0x5f,0xdf,0x1f,0xcf,0x1f,0xcf,0xdf,0xf7,0x9f,0xef,0x7f,0xe7,0x5f,0xe7,0x5e,0xdf,
    0x5f,0xdf,0x5f,0xdf,0x5f,0xe7,0x7f,0xe7,0x7f,0xe7,0x7f,0xe7,0x7f,0xe7,0x7f,0xe7,
    0x7f,0xe7,0xff,0xc6,0xde,0x85,0x1d,0x5d,0xdd,0x4c,0xfd,0x4c,0xfd,0x54,0x1d,0x5d,
    0xde,0x85,0xfe,0xc6,0x7f,0xe7,0x7f,0xe7,0x7f,0xe7,0x7f,0xe7,0x7f,0xe7,0x5f,0xe7,
    0x5f,0xe7,0x5f,0xdf,0x5f,0xdf,0x5f,0xdf,0x5f,0xe7,0x7f,0xe7,0x9f,0xef,0xdf,0xf7,
    0x1f,0xcf,0x1f,0xcf,0x5f,0xd7,0x7f,0xdf,0xbf,0xef,0x7f,0xe7,0x5f,0xdf,0xbf,0xf7,
    0xbf,0xf7,0x3f,0xd7,0xbf,0xef,0xbf,0xef,0x7f,0xe7,0x5f,0xdf,0x1f,0xcf,0xff,0xc6,
    0xbf,0xf7,0x9f,0xef,0x5f,0xe7,0x5e,0xdf,0x5e,0xdf,0x5e,0xdf,0x5f,0xdf,0x5f,0xdf,
    0x5f,0xe7,0x5f,0xe7,0x7f,0xe7,0x7f,0xe7,0x7f,0xe7,0x7f,0xe7,0x7f,0xe7,0x7f,0xe7,
    0x7f,0xe7,0x1f,0xd7,0xfd,0x4c,0xfe,0xc6,0x7f,0xe7,0x7f,0xe7,0x7f,0xe7,0x7f,0xe7,
    0x7f,0xe7,0x7f,0xe7,0x7f,0xe7,0x5f,0xe7,0x5f,0xdf,0x5f,0xdf,0x5f,0xdf,0x5f,0xdf,
    0x5f,0xdf,0x5f,0xe7,0x7f,0xe7,0x9f,0xef,0xbf,0xf7,0x1f,0xcf,0x1f,0xcf,0x5f,0xd7,
    0x7f,0xdf,0xbf,0xef,0x7f,0xe7,0x7f,0xdf,0xbf,0xf7,0xbf,0xf7,0x3f,0xd7,0xbf,0xef,
    0xbf,0xef,0x7f,0xe7,0x5f,0xdf,0x1f,0xcf,0xff,0xc6,0xbf,0xf7,0x9f,0xef,0x5f,0xe7,
    0x5e,0xdf,0x5e,0xdf,0x5e,0xdf,0x5e,0xdf,0x5f,0xdf,0x5f,0xdf,0x5f,0xdf,0x5f,0xe7,
    0x7f,0xe7,0x7f,0xe7,0x7f,0xe7,0x7f,0xe7,0x7f,0xe7,0x7f,0xe7,0x5f,0xdf,0xfd,0x4c,
    0x1f,0xcf,0x7f,0xe7,0x7f,0xe7,0x7f,0xe7,0x7f,0xe7,0x7f,0xe7,0x7f,0xe7,0x5f,0xe7,
    0x5f,0xdf,0x5f,0xdf,0x5f,0xdf,0x5f,0xdf,0x5f,0xdf,0x5f,0xdf,0x5f,0xe7,0x7f,0xe7,
    0x9f,0xef,0xbf,0xf7,0x1f,0xcf,0x1e,0xcf,0x5f,0xd7,0x7f,0xdf,0xbf,0xef,0x7f,0xe7,
    0x5f,0xdf,0xbf,0xf7,0xbf,0xf7,0x3f,0xd7,0xbf,0xef,0xbf,0xef,0x7f,0xe7,0x5f,0xdf,
    0x1f,0xcf,0xff,0xc6,0xbf,0xf7,0x9f,0xef,0x5f,0xe7,0x5f,0xdf,0x5e,0xdf,0x5e,0xdf,
    0x5e,0xdf,0x5e,0xdf,0x5f,0xdf,0x5f,0xdf,0x5f,0xe7,0x5f,0xe7,0x7f,0xe7,0x7f,0xe7,
    0x7f,0xe7,0x7f,0xe7,0x7f,0xe7,0x7f,0xe7,0x5e,0x65,0x5f,0xd7,0x7f,0xe7,0x7f,0xe7,
    0x7f,0xe7,0x7f,0xe7,0x7f,0xe7,0x5f,0xe7,0x5f,0xdf,0x5f,0xdf,0x5e,0xdf,0x5e,0xdf,
    0x5f,0xdf,0x5e,0xdf,0x5e,0xdf,0x5f,0xe7,0x7f,0xe7,0x9f,0xef,0xbf,0xf7,0x1f,0xcf,
    0x1f,0xcf,0x5f,0xdf,0x7f,0xdf,0xbf,0xef,0x7f,0xe7,0x5f,0xdf,0xbf,0xf7,0xbf,0xf7,
    0x3f,0xd7,0xbf,0xef,0xbf,0xef,0x7f,0xe7,0x5f,0xdf,0x1f,0xcf,0xff,0xc6,0xbf,0xf7,
    0x9f,0xef,0x7f,0xe7,0x5f,0xdf,0x5e,0xdf,0x5e,0xdf,0x5e,0xdf,0x5e,0xdf,0x5e,0xdf,
    0x5e,0xdf,0x5f,0xdf,0x5f,0xe7,0x7f,0xe7,0x7f,0xe7,0x7f,0xe7,0x7f,0xe7,0x7f,0xe7,
    0x7f,0xe7,0x7f,0xe7,0x7f,0xe7,0x7f,0xe7,0x7f,0xe7,0x7f,0xe7,0x5f,0xe7,0x5f,0xe7,
    0x5f,0xdf,0x5f,0xdf,0x5e,0xdf,0x5e,0xdf,0x5e,0xdf,0x5e,0xdf,0x5e,0xdf,0x5e,0xdf,
    0x5f,0xe7,0x7f,0xe7,0x9f,0xef,0xbf,0xf7,0x1f,0xcf,0x1f,0xd7,0x5f,0xdf,0x7f,0xe7,
    0xbf,0xef,0x7f,0xe7,0x5f,0xdf,0xbf,0xf7,0xbf,0xf7,0x3f,0xd7,0xbf,0xef,0xbf,0xef,
    0x7f,0xe7,0x5f,0xdf,0x1f,0xd7,0xff,0xc6,0xbf,0xf7,0x9f,0xef,0x7f,0xe7,0x5f,0xdf,
    0x5e,0xdf,0x5e,0xdf,0x5e,0xdf,0x5e,0xdf,0x5f,0xdf,0x5e,0xdf,0x5e,0xdf,0x5f,0xdf,
    0x5f,0xe7,0x5f,0xe7,0x7f,0xe7,0x7f,0xe7,0x7f,0xe7,0x7f,0xe7,0x7f,0xe7,0x7f,0xe7,
    0x7f,0xe7,0x7f,0xe7,0x5f,0xe7,0x5f,0xe7,0x5e,0xdf,0x5e,0xdf,0x5e,0xdf,0x5f,0xdf,
    0x5e,0xdf,0x5e,0xdf,0x5e,0xdf,0x5e,0xdf,0x5f,0xdf,0x5f,0xe7,0x7f,0xe7,0x9f,0xef,
    0xbf,0xf7,0x1f,0xcf,0x3f,0xd7,0x5f,0xdf,0x7f,0xe7,0xbf,0xef,0x7f,0xe7,0x7f,0xdf,
    0xbf,0xf7,0xbf,0xf7,0x3f,0xd7,0xbf,0xef,0xbf,0xef,0x7f,0xe7,0x5f,0xdf,0x3f,0xd7,
    0x1f,0xcf,0xdf,0xf7,0x9f,0xef,0x7f,0xe7,0x5e,0xdf,0x5e,0xdf,0x5e,0xdf,0x5e,0xdf,
    0x5e,0xdf,0x5e,0xdf,0x5f,0xdf,0x5e,0xdf,0x5f,0xdf,0x5f,0xdf,0x5f,0xe7,0x5f,0xe7,
    0x7f,0xe7,0x7f,0xe7,0x7f,0xe7,0x7f,0xe7,0x5f,0xe7,0x5f,0xe7,0x5f,0xe7,0x5f,0xdf,
    0x5e,0xdf,0x5e,0xdf,0x5f,0xdf,0x5e,0xdf,0x5e,0xdf,0x5e,0xdf,0x5e,0xdf,0x5e,0xdf,
    0x5e,0xdf,0x5f,0xdf,0x7f,0xe7,0x7f,0xe7,0x9f,0xef,0xdf,0xf7,0x1f,0xcf,0x3f,0xd7,
    0x5f,0xdf,0x7f,0xe7,0xbf,0xef,0x7f,0xe7,0x5f,0xdf,0xbf,0xf7,0xbf,0xf7,0x3f,0xd7,
    0xbf,0xef,0xbf,0xef,0x7f,0xe7,0x5f,0xdf,0x3f,0xd7,0x1f,0xcf,0xdf,0xf7,0x9f,0xef,
    0x7f,0xe7,0x5f,0xe7,0x5e,0xdf,0x5e,0xdf,0x5e,0xdf,0x5e,0xdf,0x5e,0xdf,0x5e,0xdf,
    0x5e,0xdf,0x5f,0xdf,0x5f,0xdf,0x5f,0xdf,0x5f,0xdf,0x5f,0xdf,0x5f,0xdf,0x5f,0xdf,
    0x5f,0xdf,0x5f,0xdf,0x5f,0xdf,0x5f,0xdf,0x5f,0xdf,0x5f,0xdf,0x5f,0xdf,0x5f,0xdf,
    0x5e,0xdf,0x5f,0xdf,0x5e,0xdf,0x5e,0xdf,0x5e,0xdf,0x5e,0xdf,0x5f,0xe7,0x7f,0xe7,
    0x9f,0xe7,0xbf,0xef,0xdf,0xf7,0x1f,0xcf,0x3f,0xd7,0x5f,0xdf,0x7f,0xe7,0xbf,0xef,
    0x7f,0xe7,0x5f,0xdf,0xbf,0xf7,0xbf,0xf7,0x3f,0xd7,0xbf,0xef,0xbf,0xef,0x7f,0xe7,
    0x5f,0xdf,0x3f,0xd7,0x1f,0xc7,0xdf,0xf7,0xbf,0xef,0x7f,0xe7,0x7f,0xe7,0x5f,0xdf,
    0x5e,0xdf,0x5e,0xdf,0x5e,0xdf,0x5e,0xdf,0x5e,0xdf,0x5e,0xdf,0x5f,0xdf,0x5f,0xdf,
    0x5f,0xdf,0x5f,0xdf,0x5f,0xdf,0x5f,0xdf,0x5f,0xdf,0x5f,0xdf,0x5f,0xdf,0x5f,0xdf,
    0x5f,0xdf,0x5f,0xdf,0x5f,0xdf,0x5f,0xdf,0x5e,0xdf,0x5f,0xdf,0x5e,0xdf,0x5e,0xdf,
    0x5e,0xdf,0x5f,0xdf,0x5f,0xdf,0x7f,0xe7,0x7f,0xe7,0x9f,0xef,0xbf,0xef,0xdf,0xf7,
    0xff,0xc6,0x3f,0xd7,0x5f,0xdf,0x7f,0xe7,0xbf,0xef,0x7f,0xe7,0x5f,0xdf,0xbf,0xf7,
    0xbf,0xf7,0x3f,0xd7,0xbf,0xef,0xbf,0xef,0x9f,0xe7,0x7f,0xdf,0x5f,0xd7,0x1f,0xcf,
    0x9f,0xe7,0xdf,0xf7,0x9f,0xef,0x7f,0xe7,0x7f,0xe7,0x5f,0xdf,0x5e,0xdf,0x5f,0xdf,
    0x5f,0xdf,0x5f,0xdf,0x5f,0xdf,0x5f,0xdf,0x5f,0xdf,0x5f,0xdf,0x5f,0xdf,0x5f,0xdf,
    0x5f,0xe7,0x5f,0xe7,0x5f,0xe7,0x5f,0xe7,0x5f,0xe7,0x5f,0xe7,0x5f,0xdf,0x5f,0xdf,
    0x5f,0xdf,0x5f,0xdf,0x5f,0xdf,0x5f,0xdf,0x5f,0xdf,0x5f,0xdf,0x5f,0xdf,0x7f,0xe7,
    0x7f,0xe7,0x9f,0xe7,0xbf,0xef,0xdf,0xf7,0x7f,0xdf,0x1f,0xcf,0x3f,0xd7,0x5f,0xdf,
    0x7f,0xe7,0xbf,0xef,0x7f,0xe7,0x5f,0xdf,0xbf,0xf7,0xbf,0xf7,0x3f,0xd7,0xbf,0xef,
    0xbf,0xef,0x9f,0xe7,0x7f,0xdf,0x5f,0xdf,0x3f,0xd7,0x1f,0xc7,0xdf,0xf7,0xdf,0xf7,
    0x9f,0xef,0x9f,0xe7,0x7f,0xe7,0x7f,0xe7,0x7f,0xe7,0x7f,0xe7,0x7f,0xe7,0x7f,0xe7,
    0x7f,0xe7,0x7f,0xe7,0x7f,0xe7,0x7f,0xe7,0x7f,0xe7,0x7f,0xe7,0x7f,0xe7,0x7f,0xe7,
    0x7f,0xe7,0x7f,0xe7,0x7f,0xe7,0x7f,0xe7,0x7f,0xe7,0x7f,0xe7,0x7f,0xe7,0x7f,0xe7,
    0x7f,0xe7,0x7f,0xe7,0x7f,0xe7,0x7f,0xe7,0x7f,0xe7,0x9f,0xef,0xbf,0xef,0xdf,0xf7,
    0xbf,0xef,0xff,0xc6,0x1f,0xd7,0x5f,0xd7,0x7f,0xdf,0x7f,0xe7,0xbf,0xef,0x7f,0xe7,
    0x5f,0xdf,0xbf,0xf7,0xbf,0xf7,0x3f,0xd7,0xbf,0xef,0xbf,0xef,0x9f,0xe7,0x7f,0xe7,
    0x5f,0xdf,0x3f,0xd7,0x1f,0xcf,0x1f,0xc7,0xbf,0xef,0xdf,0xf7,0xbf,0xef,0x9f,0xef,
    0x9f,0xe7,0x9f,0xe7,0x9f,0xe7,0x9f,0xe7,0x9f,0xe7,0x9f,0xe7,0x9f,0xe7,0x9f,0xe7,
    0x9f,0xe7,0x9f,0xe7,0x9f,0xef,0x9f,0xef,0x9f,0xef,0x9f,0xef,0x9f,0xef,0x9f,0xef,
    0x9f,0xef,0x9f,0xe7,0x9f,0xe7,0x9f,0xe7,0x9f,0xe7,0x9f,0xe7,0x9f,0xe7,0x9f,0xe7,
    0x9f,0xef,0x9f,0xef,0xbf,0xef,0xdf,0xf7,0xbf,0xef,0x1f,0xc7,0x3f,0xcf,0x3f,0xd7,
    0x5f,0xdf,0x7f,0xdf,0x7f,0xe7,0xbf,0xef,0x7f,0xe7,0x5f,0xdf,0xbf,0xf7,0xbf,0xf7,
    0x3f,0xd7,0xbf,0xef,0xbf,0xef,0x9f,0xe7,0x7f,0xe7,0x7f,0xdf,0x5f,0xdf,0x3f,0xd7,
    0x1e,0xcf,0xff,0xc6,0x5f,0xd7,0x9f,0xe7,0xbf,0xef,0xbf,0xef,0xbf,0xef,0xbf,0xef,
    0xbf,0xef,0xbf,0xef,0xbf,0xef,0xbf,0xef,0xbf,0xef,0xbf,0xef,0xbf,0xef,0xbf,0xef,
    0xbf,0xef,0xbf,0xef,0xbf,0xef,0xbf,0xef,0xbf,0xef,0xbf,0xef,0xbf,0xef,0xbf,0xef,
    0xbf,0xef,0xbf,0xef,0xbf,0xef,0xbf,0xef,0xbf,0xef,0xbf,0xef,0xbf,0xef,0x9f,0xe7,
    0x7f,0xd7,0x3f,0xc7,0x1f,0xcf,0x3f,0xd7,0x3f,0xd7,0x5f,0xdf,0x7f,0xdf,0x9f,0xe7,
    0xbf,0xf7,0x7f,0xe7,0x5f,0xdf,0xbf,0xf7,0xbf,0xf7,0x3f,0xd7,0xbf,0xef,0xbf,0xef,
    0x9f,0xe7,0x7f,0xe7,0x7f,0xdf,0x5f,0xdf,0x3f,0xd7,0x1e,0xcf,0xfe,0xc6,0xde,0xc6,
    0xff,0xbe,0xff,0xbe,0x1f,0xc7,0x1f,0xc7,0x1f,0xc7,0x1f,0xc7,0x1f,0xc7,0x1f,0xc7,
    0x1f,0xc7,0x3f,0xcf,0x3f,0xcf,0x3f,0xcf,0x5f,0xcf,0x5f,0xd7,0x5f,0xd7,0x5f,0xd7,
    0x5f,0xd7,0x5f,0xd7,0x5f,0xd7,0x5f,0xd7,0x5f,0xcf,0x3f,0xcf,0x3f,0xcf,0x3f,0xcf,
    0x3f,0xcf,0x3f,0xc7,0x1f,0xc7,0x1f,0xc7,0xff,0xc6,0xfe,0xc6,0xfe,0xce,0x1e,0xcf,
    0x3f,0xd7,0x5f,0xdf,0x5f,0xdf,0x7f,0xdf,0x9f,0xe7,0xdf,0xf7,0x7f,0xe7,0x5f,0xdf,
    0xbf,0xf7,0xbf,0xf7,0x3f,0xd7,0xbf,0xef,0xbf,0xef,0x9f,0xe7,0x7f,0xe7,0x7f,0xdf,
    0x5f,0xdf,0x3f,0xd7,0x1e,0xd7,0xfe,0xce,0xfe,0xc6,0xde,0xbe,0xbe,0xbe,0xbe,0xbe,
    0xbe,0xbe,0xbe,0xbe,0x9e,0xbe,0x9e,0xbe,0x9e,0xbe,0x9e,0xbe,0xbe,0xbe,0xbe,0xbe,
    0x9e,0xbe,0x9e,0xbe,0x9e,0xb6,0x9e,0xbe,0x9e,0xb6,0x9e,0xb6,0x9e,0xbe,0x9e,0xbe,
    0x9e,0xbe,0x9e,0xb6,0x9e,0xbe,0x9e,0xbe,0xbe,0xbe,0xbe,0xbe,0xbe,0xbe,0xbe,0xbe,
    0xbe,0xbe,0xbe,0xbe,0xde,0xc6,0xfe,0xce,0x1f,0xd7,0x3f,0xd7,0x5f,0xdf,0x7f,0xdf,
    0x7f,0xdf,0x9f,0xe7,0xdf,0xf7,0x7f,0xdf,0x5f,0xdf,0xbf,0xf7,0xbf,0xf7,0x5f,0xd7,
    0xbf,0xef,0xbf,0xef,0x9f,0xe7,0x7f,0xe7,0x7f,0xe7,0x7f,0xdf,0x5f,0xdf,0x3f,0xd7,
    0x1e,0xd7,0x1e,0xcf,0xfe,0xc6,0xde,0xc6,0xbe,0xbe,0xbe,0xbe,0xbe,0xbe,0xbe,0xbe,
    0xbe,0xbe,0xbe,0xbe,0xbe,0xbe,0xbe,0xbe,0xbe,0xbe,0xbe,0xbe,0xbe,0xbe,0xbe,0xbe,
    0xbe,0xbe,0xbe,0xbe,0xbe,0xbe,0xbe,0xbe,0xbe,0xbe,0xbe,0xbe,0xbe,0xbe,0xbe,0xbe,
    0xbe,0xbe,0xbe,0xbe,0xbe,0xbe,0xbe,0xbe,0xbe,0xbe,0xde,0xc6,0xde,0xc6,0xfe,0xce,
    0x1e,0xcf,0x3f,0xd7,0x5f,0xdf,0x5f,0xdf,0x7f,0xdf,0x7f,0xdf,0x9f,0xe7,0xdf,0xf7,
    0x7f,0xdf,0x5f,0xdf,0xbf,0xf7,0xbf,0xf7,0x5f,0xd7,0xbf,0xef,0xbf,0xef,0x9f,0xe7,
    0x7f,0xe7,0x7f,0xe7,0x7f,0xe7,0x7f,0xdf,0x5f,0xdf,0x5f,0xd7,0x3f,0xd7,0x1e,0xd7,
    0x1e,0xcf,0xfe,0xce,0xfe,0xce,0xfe,0xce,0xfe,0xce,0xfe,0xce,0xfe,0xce,0xfe,0xce,
    0xfe,0xce,0xfe,0xce,0xfe,0xc6,0xfe,0xc6,0xfe,0xc6,0xfe,0xc6,0xfe,0xc6,0xfe,0xc6,
    0xfe,0xc6,0xfe,0xc6,0xfe,0xc6,0xfe,0xc6,0xfe,0xc6,0xfe,0xc6,0xfe,0xc6,0xfe,0xce,
    0xfe,0xce,0xfe,0xce,0xfe,0xce,0x1e,0xcf,0x3f,0xd7,0x3f,0xd7,0x5f,0xdf,0x5f,0xdf,
    0x7f,0xdf,0x7f,0xdf,0x7f,0xdf,0x9f,0xe7,0xbf,0xf7,0x7f,0xe7,0x5f,0xd7,0xbf,0xf7,
    0xbf,0xf7,0x5f,0xd7,0xbf,0xef,0xbf,0xef,0x9f,0xe7,0x7f,0xe7,0x7f,0xe7,0x7f,0xe7,
    0x7f,0xe7,0x7f,0xdf,0x7f,0xdf,0x5f,0xdf,0x5f,0xd7,0x3f,0xd7,0x3f,0xd7,0x3f,0xd7,
    0x3f,0xd7,0x3f,0xd7,0x3f,0xd7,0x3f,0xd7,0x3f,0xd7,0x3f,0xd7,0x3f,0xd7,0x3f,0xd7,
    0x1f,0xd7,0x1f,0xd7,0x1e,0xd7,0x1f,0xd7,0x1e,0xd7,0x1e,0xcf,0x1e,0xd7,0x1e,0xd7,
    0x1e,0xd7,0x1e,0xd7,0x1e,0xd7,0x3e,0xd7,0x3e,0xd7,0x3e,0xd7,0x3f,0xd7,0x3f,0xd7,
    0x3f,0xd7,0x5f,0xd7,0x5f,0xdf,0x5f,0xdf,0x7f,0xdf,0x7f,0xdf,0x7f,0xdf,0x7f,0xdf,
    0x7f,0xe7,0xbf,0xef,0x7f,0xe7,0x5f,0xd7,0xbf,0xf7,0xbf,0xf7,0x5f,0xd7,0xbf,0xef,
    0xbf,0xef,0x9f,0xe7,0x7f,0xe7,0x7f,0xe7,0x7f,0xe7,0x7f,0xe7,0x7f,0xe7,0x7f,0xe7,
    0x7f,0xdf,0x7f,0xdf,0x7f,0xdf,0x5f,0xdf,0x5f,0xdf,0x5f,0xdf,0x5f,0xdf,0x5f,0xdf,
    0x5f,0xdf,0x5f,0xdf,0x5f,0xdf,0x5f,0xd7,0x5f,0xd7,0x3f,0xd7,0x3f,0xd7,0x3f,0xd7,
    0x3f,0xd7,0x3f,0xd7,0x3f,0xd7,0x3f,0xd7,0x3f,0xd7,0x3f,0xd7,0x3f,0xd7,0x3f,0xd7,
    0x5f,0xd7,0x5f,0xd7,0x5f,0xdf,0x5f,0xdf,0x5f,0xdf,0x5f,0xdf,0x7f,0xdf,0x7f,0xdf,
    0x7f,0xdf,0x7f,0xdf,0x7f,0xdf,0x7f,0xdf,0x7f,0xdf,0x7f,0xe7,0xbf,0xef,0x7f,0xe7,
    0x5f,0xd7,0xbf,0xf7,0xbf,0xf7,0x5f,0xd7,0xbf,0xef,0xbf,0xef,0x9f,0xe7,0x7f,0xe7,
    0x7f,0xe7,0x7f,0xe7,0x7f,0xe7,0x7f,0xe7,0x7f,0xe7,0x7f,0xe7,0x7f,0xe7,0x7f,0xe7,
    0x7f,0xe7,0x7f,0xdf,0x7f,0xdf,0x7f,0xdf,0x7f,0xdf,0x7f,0xdf,0x7f,0xdf,0x7f,0xdf,
    0x7f,0xdf,0x7f,0xdf,0x5f,0xdf,0x5f,0xdf,0x5f,0xdf,0x5f,0xdf,0x5f,0xdf,0x5f,0xdf,
    0x5f,0xdf,0x5f,0xdf,0x5f,0xdf,0x5f,0xdf,0x5f,0xdf,0x5f,0xdf,0x5f,0xdf,0x5f,0xdf,
    0x5f,0xdf,0x7f,0xdf,0x7f,0xdf,0x7f,0xdf,0x7f,0xdf,0x7f,0xdf,0x7f,0xdf,0x7f,0xdf,
    0x7f,0xdf,0x7f,0xdf,0x7f,0xe7,0xbf,0xef,0x7f,0xe7,0x5f,0xdf,0xbf,0xf7,0xbf,0xf7,
    0x5f,0xd7,0xbf,0xef,0xbf,0xef,0x9f,0xe7,0x7f,0xe7,0x7f,0xe7,0x7f,0xe7,0x7f,0xe7,
    0x7f,0xe7,0x7f,0xe7,0x7f,0xe7,0x7f,0xe7,0x7f,0xe7,0x7f,0xe7,0x7f,0xe7,0x7f,0xe7,
    0x7f,0xe7,0x7f,0xe7,0x7f,0xe7,0x7f,0xe7,0x7f,0xe7,0x7f,0xdf,0x7f,0xdf,0x7f,0xdf,
    0x7f,0xdf,0x7f,0xdf,0x7f,0xdf,0x7f,0xdf,0x7f,0xdf,0x7f,0xdf,0x7f,0xdf,0x7f,0xdf,
    0x7f,0xdf,0x7f,0xdf,0x7f,0xdf,0x7f,0xdf,0x7f,0xdf,0x7f,0xdf,0x7f,0xdf,0x7f,0xdf,
    0x7f,0xdf,0x7f,0xdf,0x7f,0xdf,0x7f,0xdf,0x7f,0xdf,0x7f,0xdf,0x7f,0xdf,0x7f,0xe7,
    0xbf,0xef,0x7f,0xe7,0x5f,0xdf,0xbf,0xf7,0xbf,0xf7,0x3f,0xd7,0x9f,0xe7,0xbf,0xef,
    0x9f,0xe7,0x7f,0xe7,0x7f,0xe7,0x7f,0xe7,0x7f,0xe7,0x7f,0xe7,0x7f,0xe7,0x7f,0xe7,
    0x7f,0xe7,0x7f,0xe7,0x7f,0xe7,0x7f,0xe7,0x7f,0xe7,0x7f,0xe7,0x7f,0xe7,0x7f,0xe7,
    0x7f,0xe7,0x7f,0xdf,0x7f,0xe7,0x7f,0xe7,0x7f,0xdf,0x7f,0xdf,0x7f,0xdf,0x7f,0xdf,
    0x7f,0xdf,0x7f,0xdf,0x7f,0xdf,0x7f,0xdf,0x7f,0xdf,0x7f,0xdf,0x7f,0xdf,0x7f,0xdf,
    0x7f,0xdf,0x7f,0xdf,0x7f,0xdf,0x7f,0xdf,0x7f,0xdf,0x7f,0xdf,0x7f,0xdf,0x7f,0xdf,
    0x7f,0xdf,0x7f,0xdf,0x7f,0xdf,0x7f,0xdf,0x7f,0xe7,0xbf,0xef,0x7f,0xe7,0x5f,0xdf,
    0xbf,0xf7,0xbf,0xf7,0x3f,0xd7,0x9f,0xe7,0xbf,0xef,0x9f,0xe7,0x7f,0xe7,0x7f,0xe7,
    0x7f,0xe7,0x7f,0xe7,0x7f,0xe7,0x7f,0xe7,0x7f,0xe7,0x7f,0xe7,0x7f,0xe7,0x7f,0xe7,
    0x7f,0xe7,0x7f,0xe7,0x9f,0xe7,0x9f,0xe7,0x9f,0xe7,0x7f,0xe7,0x7f,0xe7,0x7f,0xe7,
    0x7f,0xe7,0x7f,0xe7,0x7f,0xdf,0x7f,0xdf,0x7f,0xdf,0x7f,0xdf,0x7f,0xdf,0x7f,0xdf,
    0x7f,0xdf,0x7f,0xdf,0x7f,0xdf,0x7f,0xdf,0x7f,0xdf,0x7f,0xdf,0x7f,0xdf,0x7f,0xdf,
    0x7f,0xdf,0x7f,0xdf,0x7f,0xdf,0x7f,0xdf,0x7f,0xdf,0x7f,0xdf,0x7f,0xdf,0x7f,0xdf,
    0x7f,0xdf,0x7f,0xe7,0xbf,0xef,0x7f,0xe7,0x5f,0xdf,0xbf,0xf7,0xbf,0xf7,0x3f,0xd7,
    0xbf,0xe7,0xbf,0xef,0x9f,0xe7,0x7f,0xe7,0x7f,0xe7,0x7f,0xe7,0x7f,0xe7,0x7f,0xe7,
    0x7f,0xe7,0x7f,0xe7,0x7f,0xe7,0x7f,0xe7,0x7f,0xe7,0x7f,0xe7,0x7f,0xe7,0x9f,0xe7,
    0x9f,0xe7,0x9f,0xe7,0x7f,0xe7,0x7f,0xdf,0x7f,0xdf,0x7f,0xdf,0x7f,0xdf,0x7f,0xdf,
    0x7f,0xdf,0x7f,0xdf,0x7f,0xdf,0x7f,0xdf,0x7f,0xdf,0x7f,0xdf,0x7f,0xdf,0x7f,0xdf,
    0x7f,0xdf,0x7f,0xdf,0x7f,0xdf,0x7f,0xdf,0x7f,0xdf,0x7f,0xdf,0x7f,0xdf,0x7f,0xdf,
    0x7f,0xdf,0x7f,0xdf,0x7f,0xdf,0x7f,0xdf,0x7f,0xdf,0x7f,0xdf,0x7f,0xe7,0xbf,0xef,
    0x7f,0xe7,0x5f,0xdf,0xbf,0xf7,0xbf,0xf7,0x3f,0xd7,0xbf,0xef,0xbf,0xef,0x9f,0xe7,
    0x7f,0xe7,0x7f,0xe7,0x7f,0xe7,0x7f,0xe7,0x7f,0xe7,0x7f,0xe7,0x7f,0xdf,0x7f,0xdf,
    0x7f,0xdf,0x7f,0xdf,0x7f,0xdf,0x7f,0xdf,0x7f,0xdf,0x7f,0xdf,0x7f,0xdf,0x7f,0xdf,
    0x7f,0xdf,0x7f,0xdf,0x7f,0xdf,0x7f,0xdf,0x7f,0xdf,0x7f,0xdf,0x7f,0xdf,0x7f,0xdf,
    0x7f,0xdf,0x7f,0xdf,0x7f,0xdf,0x7f,0xdf,0x7f,0xdf,0x7f,0xdf,0x7f,0xdf,0x7f,0xdf,
    0x7f,0xdf,0x7f,0xdf,0x5f,0xdf,0x5f,0xd7,0x5f,0xd7,0x7f,0xdf,0x7f,0xdf,0x7f,0xdf,
    0x7f,0xdf,0x7f,0xdf,0x7f,0xdf,0x7f,0xe7,0xbf,0xef,0x7f,0xe7,0x5f,0xdf,0xbf,0xf7,
    0xbf,0xf7,0x3f,0xd7,0xbf,0xef,0xbf,0xef,0x9f,0xe7,0x7f,0xe7,0x7f,0xe7,0x7f,0xe7,
    0x7f,0xe7,0x7f,0xdf,0x7f,0xdf,0xbf,0xef,0xdf,0xf7,0xbf,0xef,0xbf,0xef,0xbf,0xef,
    0xbf,0xef,0xbf,0xef,0xbf,0xef,0xbf,0xef,0xbf,0xef,0xbf,0xef,0xbf,0xef,0xbf,0xef,
    0xbf,0xef,0xbf,0xef,0xbf,0xef,0xbf,0xef,0xbf,0xef,0xbf,0xef,0xbf,0xef,0xbf,0xef,
    0xbf,0xef,0xbf,0xef,0xbf,0xef,0xbf,0xef,0xbf,0xef,0xbf,0xef,0xbf,0xef,0xbf,0xef,
    0xbf,0xef,0x9f,0xe7,0x5f,0xdf,0x5f,0xdf,0x7f,0xdf,0x7f,0xdf,0x7f,0xdf,0x7f,0xdf,
    0x7f,0xe7,0xbf,0xef,0x7f,0xe7,0x5f,0xdf,0xbf,0xf7,0xbf,0xf7,0x3f,0xd7,0xbf,0xef,
    0xbf,0xef,0x9f,0xe7,0x7f,0xe7,0x7f,0xe7,0x7f,0xe7,0x7f,0xdf,0x9f,0xe7,0xdf,0xf7,
    0xdf,0xf7,0xbf,0xf7,0xbf,0xef,0xbf,0xef,0xbf,0xef,0xbf,0xef,0xbf,0xef,0xbf,0xef,
    0xbf,0xef,0xbf,0xef,0xbf,0xef,0xbf,0xef,0xbf,0xef,0xbf,0xef,0xbf,0xef,0xbf,0xef,
    0xbf,0xef,0xbf,0xef,0xbf,0xef,0xbf,0xef,0xbf,0xef,0xbf,0xef,0xbf,0xef,0xbf,0xef,
    0x9f,0xef,0x9f,0xef,0xbf,0xef,0xbf,0xef,0xbf,0xef,0xbf,0xef,0xdf,0xf7,0xdf,0xf7,
    0x7f,0xdf,0x5f,0xdf,0x7f,0xdf,0x7f,0xdf,0x7f,0xdf,0x7f,0xe7,0xbf,0xef,0x7f,0xe7,
    0x5f,0xdf,0xbf,0xf7,0xbf,0xf7,0x3f,0xd7,0xbf,0xef,0xbf,0xef,0x9f,0xe7,0x7f,0xe7,
    0x7f,0xe7,0x7f,0xdf,0x7f,0xdf,0xdf,0xff,0xdf,0xf7,0xbf,0xef,0x9f,0xef,0x9f,0xef,
    0x9f,0xef,0x9f,0xef,0x9f,0xef,0x9f,0xef,0x9f,0xef,0x9f,0xef,0x9f,0xef,0x9f,0xef,
    0x9f,0xef,0x9f,0xef,0x9f,0xef,0x9f,0xef,0x9f,0xef,0x9f,0xef,0x9f,0xef,0x9f,0xef,
    0x9f,0xef,0x9f,0xef,0x9f,0xef,0x9f,0xef,0x9f,0xef,0x9f,0xe7,0x9f,0xe7,0x9f,0xe7,
    0x9f,0xef,0x9f,0xef,0x9f,0xef,0xbf,0xef,0xdf,0xf7,0xdf,0xf7,0x5f,0xd7,0x7f,0xdf,
    0x7f,0xdf,0x7f,0xdf,0x7f,0xe7,0xbf,0xef,0x7f,0xe7,0x5f,0xd7,0xbf,0xf7,0xbf,0xf7,
    0x3f,0xd7,0xbf,0xef,0xbf,0xef,0x9f,0xe7,0x7f,0xe7,0x7f,0xe7,0x5f,0xdf,0xbf,0xef,
    0xdf,0xf7,0xbf,0xef,0x9f,0xef,0x9f,0xef,0x9f,0xe7,0x7f,0xe7,0x7f,0xe7,0x7f,0xe7,
    0x7f,0xe7,0x7f,0xe7,0x9f,0xe7,0x9f,0xe7,0x9f,0xe7,0x9f,0xe7,0x9f,0xe7,0x9f,0xef,
    0x9f,0xef,0x9f,0xef,0x9f,0xef,0x9f,0xef,0x9f,0xef,0x9f,0xe7,0x9f,0xe7,0x7f,0xe7,
    0x7f,0xe7,0x7f,0xe7,0x7f,0xe7,0x7f,0xe7,0x7f,0xe7,0x7f,0xe7,0x7f,0xe7,0x9f,0xef,
    0x9f,0xef,0xbf,0xef,0xdf,0xf7,0x9f,0xe7,0x5f,0xd7,0x7f,0xdf,0x7f,0xdf,0x7f,0xe7,
    0xbf,0xef,0x7f,0xdf,0x5f,0xd7,0xbf,0xf7,0xbf,0xf7,0x3f,0xd7,0xbf,0xef,0xbf,0xef,
    0x9f,0xe7,0x7f,0xe7,0x7f,0xdf,0x5f,0xd7,0xdf,0xf7,0xbf,0xf7,0x9f,0xef,0x9f,0xef,
    0x9f,0xe7,0x7f,0xe7,0x7f,0xe7,0x7f,0xe7,0x7f,0xe7,0x7f,0xe7,0x7f,0xe7,0x7f,0xe7,
    0x7f,0xe7,0x9f,0xe7,0x7f,0xe7,0x9f,0xe7,0x9f,0xe7,0x9f,0xe7,0x9f,0xe7,0x9f,0xe7,
    0x9f,0xe7,0x9f,0xe7,0x7f,0xe7,0x7f,0xe7,0x7f,0xe7,0x7f,0xe7,0x7f,0xe7,0x7f,0xe7,
    0x7f,0xe7,0x7f,0xe7,0x7f,0xe7,0x7f,0xe7,0x7f,0xe7,0x9f,0xe7,0x9f,0xef,0xbf,0xef,
    0xbf,0xef,0x3f,0xd7,0x7f,0xdf,0x7f,0xdf,0x7f,0xe7,0xbf,0xef,0x7f,0xdf,0x5f,0xd7,
    0xbf,0xf7,0xbf,0xf7,0x5f,0xd7,0xbf,0xef,0xbf,0xef,0x9f,0xe7,0x7f,0xe7,0x7f,0xdf,
    0x5f,0xd7,0xbf,0xef,0xbf,0xef,0x9f,0xef,0x9f,0xe7,0x7f,0xe7,0x7f,0xe7,0x7f,0xe7,
    0x7f,0xe7,0x7f,0xe7,0x7f,0xe7,0x7f,0xe7,0x7f,0xe7,0x7f,0xe7,0x7f,0xe7,0x7f,0xe7,
    0x9f,0xe7,0x7f,0xe7,0x7f,0xe7,0x9f,0xe7,0x9f,0xe7,0x9f,0xe7,0x7f,0xe7,0x7f,0xe7,
    0x7f,0xe7,0x7f,0xe7,0x7f,0xe7,0x7f,0xe7,0x7f,0xe7,0x7f,0xe7,0x7f,0xe7,0x7f,0xe7,
    0x7f,0xe7,0x7f,0xe7,0x7f,0xe7,0x9f,0xef,0xbf,0xef,0xbf,0xef,0x3f,0xd7,0x5f,0xdf,
    0x7f,0xdf,0x7f,0xe7,0xbf,0xef,0x7f,0xe7,0x5f,0xd7,0xbf,0xf7,0xbf,0xf7,0x5f,0xd7,
    0xbf,0xef,0xbf,0xef,0x9f,0xe7,0x7f,0xdf,0x5f,0xdf,0x3f,0xcf,0xbf,0xef,0xbf,0xef,
    0x9f,0xef,0x7f,0xe7,0x7f,0xe7,0x7f,0xe7,0x7f,0xe7,0x7f,0xe7,0x7f,0xe7,0x7f,0xe7,
    0x7f,0xe7,0x7f,0xe7,0x7f,0xe7,0x7f,0xe7,0x9f,0xe7,0x9f,0xe7,0x7f,0xe7,0x7f,0xe7,
    0x9f,0xe7,0x9f,0xe7,0x9f,0xe7,0x9f,0xe7,0x7f,0xe7,0x7f,0xe7,0x7f,0xe7,0x7f,0xe7,
    0x7f,0xe7,0x7f,0xe7,0x7f,0xe7,0x7f,0xe7,0x7f,0xe7,0x7f,0xe7,0x7f,0xe7,0x7f,0xe7,
    0x9f,0xe7,0x9f,0xef,0xbf,0xef,0x3f,0xcf,0x5f,0xd7,0x7f,0xdf,0x7f,0xe7,0xbf,0xef,
    0x7f,0xe7,0x5f,0xd7,0xbf,0xf7,0xbf,0xf7,0x5f,0xd7,0xbf,0xef,0xbf,0xef,0x9f,0xe7,
    0x7f,0xdf,0x5f,0xd7,0x1f,0xcf,0xbf,0xef,0xbf,0xef,0x9f,0xe7,0x7f,0xe7,0x7f,0xe7,
    0x7f,0xe7,0x7f,0xe7,0x7f,0xe7,0x7f,0xe7,0x7f,0xe7,0x7f,0xe7,0x7f,0xe7,0x7f,0xe7,
    0x7f,0xe7,0x9f,0xe7,0x9f,0xe7,0x9f,0xe7,0x9f,0xe7,0x7f,0xe7,0x9f,0xe7,0x7f,0xe7,
    0x9f,0xe7,0x7f,0xe7,0x7f,0xe7,0x7f,0xe7,0x7f,0xe7,0x7f,0xe7,0x7f,0xe7,0x7f,0xe7,
    0x7f,0xe7,0x7f,0xe7,0x7f,0xe7,0x7f,0xe7,0x7f,0xe7,0x7f,0xe7,0x9f,0xef,0xbf,0xef,
    0x1f,0xcf,0x3f,0xd7,0x5f,0xdf,0x9f,0xe7,0xbf,0xef,0x7f,0xe7,0x5f,0xdf,0xbf,0xf7,
    0xbf,0xf7,0x5f,0xd7,0xbf,0xef,0xbf,0xef,0x7f,0xe7,0x5f,0xdf,0x3f,0xd7,0x1f,0xc7,
    0xbf,0xef,0x9f,0xef,0x7f,0xe7,0x7f,0xe7,0x7f,0xe7,0x7f,0xe7,0x7f,0xe7,0x7f,0xe7,
    0x7f,0xe7,0x7f,0xe7,0x7f,0xe7,0x7f,0xe7,0x9f,0xe7,0x9f,0xe7,0x9f,0xe7,0x9f,0xe7,
    0x9f,0xe7,0x9f,0xe7,0x9f,0xe7,0x9f,0xe7,0x9f,0xe7,0x7f,0xe7,0x7f,0xe7,0x7f,0xe7,
    0x7f,0xe7,0x7f,0xe7,0x7f,0xe7,0x7f,0xe7,0x7f,0xe7,0x7f,0xe7,0x7f,0xe7,0x7f,0xe7,
    0x7f,0xe7,0x7f,0xe7,0x7f,0xe7,0x9f,0xef,0xbf,0xef,0x1f,0xcf,0x3f,0xd7,0x5f,0xdf,
    0x7f,0xe7,0xbf,0xef,0x9f,0xe7,0x5f,0xdf,0xbf,0xf7,0xbf,0xf7,0x3f,0xd7,0xbf,0xef,
    0xbf,0xef,0x7f,0xe7,0x5f,0xdf,0x3f,0xd7,0x1f,0xc7,0xbf,0xef,0x9f,0xef,0x7f,0xe7,
    0x7f,0xe7,0x7f,0xe7,0x7f,0xe7,0x7f,0xe7,0x7f,0xe7,0x7f,0xe7,0x7f,0xe7,0x7f,0xe7,
    0x7f,0xe7,0x7f,0xe7,0x9f,0xe7,0x9f,0xef,0x9f,0xef,0x9f,0xef,0x9f,0xef,0x9f,0xef,
    0x9f,0xef,0x9f,0xe7,0x9f,0xe7,0x9f,0xe7,0x7f,0xe7,0x7f,0xe7,0x7f,0xe7,0x7f,0xe7,
    0x7f,0xe7,0x7f,0xe7,0x7f,0xe7,0x7f,0xe7,0x7f,0xe7,0x7f,0xe7,0x7f,0xe7,0x7f,0xe7,
    0x9f,0xef,0xbf,0xef,0x1f,0xcf,0x3f,0xd7,0x5f,0xdf,0x7f,0xe7,0xbf,0xef,0x7f,0xe7,
    0x5f,0xdf,0xbf,0xf7,0xbf,0xf7,0x3f,0xd7,0xbf,0xef,0xbf,0xef,0x7f,0xe7,0x5f,0xdf,
    0x3f,0xd7,0xff,0xc6,0xbf,0xef,0x9f,0xef,0x7f,0xe7,0x7f,0xe7,0x7f,0xe7,0x7f,0xe7,
    0x7f,0xe7,0x7f,0xe7,0x7f,0xe7,0x7f,0xe7,0x7f,0xe7,0x7f,0xe7,0x9f,0xe7,0x9f,0xe7,
    0x9f,0xef,0x9f,0xef,0x9f,0xef,0x9f,0xef,0x9f,0xef,0x9f,0xef,0x9f,0xef,0x9f,0xe7,
    0x9f,0xe7,0x7f,0xe7,0x7f,0xe7,0x7f,0xe7,0x7f,0xe7,0x7f,0xe7,0x7f,0xe7,0x7f,0xe7,
    0x7f,0xe7,0x7f,0xe7,0x7f,0xe7,0x7f,0xe7,0x7f,0xe7,0x9f,0xef,0xbf,0xef,0x1f,0xcf,
    0x3f,0xd7,0x5f,0xdf,0x7f,0xe7,0xdf,0xf7,0x7f,0xe7,0x5f,0xdf,0xbf,0xf7,0xbf,0xf7,
    0x3f,0xd7,0xbf,0xef,0xbf,0xef,0x7f,0xe7,0x5f,0xdf,0x3f,0xd7,0x1f,0xc7,0xbf,0xf7,
    0x9f,0xef,0x7f,0xe7,0x7f,0xe7,0x7f,0xe7,0x7f,0xe7,0x7f,0xe7,0x7f,0xe7,0x7f,0xe7,
    0x7f,0xe7,0x7f,0xe7,0x7f,0xe7,0x9f,0xe7,0x3f,0xd7,0xdf,0xbe,0xde,0xbe,0xdf,0xbe,
    0x3f,0xd7,0x9f,0xef,0x9f,0xef,0x9f,0xef,0x9f,0xef,0x9f,0xe7,0x7f,0xe7,0x7f,0xe7,
    0x7f,0xe7,0x7f,0xe7,0x7f,0xe7,0x7f,0xe7,0x7f,0xe7,0x7f,0xe7,0x7f,0xe7,0x7f,0xe7,
    0x7f,0xe7,0x7f,0xe7,0x9f,0xef,0xbf,0xef,0x1f,0xcf,0x3f,0xd7,0x5f,0xdf,0x7f,0xe7,
    0xdf,0xf7,0x7f,0xe7,0x5f,0xdf,0xbf,0xf7,0xbf,0xf7,0x3f,0xd7,0xbf,0xef,0xbf,0xef,
    0x7f,0xe7,0x5f,0xdf,0x3f,0xd7,0x1f,0xc7,0xdf,0xf7,0x9f,0xef,0x7f,0xe7,0x7f,0xe7,
    0x7f,0xe7,0x7f,0xe7,0x7f,0xe7,0x7f,0xe7,0x7f,0xe7,0x7f,0xe7,0x3f,0xd7,0x1e,0x96,
    0x3e,0x5d,0xfd,0x4c,0x1d,0x5d,0x3e,0x65,0x1d,0x55,0xdd,0x4c,0x3e,0x5d,0x1e,0x96,
    0x5f,0xdf,0x9f,0xef,0x9f,0xef,0x9f,0xe7,0x7f,0xe7,0x7f,0xe7,0x7f,0xe7,0x7f,0xe7,
    0x7f,0xe7,0x7f,0xe7,0x7f,0xe7,0x7f,0xe7,0x7f,0xe7,0x7f,0xe7,0x7f,0xe7,0x9f,0xef,
    0xbf,0xef,0x1f,0xcf,0x3f,0xd7,0x5f,0xdf,0x9f,0xe7,0xdf,0xf7,0x9f,0xe7,0x7f,0xdf,
    0xbf,0xf7,0xbf,0xf7,0x3f,0xd7,0xbf,0xef,0xbf,0xef,0x7f,0xe7,0x5f,0xdf,0x3f,0xd7,
    0x1f,0xcf,0xdf,0xf7,0x9f,0xef,0x7f,0xe7,0x7f,0xe7,0x7f,0xe7,0x7f,0xe7,0x7f,0xe7,
    0x7f,0xe7,0x7f,0xe7,0x3e,0x9e,0xfd,0x54,0x9e,0x75,0x9e,0xb6,0x3f,0xd7,0x7f,0xe7,
    0x7f,0xe7,0x7f,0xe7,0x5f,0xdf,0x9e,0xb6,0x9e,0x75,0xfd,0x54,0x5e,0xa6,0x9f,0xe7,
    0x9f,0xef,0x9f,0xe7,0x7f,0xe7,0x7f,0xe7,0x7f,0xe7,0x7f,0xe7,0x7f,0xe7,0x7f,0xe7,
    0x7f,0xe7,0x7f,0xe7,0x7f,0xe7,0x7f,0xe7,0x9f,0xef,0xbf,0xf7,0x1f,0xcf,0x3f,0xd7,
    0x5f,0xdf,0x9f,0xe7,0xdf,0xf7,0x9f,0xe7,0x7f,0xdf,0xbf,0xf7,0xbf,0xf7,0x5f,0xd7,
    0xbf,0xef,0xbf,0xef,0x7f,0xe7,0x5f,0xdf,0x3f,0xd7,0x1f,0xcf,0xdf,0xf7,0x9f,0xef,
    0x7f,0xe7,0x7f,0xe7,0x7f,0xe7,0x7f,0xe7,0x7f,0xe7,0x5f,0xe7,0xbe,0x7d,0x1d,0x5d,
    0xbe,0xbe,0x7f,0xe7,0x7f,0xe7,0x7f,0xe7,0x7f,0xe7,0x7f,0xe7,0x7f,0xe7,0x7f,0xe7,
    0x7f,0xe7,0x7f,0xe7,0xde,0xbe,0x3e,0x5d,0xde,0x85,0x7f,0xe7,0x9f,0xef,0x9f,0xe7,
    0x7f,0xe7,0x7f,0xe7,0x7f,0xe7,0x7f,0xe7,0x7f,0xe7,0x7f,0xe7,0x7f,0xe7,0x7f,0xe7,
    0x7f,0xe7,0x9f,0xef,0xbf,0xf7,0x1f,0xcf,0x3f,0xd7,0x5f,0xdf,0x9f,0xe7,0xdf,0xf7,
    0x9f,0xe7,0x7f,0xdf,0xbf,0xf7,0xbf,0xf7,0x5f,0xd7,0xbf,0xef,0xbf,0xef,0x7f,0xe7,
    0x5f,0xdf,0x3f,0xd7,0x1f,0xcf,0xdf,0xf7,0x9f,0xef,0x7f,0xe7,0x7f,0xe7,0x7f,0xe7,
    0x7f,0xe7,0x7f,0xe7,0xfe,0x8d,0x3e,0x65,0x3f,0xd7,0x7f,0xe7,0x7f,0xe7,0x7f,0xe7,
    0x7f,0xe7,0x7f,0xe7,0x7f,0xe7,0x7f,0xe7,0x7f,0xe7,0x7f,0xe7,0x7f,0xe7,0x7f,0xe7,
    0x3f,0xd7,0x5e,0x65,0xfe,0x8d,0x9f,0xe7,0x9f,0xe7,0x7f,0xe7,0x7f,0xe7,0x7f,0xe7,
    0x5f,0xe7,0x7f,0xe7,0x7f,0xe7,0x7f,0xe7,0x7f,0xe7,0x7f,0xe7,0x9f,0xef,0xbf,0xf7,
    0x1f,0xcf,0x3f,0xd7,0x5f,0xdf,0x9f,0xe7,0xdf,0xf7,0x9f,0xe7,0x7f,0xdf,0xbf,0xf7,
    0xbf,0xf7,0x5f,0xdf,0xbf,0xef,0xbf,0xef,0x9f,0xe7,0x7f,0xdf,0x3f,0xd7,0x1f,0xcf,
    0xdf,0xf7,0xbf,0xef,0x7f,0xe7,0x7f,0xe7,0x7f,0xe7,0x7f,0xe7,0xbe,0xbe,0xfd,0x54,
    0x1f,0xcf,0x7f,0xe7,0x7f,0xe7,0x7f,0xe7,0x7f,0xe7,0x7f,0xe7,0x7f,0xe7,0x7f,0xe7,
    0x7f,0xe7,0x7f,0xe7,0x7f,0xe7,0x7f,0xe7,0x7f,0xe7,0x7f,0xe7,0x1f,0xcf,0x1e,0x55,
    0xbe,0xbe,0x9f,0xef,0x7f,0xe7,0x7f,0xe7,0x7f,0xe7,0x9e,0xb6,0xbe,0x75,0x7f,0xe7,
    0x7f,0xe7,0x7f,0xe7,0x9f,0xe7,0xbf,0xef,0xdf,0xf7,0x1f,0xcf,0x3f,0xd7,0x5f,0xdf,
    0x9f,0xe7,0xdf,0xf7,0x9f,0xe7,0x7f,0xdf,0xbf,0xf7,0xbf,0xf7,0x5f,0xdf,0xbf,0xef,
    0xbf,0xef,0x9f,0xe7,0x7f,0xdf,0x5f,0xd7,0x1f,0xcf,0xdf,0xf7,0xbf,0xef,0x7f,0xe7,
    0x7f,0xe7,0x7f,0xe7,0x7f,0xe7,0x7e,0x6d,0x3e,0x96,0x7f,0xe7,0x7f,0xe7,0x7f,0xe7,
    0x7f,0xe7,0x7f,0xe7,0x7f,0xe7,0x7f,0xe7,0x7f,0xe7,0x7f,0xe7,0x7f,0xe7,0x7f,0xe7,
    0x7f,0xe7,0x7f,0xe7,0x7f,0xe7,0x7f,0xe7,0x3e,0x9e,0x7e,0x6d,0x9f,0xe7,0x7f,0xe7,
    0x7f,0xe7,0x7f,0xe7,0x3f,0xd7,0x1e,0x5d,0x9e,0xae,0x7f,0xe7,0x7f,0xe7,0x9f,0xe7,
    0xbf,0xef,0xdf,0xf7,0x1f,0xcf,0x3f,0xd7,0x5f,0xdf,0x9f,0xe7,0xdf,0xf7,0x9f,0xe7,
    0x7f,0xdf,0xbf,0xf7,0xbf,0xf7,0x5f,0xdf,0xbf,0xef,0xbf,0xf7,0x9f,0xe7,0x7f,0xdf,
    0x5f,0xd7,0x3f,0xcf,0xdf,0xf7,0xbf,0xef,0x7f,0xe7,0x7f,0xe7,0x7f,0xe7,0xff,0xce,
    0xfd,0x4c,0x5f,0xd7,0x7f,0xe7,0x7f,0xe7,0x7f,0xe7,0x5f,0xdf,0xde,0x85,0x9e,0xb6,
    0x7f,0xe7,0x7f,0xe7,0x7f,0xe7,0xbe,0xb6,0xde,0x85,0x5f,0xdf,0x7f,0xe7,0x7f,0xe7,
    0x7f,0xe7,0x5f,0xdf,0xfe,0x4c,0x1f,0xcf,0x9f,0xe7,0x3e,0x96,0xbe,0xb6,0x7f,0xe7,
    0x3e,0x9e,0x7e,0x6d,0x7f,0xe7,0x7f,0xe7,0x9f,0xe7,0xbf,0xef,0xdf,0xf7,0x1f,0xcf,
    0x3f,0xd7,0x5f,0xdf,0x9f,0xe7,0xdf,0xf7,0x9f,0xe7,0x7f,0xdf,0xbf,0xf7,0xbf,0xf7,
    0x5f,0xdf,0xbf,0xef,0xbf,0xef,0x9f,0xe7,0x7f,0xdf,0x5f,0xdf,0x3f,0xcf,0xdf,0xf7,
    0xbf,0xef,0x9f,0xe7,0x7f,0xe7,0x7f,0xe7,0x5e,0xa6,0x7e,0x6d,0x7f,0xe7,0x7f,0xe7,
    0x7f,0xe7,0x7f,0xe7,0xff,0xce,0xfd,0x4c,0xbe,0x7d,0x7f,0xe7,0x7f,0xe7,0x7f,0xe7,
    0xbe,0x7d,0xfd,0x4c,0xde,0xc6,0x7f,0xe7,0x7f,0xe7,0x7f,0xe7,0x7f,0xe7,0x7e,0x6d,
    0x5e,0xa6,0x9f,0xe7,0x5e,0xa6,0x3e,0x65,0x7f,0xe7,0x1f,0xcf,0xfe,0x4c,0x3f,0xd7,
    0x7f,0xe7,0x9f,0xe7,0xbf,0xef,0xdf,0xf7,0x1f,0xcf,0x3f,0xd7,0x5f,0xdf,0x9f,0xe7,
    0xdf,0xf7,0x9f,0xe7,0x7f,0xdf,0xbf,0xf7,0xbf,0xf7,0x5f,0xdf,0xbf,0xef,0xbf,0xf7,
    0x9f,0xe7,0x7f,0xdf,0x5f,0xdf,0x3f,0xcf,0xdf,0xf7,0xbf,0xef,0x9f,0xef,0x7f,0xe7,
    0x7f,0xe7,0xfe,0x8d,0xfe,0x85,0x7f,0xe7,0x7f,0xe7,0x7f,0xe7,0x7f,0xe7,0x7f,0xe7,
    0x9e,0xae,0x3f,0xd7,0x7f,0xe7,0x7f,0xe7,0x7f,0xe7,0x1f,0xcf,0xbe,0xb6,0x7f,0xe7,
    0x7f,0xe7,0x7f,0xe7,0x7f,0xe7,0x7f,0xe7,0xfe,0x8d,0xfe,0x8d,0x9f,0xe7,0x5f,0xdf,
    0xfd,0x4c,0x1f,0xcf,0x5f,0xdf,0x3e,0x5d,0xbe,0xb6,0x7f,0xe7,0x9f,0xef,0xbf,0xef,
    0xdf,0xf7,0x1f,0xcf,0x3f,0xd7,0x5f,0xdf,0x9f,0xe7,0xdf,0xf7,0x9f,0xe7,0x7f,0xdf,
    0xbf,0xf7,0xbf,0xf7,0x5f,0xdf,0xbf,0xef,0xdf,0xf7,0x9f,0xe7,0x7f,0xe7,0x5f,0xdf,
    0x3f,0xd7,0xdf,0xf7,0xbf,0xef,0x9f,0xef,0x7f,0xe7,0x7f,0xe7,0xde,0x85,0xfe,0x8d,
    0x7f,0xe7,0x7f,0xe7,0x7f,0xe7,0x7f,0xe7,0x7f,0xe7,0x7f,0xe7,0x7f,0xe7,0x7f,0xe7,
    0x7f,0xe7,0x7f,0xe7,0x7f,0xe7,0x7f,0xe7,0x7f,0xe7,0x7f,0xe7,0x7f,0xe7,0x7f,0xe7,
    0x7f,0xe7,0x1e,0x96,0xde,0x85,0x9f,0xe7,0x7f,0xe7,0x3e,0x65,0x9e,0xb6,0x7f,0xe7,
    0x9e,0x75,0x7e,0xa6,0x7f,0xe7,0x9f,0xef,0xbf,0xef,0xdf,0xf7,0x1f,0xcf,0x3f,0xd7,
    0x5f,0xdf,0x9f,0xe7,0xdf,0xf7,0x9f,0xe7,0x7f,0xdf,0xbf,0xf7,0xbf,0xf7,0x5f,0xdf,
    0xbf,0xef,0xdf,0xf7,0x9f,0xe7,0x7f,0xe7,0x5f,0xdf,0x3f,0xd7,0xdf,0xf7,0xbf,0xef,
    0x9f,0xe7,0x7f,0xe7,0x7f,0xe7,0xfe,0x8d,0xde,0x85,0x7f,0xe7,0x7f,0xe7,0x7f,0xe7,
    0x7f,0xe7,0x5f,0xdf,0xfe,0xc6,0x7f,0xe7,0x7f,0xe7,0x7f,0xe7,0x7f,0xe7,0x7f,0xe7,
    0xde,0xc6,0x5f,0xdf,0x7f,0xe7,0x7f,0xe7,0x7f,0xe7,0x7f,0xe7,0xde,0x85,0x1e,0x96,
    0x9f,0xe7,0x7f,0xe7,0x1d,0x5d,0xbe,0xb6,0x7f,0xe7,0x7e,0x75,0x9e,0xae,0x7f,0xe7,
    0x9f,0xef,0xbf,0xef,0xdf,0xf7,0x1f,0xcf,0x3f,0xd7,0x5f,0xdf,0x9f,0xe7,0xdf,0xf7,
    0x7f,0xe7,0x7f,0xdf,0xbf,0xf7,0xbf,0xf7,0x5f,0xdf,0xbf,0xef,0xdf,0xf7,0x9f,0xe7,
    0x7f,0xe7,0x5f,0xdf,0x3f,0xd7,0xdf,0xf7,0xbf,0xef,0x9f,0xe7,0x7f,0xe7,0x7f,0xe7,
    0x9e,0xae,0x3e,0x65,0x7f,0xe7,0x7f,0xe7,0x7f,0xe7,0x7f,0xe7,0xde,0xc6,0xfd,0x4c,
    0xff,0xce,0x7f,0xe7,0x7f,0xe7,0x7f,0xe7,0xff,0xce,0xfd,0x54,0xfe,0xc6,0x7f,0xe7,
    0x7f,0xe7,0x7f,0xe7,0x7f,0xe7,0x3e,0x5d,0xbe,0xb6,0x9f,0xe7,0x3f,0xd7,0xdd,0x4c,
    0x3f,0xd7,0x5f,0xdf,0x1d,0x5d,0xde,0xc6,0x7f,0xe7,0x9f,0xe7,0xbf,0xef,0xdf,0xf7,
    0x1f,0xcf,0x3f,0xd7,0x5f,0xdf,0x9f,0xe7,0xdf,0xf7,0x9f,0xe7,0x7f,0xdf,0xbf,0xf7,
    0xbf,0xf7,0x5f,0xdf,0xbf,0xef,0xdf,0xf7,0x9f,0xef,0x7f,0xe7,0x5f,0xdf,0x3f,0xd7,
    0xdf,0xf7,0xbf,0xef,0x9f,0xe7,0x7f,0xe7,0x7f,0xe7,0x3f,0xdf,0xfd,0x4c,0xff,0xc6,
    0x7f,0xe7,0x7f,0xe7,0x7f,0xe7,0x7f,0xe7,0xfe,0x8d,0x1d,0x55,0x5e,0x9e,0xbe,0xbe,
    0x3e,0x9e,0x1e,0x55,0xfe,0x8d,0x7f,0xe7,0x7f,0xe7,0x7f,0xe7,0x7f,0xe7,0xde,0xbe,
    0xfd,0x54,0x7f,0xdf,0x9f,0xe7,0x1e,0x96,0x7e,0x6d,0x7f,0xe7,0xfe,0xc6,0xdd,0x4c,
    0x5f,0xdf,0x7f,0xe7,0x9f,0xe7,0xbf,0xef,0xdf,0xf7,0x1f,0xcf,0x3f,0xd7,0x5f,0xdf,
    0x9f,0xe7,0xdf,0xf7,0x9f,0xe7,0x7f,0xdf,0xbf,0xf7,0xbf,0xf7,0x5f,0xdf,0xbf,0xef,
    0xdf,0xf7,0x9f,0xef,0x7f,0xe7,0x5f,0xdf,0x3f,0xcf,0xdf,0xf7,0xbf,0xef,0x7f,0xe7,
    0x7f,0xe7,0x7f,0xe7,0x7f,0xe7,0xfe,0x8d,0x7e,0x75,0x7f,0xe7,0x7f,0xe7,0x7f,0xe7,
    0x7f,0xe7,0x7f,0xe7,0x9e,0xae,0x9e,0x75,0x3e,0x5d,0x9e,0x75,0x7e,0xae,0x7f,0xe7,
    0x7f,0xe7,0x7f,0xe7,0x7f,0xe7,0x5f,0xe7,0x7e,0x6d,0x1e,0x8e,0x9f,0xe7,0x9f,0xe7,
    0x7e,0xa6,0xfe,0xc6,0x7f,0xe7,0x1e,0x96,0x9e,0x7d,0x7f,0xe7,0x7f,0xe7,0x9f,0xe7,
    0xbf,0xef,0xdf,0xf7,0x3f,0xcf,0x3f,0xd7,0x5f,0xdf,0x9f,0xe7,0xdf,0xf7,0x9f,0xe7,
    0x7f,0xdf,0xbf,0xf7,0xbf,0xf7,0x5f,0xdf,0xbf,0xef,0xdf,0xf7,0x9f,0xe7,0x7f,0xe7,
    0x5f,0xdf,0x3f,0xd7,0xdf,0xf7,0xbf,0xef,0x7f,0xe7,0x7f,0xe7,0x7f,0xe7,0x7f,0xe7,
    0x3f,0xd7,0x1e,0x5d,0x3e,0x9e,0x7f,0xe7,0x7f,0xe7,0x7f,0xe7,0x7f,0xe7,0x7f,0xe7,
    0x7f,0xe7,0x7f,0xe7,0x7f,0xe7,0x7f,0xe7,0x7f,0xe7,0x7f,0xe7,0x7f,0xe7,0x7f,0xe7,
    0x1e,0x96,0x3d,0x5d,0x5f,0xdf,0x9f,0xe7,0x7f,0xe7,0x7f,0xe7,0x7f,0xe7,0x3f,0xd7,
    0xfd,0x54,0xde,0xbe,0x7f,0xe7,0x7f,0xe7,0x9f,0xe7,0xbf,0xef,0xdf,0xf7,0x1f,0xcf,
    0x3f,0xd7,0x5f,0xdf,0x9f,0xe7,0xdf,0xf7,0x9f,0xe7,0x7f,0xdf,0xbf,0xf7,0xbf,0xf7,
    0x5f,0xd7,0xbf,0xef,0xdf,0xf7,0x9f,0xe7,0x7f,0xe7,0x5f,0xdf,0x3f,0xd7,0xdf,0xf7,
    0x9f,0xef,0x7f,0xe7,0x7f,0xe7,0x7f,0xe7,0x7f,0xe7,0x7f,0xe7,0x5e,0xa6,0x5e,0x65,
    0x7f,0xe7,0x7f,0xe7,0x7f,0xe7,0x7f,0xe7,0x7f,0xe7,0x7f,0xe7,0x7f,0xe7,0x7f,0xe7,
    0x7f,0xe7,0x7f,0xe7,0x7f,0xe7,0x5f,0xe7,0x1e,0x96,0x1d,0x55,0xff,0xc6,0x7f,0xe7,
    0x7f,0xe7,0x7f,0xe7,0x7f,0xe7,0x7f,0xe7,0xbe,0xb6,0xde,0x85,0x7f,0xe7,0x7f,0xe7,
    0x7f,0xe7,0x7f,0xe7,0xbf,0xef,0xdf,0xf7,0x1f,0xcf,0x3f,0xd7,0x5f,0xdf,0x9f,0xe7,
    0xdf,0xf7,0x9f,0xe7,0x7f,0xdf,0xbf,0xf7,0xbf,0xf7,0x5f,0xd7,0xbf,0xef,0xbf,0xf7,
    0x9f,0xe7,0x7f,0xdf,0x5f,0xd7,0x3f,0xcf,0xdf,0xf7,0x9f,0xef,0x7f,0xe7,0x7f,0xe7,
    0x7f,0xe7,0x7f,0xe7,0x7f,0xe7,0x5e,0xa6,0x7e,0x6d,0x7f,0xe7,0x7f,0xe7,0x7f,0xe7,
    0x7f,0xe7,0x7f,0xe7,0x7f,0xe7,0x7f,0xe7,0x7f,0xe7,0x7f,0xe7,0x7f,0xe7,0xbe,0xbe,
    0x7e,0x6d,0x3e,0x65,0xfe,0xc6,0x7f,0xe7,0x7f,0xe7,0x7f,0xe7,0x7f,0xe7,0x7f,0xe7,
    0x7f,0xe7,0x5f,0xe7,0x7f,0xe7,0x7f,0xe7,0x7f,0xe7,0x7f,0xe7,0x7f,0xe7,0x9f,0xef,
    0xdf,0xf7,0x1f,0xcf,0x3f,0xd7,0x5f,0xdf,0x9f,0xe7,0xdf,0xf7,0x9f,0xe7,0x7f,0xdf,
    0xbf,0xf7,0xbf,0xf7,0x5f,0xd7,0xbf,0xef,0xbf,0xef,0x9f,0xe7,0x7f,0xdf,0x5f,0xd7,
    0x3f,0xcf,0xdf,0xf7,0x9f,0xef,0x7f,0xe7,0x7f,0xe7,0x5f,0xe7,0x5f,0xe7,0x7f,0xe7,
    0x1e,0x96,0xbe,0x7d,0x7f,0xe7,0xde,0xc6,0xde,0x85,0x5e,0x65,0xfe,0x8d,0x5e,0x9e,
    0x7e,0xa6,0x5e,0x9e,0xfe,0x8d,0x5e,0x65,0xfd,0x54,0x1e,0x96,0x5f,0xdf,0x7f,0xe7,
    0x7f,0xe7,0x7f,0xe7,0x7f,0xe7,0x7f,0xe7,0x7f,0xe7,0x5f,0xe7,0x5f,0xe7,0x5f,0xe7,
    0x5f,0xe7,0x5f,0xe7,0x7f,0xe7,0x7f,0xe7,0x9f,0xef,0xdf,0xf7,0x1f,0xcf,0x3f,0xd7,
    0x5f,0xdf,0x7f,0xe7,0xdf,0xf7,0x9f,0xe7,0x7f,0xdf,0xbf,0xf7,0xbf,0xf7,0x3f,0xd7,
    0xbf,0xef,0xbf,0xef,0x7f,0xe7,0x5f,0xdf,0x3f,0xd7,0x1f,0xcf,0xdf,0xf7,0x9f,0xef,
    0x7f,0xe7,0x7f,0xe7,0x5f,0xdf,0x5f,0xe7,0x7f,0xe7,0xfe,0x85,0x7e,0x6d,0x7e,0x6d,
    0x1d,0x55,0xfe,0x8d,0x7e,0xa6,0xfe,0x8d,0x9e,0x75,0x9e,0x75,0xbe,0x75,0xfe,0x8d,
    0x9e,0xae,0x5f,0xdf,0x9f,0xe7,0x7f,0xe7,0x7f,0xe7,0x7f,0xe7,0x7f,0xe7,0x7f,0xe7,
    0x7f,0xe7,0x5f,0xe7,0x5f,0xe7,0x5f,0xe7,0x5f,0xdf,0x5f,0xdf,0x5f,0xe7,0x7f,0xe7,
    0x7f,0xe7,0x9f,0xef,0xdf,0xf7,0x1f,0xcf,0x1f,0xd7,0x5f,0xdf,0x7f,0xe7,0xdf,0xf7,
    0x9f,0xe7,0x7f,0xdf,0xbf,0xf7,0xbf,0xf7,0x3f,0xd7,0xbf,0xef,0xbf,0xef,0x7f,0xe7,
    0x5f,0xdf,0x3f,0xd7,0x1f,0xcf,0xdf,0xf7,0x9f,0xef,0x7f,0xe7,0x5f,0xe7,0x5f,0xdf,
    0x5f,0xdf,0x5f,0xdf,0x3e,0x96,0x5e,0x65,0x5e,0x9e,0x3f,0xd7,0x7f,0xe7,0x7f,0xe7,
    0x7f,0xe7,0x7f,0xe7,0x7f,0xe7,0x7f,0xe7,0x7f,0xe7,0x7f,0xe7,0x7f,0xe7,0x7f,0xe7,
    0x7f,0xe7,0x7f,0xe7,0x7f,0xe7,0x7f,0xe7,0x7f,0xe7,0x7f,0xe7,0x5f,0xe7,0x5f,0xe7,
    0x5f,0xdf,0x5f,0xdf,0x5f,0xdf,0x5f,0xdf,0x5f,0xe7,0x7f,0xe7,0x9f,0xef,0xdf,0xf7,
    0x1f,0xcf,0x1f,0xd7,0x5f,0xdf,0x7f,0xe7,0xbf,0xf7,0x7f,0xe7,0x7f,0xdf,0xbf,0xf7,
    0xbf,0xf7,0x3f,0xd7,0xbf,0xef,0xbf,0xef,0x7f,0xe7,0x5f,0xdf,0x3f,0xd7,0x1f,0xc7,
    0xdf,0xf7,0x9f,0xef,0x7f,0xe7,0x5e,0xdf,0x5e,0xdf,0x5f,0xdf,0x5f,0xdf,0x5f,0xdf,
    0x5f,0xdf,0x7f,0xe7,0x5f,0xe7,0x7f,0xe7,0x7f,0xe7,0x7f,0xe7,0x7f,0xe7,0x7f,0xe7,
    0x7f,0xe7,0x7f,0xe7,0x7f,0xe7,0x7f,0xe7,0x7f,0xe7,0x7f,0xe7,0x7f,0xe7,0x7f,0xe7,
    0x7f,0xe7,0x7f,0xe7,0x5f,0xe7,0x5f,0xe7,0x5f,0xdf,0x5e,0xdf,0x5e,0xdf,0x5e,0xdf,
    0x5f,0xdf,0x5f,0xe7,0x7f,0xe7,0x9f,0xef,0xbf,0xf7,0x1f,0xcf,0x1f,0xd7,0x5f,0xdf,
    0x7f,0xe7,0xbf,0xf7,0x9f,0xe7,0x7f,0xdf,0xbf,0xf7,0xbf,0xf7,0x3f,0xd7,0xbf,0xef,
    0xbf,0xef,0x7f,0xe7,0x5f,0xdf,0x3f,0xd7,0xff,0xc6,0xdf,0xf7,0x9f,0xef,0x7f,0xe7,
    0x5e,0xdf,0x5f,0xdf,0x5f,0xdf,0x5f,0xdf,0x5f,0xdf,0x5f,0xdf,0x5f,0xe7,0x5f,0xe7,
    0x5f,0xe7,0x5f,0xe7,0x7f,0xe7,0x7f,0xe7,0x7f,0xe7,0x7f,0xe7,0x7f,0xe7,0x7f,0xe7,
    0x7f,0xe7,0x7f,0xe7,0x7f,0xe7,0x7f,0xe7,0x7f,0xe7,0x5f,0xe7,0x5f,0xe7,0x5f,0xdf,
    0x5f,0xdf,0x5f,0xdf,0x5e,0xdf,0x5e,0xdf,0x5e,0xdf,0x5f,0xdf,0x5f,0xe7,0x7f,0xe7,
    0x9f,0xef,0xbf,0xf7,0x1f,0xcf,0x1f,0xd7,0x5f,0xdf,0x7f,0xe7,0xbf,0xf7,0x7f,0xe7,
    0x7f,0xdf,0xbf,0xf7,0xbf,0xf7,0x3f,0xd7,0xbf,0xef,0xbf,0xef,0x7f,0xe7,0x5f,0xdf,
    0x1f,0xd7,0xff,0xc6,0xdf,0xf7,0x9f,0xef,0x7f,0xe7,0x5e,0xdf,0x5e,0xdf,0x5e,0xdf,
    0x5e,0xdf,0x5f,0xdf,0x5f,0xdf,0x5f,0xdf,0x5f,0xdf,0x5f,0xdf,0x5f,0xe7,0x5f,0xe7,
    0x7f,0xe7,0x7f,0xe7,0x7f,0xe7,0x7f,0xe7,0x7f,0xe7,0x7f,0xe7,0x7f,0xe7,0x7f,0xe7,
    0x7f,0xe7,0x5f,0xe7,0x5e,0xdf,0x5f,0xdf,0x5f,0xdf,0x5f,0xdf,0x5e,0xdf,0x5e,0xdf,
    0x5e,0xdf,0x5e,0xdf,0x5e,0xdf,0x5f,0xe7,0x7f,0xe7,0x9f,0xef,0xbf,0xef,0x1f,0xcf,
    0x1f,0xd7,0x5f,0xdf,0x7f,0xe7,0xbf,0xef,0x9f,0xe7,0x7f,0xdf,0xbf,0xf7,0xbf,0xf7,
    0x3f,0xd7,0xbf,0xef,0xbf,0xef,0x7f,0xe7,0x5f,0xdf,0x3f,0xd7,0x1f,0xcf,0xdf,0xf7,
    0x9f,0xef,0x7f,0xe7,0x5e,0xdf,0x5e,0xdf,0x5e,0xdf,0x5e,0xdf,0x5e,0xdf,0x5e,0xdf,
    0x5e,0xdf,0x5f,0xdf,0x5f,0xdf,0x5f,0xdf,0x5f,0xe7,0x5f,0xe7,0x5f,0xe7,0x5f,0xe7,
    0x7f,0xe7,0x7f,0xe7,0x7f,0xe7,0x7f,0xe7,0x5f,0xe7,0x5f,0xdf,0x5f,0xdf,0x5f,0xdf,
    0x5f,0xdf,0x5f,0xdf,0x5e,0xdf,0x5e,0xdf,0x5e,0xdf,0x5e,0xdf,0x5e,0xdf,0x5f,0xdf,
    0x5f,0xe7,0x7f,0xe7,0x9f,0xef,0xbf,0xf7,0x1f,0xcf,0x3f,0xd7,0x5f,0xdf,0x7f,0xe7,
    0xbf,0xef,0x9f,0xe7,0x7f,0xdf,0xbf,0xf7,0xbf,0xf7,0x3f,0xd7,0xbf,0xef,0xbf,0xef,
    0x7f,0xe7,0x5f,0xdf,0x3f,0xd7,0x1f,0xcf,0xdf,0xf7,0x9f,0xef,0x7f,0xe7,0x5e,0xdf,
    0x5e,0xdf,0x5e,0xdf,0x5e,0xdf,0x5e,0xdf,0x5e,0xdf,0x5f,0xdf,0x5f,0xdf,0x5f,0xdf,
    0x5e,0xdf,0x5f,0xdf,0x5f,0xdf,0x5e,0xdf,0x5f,0xdf,0x5f,0xe7,0x5f,0xe7,0x5f,0xe7,
    0x5f,0xe7,0x5f,0xe7,0x5f,0xdf,0x5f,0xdf,0x5f,0xdf,0x5f,0xdf,0x5f,0xdf,0x5e,0xdf,
    0x5e,0xdf,0x5e,0xdf,0x5e,0xdf,0x5e,0xdf,0x5f,0xdf,0x7f,0xe7,0x7f,0xe7,0x9f,0xef,
    0xbf,0xf7,0x1f,0xcf,0x3f,0xd7,0x5f,0xdf,0x7f,0xe7,0xbf,0xef,0x9f,0xe7,0x7f,0xdf,
    0xbf,0xf7,0xbf,0xf7,0x3f,0xd7,0xbf,0xef,0xbf,0xef,0x7f,0xe7,0x5f,0xdf,0x3f,0xd7,
    0x1f,0xcf,0xdf,0xf7,0x9f,0xef,0x7f,0xe7,0x5e,0xdf,0x5e,0xdf,0x5e,0xdf,0x5e,0xdf,
    0x5e,0xdf,0x5e,0xdf,0x5e,0xdf,0x5e,0xdf,0x5e,0xdf,0x5f,0xdf,0x5f,0xdf,0x5f,0xdf,
    0x5f,0xdf,0x5f,0xdf,0x5f,0xdf,0x5f,0xdf,0x5f,0xdf,0x5f,0xdf,0x5f,0xdf,0x5f,0xdf,
    0x5f,0xdf,0x5e,0xdf,0x5e,0xdf,0x5e,0xdf,0x5e,0xdf,0x5e,0xdf,0x5e,0xdf,0x5e,0xdf,
    0x5e,0xdf,0x5f,0xdf,0x7f,0xe7,0x7f,0xe7,0x9f,0xef,0xdf,0xf7,0x3f,0xcf,0x3f,0xd7,
    0x5f,0xdf,0x7f,0xe7,0xbf,0xef,0x9f,0xe7,0x7f,0xdf,0xbf,0xf7,0xbf,0xf7,0x3f,0xd7,
    0xbf,0xef,0xbf,0xef,0x9f,0xe7,0x5f,0xdf,0x3f,0xd7,0x1f,0xcf,0xdf,0xf7,0xbf,0xef,
    0x7f,0xe7,0x5f,0xe7,0x5e,0xdf,0x5e,0xdf,0x5e,0xdf,0x5e,0xdf,0x5e,0xdf,0x5e,0xdf,
    0x5e,0xdf,0x5e,0xdf,0x5e,0xdf,0x5f,0xdf,0x5f,0xdf,0x5f,0xdf,0x5f,0xdf,0x5f,0xdf,
    0x5f,0xdf,0x5f,0xdf,0x5f,0xdf,0x5f,0xdf,0x5f,0xdf,0x5f,0xdf,0x5e,0xdf,0x5f,0xdf,
    0x5e,0xdf,0x5e,0xdf,0x5e,0xdf,0x5e,0xdf,0x5f,0xdf,0x5e,0xdf,0x5f,0xe7,0x7f,0xe7,
    0x9f,0xe7,0xbf,0xef,0xdf,0xf7,0x1f,0xcf,0x3f,0xd7,0x5f,0xdf,0x9f,0xe7,0xbf,0xef,
    0x9f,0xe7,0x7f,0xdf,0xbf,0xf7,0xbf,0xf7,0x5f,0xd7,0xbf,0xef,0xbf,0xef,0x9f,0xe7,
    0x7f,0xdf,0x5f,0xdf,0x1f,0xcf,0xbf,0xef,0xbf,0xf7,0x9f,0xef,0x7f,0xe7,0x5f,0xe7,
    0x5e,0xdf,0x5e,0xdf,0x5e,0xdf,0x5e,0xdf,0x5e,0xdf,0x5e,0xdf,0x5e,0xdf,0x5e,0xdf,
    0x5e,0xdf,0x5f,0xdf,0x5f,0xdf,0x5f,0xdf,0x5f,0xdf,0x5f,0xdf,0x5f,0xdf,0x5f,0xdf,
    0x5f,0xdf,0x5f,0xdf,0x5f,0xdf,0x5f,0xdf,0x5f,0xdf,0x5e,0xdf,0x5e,0xdf,0x5e,0xdf,
    0x5e,0xdf,0x5e,0xdf,0x5f,0xe7,0x7f,0xe7,0x7f,0xe7,0x9f,0xef,0xbf,0xf7,0xbf,0xef,
    0xff,0xc6,0x5f,0xd7,0x7f,0xdf,0x9f,0xe7,0xbf,0xf7,0x9f,0xe7,0x7f,0xdf,0xbf,0xf7,
    0xbf,0xf7,0x5f,0xd7,0xbf,0xef,0xbf,0xef,0x9f,0xe7,0x7f,0xdf,0x5f,0xdf,0x1f,0xcf,
    0x5f,0xd7,0xdf,0xf7,0xbf,0xef,0x9f,0xe7,0x7f,0xe7,0x7f,0xe7,0x5f,0xdf,0x5f,0xdf,
    0x5f,0xdf,0x5f,0xdf,0x5e,0xdf,0x5f,0xdf,0x5f,0xdf,0x5f,0xe7,0x5f,0xe7,0x5f,0xe7,
    0x5f,0xe7,0x5f,0xe7,0x5f,0xe7,0x7f,0xe7,0x5f,0xe7,0x5f,0xe7,0x5f,0xe7,0x5f,0xe7,
    0x5f,0xe7,0x5f,0xe7,0x5f,0xe7,0x5f,0xe7,0x5f,0xe7,0x5f,0xe7,0x5f,0xe7,0x7f,0xe7,
    0x7f,0xe7,0x9f,0xef,0xbf,0xef,0xdf,0xf7,0x3f,0xd7,0x3f,0xd7,0x5f,0xdf,0x7f,0xdf,
    0x9f,0xe7,0xbf,0xf7,0x9f,0xe7,0x7f,0xdf,0xbf,0xf7,0xbf,0xf7,0x5f,0xd7,0xbf,0xef,
    0xbf,0xef,0x9f,0xe7,0x7f,0xdf,0x5f,0xdf,0x3f,0xd7,0x1f,0xc7,0x9f,0xe7,0xdf,0xf7,
    0xbf,0xef,0x9f,0xef,0x9f,0xe7,0x7f,0xe7,0x7f,0xe7,0x7f,0xe7,0x7f,0xe7,0x7f,0xe7,
    0x7f,0xe7,0x7f,0xe7,0x7f,0xe7,0x7f,0xe7,0x7f,0xe7,0x7f,0xe7,0x7f,0xe7,0x7f,0xe7,
    0x7f,0xe7,0x7f,0xe7,0x7f,0xe7,0x7f,0xe7,0x7f,0xe7,0x7f,0xe7,0x7f,0xe7,0x7f,0xe7,
    0x7f,0xe7,0x7f,0xe7,0x7f,0xe7,0x7f,0xe7,0x9f,0xe7,0x9f,0xef,0xbf,0xef,0xdf,0xf7,
    0x7f,0xdf,0x1f,0xc7,0x3f,0xd7,0x7f,0xdf,0x7f,0xe7,0x9f,0xe7,0xdf,0xf7,0x9f,0xe7,
    0x7f,0xdf,0xbf,0xf7,0xbf,0xf7,0x5f,0xd7,0xbf,0xef,0xbf,0xef,0x7f,0xe7,0x7f,0xdf,
    0x5f,0xdf,0x3f,0xd7,0x1e,0xcf,0xff,0xc6,0x5f,0xd7,0xdf,0xf7,0xbf,0xf7,0xbf,0xef,
    0xbf,0xef,0x9f,0xef,0x9f,0xef,0xbf,0xef,0xbf,0xef,0x9f,0xef,0x9f,0xef,0x9f,0xef,
    0x9f,0xef,0x9f,0xef,0x9f,0xef,0x9f,0xef,0x9f,0xef,0x9f,0xef,0x9f,0xef,0x9f,0xef,
    0x9f,0xef,0x9f,0xef,0x9f,0xef,0x9f,0xef,0x9f,0xef,0x9f,0xef,0x9f,0xef,0x9f,0xef,
    0x9f,0xef,0xbf,0xef,0xbf,0xef,0xdf,0xf7,0x7f,0xd7,0x1f,0xc7,0x3f,0xd7,0x5f,0xd7,
    0x7f,0xdf,0x7f,0xe7,0x9f,0xe7,0xdf,0xf7,0x9f,0xe7,0x7f,0xdf,0xbf,0xf7,0xbf,0xf7,
    0x5f,0xd7,0xbf,0xef,0xbf,0xef,0x7f,0xe7,0x7f,0xe7,0x5f,0xdf,0x5f,0xdf,0x1e,0xd7,
    0xfe,0xce,0xfe,0xc6,0x1f,0xc7,0x5f,0xcf,0x5f,0xd7,0x5f,0xd7,0x7f,0xd7,0x7f,0xdf,
    0x7f,0xdf,0x7f,0xdf,0x7f,0xdf,0x7f,0xdf,0x7f,0xdf,0x9f,0xdf,0x9f,0xdf,0x9f,0xdf,
    0x9f,0xe7,0x9f,0xe7,0x9f,0xe7,0x9f,0xe7,0x9f,0xe7,0x9f,0xe7,0x9f,0xe7,0x9f,0xdf,
    0x9f,0xdf,0x7f,0xdf,0x7f,0xdf,0x7f,0xdf,0x7f,0xdf,0x5f,0xd7,0x5f,0xd7,0x5f,0xcf,
    0x3f,0xc7,0x1f,0xcf,0x1f,0xcf,0x3f,0xd7,0x5f,0xdf,0x7f,0xdf,0x7f,0xe7,0x9f,0xe7,
    0xdf,0xf7,0x7f,0xe7,0x7f,0xdf,0xbf,0xf7,0xbf,0xf7,0x3f,0xd7,0xbf,0xef,0xbf,0xef,
    0x7f,0xe7,0x7f,0xdf,0x5f,0xdf,0x5f,0xdf,0x3e,0xd7,0x1e,0xcf,0xfe,0xc6,0xde,0xc6,
    0xde,0xbe,0xde,0xc6,0xfe,0xc6,0xfe,0xc6,0x1e,0xc7,0x1f,0xc7,0x1f,0xcf,0x1f,0xcf,
    0x1f,0xcf,0x1f,0xcf,0x3f,0xcf,0x3f,0xcf,0x3f,0xcf,0x3f,0xcf,0x3f,0xcf,0x3f,0xcf,
    0x3f,0xcf,0x3f,0xcf,0x1f,0xcf,0x1f,0xcf,0x1f,0xcf,0x1f,0xcf,0x1e,0xcf,0x1e,0xc7,
    0x1e,0xc7,0x1f,0xc7,0xfe,0xc6,0xfe,0xc6,0xfe,0xc6,0xde,0xc6,0xfe,0xce,0x1e,0xcf,
    0x3f,0xd7,0x5f,0xdf,0x7f,0xdf,0x7f,0xe7,0x9f,0xe7,0xdf,0xf7,0x7f,0xe7,0x7f,0xdf,
    0xbf,0xf7,0xbf,0xf7,0x3f,0xd7,0xbf,0xef,0xbf,0xef,0x7f,0xe7,0x5f,0xdf,0x5f,0xdf,
    0x5e,0xdf,0x3e,0xd7,0x1e,0xd7,0xfe,0xce,0xde,0xc6,0xbe,0xbe,0xbe,0xbe,0x9e,0xbe,
    0x9e,0xb6,0x9e,0xb6,0x9e,0xb6,0x9e,0xb6,0x9e,0xb6,0x9e,0xb6,0x9e,0xb6,0x9e,0xb6,
    0x9e,0xb6,0x9e,0xb6,0x9e,0xb6,0x9e,0xb6,0x9e,0xb6,0x9e,0xb6,0x9e,0xb6,0x9e,0xb6,
    0x9e,0xb6,0x9e,0xb6,0x9e,0xb6,0x9e,0xb6,0x9e,0xb6,0x9e,0xb6,0x9e,0xb6,0x9e,0xb6,
    0xbe,0xbe,0xbe,0xbe,0xde,0xc6,0xfe,0xce,0x3f,0xd7,0x5f,0xd7,0x5f,0xdf,0x7f,0xdf,
    0x7f,0xe7,0x9f,0xe7,0xdf,0xf7,0x7f,0xe7,0x5f,0xdf,0xbf,0xf7,0xbf,0xf7,0x3f,0xd7,
    0xbf,0xef,0xbf,0xef,0x7f,0xe7,0x5f,0xdf,0x5f,0xdf,0x5f,0xdf,0x3e,0xd7,0x3e,0xd7,
    0x1e,0xcf,0xfe,0xce,0xde,0xc6,0xde,0xc6,0xde,0xc6,0xbe,0xbe,0xbe,0xbe,0xbe,0xbe,
    0xbe,0xbe,0xbe,0xbe,0xbe,0xbe,0xbe,0xbe,0xbe,0xbe,0xbe,0xbe,0xbe,0xbe,0xbe,0xbe,
    0xbe,0xbe,0xbe,0xbe,0xbe,0xbe,0xbe,0xbe,0xbe,0xbe,0xbe,0xbe,0xde,0xc6,0xde,0xc6,
    0xbe,0xbe,0xbe,0xbe,0xbe,0xbe,0xbe,0xbe,0xbe,0xbe,0xde,0xc6,0xfe,0xc6,0x1e,0xcf,
    0x1e,0xd7,0x3f,0xd7,0x5f,0xdf,0x7f,0xdf,0x7f,0xdf,0x7f,0xdf,0x9f,0xe7,0xdf,0xf7,
    0x7f,0xe7,0x5f,0xdf,0xbf,0xf7,0xbf,0xf7,0x3f,0xd7,0xbf,0xef,0xbf,0xef,0x7f,0xe7,
    0x5f,0xdf,0x5f,0xdf,0x5f,0xdf,0x5e,0xdf,0x3f,0xdf,0x3e,0xd7,0x1e,0xd7,0x1e,0xcf,
    0x1e,0xcf,0xfe,0xce,0xfe,0xce,0xfe,0xce,0xfe,0xce,0xfe,0xce,0xfe,0xce,0xfe,0xce,
    0xfe,0xce,0xfe,0xce,0xfe,0xce,0xfe,0xce,0xfe,0xce,0xfe,0xce,0xfe,0xce,0xfe,0xce,
    0xfe,0xce,0xfe,0xce,0xfe,0xce,0xfe,0xce,0xfe,0xce,0xfe,0xce,0xfe,0xce,0xfe,0xce,
    0xfe,0xce,0xfe,0xce,0x1e,0xcf,0x1e,0xcf,0x3f,0xd7,0x3f,0xd7,0x5f,0xdf,0x5f,0xdf,
    0x7f,0xdf,0x7f,0xdf,0x7f,0xdf,0x7f,0xe7,0xbf,0xf7,0x7f,0xe7,0x5f,0xdf,0xbf,0xf7,
    0xbf,0xf7,0x3f,0xd7,0xbf,0xef,0xbf,0xef,0x7f,0xe7,0x5f,0xdf,0x5f,0xdf,0x5f,0xdf,
    0x5f,0xdf,0x5e,0xdf,0x3e,0xdf,0x3e,0xd7,0x3e,0xd7,0x3e,0xd7,0x3e,0xd7,0x1e,0xd7,
    0x1e,0xd7,0x1e,0xd7,0x1e,0xd7,0x1e,0xd7,0x1e,0xd7,0x1e,0xd7,0x1e,0xd7,0x1e,0xd7,
    0x1e,0xd7,0x1e,0xd7,0x1e,0xd7,0x1e,0xd7,0x3e,0xd7,0x3f,0xd7,0x3e,0xd7,0x3f,0xd7,
    0x3f,0xd7,0x3f,0xd7,0x3e,0xd7,0x3f,0xd7,0x3f,0xd7,0x3e,0xd7,0x3e,0xd7,0x3f,0xd7,
    0x3f,0xd7,0x5f,0xdf,0x5f,0xdf,0x5f,0xdf,0x5f,0xdf,0x7f,0xdf,0x7f,0xdf,0x7f,0xdf,
    0x7f,0xe7,0xbf,0xf7,0x7f,0xe7,0x5f,0xdf,0xbf,0xf7,0xbf,0xf7,0x3f,0xd7,0xbf,0xef,
    0xbf,0xef,0x5f,0xdf,0x5f,0xdf,0x5f,0xdf,0x5f,0xdf,0x5e,0xdf,0x5e,0xdf,0x5e,0xdf,
    0x5e,0xdf,0x5e,0xdf,0x3e,0xd7,0x3e,0xd7,0x3e,0xd7,0x3e,0xd7,0x3e,0xd7,0x3f,0xd7,
    0x3f,0xd7,0x3f,0xd7,0x3f,0xd7,0x3f,0xd7,0x3f,0xd7,0x3f,0xd7,0x3f,0xd7,0x3f,0xd7,
    0x3f,0xd7,0x3f,0xd7,0x5f,0xd7,0x5f,0xdf,0x5f,0xd7,0x5f,0xdf,0x5f,0xdf,0x3f,0xd7,
    0x5f,0xd7,0x5f,0xdf,0x5f,0xdf,0x5f,0xdf,0x5f,0xdf,0x5f,0xdf,0x5f,0xdf,0x5f,0xdf,
    0x7f,0xdf,0x7f,0xdf,0x7f,0xdf,0x7f,0xdf,0x7f,0xdf,0x7f,0xe7,0xbf,0xf7,0x7f,0xe7,
    0x5f,0xdf,0xbf,0xf7,0xbf,0xf7,0x3f,0xd7,0xbf,0xef,0x9f,0xef,0x5f,0xdf,0x5f,0xdf,
    0x5e,0xdf,0x5e,0xdf,0x5e,0xdf,0x5e,0xdf,0x5e,0xdf,0x5e,0xdf,0x5e,0xdf,0x5f,0xdf,
    0x5f,0xdf,0x5f,0xdf,0x5f,0xdf,0x5f,0xdf,0x5f,0xdf,0x5f,0xdf,0x5f,0xdf,0x5f,0xdf,
    0x5f,0xdf,0x5f,0xdf,0x5f,0xdf,0x5f,0xdf,0x5f,0xdf,0x5f,0xdf,0x5f,0xdf,0x5f,0xdf,
    0x5f,0xdf,0x5f,0xdf,0x5f,0xdf,0x5f,0xdf,0x5f,0xdf,0x5f,0xdf,0x5f,0xdf,0x5f,0xdf,
    0x5f,0xdf,0x7f,0xdf,0x7f,0xdf,0x7f,0xdf,0x7f,0xdf,0x7f,0xdf,0x7f,0xdf,0x7f,0xdf,
    0x7f,0xdf,0x7f,0xdf,0x7f,0xe7,0xbf,0xef,0x7f,0xdf,0x5f,0xdf,0xbf,0xf7,0xbf,0xf7,
    0x3f,0xd7,0xbf,0xef,0x9f,0xef,0x7f,0xdf,0x5f,0xdf,0x5e,0xdf,0x5e,0xdf,0x5e,0xdf,
    0x5e,0xdf,0x5e,0xdf,0x5e,0xdf,0x5e,0xdf,0x5f,0xdf,0x5f,0xdf,0x5e,0xdf,0x5f,0xdf,
    0x5f,0xdf,0x5f,0xdf,0x5f,0xdf,0x5f,0xdf,0x5f,0xdf,0x5f,0xdf,0x5f,0xdf,0x5f,0xdf,
    0x5f,0xdf,0x5f,0xdf,0x5f,0xdf,0x7f,0xdf,0x5f,0xdf,0x5f,0xdf,0x5f,0xdf,0x7f,0xdf,
    0x7f,0xdf,0x7f,0xdf,0x7f,0xdf,0x5f,0xdf,0x7f,0xdf,0x7f,0xdf,0x7f,0xdf,0x7f,0xdf,
    0x7f,0xdf,0x7f,0xdf,0x7f,0xdf,0x7f,0xdf,0x7f,0xdf,0x7f,0xdf,0x7f,0xdf,0x7f,0xe7,
    0xbf,0xef,0x7f,0xdf,0x5f,0xdf,0xbf,0xf7,0xbf,0xf7,0x3f,0xd7,0xbf,0xef,0x9f,0xef,
    0x7f,0xe7,0x5f,0xdf,0x5e,0xdf,0x5e,0xdf,0x5e,0xdf,0x5e,0xdf,0x5e,0xdf,0x5e,0xdf,
    0x5e,0xdf,0x5e,0xdf,0x5e,0xdf,0x5f,0xdf,0x5f,0xdf,0x5f,0xdf,0x5f,0xdf,0x5f,0xdf,
    0x5f,0xdf,0x5f,0xdf,0x5f,0xdf,0x5f,0xdf,0x5f,0xdf,0x5f,0xdf,0x5f,0xdf,0x7f,0xdf,
    0x7f,0xdf,0x5f,0xdf,0x7f,0xdf,0x5f,0xdf,0x5f,0xdf,0x7f,0xdf,0x7f,0xdf,0x7f,0xdf,
    0x5f,0xdf,0x5f,0xdf,0x7f,0xdf,0x7f,0xdf,0x7f,0xdf,0x7f,0xdf,0x7f,0xdf,0x7f,0xdf,
    0x7f,0xdf,0x7f,0xdf,0x7f,0xdf,0x7f,0xdf,0x7f,0xe7,0xbf,0xef,0x7f,0xdf,0x5f,0xdf,
    0xbf,0xf7,0xbf,0xf7,0x3f,0xd7,0xbf,0xef,0x9f,0xef,0x7f,0xe7,0x5f,0xdf,0x5e,0xdf,
    0x5e,0xdf,0x5e,0xdf,0x5e,0xdf,0x5e,0xdf,0x5e,0xdf,0x5e,0xdf,0x5e,0xdf,0x5e,0xdf,
    0x5e,0xdf,0x5e,0xdf,0x5f,0xdf,0x5f,0xdf,0x5f,0xdf,0x5f,0xdf,0x5f,0xdf,0x5f,0xdf,
    0x7f,0xdf,0x5f,0xdf,0x5f,0xdf,0x5f,0xdf,0x5f,0xdf,0x7f,0xdf,0x7f,0xdf,0x7f,0xdf,
    0x5f,0xdf,0x5f,0xdf,0x5f,0xdf,0x7f,0xdf,0x7f,0xdf,0x7f,0xdf,0x7f,0xdf,0x7f,0xdf,
    0x7f,0xdf,0x7f,0xdf,0x7f,0xdf,0x7f,0xdf,0x7f,0xdf,0x7f,0xdf,0x7f,0xdf,0x7f,0xdf,
    0x7f,0xdf,0x7f,0xe7,0xbf,0xef,0x7f,0xdf,0x5f,0xdf,0xbf,0xf7,0xbf,0xf7,0x3f,0xd7,
    0xbf,0xef,0x9f,0xef,0x7f,0xe7,0x5f,0xdf,0x5e,0xdf,0x5e,0xdf,0x5e,0xdf,0x5e,0xdf,
    0x5e,0xdf,0x5e,0xdf,0x5e,0xdf,0x5e,0xdf,0x5e,0xdf,0x5e,0xdf,0x5e,0xdf,0x5f,0xdf,
    0x5f,0xdf,0x5f,0xdf,0x5f,0xdf,0x5f,0xdf,0x5f,0xdf,0x7f,0xdf,0x7f,0xdf,0x5f,0xdf,
    0x7f,0xdf,0x7f,0xdf,0x7f,0xdf,0x5f,0xdf,0x5f,0xdf,0x5f,0xdf,0x5f,0xdf,0x5f,0xdf,
    0x7f,0xdf,0x7f,0xdf,0x7f,0xdf,0x7f,0xdf,0x7f,0xdf,0x7f,0xdf,0x7f,0xdf,0x7f,0xdf,
    0x7f,0xdf,0x7f,0xdf,0x7f,0xdf,0x7f,0xdf,0x7f,0xdf,0x7f,0xdf,0x7f,0xe7,0xbf,0xef,
    0x7f,0xe7,0x5f,0xd7,0xbf,0xf7,0xbf,0xf7,0x3f,0xd7,0xbf,0xef,0x9f,0xef,0x7f,0xe7,
    0x5f,0xdf,0x5e,0xdf,0x5e,0xdf,0x5e,0xdf,0x5e,0xdf,0x5e,0xdf,0x5e,0xdf,0x5e,0xdf,
    0x5e,0xdf,0x5e,0xdf,0x5e,0xdf,0x5e,0xdf,0x5f,0xdf,0x5f,0xdf,0x5f,0xdf,0x5f,0xdf,
    0x5f,0xdf,0x5f,0xdf,0x7f,0xdf,0x7f,0xdf,0x7f,0xdf,0x5f,0xdf,0x7f,0xdf,0x7f,0xdf,
    0x7f,0xdf,0x7f,0xdf,0x7f,0xdf,0x5f,0xdf,0x7f,0xdf,0x7f,0xdf,0x7f,0xdf,0x7f,0xdf,
    0x7f,0xdf,0x7f,0xdf,0x7f,0xdf,0x7f,0xdf,0x7f,0xdf,0x7f,0xdf,0x7f,0xdf,0x7f,0xdf,
    0x7f,0xdf,0x7f,0xdf,0x7f,0xdf,0x7f,0xe7,0xbf,0xef,0x7f,0xe7,0x5f,0xd7,0xbf,0xf7,
    0xbf,0xf7,0x3f,0xd7,0xbf,0xef,0x9f,0xef,0x7f,0xe7,0x5f,0xdf,0x5e,0xdf,0x5e,0xdf,
    0x5e,0xdf,0x5e,0xdf,0x5e,0xdf,0x5e,0xdf,0x5e,0xdf,0x5e,0xdf,0x5e,0xdf,0x5e,0xdf,
    0x5f,0xdf,0x5f,0xdf,0x5f,0xdf,0x5f,0xdf,0x5f,0xdf,0x5f,0xdf,0x5f,0xdf,0x7f,0xdf,
    0x7f,0xdf,0x7f,0xdf,0x5f,0xdf,0x5f,0xdf,0x7f,0xdf,0x7f,0xdf,0x7f,0xdf,0x7f,0xdf,
    0x7f,0xdf,0x7f,0xdf,0x7f,0xdf,0x7f,0xdf,0x7f,0xdf,0x7f,0xdf,0x7f,0xdf,0x7f,0xdf,
    0x7f,0xdf,0x7f,0xdf,0x7f,0xdf,0x7f,0xdf,0x7f,0xdf,0x7f,0xdf,0x7f,0xdf,0x7f,0xdf,
    0x7f,0xe7,0xbf,0xef,0x7f,0xe7,0x5f,0xd7,0xbf,0xf7,0xbf,0xf7,0x3f,0xd7,0xbf,0xef,
    0x9f,0xef,0x7f,0xe7,0x5f,0xdf,0x5e,0xdf,0x5e,0xdf,0x5e,0xdf,0x5e,0xdf,0x5e,0xdf,
    0x5e,0xdf,0x5e,0xdf,0x5e,0xdf,0x5e,0xdf,0x5e,0xdf,0x5e,0xdf,0x5f,0xdf,0x5f,0xdf,
    0x5f,0xdf,0x5f,0xdf,0x5f,0xdf,0x7f,0xdf,0x5f,0xdf,0x7f,0xdf,0x5f,0xdf,0x5f,0xdf,
    0x5f,0xdf,0x7f,0xdf,0x7f,0xdf,0x7f,0xdf,0x7f,0xdf,0x7f,0xdf,0x7f,0xdf,0x7f,0xdf,
    0x7f,0xdf,0x7f,0xdf,0x7f,0xdf,0x7f,0xdf,0x7f,0xdf,0x7f,0xdf,0x7f,0xdf,0x7f,0xdf,
    0x7f,0xdf,0x7f,0xdf,0x7f,0xdf,0x7f,0xdf,0x7f,0xdf,0x7f,0xe7,0xbf,0xef,0x7f,0xe7,
    0x5f,0xd7,0xbf,0xf7,0xbf,0xf7,0x3f,0xd7,0xbf,0xef,0x9f,0xef,0x7f,0xe7,0x5f,0xdf,
    0x5e,0xdf,0x5e,0xdf,0x5e,0xdf,0x5e,0xdf,0x5e,0xdf,0x5e,0xdf,0x5e,0xdf,0x5e,0xdf,
    0x5e,0xdf,0x5f,0xdf,0x5f,0xdf,0x5f,0xdf,0x5f,0xdf,0x5f,0xdf,0x5f,0xdf,0x5f,0xdf,
    0x5f,0xdf,0x5f,0xdf,0x7f,0xdf,0x5f,0xdf,0x5f,0xdf,0x5f,0xdf,0x7f,0xdf,0x7f,0xdf,
    0x7f,0xdf,0x7f,0xdf,0x7f,0xdf,0x7f,0xdf,0x7f,0xdf,0x7f,0xdf,0x7f,0xdf,0x7f,0xdf,
    0x7f,0xdf,0x7f,0xdf,0x7f,0xdf,0x7f,0xdf,0x7f,0xdf,0x7f,0xdf,0x7f,0xdf,0x7f,0xdf,
    0x7f,0xdf,0x7f,0xdf,0x7f,0xe7,0xbf,0xef,0x7f,0xe7,0x5f,0xd7,0xbf,0xf7,0xbf,0xf7,
    0x3f,0xd7,0xbf,0xef,0x9f,0xef,0x7f,0xdf,0x5f,0xdf,0x5e,0xdf,0x5e,0xdf,0x5e,0xdf,
    0x5e,0xdf,0x5e,0xdf,0x5e,0xdf,0x5e,0xdf,0x5f,0xdf,0x5f,0xdf,0x5f,0xdf,0x5f,0xdf,
    0x5f,0xdf,0x5f,0xdf,0x5f,0xdf,0x5f,0xdf,0x5f,0xdf,0x5f,0xdf,0x7f,0xdf,0x7f,0xdf,
    0x5f,0xdf,0x7f,0xdf,0x7f,0xdf,0x7f,0xdf,0x7f,0xdf,0x7f,0xdf,0x7f,0xdf,0x7f,0xdf,
    0x7f,0xdf,0x7f,0xdf,0x7f,0xdf,0x7f,0xdf,0x7f,0xdf,0x7f,0xdf,0x7f,0xdf,0x7f,0xdf,
    0x7f,0xdf,0x7f,0xdf,0x7f,0xdf,0x7f,0xdf,0x7f,0xdf,0x7f,0xdf,0x7f,0xdf,0x7f,0xe7,
    0xbf,0xef,0x7f,0xe7,0x5f,0xd7,0xbf,0xf7,0xbf,0xf7,0x3f,0xd7,0xbf,0xef,0x9f,0xef,
    0x7f,0xe7,0x5f,0xdf,0x5e,0xdf,0x5e,0xdf,0x5e,0xdf,0x5e,0xdf,0x5e,0xdf,0x5e,0xdf,
    0x5e,0xdf,0x5e,0xdf,0x5f,0xdf,0x5f,0xdf,0x5f,0xdf,0x5f,0xdf,0x5f,0xdf,0x5f,0xdf,
    0x5f,0xdf,0x5f,0xdf,0x5f,0xdf,0x7f,0xdf,0x7f,0xdf,0x7f,0xdf,0x7f,0xdf,0x7f,0xdf,
    0x7f,0xdf,0x7f,0xdf,0x7f,0xdf,0x7f,0xdf,0x7f,0xdf,0x7f,0xdf,0x7f,0xdf,0x7f,0xdf,
    0x7f,0xdf,0x7f,0xdf,0x7f,0xdf,0x7f,0xdf,0x7f,0xdf,0x7f,0xdf,0x7f,0xdf,0x7f,0xdf,
    0x7f,0xdf,0x7f,0xdf,0x7f,0xdf,0x7f,0xdf,0x7f,0xe7,0xbf,0xef,0x9f,0xe7,0x5f,0xd7,
    0xbf,0xf7,0xbf,0xf7,0x3f,0xd7,0xbf,0xef,0x9f,0xef,0x7f,0xe7,0x5f,0xdf,0x5f,0xdf,
    0x5e,0xdf,0x5e,0xdf,0x5e,0xdf,0x5e,0xdf,0x5f,0xdf,0x5e,0xdf,0x5f,0xdf,0x5f,0xdf,
    0x5f,0xdf,0x5f,0xdf,0x5f,0xdf,0x5f,0xdf,0x5f,0xdf,0x5f,0xdf,0x7f,0xdf,0x7f,0xdf,
    0x7f,0xdf,0x7f,0xdf,0x7f,0xdf,0x7f,0xdf,0x7f,0xdf,0x7f,0xdf,0x7f,0xdf,0x7f,0xdf,
    0x7f,0xdf,0x7f,0xdf,0x7f,0xdf,0x7f,0xdf,0x7f,0xdf,0x7f,0xdf,0x7f,0xdf,0x7f,0xdf,
    0x7f,0xdf,0x7f,0xdf,0x7f,0xdf,0x7f,0xdf,0x7f,0xdf,0x7f,0xdf,0x7f,0xdf,0x7f,0xdf,
    0x7f,0xdf,0x7f,0xe7,0xbf,0xef,0x9f,0xe7,0x5f,0xd7,0xbf,0xf7,0xbf,0xf7,0x3f,0xd7,
    0xbf,0xef,0x9f,0xef,0x7f,0xe7,0x5f,0xdf,0x5f,0xdf,0x5f,0xdf,0x5e,0xdf,0x5e,0xdf,
    0x5e,0xdf,0x5f,0xdf,0x5f,0xdf,0x5f,0xdf,0x5f,0xdf,0x5f,0xdf,0x5f,0xdf,0x5f,0xdf,
    0x5f,0xdf,0x5f,0xdf,0x7f,0xdf,0x7f,0xdf,0x7f,0xdf,0x7f,0xdf,0x7f,0xdf,0x7f,0xdf,
    0x7f,0xdf,0x7f,0xdf,0x7f,0xdf,0x7f,0xdf,0x7f,0xdf,0x7f,0xdf,0x7f,0xdf,0x7f,0xdf,
    0x7f,0xdf,0x7f,0xdf,0x7f,0xdf,0x7f,0xdf,0x7f,0xdf,0x7f,0xdf,0x7f,0xdf,0x7f,0xdf,
    0x7f,0xdf,0x7f,0xdf,0x7f,0xdf,0x7f,0xdf,0x7f,0xdf,0x7f,0xdf,0x7f,0xe7,0xbf,0xef,
    0x7f,0xe7,0x5f,0xd7,0xbf,0xf7,0xbf,0xf7,0x3f,0xcf,0xbf,0xef,0xbf,0xef,0x7f,0xe7,
    0x5f,0xdf,0x5f,0xdf,0x5e,0xdf,0x5e,0xdf,0x5e,0xdf,0x5f,0xdf,0x5f,0xdf,0x5f,0xdf,
    0x5f,0xdf,0x5f,0xdf,0x5f,0xdf,0x5f,0xdf,0x5f,0xdf,0x5f,0xdf,0x7f,0xdf,0x7f,0xdf,
    0x7f,0xdf,0x7f,0xdf,0x7f,0xdf,0x7f,0xdf,0x7f,0xdf,0x7f,0xdf,0x7f,0xdf,0x7f,0xdf,
    0x7f,0xdf,0x7f,0xdf,0x7f,0xdf,0x7f,0xdf,0x7f,0xdf,0x7f,0xdf,0x7f,0xdf,0x7f,0xdf,
    0x7f,0xdf,0x7f,0xdf,0x7f,0xdf,0x7f,0xdf,0x7f,0xdf,0x7f,0xdf,0x7f,0xdf,0x7f,0xdf,
    0x7f,0xdf,0x7f,0xdf,0x7f,0xdf,0x9f,0xe7,0xbf,0xef,0x7f,0xdf,0x3f,0xd7,0xbf,0xf7,
    0xdf,0xf7,0x1f,0xcf,0x9f,0xe7,0xbf,0xf7,0x7f,0xe7,0x7f,0xe7,0x5f,0xdf,0x5f,0xdf,
    0x5f,0xdf,0x5f,0xdf,0x5f,0xdf,0x5f,0xdf,0x5f,0xdf,0x5f,0xdf,0x5f,0xdf,0x5f,0xdf,
    0x5f,0xdf,0x5f,0xdf,0x7f,0xdf,0x7f,0xdf,0x7f,0xdf,0x7f,0xdf,0x7f,0xdf,0x7f,0xdf,
    0x7f,0xdf,0x7f,0xdf,0x7f,0xdf,0x7f,0xdf,0x7f,0xdf,0x7f,0xdf,0x7f,0xdf,0x7f,0xdf,
    0x7f,0xdf,0x7f,0xdf,0x7f,0xdf,0x7f,0xdf,0x7f,0xdf,0x7f,0xdf,0x7f,0xdf,0x7f,0xdf,
    0x7f,0xdf,0x7f,0xdf,0x7f,0xdf,0x7f,0xdf,0x7f,0xdf,0x7f,0xdf,0x7f,0xdf,0x7f,0xe7,
    0x9f,0xe7,0xdf,0xef,0x5f,0xd7,0x3f,0xd7,0xbf,0xf7,0xdf,0xf7,0x3f,0xd7,0x7f,0xdf,
    0xdf,0xf7,0x9f,0xef,0x7f,0xe7,0x7f,0xdf,0x5f,0xdf,0x5f,0xdf,0x5f,0xdf,0x5f,0xdf,
    0x5f,0xdf,0x5f,0xdf,0x5f,0xdf,0x7f,0xdf,0x5f,0xdf,0x5f,0xdf,0x5f,0xdf,0x7f,0xdf,
    0x7f,0xdf,0x7f,0xdf,0x7f,0xdf,0x7f,0xdf,0x7f,0xdf,0x7f,0xdf,0x7f,0xdf,0x7f,0xdf,
    0x7f,0xdf,0x7f,0xdf,0x7f,0xdf,0x7f,0xdf,0x7f,0xdf,0x7f,0xdf,0x7f,0xdf,0x7f,0xdf,
    0x7f,0xdf,0x7f,0xdf,0x7f,0xdf,0x7f,0xdf,0x7f,0xdf,0x7f,0xdf,0x7f,0xdf,0x7f,0xdf,
    0x7f,0xdf,0x7f,0xdf,0x7f,0xdf,0x7f,0xdf,0x9f,0xe7,0xbf,0xef,0xbf,0xef,0x5f,0xd7,
    0x3f,0xd7,0xbf,0xf7,0xdf,0xf7,0x5f,0xdf,0x5f,0xd7,0xdf,0xf7,0xbf,0xef,0x9f,0xe7,
    0x7f,0xe7,0x7f,0xe7,0x7f,0xdf,0x5f,0xdf,0x7f,0xdf,0x7f,0xdf,0x7f,0xdf,0x7f,0xdf,
    0x7f,0xdf,0x7f,0xdf,0x7f,0xdf,0x7f,0xdf,0x7f,0xdf,0x7f,0xdf,0x7f,0xdf,0x7f,0xdf,
    0x7f,0xdf,0x7f,0xdf,0x7f,0xdf,0x7f,0xdf,0x7f,0xe7,0x7f,0xe7,0x7f,0xe7,0x7f,0xdf,
    0x7f,0xdf,0x7f,0xdf,0x7f,0xdf,0x7f,0xdf,0x7f,0xdf,0x7f,0xdf,0x7f,0xdf,0x7f,0xdf,
    0x7f,0xdf,0x7f,0xdf,0x7f,0xdf,0x7f,0xdf,0x7f,0xdf,0x7f,0xdf,0x7f,0xdf,0x7f,0xdf,
    0x9f,0xe7,0x9f,0xe7,0xbf,0xef,0x9f,0xe7,0x7f,0xdf,0x5f,0xdf,0xdf,0xf7,0xdf,0xff,
    0x7f,0xe7,0x7f,0xdf,0x9f,0xe7,0xdf,0xf7,0xbf,0xef,0x9f,0xe7,0x7f,0xe7,0x7f,0xe7,
    0x7f,0xe7,0x7f,0xe7,0x7f,0xe7,0x7f,0xdf,0x7f,0xdf,0x7f,0xdf,0x7f,0xdf,0x7f,0xdf,
    0x7f,0xdf,0x7f,0xe7,0x7f,0xe7,0x7f,0xdf,0x7f,0xdf,0x7f,0xdf,0x7f,0xdf,0x7f,0xdf,
    0x7f,0xdf,0x7f,0xe7,0x7f,0xe7,0x7f,0xe7,0x7f,0xe7,0x7f,0xe7,0x7f,0xe7,0x7f,0xe7,
    0x7f,0xe7,0x7f,0xe7,0x7f,0xdf,0x7f,0xdf,0x7f,0xdf,0x7f,0xdf,0x7f,0xdf,0x7f,0xdf,
    0x7f,0xdf,0x7f,0xdf,0x7f,0xdf,0x7f,0xdf,0x7f,0xe7,0x9f,0xe7,0xbf,0xef,0xbf,0xef,
    0x7f,0xdf,0x9f,0xe7,0x7f,0xe7,0xdf,0xff,0xff,0xff,0x9f,0xef,0x7f,0xe7,0x9f,0xdf,
    0xbf,0xef,0xdf,0xf7,0xbf,0xef,0x9f,0xe7,0x7f,0xe7,0x7f,0xe7,0x7f,0xe7,0x7f,0xe7,
    0x7f,0xe7,0x7f,0xe7,0x7f,0xdf,0x7f,0xdf,0x7f,0xe7,0x7f,0xe7,0x7f,0xe7,0x7f,0xdf,
    0x7f,0xdf,0x7f,0xdf,0x7f,0xdf,0x7f,0xdf,0x7f,0xdf,0x7f,0xe7,0x7f,0xe7,0x7f,0xe7,
    0x7f,0xe7,0x7f,0xe7,0x7f,0xe7,0x9f,0xe7,0x9f,0xe7,0x7f,0xe7,0x7f,0xe7,0x7f,0xe7,
    0x7f,0xdf,0x7f,0xdf,0x7f,0xdf,0x7f,0xdf,0x7f,0xdf,0x7f,0xdf,0x7f,0xdf,0x7f,0xdf,
    0x9f,0xe7,0x9f,0xe7,0xbf,0xef,0xbf,0xef,0x7f,0xdf,0xbf,0xe7,0x5f,0xe7,0x9f,0xef,
    0xff,0xff,0xff,0xff,0xbf,0xf7,0x5e,0xdf,0x9f,0xe7,0x7f,0xdf,0xbf,0xef,0xdf,0xf7,
    0xbf,0xef,0x9f,0xe7,0x9f,0xe7,0x7f,0xe7,0x7f,0xe7,0x7f,0xe7,0x7f,0xe7,0x7f,0xe7,
    0x7f,0xe7,0x7f,0xe7,0x7f,0xe7,0x7f,0xe7,0x7f,0xe7,0x7f,0xe7,0x7f,0xe7,0x7f,0xe7,
    0x7f,0xe7,0x7f,0xe7,0x7f,0xe7,0x9f,0xe7,0x9f,0xe7,0x9f,0xe7,0x9f,0xe7,0x9f,0xe7,
    0x9f,0xe7,0x9f,0xe7,0x9f,0xe7,0x7f,0xe7,0x7f,0xe7,0x7f,0xe7,0x7f,0xe7,0x7f,0xe7,
    0x7f,0xe7,0x7f,0xe7,0x7f,0xe7,0x7f,0xe7,0x9f,0xe7,0x9f,0xe7,0xbf,0xef,0xdf,0xef,
    0x7f,0xdf,0x9f,0xe7,0x9f,0xef,0x5e,0xdf,0xbf,0xf7,0xff,0xff,0xff,0xff,0xdf,0xff,
    0x7f,0xef,0x3e,0xdf,0xbf,0xef,0x7f,0xdf,0x9f,0xe7,0xdf,0xf7,0xdf,0xf7,0xbf,0xef,
    0xbf,0xef,0x9f,0xef,0x9f,0xef,0x9f,0xef,0x9f,0xef,0x9f,0xef,0x9f,0xef,0xbf,0xef,
    0xbf,0xef,0xbf,0xef,0x9f,0xef,0xbf,0xef,0xbf,0xef,0x9f,0xef,0xbf,0xef,0xbf,0xef,
    0xbf,0xef,0xbf,0xef,0xbf,0xef,0xbf,0xef,0xbf,0xef,0xbf,0xef,0xbf,0xef,0xbf,0xef,
    0xbf,0xef,0xbf,0xef,0x9f,0xe7,0xbf,0xef,0xbf,0xef,0xbf,0xef,0x9f,0xe7,0x9f,0xe7,
    0xbf,0xef,0xbf,0xef,0xdf,0xef,0xbf,0xef,0x7f,0xdf,0x7f,0xdf,0xbf,0xef,0x1e,0xd7,
    0x9f,0xef,0xdf,0xff,0xff,0xff,0xff,0xff,0xff,0xff,0xbf,0xf7,0x5e,0xe7,0x1e,0xd7,
    0x9f,0xe7,0x9f,0xe7,0x7f,0xdf,0x7f,0xe7,0x9f,0xe7,0xbf,0xef,0xbf,0xef,0xbf,0xef,
    0xbf,0xef,0xbf,0xef,0xbf,0xef,0xbf,0xef,0xbf,0xef,0xbf,0xef,0xbf,0xef,0xbf,0xef,
    0xbf,0xef,0xbf,0xef,0xbf,0xef,0xbf,0xef,0xbf,0xef,0xbf,0xef,0xbf,0xef,0xbf,0xef,
    0xbf,0xef,0xbf,0xef,0xbf,0xef,0xbf,0xef,0xbf,0xef,0xbf,0xef,0xbf,0xef,0xbf,0xef,
    0xbf,0xef,0xbf,0xef,0xbf,0xef,0xbf,0xef,0xbf,0xef,0xbf,0xef,0x9f,0xe7,0x7f,0xdf,
    0x5f,0xd7,0x9f,0xe7,0x9f,0xe7,0x1e,0xd7,0x5f,0xe7,0xbf,0xf7,0xff,0xff,0xff,0xff,
    0xff,0xff,0xff,0xff,0xdf,0xff,0xbf,0xef,0x5f,0xe7,0x1e,0xd7,0x5f,0xdf,0xbf,0xef,
    0xbf,0xe7,0x9f,0xe7,0x9f,0xe7,0x9f,0xdf,0x9f,0xdf,0x7f,0xdf,0x7f,0xdf,0x7f,0xdf,
    0x9f,0xdf,0x9f,0xdf,0x9f,0xdf,0x7f,0xdf,0x7f,0xdf,0x7f,0xdf,0x7f,0xdf,0x7f,0xdf,
    0x9f,0xdf,0x9f,0xdf,0x9f,0xdf,0x9f,0xdf,0x9f,0xdf,0x9f,0xdf,0x9f,0xdf,0x9f,0xdf,
    0x7f,0xdf,0x7f,0xdf,0x7f,0xdf,0x7f,0xdf,0x7f,0xdf,0x7f,0xdf,0x7f,0xdf,0x7f,0xdf,
    0x7f,0xdf,0x7f,0xdf,0x7f,0xdf,0x7f,0xdf,0x9f,0xdf,0x9f,0xe7,0x3e,0xd7,0xfe,0xd6,
    0x5e,0xe7,0xbf,0xf7,0xff,0xff,0xff,0xff,0xff,0xff,0xff,0xff,0xff,0xff,0xff,0xff,
    0xdf,0xff,0xbf,0xf7,0x7f,0xe7,0x3e,0xd7,0xfe,0xce,0x1e,0xd7,0x3f,0xdf,0x5f,0xdf,
    0x5f,0xdf,0x5f,0xdf,0x5f,0xdf,0x5f,0xdf,0x5f,0xdf,0x5f,0xdf,0x5f,0xdf,0x5f,0xdf,
    0x5f,0xdf,0x5f,0xdf,0x5f,0xdf,0x5f,0xdf,0x5f,0xdf,0x5f,0xdf,0x5f,0xdf,0x5f,0xdf,
    0x5f,0xdf,0x5f,0xdf,0x5f,0xdf,0x5f,0xdf,0x5f,0xdf,0x5f,0xdf,0x5f,0xdf,0x5f,0xdf,
    0x5f,0xdf,0x5f,0xdf,0x5f,0xdf,0x5f,0xdf,0x5f,0xdf,0x5f,0xdf,0x5f,0xdf,0x5f,0xdf,
    0x3f,0xd7,0x1e,0xcf,0xfe,0xce,0x3e,0xd7,0x7f,0xe7,0xbf,0xf7,0xff,0xff,0xff,0xff,
    0xff,0xff,0xff,0xff,0xff,0xff,0xff,0xff,0xff,0xff,0xff,0xff,0xff,0xff,0xdf,0xf7,
    0x9f,0xef,0x7f,0xe7,0x3e,0xdf,0x1e,0xd7,0x1e,0xd7,0x1e,0xd7,0x1e,0xd7,0x1e,0xd7,
    0x1e,0xd7,0x1e,0xd7,0x1e,0xd7,0x1e,0xd7,0x1e,0xd7,0x1e,0xd7,0x1e,0xd7,0x1e,0xd7,
    0x1e,0xd7,0x1e,0xd7,0x1e,0xd7,0x1e,0xd7,0x1e,0xd7,0x1e,0xd7,0x1e,0xd7,0x1e,0xd7,
    0x1e,0xd7,0x1e,0xd7,0x1e,0xd7,0x1e,0xd7,0x1e,0xd7,0x1e,0xd7,0x1e,0xd7,0x1e,0xd7,
    0x1e,0xd7,0x1e,0xd7,0x1e,0xd7,0x1e,0xd7,0x1e,0xd7,0x3e,0xd7,0x3e,0xdf,0x7f,0xe7,
    0x9f,0xef,0xdf,0xf7,0xff,0xff,0xff,0xff,0xff,0xff,0xff,0xff,0xff,0xff,0xff,0xff,
    0xff,0xff,0xff,0xff,0xff,0xff,0xff,0xff,0xff,0xff,0xff,0xff,0xdf,0xf7,0xbf,0xf7,
    0x9f,0xef,0x9f,0xef,0x9f,0xef,0x9f,0xef,0x9f,0xef,0x9f,0xef,0x9f,0xef,0x9f,0xef,
    0x9f,0xef,0x9f,0xef,0x7f,0xef,0x7f,0xe7,0x7f,0xe7,0x7f,0xe7,0x7f,0xef,0x7f,0xef,
    0x7f,0xef,0x9f,0xef,0x9f,0xef,0x9f,0xef,0x9f,0xef,0x9f,0xef,0x9f,0xef,0x9f,0xef,
    0x9f,0xef,0x9f,0xef,0x9f,0xef,0x9f,0xef,0x9f,0xef,0x9f,0xef,0x9f,0xef,0x9f,0xef,
    0x9f,0xef,0x9f,0xef,0x9f,0xef,0xbf,0xf7,0xdf,0xf7,0xff,0xff,0xff,0xff,0xff,0xff,
    0xff,0xff,0xff,0xff,0xff,0xff,0xff,0xff,0xff,0xff,0xff,0xff,0xff,0xff,0xff,0xff,
    0xff,0xff,0xff,0xff,0xff,0xff,0xff,0xff,0xff,0xff,0xff,0xff,0xff,0xff,0xff,0xff,
    0xff,0xff,0xff,0xff,0xff,0xff,0xff,0xff,0xff,0xff,0xff,0xff,0xff,0xff,0xff,0xff,
    0xff,0xff,0xff,0xff,0xff,0xff,0xff,0xff,0xff,0xff,0xff,0xff,0xff,0xff,0xff,0xff,
    0xff,0xff,0xff,0xff,0xff,0xff,0xff,0xff,0xff,0xff,0xff,0xff,0xff,0xff,0xff,0xff,
    0xff,0xff,0xff,0xff,0xff,0xff,0xff,0xff,0xff,0xff,0xff,0xff,0xff,0xff,0xff,0xff,
    0xff,0xff,0xff,0xff,0xff,0xff,0xff,0xff,0xff,0xff,0xff,0xff,0xff,0xff,0xff,0xff,
    0xff,0xff,0xff,0xff,0xff,0xff,0xff,0xff,0xff,0xff,0xff,0xff,0xff,0xff,0xff,0xff,
    0xff,0xff,0xff,0xff,0xff,0xff,0xff,0xff,0xff,0xff,0xff,0xff,0xff,0xff,0xff,0xff,
    0xff,0xff,0xff,0xff,0xff,0xff,0xff,0xff,0xff,0xff,0xff,0xff,0xff,0xff,0xff,0xff,
    0xff,0xff,0xff,0xff,0xff,0xff,0xff,0xff,0xff,0xff,0xff,0xff,0xff,0xff,0xff,0xff,
    0xff,0xff,0xff,0xff,0xff,0xff,0xff,0xff,0xff,0xff,0xff,0xff,0xff,0xff,0xff,0xff,
    0xff,0xff,0xff,0xff,0xff,0xff,0xff,0xff,0xff,0xff,0xff,0xff,0xff,0xff,0xff,0xff,
    0xff,0xff,0xff,0xff,0xff,0xff,0xff,0xff,0xff,0xff,0xff,0xff,0xff,0xff,0xff,0xff,
    0xff,0xff,0xff,0xff,0xff,0xff,0xff,0xff,0xff,0xff,0xff,0xff,0xff,0xff,0xff,0xff,
    0xff,0xff,0xff,0xff,0xff,0xff,0xff,0xff,0xff,0xff,0xff,0xff,0xff,0xff,0xff,0xff,
    0xff,0xff,0xff,0xff,0xff,0xff,0xff,0xff,0xff,0xff,0xff,0xff,0xff,0xff,0xff,0xff,
    0xff,0xff,0xff,0xff,0xff,0xff,0xff,0xff,0xff,0xff,0xff,0xff,0xff,0xff,0xff,0xff,
    0xff,0xff,0xff,0xff,0xff,0xff,0xff,0xff,0xff,0xff,0xff,0xff,0xff,0xff,0xff,0xff,
    0xff,0xff,0xff,0xff,0xff,0xff,0xff,0xff,0xff,0xff,0xff,0xff,0xff,0xff,0xff,0xff,
    0xff,0xff,0xff,0xff,0xff,0xff,0xff,0xff,0xff,0xff,0xff,0xff,0xff,0xff,0xff,0xff,
    0xff,0xff,0xff,0xff,0xff,0xff,0xff,0xff,0xff,0xff,0xff,0xff,0xff,0xff,0xff,0xff,
    0xff,0xff,0xff,0xff,0xff,0xff,0xff,0xff,0xff,0xff,0xff,0xff,0xff,0xff,0xff,0xff,
    0xff,0xff,0xff,0xff,0xff,0xff,0xff,0xff,0xff,0xff,0xff,0xff,0xff,0xff,0xff,0xff,
    0xff,0xff,0xff,0xff,0xff,0xff,0xff,0xff,0xff,0xff,0xff,0xff,0xff,0xff,0xff,0xff,
    0xff,0xff,0xff,0xff,0xff,0xff,0xff,0xff,0xff,0xff,0xff,0xff,0xff,0xff,0xff,0xff,
    0xff,0xff,0xff,0xff,0xff,0xff,0xff,0xff,0xff,0xff,0xff,0xff,0xff,0xff,0xff,0xff,
    0xff,0xff,0xff,0xff,0xff,0xff,0xff,0xff,0xff,0xff,0xff,0xff,0xff,0xff,0xff,0xff,
    0xff,0xff,0xff,0xff,0xff,0xff,0xff,0xff,0xff,0xff,0xff,0xff,0xff,0xff,0xff,0xff,
    0xff,0xff,0xff,0xff,0xff,0xff,0xff,0xff,0xff,0xff,0xff,0xff,0xff,0xff,0xff,0xff,
    0xff,0xff,0xff,0xff,0xff,0xff,0xff,0xff,0xff,0xff,0xff,0xff,0xff,0xff,0xff,0xff,
    0xff,0xff,0xff,0xff,0xff,0xff,0xff,0xff,0xff,0xff,0xff,0xff,0xff,0xff,0xff,0xff,
    0xff,0xff,0xff,0xff,0xff,0xff,0xff,0xff,0xff,0xff,0xff,0xff,0xff,0xff,0xff,0xff,
    0xff,0xff,0xff,0xff,0xff,0xff,0xff,0xff,0xff,0xff,0xff,0xff,0xff,0xff,0xff,0xff,
    0xff,0xff,0xff,0xff,0xff,0xff,0xff,0xff,0xff,0xff,0xff,0xff,0xff,0xff,0xff,0xff,
    0xff,0xff,0xff,0xff,0xff,0xff,0xff,0xff,0xff,0xff,0xff,0xff,0xff,0xff,0xff,0xff,
    0xff,0xff,0xff,0xff,0xff,0xff,0xff,0xff,0xff,0xff,0xff,0xff,0xff,0xff,0xff,0xff,
    0xff,0xff,0xff,0xff,0xff,0xff,0xff,0xff,0xff,0xff,0xff,0xff,0xff,0xff,0xff,0xff,
    0xff,0xff,0xff,0xff,0xff,0xff,0xff,0xff,0xff,0xff,0xff,0xff,0xff,0xff,0xff,0xff,
    0xff,0xff,0xff,0xff,0xff,0xff,0xff,0xff,0xff,0xff,0xff,0xff,0xff,0xff,0xff,0xff,
    0xff,0xff,0xff,0xff,0xff,0xff,0xff,0xff,0xff,0xff,0xff,0xff,0xff,0xff,0xff,0xff,
    0xff,0xff,0xff,0xff,0xff,0xff,0xff,0xff,0xff,0xff,0xff,0xff,0xff,0xff,0xff,0xff,
    0xff,0xff,0xff,0xff,0xff,0xff,0xff,0xff,0xff,0xff,0xff,0xff,0xff,0xff,0xff,0xff,
    0xff,0xff,0xff,0xff,0xff,0xff,0xff,0xff,0xff,0xff,0xff,0xff,0xff,0xff,0xff,0xff,
    0xff,0xff,0xff,0xff,0xff,0xff,0xff,0xff,0xff,0xff,0xff,0xff,0xff,0xff,0xff,0xff,
    0xff,0xff,0xff,0xff,0xff,0xff,0xff,0xff,0xff,0xff,0xff,0xff,0xff,0xff,0xff,0xff,
    0xff,0xff,0xff,0xff,0xff,0xff,0xff,0xff,0xff,0xff,0xff,0xff,0xff,0xff,0xff,0xff,
    0xff,0xff,0xff,0xff,0xff,0xff,0xff,0xff,0xff,0xff,0xff,0xff,0xff,0xff,0xff,0xff,
    0xff,0xff,0xff,0xff,0xff,0xff,0xff,0xff,0xff,0xff,0xff,0xff,0xff,0xff,0xff,0xff,
    0xff,0xff,0xff,0xff,0xff,0xff,0xff,0xff,0xff,0xff,0xff,0xff,0xff,0xff,0xff,0xff,
    0xff,0xff,0xff,0xff,0xff,0xff,0xff,0xff,0xff,0xff,0xff,0xff,0xff,0xff,0xff,0xff,
    0xff,0xff,0xff,0xff,0xff,0xff,0xff,0xff,0xff,0xff,0xff,0xff,0xff,0xff,0xff,0xff,
    0xff,0xff,0xff,0xff,0xff,0xff,0xff,0xff,0xff,0xff,0xff,0xff,0xff,0xff,0xff,0xff,
    0xff,0xff,0xff,0xff,0xff,0xff,0xff,0xff,0xff,0xff,0xff,0xff,0xff,0xff,0xff,0xff,
    0xff,0xff,0xff,0xff,0xff,0xff,0xff,0xff,0xff,0xff,0xff,0xff,0xff,0xff,0xff,0xff,
    0xff,0xff,0xff,0xff,0xff,0xff,0xff,0xff,0xff,0xff,0xff,0xff,0xff,0xff,0xff,0xff,
    0xff,0xff,0xff,0xff,0xff,0xff,0xff,0xff,0xff,0xff,0xff,0xff,0xff,0xff,0xff,0xff,
    0xff,0xff,0xff,0xff,0xff,0xff,0xff,0xff,0xff,0xff,0xff,0xff,0xff,0xff,0xff,0xff,
    0xff,0xff,0xff,0xff,0xff,0xff,0xff,0xff,0xff,0xff,0xff,0xff,0xff,0xff,0xff,0xff,
    0xff,0xff,0xff,0xff,0xff,0xff,0xff,0xff,0xff,0xff,0xff,0xff,0xff,0xff,0xff,0xff,
    0xff,0xff,0xff,0xff,0xff,0xff,0xff,0xff,0xff,0xff,0xff,0xff,0xff,0xff,0xff,0xff,
    0xff,0xff,0xff,0xff,0xff,0xff,0xff,0xff,0xff,0xff,0xff,0xff,0xff,0xff,0xff,0xff,
    0xff,0xff,0xff,0xff,0xff,0xff,0xff,0xff,0xff,0xff,0xff,0xff,0xff,0xff,0xff,0xff,
    0xff,0xff,0xff,0xff,0xff,0xff,0xff,0xff,0xff,0xff,0xff,0xff,0xff,0xff,0xff,0xff,
    0xff,0xff,0xff,0xff,0xff,0xff,0xff,0xff,0xff,0xff,0xff,0xff,0xff,0xff,0xff,0xff,
    0xff,0xff,0xff,0xff,0xff,0xff,0xff,0xff,0xff,0xff,0xff,0xff,0xff,0xff,0xff,0xff,
    0xff,0xff,0xff,0xff,0xff,0xff,0xff,0xff,0xff,0xff,0xff,0xff,0xff,0xff,0xff,0xff,
    0xff,0xff,0xff,0xff,0xff,0xff,0xff,0xff,0xff,0xff,0xff,0xff,0xff,0xff,0xff,0xff,
    0xff,0xff,0xff,0xff,0xff,0xff,0xff,0xff,0xff,0xff,0xff,0xff,0xff,0xff,0xff,0xff,
    0xff,0xff,0xff,0xff,0xff,0xff,0xff,0xff,0xff,0xff,0xff,0xff,0xff,0xff,0xff,0xff,
    0xff,0xff,0xff,0xff,0xff,0xff,0xff,0xff,0xff,0xff,0xff,0xff,0xff,0xff,0xff,0xff,
    0xff,0xff,0xff,0xff,0xff,0xff,0xff,0xff,0xff,0xff,0xff,0xff,0xff,0xff,0xff,0xff,
    0xff,0xff,0xff,0xff,0xff,0xff,0xff,0xff,0xff,0xff,0xff,0xff,0xff,0xff,0xff,0xff,
    0xff,0xff,0xff,0xff,0xff,0xff,0xff,0xff,0xff,0xff,0xff,0xff,0xff,0xff,0xff,0xff,
    0xff,0xff,0xff,0xff,0xff,0xff,0xff,0xff,0xff,0xff,0xff,0xff,0xff,0xff,0xff,0xff,
    0xff,0xff,0xff,0xff,0xff,0xff,0xff,0xff,0xff,0xff,0xff,0xff,0xff,0xff,0xff,0xff,
    0xff,0xff,0xff,0xff,0xff,0xff,0xff,0xff,0xff,0xff,0xff,0xff,0xff,0xff,0xff,0xff,
    0xff,0xff,0xff,0xff,0xff,0xff,0xff,0xff,0xff,0xff,0xff,0xff,0xff,0xff,0xff,0xff,
    0xff,0xff,0xff,0xff,0xff,0xff,0xff,0xff,0xff,0xff,0xff,0xff,0xff,0xff,0xff,0xff,
    0xff,0xff,0xff,0xff,0xff,0xff,0xff,0xff,0xff,0xff,0xff,0xff,0xff,0xff,0xff,0xff,
    0xff,0xff,0xff,0xff,0xff,0xff,0xff,0xff,0xff,0xff,0xff,0xff,0xff,0xff,0xff,0xff,
    0xff,0xff,0xff,0xff,0xff,0xff,0xff,0xff,0xff,0xff,0xff,0xff,0xff,0xff,0xff,0xff,
    0xff,0xff,0xff,0xff,0xff,0xff,0xff,0xff,0xff,0xff,0xff,0xff,0xff,0xff,0xff,0xff,
    0xff,0xff,0xff,0xff,0xff,0xff,0xff,0xff,0xff,0xff,0xff,0xff,0xff,0xff,0xff,0xff,
    0xff,0xff,0xff,0xff,0xff,0xff,0xff,0xff,0xff,0xff,0xff,0xff,0xff,0xff,0xff,0xff,
    0xff,0xff,0xff,0xff,0xff,0xff,0xff,0xff,0xff,0xff,0xff,0xff,0xff,0xff,0xff,0xff,
    0xff,0xff,0xff,0xff,0xff,0xff,0xff,0xff,0xff,0xff,0xff,0xff,0xff,0xff,0xff,0xff,
    0xff,0xff,0xff,0xff,0xff,0xff,0xff,0xff,0xff,0xff,0xff,0xff,0xff,0xff,0xff,0xff,
    0xff,0xff,0xff,0xff,0xff,0xff,0xff,0xff,0xff,0xff,0xff,0xff,0xff,0xff,0xff,0xff,
    0xff,0xff,0xff,0xff,0xff,0xff,0xff,0xff,0xff,0xff,0xff,0xff,0xff,0xff,0xff,0xff,
    0xff,0xff,0xff,0xff,0xff,0xff,0xff,0xff,0xff,0xff,0xff,0xff,0xff,0xff,0xff,0xff,
    0xff,0xff,0xff,0xff,0xff,0xff,0xff,0xff,0xff,0xff,0xff,0xff,0xff,0xff,0xff,0xff,
    0xff,0xff,0xff,0xff,0xff,0xff,0xff,0xff,0xff,0xff,0xff,0xff,0xff,0xff,0xff,0xff,
    0xff,0xff,0xff,0xff,0xff,0xff,0xff,0xff,0xff,0xff,0xff,0xff,0xff,0xff,0xff,0xff,
    0xff,0xff,0xff,0xff,0xff,0xff,0xff,0xff,0xff,0xff,0xff,0xff,0xff,0xff,0xff,0xff,
    0xff,0xff,0xff,0xff,0xff,0xff,0xff,0xff,0xff,0xff,0xff,0xff,0xff,0xff,0xff,0xff,
    0xff,0xff,0xff,0xff,0xff,0xff,0xff,0xff,0xff,0xff,0xff,0xff,0xff,0xff,0xff,0xff,
    0xff,0xff,0xff,0xff,0xff,0xff,0xff,0xff,0xff,0xff,0xff,0xff,0xff,0xff,0xff,0xff,
    0xff,0xff,0xff,0xff,0xff,0xff,0xff,0xff,0xff,0xff,0xff,0xff,0xff,0xff,0xff,0xff,
    0xff,0xff,0xff,0xff,0xff,0xff,0xff,0xff,0xff,0xff,0xff,0xff,0xff,0xff,0xff,0xff,
    0xff,0xff,0xff,0xff,0xff,0xff,0xff,0xff,0xff,0xff,0xff,0xff,0xff,0xff,0xff,0xff,
    0xff,0xff,0xff,0xff,0xff,0xff,0xff,0xff,0xff,0xff,0xff,0xff,0xff,0xff,0xff,0xff,
    0xff,0xff,0xff,0xff,0xff,0xff,0xff,0xff,0xff,0xff,0xff,0xff,0xff,0xff,0xff,0xff,
    0xff,0xff,0xff,0xff,0xff,0xff,0xff,0xff,0xff,0xff,0xff,0xff,0xff,0xff,0xff,0xff,
    0xff,0xff,0xff,0xff,0xff,0xff,0xff,0xff,0xff,0xff,0xff,0xff,0xff,0xff,0xff,0xff,
    0xff,0xff,0xff,0xff,0xff,0xff,0xff,0xff,0xff,0xff,0xff,0xff,0xff,0xff,0xff,0xff,
    0xff,0xff,0xff,0xff,0xff,0xff,0xff,0xff,0xff,0xff,0xff,0xff,0xff,0xff,0xff,0xff,
    0xff,0xff,0xff,0xff,0xff,0xff,0xff,0xff,0xff,0xff,0xff,0xff,0xff,0xff,0xff,0xff,
    0xff,0xff,0xff,0xff,0xff,0xff,0xff,0xff,0xff,0xff,0xff,0xff,0xff,0xff,0xff,0xff,
    0xff,0xff,0xff,0xff,0xff,0xff,0xff,0xff,0xff,0xff,0xff,0xff,0xff,0xff,0xff,0xff,
    0xff,0xff,0xff,0xff,0xff,0xff,0xff,0xff,0xff,0xff,0xff,0xff,0xff,0xff,0xff,0xff,
    0xff,0xff,0xff,0xff,0xff,0xff,0xff,0xff,0xff,0xff,0xff,0xff,0xff,0xff,0xff,0xff,
    0xff,0xff,0xff,0xff,0xff,0xff,0xff,0xff,0xff,0xff,0xff,0xff,0xff,0xff,0xff,0xff,
    0xff,0xff,0xff,0xff,0xff,0xff,0xff,0xff,0xff,0xff,0xff,0xff,0xff,0xff,0xff,0xff,
    0xff,0xff,0xff,0xff,0xff,0xff,0xff,0xff,0xff,0xff,0xff,0xff,0xff,0xff,0xff,0xff,
    0xff,0xff,0xff,0xff,0xff,0xff,0xff,0xff,0xff,0xff,0xff,0xff,0xff,0xff,0xff,0xff,
    0xff,0xff,0xff,0xff,0xff,0xff,0xff,0xff,0xff,0xff,0xff,0xff,0xff,0xff,0xff,0xff,
    0xff,0xff,0xff,0xff,0xff,0xff,0xff,0xff,0xff,0xff,0xff,0xff,0xff,0xff,0xff,0xff,
    0xff,0xff,0xff,0xff,0xff,0xff,0xff,0xff,0xff,0xff,0xff,0xff,0xff,0xff,0xff,0xff,
    0xff,0xff,0xff,0xff,0xff,0xff,0xff,0xff,0xff,0xff,0xff,0xff,0xff,0xff,0xff,0xff,
    0xff,0xff,0xff,0xff,0xff,0xff,0xff,0xff,0xff,0xff,0xff,0xff,0xff,0xff,0xff,0xff,
    0xff,0xff,0xff,0xff,0xff,0xff,0xff,0xff,0xff,0xff,0xff,0xff,0xff,0xff,0xff,0xff,
    0xff,0xff,0xff,0xff,0xff,0xff,0xff,0xff,0xff,0xff,0xff,0xff,0xff,0xff,0xff,0xff,
    0xff,0xff,0xff,0xff,0xff,0xff,0xff,0xff,0xff,0xff,0xff,0xff,0xff,0xff,0xff,0xff,
    0xff,0xff,0xff,0xff,0xff,0xff,0xff,0xff,0xff,0xff,0xff,0xff,0xff,0xff,0xff,0xff,
    0xff,0xff,0xff,0xff,0xff,0xff,0xff,0xff,0xff,0xff,0xff,0xff,0xff,0xff,0xff,0xff,
    0xff,0xff,0xff,0xff,0xff,0xff,0xff,0xff,0xff,0xff,0xff,0xff,0xff,0xff,0xff,0xff,
    0xff,0xff,0xff,0xff,0xff,0xff,0xff,0xff,0xff,0xff,0xff,0xff,0xff,0xff,0xff,0xff,
    0xff,0xff,0xff,0xff,0xff,0xff,0xff,0xff,0xff,0xff,0xff,0xff,0xff,0xff,0xff,0xff,
    0xff,0xff,0xff,0xff,0xff,0xff,0xff,0xff,0xff,0xff,0xff,0xff,0xff,0xff,0xff,0xff,
    0xff,0xff,0xff,0xff,0xff,0xff,0xff,0xff,0xff,0xff,0xff,0xff,0xff,0xff,0xff,0xff,
    0xff,0xff,0xff,0xff,0xff,0xff,0xff,0xff,0xff,0xff,0xff,0xff,0xff,0xff,0xff,0xff,
    0xff,0xff,0xff,0xff,0xff,0xff,0xff,0xff,0xff,0xff,0xff,0xff,0xff,0xff,0xff,0xff,
    0xff,0xff,0xff,0xff,0xff,0xff,0xff,0xff,0xff,0xff,0xff,0xff,0xff,0xff,0xff,0xff,
    0xff,0xff,0xff,0xff,0xff,0xff,0xff,0xff,0xff,0xff,0xff,0xff,0xff,0xff,0xff,0xff,
    0xff,0xff,0xff,0xff,0xff,0xff,0xff,0xff,0xff,0xff,0xff,0xff,0xff,0xff,0xff,0xff,
    0xff,0xff,0xff,0xff,0xff,0xff,0xff,0xff,0xff,0xff,0xff,0xff,0xff,0xff,0xff,0xff,
    0xff,0xff,0xff,0xff,0xff,0xff,0xff,0xff,0xff,0xff,0xff,0xff,0xff,0xff,0xff,0xff,
    0xff,0xff,0xff,0xff,0xff,0xff,0xff,0xff,0xff,0xff,0xff,0xff,0xff,0xff,0xff,0xff,
    0xff,0xff,0xff,0xff,0xff,0xff,0xff,0xff,0xff,0xff,0xff,0xff,0xff,0xff,0xff,0xff,
    0xff,0xff,0xff,0xff,0xff,0xff,0xff,0xff,0xff,0xff,0xff,0xff,0xff,0xff,0xff,0xff,
    0xff,0xff,0xff,0xff,0xff,0xff,0xff,0xff,0xff,0xff,0xff,0xff,0xff,0xff,0xff,0xff,
    0xff,0xff,0xff,0xff,0xff,0xff,0xff,0xff,0xff,0xff,0xff,0xff,0xff,0xff,0xff,0xff,
    0xff,0xff,0xff,0xff,0xff,0xff,0xff,0xff,0xff,0xff,0xff,0xff,0xff,0xff,0xff,0xff,
    0xff,0xff,0xff,0xff,0xff,0xff,0xff,0xff,0xff,0xff,0xff,0xff,0xff,0xff,0xff,0xff,
    0xff,0xff,0xff,0xff,0xff,0xff,0xff,0xff,0xff,0xff,0xff,0xff,0xff,0xff,0xff,0xff,
    0xff,0xff,0xff,0xff,0xff,0xff,0xff,0xff,0xff,0xff,0xff,0xff,0xff,0xff,0xff,0xff,
    0xff,0xff,0xff,0xff,0xff,0xff,0xff,0xff,0xff,0xff,0xff,0xff,0xff,0xff,0xff,0xff,
    0xff,0xff,0xff,0xff,0xff,0xff,0xff,0xff,0xff,0xff,0xff,0xff,0xff,0xff,0xff,0xff,
    0xff,0xff,0xff,0xff,0xff,0xff,0xff,0xff,0xff,0xff,0xff,0xff,0xff,0xff,0xff,0xff,
    0xff,0xff,0xff,0xff,0xff,0xff,0xff,0xff,0xff,0xff,0xff,0xff,0xff,0xff,0xff,0xff,
    0xff,0xff,0xff,0xff,0xff,0xff,0xff,0xff,0xff,0xff,0xff,0xff,0xff,0xff,0xff,0xff,
    0xff,0xff,0xff,0xff,0xff,0xff,0xff,0xff,0xff,0xff,0xff,0xff,0xff,0xff,0xff,0xff,
    0xff,0xff,0xff,0xff,0xff,0xff,0xff,0xff,0xff,0xff,0xff,0xff,0xff,0xff,0xff,0xff,
    0xff,0xff,0xff,0xff,0xff,0xff,0xff,0xff,0xff,0xff,0xff,0xff,0xff,0xff,0xff,0xff,
    0xff,0xff,0xff,0xff,0xff,0xff,0xff,0xff,0xff,0xff,0xff,0xff,0xff,0xff,0xff,0xff,
    0xff,0xff,0xff,0xff,0xff,0xff,0xff,0xff,0xff,0xff,0xff,0xff,0xff,0xff,0xff,0xff,
    0xff,0xff,0xff,0xff,0xff,0xff,0xff,0xff,0xff,0xff,0xff,0xff,0xff,0xff,0xff,0xff,
    0xff,0xff,0xff,0xff,0xff,0xff,0xff,0xff,0xff,0xff,0xff,0xff,0xff,0xff,0xff,0xff,
    0xff,0xff,0xff,0xff,0xff,0xff,0xff,0xff,0xff,0xff,0xff,0xff,0xff,0xff,0xff,0xff,
    0xff,0xff,0xff,0xff,0xff,0xff,0xff,0xff,0xff,0xff,0xff,0xff,0xff,0xff,0xff,0xff,
    0xff,0xff,0xff,0xff,0xff,0xff,0xff,0xff,0xff,0xff,0xff,0xff,0xff,0xff,0xff,0xff,
    0xff,0xff,0xff,0xff,0xff,0xff,0xff,0xff,0xff,0xff,0xff,0xff,0xff,0xff,0xff,0xff,
    0xff,0xff,0xff,0xff,0xff,0xff,0xff,0xff,0xff,0xff,0xff,0xff,0xff,0xff,0xff,0xff,
    0xff,0xff,0xff,0xff,0xff,0xff,0xff,0xff,0xff,0xff,0xff,0xff,0xff,0xff,0xff,0xff,
    0xff,0xff,0xff,0xff,0xff,0xff,0xff,0xff,0xff,0xff,0xff,0xff,0xff,0xff,0xff,0xff,
    0xff,0xff,0xff,0xff,0xff,0xff,0xff,0xff,0xff,0xff,0xff,0xff,0xff,0xff,0xff,0xff,
    0xff,0xff,0xff,0xff,0xff,0xff,0xff,0xff,0xff,0xff,0xff,0xff,0xff,0xff,0xff,0xff,
    0xff,0xff,0xff,0xff,0xff,0xff,0xff,0xff,0xff,0xff,0xff,0xff,0xff,0xff,0xff,0xff,
    0xff,0xff,0xff,0xff,0xff,0xff,0xff,0xff,0xff,0xff,0xff,0xff,0xff,0xff,0xff,0xff,
    0xff,0xff,0xff,0xff,0xff,0xff,0xff,0xff,0xff,0xff,0xff,0xff,0xff,0xff,0xff,0xff,
    0xff,0xff,0xff,0xff,0xff,0xff,0xff,0xff,0xff,0xff,0xff,0xff,0xff,0xff,0xff,0xff,
    0xff,0xff,0xff,0xff,0xff,0xff,0xff,0xff,0xff,0xff,0xff,0xff,0xff,0xff,0xff,0xff,
    0xff,0xff,0xff,0xff,0xff,0xff,0xff,0xff,0xff,0xff,0xff,0xff,0xff,0xff,0xff,0xff,
    0xff,0xff,0xff,0xff,0xff,0xff,0xff,0xff,0xff,0xff,0xff,0xff,0xff,0xff,0xff,0xff,
    0xff,0xff,0xff,0xff,0xff,0xff,0xff,0xff,0xff,0xff,0xff,0xff,0xff,0xff,0xff,0xff,
    0xff,0xff,0xff,0xff,0xff,0xff,0xff,0xff,0xff,0xff,0xff,0xff,0xff,0xff,0xff,0xff,
    0xff,0xff,0xff,0xff,0xff,0xff,0xff,0xff,0xff,0xff,0xff,0xff,0xff,0xff,0xff,0xff,
    0xff,0xff,0xff,0xff,0xff,0xff,0xff,0xff,0xff,0xff,0xff,0xff,0xff,0xff,0xff,0xff,
    0xff,0xff,0xff,0xff,0xff,0xff,0xff,0xff,0xff,0xff,0xff,0xff,0xff,0xff,0xff,0xff,
    0xff,0xff,0xff,0xff,0xff,0xff,0xff,0xff,0xff,0xff,0xff,0xff,0xff,0xff,0xff,0xff,
    0xff,0xff,0xff,0xff,0xff,0xff,0xff,0xff,0xff,0xff,0xff,0xff,0xff,0xff,0xff,0xff,
    0xff,0xff,0xff,0xff,0xff,0xff,0xff,0xff,0xff,0xff,0xff,0xff,0xff,0xff,0xff,0xff,
    0xff,0xff,0xff,0xff,0xff,0xff,0xff,0xff,0xff,0xff,0xff,0xff,0xff,0xff,0xff,0xff,
    0xff,0xff,0xff,0xff,0xff,0xff,0xff,0xff,0xff,0xff,0xff,0xff,0xff,0xff,0xff,0xff,
    0xff,0xff,0xff,0xff,0xff,0xff,0xff,0xff,0xff,0xff,0xff,0xff,0xff,0xff,0xff,0xff,
    0xff,0xff,0xff,0xff,0xff,0xff,0xff,0xff,0xff,0xff,0xff,0xff,0xff,0xff,0xff,0xff,
    0xff,0xff,0xff,0xff,0xff,0xff,0xff,0xff,0xff,0xff,0xff,0xff,0xff,0xff,0xff,0xff,
    0xff,0xff,0xff,0xff,0xff,0xff,0xff,0xff,0xff,0xff,0xff,0xff,0xff,0xff,0xff,0xff,
    0xff,0xff,0xff,0xff,0xff,0xff,0xff,0xff,0xff,0xff,0xff,0xff,0xff,0xff,0xff,0xff,
    0xff,0xff,0xff,0xff,0xff,0xff,0xff,0xff,0xff,0xff,0xff,0xff,0xff,0xff,0xff,0xff,
    0xff,0xff,0xff,0xff,0xff,0xff,0xff,0xff,0xff,0xff,0xff,0xff,0xff,0xff,0xff,0xff,
    0xff,0xff,0xff,0xff,0xff,0xff,0xff,0xff,0xff,0xff,0xff,0xff,0xff,0xff,0xff,0xff,
    0xff,0xff,0xff,0xff,0xff,0xff,0xff,0xff,0xff,0xff,0xff,0xff,0xff,0xff,0xff,0xff,
    0xff,0xff,0xff,0xff,0xff,0xff,0xff,0xff,0xff,0xff,0xff,0xff,0xff,0xff,0xff,0xff,
    0xff,0xff,0xff,0xff,0xff,0xff,0xff,0xff,0xff,0xff,0xff,0xff,0xff,0xff,0xff,0xff,
    0xff,0xff,0xff,0xff,0xff,0xff,0xff,0xff,0xff,0xff,0xff,0xff,0xff,0xff,0xff,0xff,
    0xff,0xff,0xff,0xff,0xff,0xff,0xff,0xff,0xff,0xff,0xff,0xff,0xff,0xff,0xff,0xff,
    0xff,0xff,0xff,0xff,0xff,0xff,0xff,0xff,0xff,0xff,0xff,0xff,0xff,0xff,0xff,0xff,
    0xff,0xff,0xff,0xff,0xff,0xff,0xff,0xff,0xff,0xff,0xff,0xff,0xff,0xff,0xff,0xff,
    0xff,0xff,0xff,0xff,0xff,0xff,0xff,0xff,0xff,0xff,0xff,0xff,0xff,0xff,0xff,0xff,
    0xff,0xff,0xff,0xff,0xff,0xff,0xff,0xff,0xff,0xff,0xff,0xff,0xff,0xff,0xff,0xff,
    0xff,0xff,0xff,0xff,0xff,0xff,0xff,0xff,0xff,0xff,0xff,0xff,0xff,0xff,0xff,0xff,
    0xff,0xff,0xff,0xff,0xff,0xff,0xff,0xff,0xff,0xff,0xff,0xff,0xff,0xff,0xff,0xff,
    0xff,0xff,0xff,0xff,0xff,0xff,0xff,0xff,0xff,0xff,0xff,0xff,0xff,0xff,0xff,0xff,
    0xff,0xff,0xff,0xff,0xff,0xff,0xff,0xff,0xff,0xff,0xff,0xff,0xff,0xff,0xff,0xff,
    0xff,0xff,0xff,0xff,0xff,0xff,0xff,0xff,0xff,0xff,0xff,0xff,0xff,0xff,0xff,0xff,
    0xff,0xff,0xff,0xff,0xff,0xff,0xff,0xff,0xff,0xff,0xff,0xff,0xff,0xff,0xff,0xff,
    0xff,0xff,0xff,0xff,0xff,0xff,0xff,0xff,0xff,0xff,0xff,0xff,0xff,0xff,0xff,0xff,
    0xff,0xff,0xff,0xff,0xff,0xff,0xff,0xff,0xff,0xff,0xff,0xff,0xff,0xff,0xff,0xff,
    0xff,0xff,0xff,0xff,0xff,0xff,0xff,0xff,0xff,0xff,0xff,0xff,0xff,0xff,0xff,0xff,
    0xff,0xff,0xff,0xff,0xff,0xff,0xff,0xff,0xff,0xff,0xff,0xff,0xff,0xff,0xff,0xff,
    0xff,0xff,0xff,0xff,0xff,0xff,0xff,0xff,0xff,0xff,0xff,0xff,0xff,0xff,0xff,0xff,
    0xff,0xff,0xff,0xff,0xff,0xff,0xff,0xff,0xff,0xff,0xff,0xff,0xff,0xff,0xff,0xff,
    0xff,0xff,0xff,0xff,0xff,0xff,0xff,0xff,0xff,0xff,0xff,0xff,0xff,0xff,0xff,0xff,
    0xff,0xff,0xff,0xff,0xff,0xff,0xff,0xff,0xff,0xff,0xff,0xff,0xff,0xff,0xff,0xff,
    0xff,0xff,0xff,0xff,0xff,0xff,0xff,0xff,0xff,0xff,0xff,0xff,0xff,0xff,0xff,0xff,
    0xff,0xff,0xff,0xff,0xff,0xff,0xff,0xff,0xff,0xff,0xff,0xff,0xff,0xff,0xff,0xff,
    0xff,0xff,0xff,0xff,0xff,0xff,0xff,0xff,0xff,0xff,0xff,0xff,0xff,0xff,0xff,0xff,
    0xff,0xff,0xff,0xff,0xff,0xff,0xff,0xff,0xff,0xff,0xff,0xff,0xff,0xff,0xff,0xff,
    0xff,0xff,0xff,0xff,0xff,0xff,0xff,0xff,0xff,0xff,0xff,0xff,0xff,0xff,0xff,0xff,
    0xff,0xff,0xff,0xff,0xff,0xff,0xff,0xff,0xff,0xff,0xff,0xff,0xff,0xff,0xff,0xff,
    0xff,0xff,0xff,0xff,0xff,0xff,0xff,0xff,0xff,0xff,0xff,0xff,0xff,0xff,0xff,0xff,
    0xff,0xff,0xff,0xff,0xff,0xff,0xff,0xff,0xff,0xff,0xff,0xff,0xff,0xff,0xff,0xff,
    0xff,0xff,0xff,0xff,0xff,0xff,0xff,0xff,0xff,0xff,0xff,0xff,0xff,0xff,0xff,0xff,
    0xff,0xff,0xff,0xff,0xff,0xff,0xff,0xff,0xff,0xff,0xff,0xff,0xff,0xff,0xff,0xff,
    0xff,0xff,0xff,0xff,0xff,0xff,0xff,0xff,0xff,0xff,0xff,0xff,0xff,0xff,0xff,0xff,
    0xff,0xff,0xff,0xff,0xff,0xff,0xff,0xff,0xff,0xff,0xff,0xff,0xff,0xff,0xff,0xff,
    0xff,0xff,0xff,0xff,0xff,0xff,0xff,0xff,0xff,0xff,0xff,0xff,0xff,0xff,0xff,0xff,
    0xff,0xff,0xff,0xff,0xff,0xff,0xff,0xff,0xff,0xff,0xff,0xff,0xff,0xff,0xff,0xff,
    0xff,0xff,0xff,0xff,0xff,0xff,0xff,0xff,0xff,0xff,0xff,0xff,0xff,0xff,0xff,0xff,
    0xff,0xff,0xff,0xff,0xff,0xff,0xff,0xff,0xff,0xff,0xff,0xff,0xff,0xff,0xff,0xff,
    0xff,0xff,0xff,0xff,0xff,0xff,0xff,0xff,0xff,0xff,0xff,0xff,0xff,0xff,0xff,0xff,
    0xff,0xff,0xff,0xff,0xff,0xff,0xff,0xff,0xff,0xff,0xff,0xff,0xff,0xff,0xff,0xff,
    0xff,0xff,0xff,0xff,0xff,0xff,0xff,0xff,0xff,0xff,0xff,0xff,0xff,0xff,0xff,0xff,
    0xff,0xff,0xff,0xff,0xff,0xff,0xff,0xff,0xff,0xff,0xff,0xff,0xff,0xff,0xff,0xff,
    0xff,0xff,0xff,0xff,0xff,0xff,0xff,0xff,0xff,0xff,0xff,0xff,0xff,0xff,0xff,0xff,
    0xff,0xff,0xff,0xff,0xff,0xff,0xff,0xff,0xff,0xff,0xff,0xff,0xff,0xff,0xff,0xff,
    0xff,0xff,0xff,0xff,0xff,0xff,0xff,0xff,0xff,0xff,0xff,0xff,0xff,0xff,0xff,0xff,
    0xff,0xff,0xff,0xff,0xff,0xff,0xff,0xff,0xff,0xff,0xff,0xff,0xff,0xff,0xff,0xff,
    0xff,0xff,0xff,0xff,0xff,0xff,0xff,0xff,0xff,0xff,0xff,0xff,0xff,0xff,0xff,0xff,
    0xff,0xff,0xff,0xff,0xff,0xff,0xff,0xff,0xff,0xff,0xff,0xff,0xff,0xff,0xff,0xff,
    0xff,0xff,0xff,0xff,0xff,0xff,0xff,0xff,0xff,0xff,0xff,0xff,0xff,0xff,0xff,0xff,
    0xff,0xff,0xff,0xff,0xff,0xff,0xff,0xff,0xff,0xff,0xff,0xff,0xff,0xff,0xff,0xff,
    0xff,0xff,0xff,0xff,0xff,0xff,0xff,0xff,0xff,0xff,0xff,0xff,0xff,0xff,0xff,0xff,
    0xff,0xff,0xff,0xff,0xff,0xff,0xff,0xff,0xff,0xff,0xff,0xff,0xff,0xff,0xff,0xff,
    0xff,0xff,0xff,0xff,0xff,0xff,0xff,0xff,0xff,0xff,0xff,0xff,0xff,0xff,0xff,0xff,
    0xff,0xff,0xff,0xff,0xff,0xff,0xff,0xff,0xff,0xff,0xff,0xff,0xff,0xff,0xff,0xff,
    0xff,0xff,0xff,0xff,0xff,0xff,0xff,0xff,0xff,0xff,0xff,0xff,0xff,0xff,0xff,0xff,
    0xff,0xff,0xff,0xff,0xff,0xff,0xff,0xff,0xff,0xff,0xff,0xff,0xff,0xff,0xff,0xff,
    0xff,0xff,0xff,0xff,0xff,0xff,0xff,0xff,0xff,0xff,0xff,0xff,0xff,0xff,0xff,0xff,
    0xff,0xff,0xff,0xff,0xff,0xff,0xff,0xff,0xff,0xff,0xff,0xff,0xff,0xff,0xff,0xff,
    0xff,0xff,0xff,0xff,0xff,0xff,0xff,0xff,0xff,0xff,0xff,0xff,0xff,0xff,0xff,0xff,
    0xff,0xff,0xff,0xff,0xff,0xff,0xff,0xff,0xff,0xff,0xff,0xff,0xff,0xff,0xff,0xff,
    0xff,0xff,0xff,0xff,0xff,0xff,0xff,0xff,0xff,0xff,0xff,0xff,0xff,0xff,0xff,0xff,
    0xff,0xff,0xff,0xff,0xff,0xff,0xff,0xff,0xff,0xff,0xff,0xff,0xff,0xff,0xff,0xff,
    0xff,0xff,0xff,0xff,0xff,0xff,0xff,0xff,0xff,0xff,0xff,0xff,0xff,0xff,0xff,0xff,
    0xff,0xff,0xff,0xff,0xff,0xff,0xff,0xff,0xff,0xff,0xff,0xff,0xff,0xff,0xff,0xff,
    0xff,0xff,0xff,0xff,0xff,0xff,0xff,0xff,0xff,0xff,0xff,0xff,0xff,0xff,0xff,0xff,
    0xff,0xff,0xff,0xff,0xff,0xff,0xff,0xff,0xff,0xff,0xff,0xff,0xff,0xff,0xff,0xff,
    0xff,0xff,0xff,0xff,0xff,0xff,0xff,0xff,0xff,0xff,0xff,0xff,0xff,0xff,0xff,0xff,
    0xff,0xff,0xff,0xff,0xff,0xff,0xff,0xff,0xff,0xff,0xff,0xff,0xff,0xff,0xff,0xff,
    0xff,0xff,0xff,0xff,0xff,0xff,0xff,0xff,0xff,0xff,0xff,0xff,0xff,0xff,0xff,0xff,
    0xff,0xff,0xff,0xff,0xff,0xff,0xff,0xff,0xff,0xff,0xff,0xff,0xff,0xff,0xff,0xff,
    0xff,0xff,0xff,0xff,0xff,0xff,0xff,0xff,0xff,0xff,0xff,0xff,0xff,0xff,0xff,0xff,
    0xff,0xff,0xff,0xff,0xff,0xff,0xff,0xff,0xff,0xff,0xff,0xff,0xff,0xff,0xff,0xff,
    0xff,0xff,0xff,0xff,0xff,0xff,0xff,0xff,0xff,0xff,0xff,0xff,0xff,0xff,0xff,0xff,
    0xff,0xff,0xff,0xff,0xff,0xff,0xff,0xff,0xff,0xff,0xff,0xff,0xff,0xff,0xff,0xff,
    0xff,0xff,0xff,0xff,0xff,0xff,0xff,0xff,0xff,0xff,0xff,0xff,0xff,0xff,0xff,0xff,
    0xff,0xff,0xff,0xff,0xff,0xff,0xff,0xff,0xff,0xff,0xff,0xff,0xff,0xff,0xff,0xff,
    0xff,0xff,0xff,0xff,0xff,0xff,0xff,0xff,0xff,0xff,0xff,0xff,0xff,0xff,0xff,0xff,
    0xff,0xff,0xff,0xff,0xff,0xff,0xff,0xff,0xff,0xff,0xff,0xff,0xff,0xff,0xff,0xff,
    0xff,0xff,0xff,0xff,0xff,0xff,0xff,0xff,0xff,0xff,0xff,0xff,0xff,0xff,0xff,0xff,
    0xff,0xff,0xff,0xff,0xff,0xff,0xff,0xff,0xff,0xff,0xff,0xff,0xff,0xff,0xff,0xff,
    0xff,0xff,0xff,0xff,0xff,0xff,0xff,0xff,0xff,0xff,0xff,0xff,0xff,0xff,0xff,0xff,
    0xff,0xff,0xff,0xff,0xff,0xff,0xff,0xff,0xff,0xff,0xff,0xff,0xff,0xff,0xff,0xff,
    0xff,0xff,0xff,0xff,0xff,0xff,0xff,0xff,0xff,0xff,0xff,0xff,0xff,0xff,0xff,0xff,
    0xff,0xff,0xff,0xff,0xff,0xff,0xff,0xff,0xff,0xff,0xff,0xff,0xff,0xff,0xff,0xff,
    0xff,0xff,0xff,0xff,0xff,0xff,0xff,0xff,0xff,0xff,0xff,0xff,0xff,0xff,0xff,0xff,
    0xff,0xff,0xff,0xff,0xff,0xff,0xff,0xff,0xff,0xff,0xff,0xff,0xff,0xff,0xff,0xff,
    0xff,0xff,0xff,0xff,0xff,0xff,0xff,0xff,0xff,0xff,0xff,0xff,0xff,0xff,0xff,0xff,
    0xff,0xff,0xff,0xff,0xff,0xff,0xff,0xff,0xff,0xff,0xff,0xff,0xff,0xff,0xff,0xff,
    0xff,0xff,0xff,0xff,0xff,0xff,0xff,0xff,0xff,0xff,0xff,0xff,0xff,0xff,0xff,0xff,
    0xff,0xff,0xff,0xff,0xff,0xff,0xff,0xff,0xff,0xff,0xff,0xff,0xff,0xff,0xff,0xff,
    0xff,0xff,0xff,0xff,0xff,0xff,0xff,0xff,0xff,0xff,0xff,0xff,0xff,0xff,0xff,0xff,
    0xff,0xff,0xff,0xff,0xff,0xff,0xff,0xff,0xff,0xff,0xff,0xff,0xff,0xff,0xff,0xff,
    0xff,0xff,0xff,0xff,0xff,0xff,0xff,0xff,0xff,0xff,0xff,0xff,0xff,0xff,0xff,0xff,
    0xff,0xff,0xff,0xff,0xff,0xff,0xff,0xff,0xff,0xff,0xff,0xff,0xff,0xff,0xff,0xff,
    0xff,0xff,0xff,0xff,0xff,0xff,0xff,0xff,0xff,0xff,0xff,0xff,0xff,0xff,0xff,0xff,
    0xff,0xff,0xff,0xff,0xff,0xff,0xff,0xff,0xff,0xff,0xff,0xff,0xff,0xff,0xff,0xff,
    0xff,0xff,0xff,0xff,0xff,0xff,0xff,0xff,0xff,0xff,0xff,0xff,0xff,0xff,0xff,0xff,
    0xff,0xff,0xff,0xff,0xff,0xff,0xff,0xff,0xff,0xff,0xff,0xff,0xff,0xff,0xff,0xff,
    0xff,0xff,0xff,0xff,0xff,0xff,0xff,0xff,0xff,0xff,0xff,0xff,0xff,0xff,0xff,0xff,
    0xff,0xff,0xff,0xff,0xff,0xff,0xff,0xff,0xff,0xff,0xff,0xff,0xff,0xff,0xff,0xff,
    0xff,0xff,0xff,0xff,0xff,0xff,0xff,0xff,0xff,0xff,0xff,0xff,0xff,0xff,0xff,0xff,
    0xff,0xff,0xff,0xff,0xff,0xff,0xff,0xff,0xff,0xff,0xff,0xff,0xff,0xff,0xff,0xff,
    0xff,0xff,0xff,0xff,0xff,0xff,0xff,0xff,0xff,0xff,0xff,0xff,0xff,0xff,0xff,0xff,
    0xff,0xff,0xff,0xff,0xff,0xff,0xff,0xff,0xff,0xff,0xff,0xff,0xff,0xff,0xff,0xff,
    0xff,0xff,0xff,0xff,0xff,0xff,0xff,0xff,0xff,0xff,0xff,0xff,0xff,0xff,0xff,0xff,
    0xff,0xff,0xff,0xff,0xff,0xff,0xff,0xff,0xff,0xff,0xff,0xff,0xff,0xff,0xff,0xff,
    0xff,0xff,0xff,0xff,0xff,0xff,0xff,0xff,0xff,0xff,0xff,0xff,0xff,0xff,0xff,0xff,
    0xff,0xff,0xff,0xff,0xff,0xff,0xff,0xff,0xff,0xff,0xff,0xff,0xff,0xff,0xff,0xff,
    0xff,0xff,0xff,0xff,0xff,0xff,0xff,0xff,0xff,0xff,0xff,0xff,0xff,0xff,0xff,0xff,
    0xff,0xff,0xff,0xff,0xff,0xff,0xff,0xff,0xff,0xff,0xff,0xff,0xff,0xff,0xff,0xff,
    0xff,0xff,0xff,0xff,0xff,0xff,0xff,0xff,0xff,0xff,0xff,0xff,0xff,0xff,0xff,0xff,
    0xff,0xff,0xff,0xff,0xff,0xff,0xff,0xff,0xff,0xff,0xff,0xff,0xff,0xff,0xff,0xff,
    0xff,0xff,0xff,0xff,0xff,0xff,0xff,0xff,0xff,0xff,0xff,0xff,0xff,0xff,0xff,0xff,
    0xff,0xff,0xff,0xff,0xff,0xff,0xff,0xff,0xff,0xff,0xff,0xff,0xff,0xff,0xff,0xff,
    0xff,0xff,0xff,0xff,0xff,0xff,0xff,0xff,0xff,0xff,0xff,0xff,0xff,0xff,0xff,0xff,
    0xff,0xff,0xff,0xff,0xff,0xff,0xff,0xff,0xff,0xff,0xff,0xff,0xff,0xff,0xff,0xff,
    0xff,0xff,0xff,0xff,0xff,0xff,0xff,0xff,0xff,0xff,0xff,0xff,0xff,0xff,0xff,0xff,
    0xff,0xff,0xff,0xff,0xff,0xff,0xff,0xff,0xff,0xff,0xff,0xff,0xff,0xff,0xff,0xff,
    0xff,0xff,0xff,0xff,0xff,0xff,0xff,0xff,0xff,0xff,0xff,0xff,0xff,0xff,0xff,0xff,
    0xff,0xff,0xff,0xff,0xff,0xff,0xff,0xff,0xff,0xff,0xff,0xff,0xff,0xff,0xff,0xff,
    0xff,0xff,0xff,0xff,0xff,0xff,0xff,0xff,0xff,0xff,0xff,0xff,0xff,0xff,0xff,0xff,
    0xff,0xff,0xff,0xff,0xff,0xff,0xff,0xff,0xff,0xff,0xff,0xff,0xff,0xff,0xff,0xff,
    0xff,0xff,0xff,0xff,0xff,0xff,0xff,0xff,0xff,0xff,0xff,0xff,0xff,0xff,0xff,0xff,
    0xff,0xff,0xff,0xff,0xff,0xff,0xff,0xff,0xff,0xff,0xff,0xff,0xff,0xff,0xff,0xff,
    0xff,0xff,0xff,0xff,0xff,0xff,0xff,0xff,0xff,0xff,0xff,0xff,0xff,0xff,0xff,0xff,
    0xff,0xff,0xff,0xff,0xff,0xff,0xff,0xff,0xff,0xff,0xff,0xff,0xff,0xff,0xff,0xff,
    0xff,0xff,0xff,0xff,0xff,0xff,0xff,0xff,0xff,0xff,0xff,0xff,0xff,0xff,0xff,0xff,
    0xff,0xff,0xff,0xff,0xff,0xff,0xff,0xff,0xff,0xff,0xff,0xff,0xff,0xff,0xff,0xff,
    0xff,0xff,0xff,0xff,0xff,0xff,0xff,0xff,0xff,0xff,0xff,0xff,0xff,0xff,0xff,0xff,
    0xff,0xff,0xff,0xff,0xff,0xff,0xff,0xff,0xff,0xff,0xff,0xff,0xff,0xff,0xff,0xff,
    0xff,0xff,0xff,0xff,0xff,0xff,0xff,0xff,0xff,0xff,0xff,0xff,0xff,0xff,0xff,0xff,
    0xff,0xff,0xff,0xff,0xff,0xff,0xff,0xff,0xff,0xff,0xff,0xff,0xff,0xff,0xff,0xff,
    0xff,0xff,0xff,0xff,0xff,0xff,0xff,0xff,0xff,0xff,0xff,0xff,0xff,0xff,0xff,0xff,
    0xff,0xff,0xff,0xff,0xff,0xff,0xff,0xff,0xff,0xff,0xff,0xff,0xff,0xff,0xff,0xff,
    0xff,0xff,0xff,0xff,0xff,0xff,0xff,0xff,0xff,0xff,0xff,0xff,0xff,0xff,0xff,0xff,
    0xff,0xff,0xff,0xff,0xff,0xff,0xff,0xff,0xff,0xff,0xff,0xff,0xff,0xff,0xff,0xff,
    0xff,0xff,0xff,0xff,0xff,0xff,0xff,0xff,0xff,0xff,0xff,0xff,0xff,0xff,0xff,0xff,
    0xff,0xff,0xff,0xff,0xff,0xff,0xff,0xff,0xff,0xff,0xff,0xff,0xff,0xff,0xff,0xff,
    0xff,0xff,0xff,0xff,0xff,0xff,0xff,0xff,0xff,0xff,0xff,0xff,0xff,0xff,0xff,0xff,
    0xff,0xff,0xff,0xff,0xff,0xff,0xff,0xff,0xff,0xff,0xff,0xff,0xff,0xff,0xff,0xff,
    0xff,0xff,0xff,0xff,0xff,0xff,0xff,0xff,0xff,0xff,0xff,0xff,0xff,0xff,0xff,0xff,
    0xff,0xff,0xff,0xff,0xff,0xff,0xff,0xff,0xff,0xff,0xff,0xff,0xff,0xff,0xff,0xff,
    0xff,0xff,0xff,0xff,0xff,0xff,0xff,0xff,0xff,0xff,0xff,0xff,0xff,0xff,0xff,0xff,
    0xff,0xff,0xff,0xff,0xff,0xff,0xff,0xff,0xff,0xff,0xff,0xff,0xff,0xff,0xff,0xff,
    0xff,0xff,0xff,0xff,0xff,0xff,0xff,0xff,0xff,0xff,0xff,0xff,0xff,0xff,0xff,0xff,
    0xff,0xff,0xff,0xff,0xff,0xff,0xff,0xff,0xff,0xff,0xff,0xff,0xff,0xff,0xff,0xff,
    0xff,0xff,0xff,0xff,0xff,0xff,0xff,0xff,0xff,0xff,0xff,0xff,0xff,0xff,0xff,0xff,
    0xff,0xff,0xff,0xff,0xff,0xff,0xff,0xff,0xff,0xff,0xff,0xff,0xff,0xff,0xff,0xff,
    0xff,0xff,0xff,0xff,0xff,0xff,0xff,0xff,0xff,0xff,0xff,0xff,0xff,0xff,0xff,0xff,
    0xff,0xff,0xff,0xff,0xff,0xff,0xff,0xff,0xff,0xff,0xff,0xff,0xff,0xff,0xff,0xff,
    0xff,0xff,0xff,0xff,0xff,0xff,0xff,0xff,0xff,0xff,0xff,0xff,0xff,0xff,0xff,0xff,
    0xff,0xff,0xff,0xff,0xff,0xff,0xff,0xff,0xff,0xff,0xff,0xff,0xff,0xff,0xff,0xff,
    0xff,0xff,0xff,0xff,0xff,0xff,0xff,0xff,0xff,0xff,0xff,0xff,0xff,0xff,0xff,0xff,
    0xff,0xff,0xff,0xff,0xff,0xff,0xff,0xff,0xff,0xff,0xff,0xff,0xff,0xff,0xff,0xff,
    0xff,0xff,0xff,0xff,0xff,0xff,0xff,0xff,0xff,0xff,0xff,0xff,0xff,0xff,0xff,0xff,
    0xff,0xff,0xff,0xff,0xff,0xff,0xff,0xff,0xff,0xff,0xff,0xff,0xff,0xff,0xff,0xff,
    0xff,0xff,0xff,0xff,0xff,0xff,0xff,0xff,0xff,0xff,0xff,0xff,0xff,0xff,0xff,0xff,
    0xff,0xff,0xff,0xff,0xff,0xff,0xff,0xff,0xff,0xff,0xff,0xff,0xff,0xff,0xff,0xff,
    0xff,0xff,0xff,0xff,0xff,0xff,0xff,0xff,0xff,0xff,0xff,0xff,0xff,0xff,0xff,0xff,
    0xff,0xff,0xff,0xff,0xff,0xff,0xff,0xff,0xff,0xff,0xff,0xff,0xff,0xff,0xff,0xff,
    0xff,0xff,0xff,0xff,0xff,0xff,0xff,0xff,0xff,0xff,0xff,0xff,0xff,0xff,0xff,0xff,
    0xff,0xff,0xff,0xff,0xff,0xff,0xff,0xff,0xff,0xff,0xff,0xff,0xff,0xff,0xff,0xff,
    0xff,0xff,0xff,0xff,0xff,0xff,0xff,0xff,0xff,0xff,0xff,0xff,0xff,0xff,0xff,0xff,
    0xff,0xff,0xff,0xff,0xff,0xff,0xff,0xff,0xff,0xff,0xff,0xff,0xff,0xff,0xff,0xff,
    0xff,0xff,0xff,0xff,0xff,0xff,0xff,0xff,0xff,0xff,0xff,0xff,0xff,0xff,0xff,0xff,
    0xff,0xff,0xff,0xff,0xff,0xff,0xff,0xff,0xff,0xff,0xff,0xff,0xff,0xff,0xff,0xff,
    0xff,0xff,0xff,0xff,0xff,0xff,0xff,0xff,0xff,0xff,0xff,0xff,0xff,0xff,0xff,0xff,
    0xff,0xff,0xff,0xff,0xff,0xff,0xff,0xff,0xff,0xff,0xff,0xff,0xff,0xff,0xff,0xff,
    0xff,0xff,0xff,0xff,0xff,0xff,0xff,0xff,0xff,0xff,0xff,0xff,0xff,0xff,0xff,0xff,
    0xff,0xff,0xff,0xff,0xff,0xff,0xff,0xff,0xff,0xff,0xff,0xff,0xff,0xff,0xff,0xff,
    0xff,0xff,0xff,0xff,0xff,0xff,0xff,0xff,0xff,0xff,0xff,0xff,0xff,0xff,0xff,0xff,
    0xff,0xff,0xff,0xff,0xff,0xff,0xff,0xff,0xff,0xff,0xff,0xff,0xff,0xff,0xff,0xff,
    0xff,0xff,0xff,0xff,0xff,0xff,0xff,0xff,0xff,0xff,0xff,0xff,0xff,0xff,0xff,0xff,
    0xff,0xff,0xff,0xff,0xff,0xff,0xff,0xff,0xff,0xff,0xff,0xff,0xff,0xff,0xff,0xff,
    0xff,0xff,0xff,0xff,0xff,0xff,0xff,0xff,0xff,0xff,0xff,0xff,0xff,0xff,0xff,0xff,
    0xff,0xff,0xff,0xff,0xff,0xff,0xff,0xff,0xff,0xff,0xff,0xff,0xff,0xff,0xff,0xff,
    0xff,0xff,0xff,0xff,0xff,0xff,0xff,0xff,0xff,0xff,0xff,0xff,0xff,0xff,0xff,0xff,
    0xff,0xff,0xff,0xff,0xff,0xff,0xff,0xff,0xff,0xff,0xff,0xff,0xff,0xff,0xff,0xff,
    0xff,0xff,0xff,0xff,0xff,0xff,0xff,0xff,0xff,0xff,0xff,0xff,0xff,0xff,0xff,0xff,
    0xff,0xff,0xff,0xff,0xff,0xff,0xff,0xff,0xff,0xff,0xff,0xff,0xff,0xff,0xff,0xff,
    0xff,0xff,0xff,0xff,0xff,0xff,0xff,0xff,0xff,0xff,0xff,0xff,0xff,0xff,0xff,0xff,
    0xff,0xff,0xff,0xff,0xff,0xff,0xff,0xff,0xff,0xff,0xff,0xff,0xff,0xff,0xff,0xff,
    0xff,0xff,0xff,0xff,0xff,0xff,0xff,0xff,0xff,0xff,0xff,0xff,0xff,0xff,0xff,0xff,
    0xff,0xff,0xff,0xff,0xff,0xff,0xff,0xff,0xff,0xff,0xff,0xff,0xff,0xff,0xff,0xff,
    0xff,0xff,0xff,0xff,0xff,0xff,0xff,0xff,0xff,0xff,0xff,0xff,0xff,0xff,0xff,0xff,
    0xff,0xff,0xff,0xff,0xff,0xff,0xff,0xff,0xff,0xff,0xff,0xff,0xff,0xff,0xff,0xff,
    0xff,0xff,0xff,0xff,0xff,0xff,0xff,0xff,0xff,0xff,0xff,0xff,0xff,0xff,0xff,0xff,
    0xff,0xff,0xff,0xff,0xff,0xff,0xff,0xff,0xff,0xff,0xff,0xff,0xff,0xff,0xff,0xff,
    0xff,0xff,0xff,0xff,0xff,0xff,0xff,0xff,0xff,0xff,0xff,0xff,0xff,0xff,0xff,0xff,
    0xff,0xff,0xff,0xff,0xff,0xff,0xff,0xff,0xff,0xff,0xff,0xff,0xff,0xff,0xff,0xff,
    0xff,0xff,0xff,0xff,0xff,0xff,0xff,0xff,0xff,0xff,0xff,0xff,0xff,0xff,0xff,0xff,
    0xff,0xff,0xff,0xff,0xff,0xff,0xff,0xff,0xff,0xff,0xff,0xff,0xff,0xff,0xff,0xff,
    0xff,0xff,0xff,0xff,0xff,0xff,0xff,0xff,0xff,0xff,0xff,0xff,0xff,0xff,0xff,0xff,
    0xff,0xff,0xff,0xff,0xff,0xff,0xff,0xff,0xff,0xff,0xff,0xff,0xff,0xff,0xff,0xff,
    0xff,0xff,0xff,0xff,0xff,0xff,0xff,0xff,0xff,0xff,0xff,0xff,0xff,0xff,0xff,0xff,
    0xff,0xff,0xff,0xff,0xff,0xff,0xff,0xff,0xff,0xff,0xff,0xff,0xff,0xff,0xff,0xff,
    0xff,0xff,0xff,0xff,0xff,0xff,0xff,0xff,0xff,0xff,0xff,0xff,0xff,0xff,0xff,0xff,
    0xff,0xff,0xff,0xff,0xff,0xff,0xff,0xff,0xff,0xff,0xff,0xff,0xff,0xff,0xff,0xff,
    0xff,0xff,0xff,0xff,0xff,0xff,0xff,0xff,0xff,0xff,0xff,0xff,0xff,0xff,0xff,0xff,
    0xff,0xff,0xff,0xff,0xff,0xff,0xff,0xff,0xff,0xff,0xff,0xff,0xff,0xff,0xff,0xff,
    0xff,0xff,0xff,0xff,0xff,0xff,0xff,0xff,0xff,0xff,0xff,0xff,0xff,0xff,0xff,0xff,
    0xff,0xff,0xff,0xff,0xff,0xff,0xff,0xff,0xff,0xff,0xff,0xff,0xff,0xff,0xff,0xff,
    0xff,0xff,0xff,0xff,0xff,0xff,0xff,0xff,0xff,0xff,0xff,0xff,0xff,0xff,0xff,0xff,
    0xff,0xff,0xff,0xff,0xff,0xff,0xff,0xff,0xff,0xff,0xff,0xff,0xff,0xff,0xff,0xff,
    0xff,0xff,0xff,0xff,0xff,0xff,0xff,0xff,0xff,0xff,0xff,0xff,0xff,0xff,0xff,0xff,
    0xff,0xff,0xff,0xff,0xff,0xff,0xff,0xff,0xff,0xff,0xff,0xff,0xff,0xff,0xff,0xff,
    0xff,0xff,0xff,0xff,0xff,0xff,0xff,0xff,0xff,0xff,0xff,0xff,0xff,0xff,0xff,0xff,
    0xff,0xff,0xff,0xff,0xff,0xff,0xff,0xff,0xff,0xff,0xff,0xff,0xff,0xff,0xff,0xff,
    0xff,0xff,0xff,0xff,0xff,0xff,0xff,0xff,0xff,0xff,0xff,0xff,0xff,0xff,0xff,0xff,
    0xff,0xff,0xff,0xff,0xff,0xff,0xff,0xff,0xff,0xff,0xff,0xff,0xff,0xff,0xff,0xff,
    0xff,0xff,0xff,0xff,0xff,0xff,0xff,0xff,0xff,0xff,0xff,0xff,0xff,0xff,0xff,0xff,
    0xff,0xff,0xff,0xff,0xff,0xff,0xff,0xff,0xff,0xff,0xff,0xff,0xff,0xff,0xff,0xff,
    0xff,0xff,0xff,0xff,0xff,0xff,0xff,0xff,0xff,0xff,0xff,0xff,0xff,0xff,0xff,0xff,
    0xff,0xff,0xff,0xff,0xff,0xff,0xff,0xff,0xff,0xff,0xff,0xff,0xff,0xff,0xff,0xff,
    0xff,0xff,0xff,0xff,0xff,0xff,0xff,0xff,0xff,0xff,0xff,0xff,0xff,0xff,0xff,0xff,
    0xff,0xff,0xff,0xff,0xff,0xff,0xff,0xff,0xff,0xff,0xff,0xff,0xff,0xff,0xff,0xff,
    0xff,0xff,0xff,0xff,0xff,0xff,0xff,0xff,0xff,0xff,0xff,0xff,0xff,0xff,0xff,0xff,
    0xff,0xff,0xff,0xff,0xff,0xff,0xff,0xff,0xff,0xff,0xff,0xff,0xff,0xff,0xff,0xff,
    0xff,0xff,0xff,0xff,0xff,0xff,0xff,0xff,0xff,0xff,0xff,0xff,0xff,0xff,0xff,0xff,
    0xff,0xff,0xff,0xff,0xff,0xff,0xff,0xff,0xff,0xff,0xff,0xff,0xff,0xff,0xff,0xff,
    0xff,0xff,0xff,0xff,0xff,0xff,0xff,0xff,0xff,0xff,0xff,0xff,0xff,0xff,0xff,0xff,
    0xff,0xff,0xff,0xff,0xff,0xff,0xff,0xff,0xff,0xff,0xff,0xff,0xff,0xff,0xff,0xff,
    0xff,0xff,0xff,0xff,0xff,0xff,0xff,0xff,0xff,0xff,0xff,0xff,0xff,0xff,0xff,0xff,
    0xff,0xff,0xff,0xff,0xff,0xff,0xff,0xff,0xff,0xff,0xff,0xff,0xff,0xff,0xff,0xff,
    0xff,0xff,0xff,0xff,0xff,0xff,0xff,0xff,0xff,0xff,0xff,0xff,0xff,0xff,0xff,0xff,
    0xff,0xff,0xff,0xff,0xff,0xff,0xff,0xff,0xff,0xff,0xff,0xff,0xff,0xff,0xff,0xff,
    0xff,0xff,0xff,0xff,0xff,0xff,0xff,0xff,0xff,0xff,0xff,0xff,0xff,0xff,0xff,0xff,
    0xff,0xff,0xff,0xff,0xff,0xff,0xff,0xff,0xff,0xff,0xff,0xff,0xff,0xff,0xff,0xff,
    0xff,0xff,0xff,0xff,0xff,0xff,0xff,0xff,0xff,0xff,0xff,0xff,0xff,0xff,0xff,0xff,
    0xff,0xff,0xff,0xff,0xff,0xff,0xff,0xff,0xff,0xff,0xff,0xff,0xff,0xff,0xff,0xff,
    0xff,0xff,0xff,0xff,0xff,0xff,0xff,0xff,0xff,0xff,0xff,0xff,0xff,0xff,0xff,0xff,
    0xff,0xff,0xff,0xff,0xff,0xff,0xff,0xff,0xff,0xff,0xff,0xff,0xff,0xff,0xff,0xff,
    0xff,0xff,0xff,0xff,0xff,0xff,0xff,0xff,0xff,0xff,0xff,0xff,0xff,0xff,0xff,0xff,
    0xff,0xff,0xff,0xff,0xff,0xff,0xff,0xff,0xff,0xff,0xff,0xff,0xff,0xff,0xff,0xff,
    0xff,0xff,0xff,0xff,0xff,0xff,0xff,0xff,0xff,0xff,0xff,0xff,0xff,0xff,0xff,0xff,
    0xff,0xff,0xff,0xff,0xff,0xff,0xff,0xff,0xff,0xff,0xff,0xff,0xff,0xff,0xff,0xff,
    0xff,0xff,0xff,0xff,0xff,0xff,0xff,0xff,0xff,0xff,0xff,0xff,0xff,0xff,0xff,0xff,
    0xff,0xff,0xff,0xff,0xff,0xff,0xff,0xff,0xff,0xff,0xff,0xff,0xff,0xff,0xff,0xff,
    0xff,0xff,0xff,0xff,0xff,0xff,0xff,0xff,0xff,0xff,0xff,0xff,0xff,0xff,0xff,0xff,
    0xff,0xff,0xff,0xff,0xff,0xff,0xff,0xff,0xff,0xff,0xff,0xff,0xff,0xff,0xff,0xff,
    0xff,0xff,0xff,0xff,0xff,0xff,0xff,0xff,0xff,0xff,0xff,0xff,0xff,0xff,0xff,0xff,
    0xff,0xff,0xff,0xff,0xff,0xff,0xff,0xff,0xff,0xff,0xff,0xff,0xff,0xff,0xff,0xff,
    0xff,0xff,0xff,0xff,0xff,0xff,0xff,0xff,0xff,0xff,0xff,0xff,0xff,0xff,0xff,0xff,
    0xff,0xff,0xff,0xff,0xff,0xff,0xff,0xff,0xff,0xff,0xff,0xff,0xff,0xff,0xff,0xff,
    0xff,0xff,0xff,0xff,0xff,0xff,0xff,0xff,0xff,0xff,0xff,0xff,0xff,0xff,0xff,0xff,
    0xff,0xff,0xff,0xff,0xff,0xff,0xff,0xff,0xff,0xff,0xff,0xff,0xff,0xff,0xff,0xff,
    0xff,0xff,0xff,0xff,0xff,0xff,0xff,0xff,0xff,0xff,0xff,0xff,0xff,0xff,0xff,0xff,
    0xff,0xff,0xff,0xff,0xff,0xff,0xff,0xff,0xff,0xff,0xff,0xff,0xff,0xff,0xff,0xff,
    0xff,0xff,0xff,0xff,0xff,0xff,0xff,0xff,0xff,0xff,0xff,0xff,0xff,0xff,0xff,0xff,
    0xff,0xff,0xff,0xff,0xff,0xff,0xff,0xff,0xff,0xff,0xff,0xff,0xff,0xff,0xff,0xff,
    0xff,0xff,0xff,0xff,0xff,0xff,0xff,0xff,0xff,0xff,0xff,0xff,0xff,0xff,0xff,0xff,
    0xff,0xff,0xff,0xff,0xff,0xff,0xff,0xff,0xff,0xff,0xff,0xff,0xff,0xff,0xff,0xff,
    0xff,0xff,0xff,0xff,0xff,0xff,0xff,0xff,0xff,0xff,0xff,0xff,0xff,0xff,0xff,0xff,
    0xff,0xff,0xff,0xff,0xff,0xff,0xff,0xff,0xff,0xff,0xff,0xff,0xff,0xff,0xff,0xff,
    0xff,0xff,0xff,0xff,0xff,0xff,0xff,0xff,0xff,0xff,0xff,0xff,0xff,0xff,0xff,0xff,
    0xff,0xff,0xff,0xff,0xff,0xff,0xff,0xff,0xff,0xff,0xff,0xff,0xff,0xff,0xff,0xff,
    0xff,0xff,0xff,0xff,0xff,0xff,0xff,0xff,0xff,0xff,0xff,0xff,0xff,0xff,0xff,0xff,
    0xff,0xff,0xff,0xff,0xff,0xff,0xff,0xff,0xff,0xff,0xff,0xff,0xff,0xff,0xff,0xff,
    0xff,0xff,0xff,0xff,0xff,0xff,0xff,0xff,0xff,0xff,0xff,0xff,0xff,0xff,0xff,0xff,
    0xff,0xff,0xff,0xff,0xff,0xff,0xff,0xff,0xff,0xff,0xff,0xff,0xff,0xff,0xff,0xff,
    0xff,0xff,0xff,0xff,0xff,0xff,0xff,0xff,0xff,0xff,0xff,0xff,0xff,0xff,0xff,0xff,
    0xff,0xff,0xff,0xff,0xff,0xff,0xff,0xff,0xff,0xff,0xff,0xff,0xff,0xff,0xff,0xff,
    0xff,0xff,0xff,0xff,0xff,0xff,0xff,0xff,0xff,0xff,0xff,0xff,0xff,0xff,0xff,0xff,
    0xff,0xff,0xff,0xff,0xff,0xff,0xff,0xff,0xff,0xff,0xff,0xff,0xff,0xff,0xff,0xff,
    0xff,0xff,0xff,0xff,0xff,0xff,0xff,0xff,0xff,0xff,0xff,0xff,0xff,0xff,0xff,0xff,
    0xff,0xff,0xff,0xff,0xff,0xff,0xff,0xff,0xff,0xff,0xff,0xff,0xff,0xff,0xff,0xff,
    0xff,0xff,0xff,0xff,0xff,0xff,0xff,0xff,0xff,0xff,0xff,0xff,0xff,0xff,0xff,0xff,
    0xff,0xff,0xff,0xff,0xff,0xff,0xff,0xff,0xff,0xff,0xff,0xff,0xff,0xff,0xff,0xff,
    0xff,0xff,0xff,0xff,0xff,0xff,0xff,0xff,0xff,0xff,0xff,0xff,0xff,0xff,0xff,0xff,
    0xff,0xff,0xff,0xff,0xff,0xff,0xff,0xff,0xff,0xff,0xff,0xff,0xff,0xff,0xff,0xff,
    0xff,0xff,0xff,0xff,0xff,0xff,0xff,0xff,0xff,0xff,0xff,0xff,0xff,0xff,0xff,0xff,
    0xff,0xff,0xff,0xff,0xff,0xff,0xff,0xff,0xff,0xff,0xff,0xff,0xff,0xff,0xff,0xff,
    0xff,0xff,0xff,0xff,0xff,0xff,0xff,0xff,0xff,0xff,0xff,0xff,0xff,0xff,0xff,0xff,
    0xff,0xff,0xff,0xff,0xff,0xff,0xff,0xff,0xff,0xff,0xff,0xff,0xff,0xff,0xff,0xff,
    0xff,0xff,0xff,0xff,0xff,0xff,0xff,0xff,0xff,0xff,0xff,0xff,0xff,0xff,0xff,0xff,
    0xff,0xff,0xff,0xff,0xff,0xff,0xff,0xff,0xff,0xff,0xff,0xff,0xff,0xff,0xff,0xff,
    0xff,0xff,0xff,0xff,0xff,0xff,0xff,0xff,0xff,0xff,0xff,0xff,0xff,0xff,0xff,0xff,
    0xff,0xff,0xff,0xff,0xff,0xff,0xff,0xff,0xff,0xff,0xff,0xff,0xff,0xff,0xff,0xff,
    0xff,0xff,0xff,0xff,0xff,0xff,0xff,0xff,0xff,0xff,0xff,0xff,0xff,0xff,0xff,0xff,
    0xff,0xff,0xff,0xff,0xff,0xff,0xff,0xff,0xff,0xff,0xff,0xff,0xff,0xff,0xff,0xff,
    0xff,0xff,0xff,0xff,0xff,0xff,0xff,0xff,0xff,0xff,0xff,0xff,0xff,0xff,0xff,0xff,
    0xff,0xff,0xff,0xff,0xff,0xff,0xff,0xff,0xff,0xff,0xff,0xff,0xff,0xff,0xff,0xff,
    0xff,0xff,0xff,0xff,0xff,0xff,0xff,0xff,0xff,0xff,0xff,0xff,0xff,0xff,0xff,0xff,
    0xff,0xff,0xff,0xff,0xff,0xff,0xff,0xff,0xff,0xff,0xff,0xff,0xff,0xff,0xff,0xff,
    0xff,0xff,0xff,0xff,0xff,0xff,0xff,0xff,0xff,0xff,0xff,0xff,0xff,0xff,0xff,0xff,
    0xff,0xff,0xff,0xff,0xff,0xff,0xff,0xff,0xff,0xff,0xff,0xff,0xff,0xff,0xff,0xff,
    0xff,0xff,0xff,0xff,0xff,0xff,0xff,0xff,0xff,0xff,0xff,0xff,0xff,0xff,0xff,0xff,
    0xff,0xff,0xff,0xff,0xff,0xff,0xff,0xff,0xff,0xff,0xff,0xff,0xff,0xff,0xff,0xff,
    0xff,0xff,0xff,0xff,0xff,0xff,0xff,0xff,0xff,0xff,0xff,0xff,0xff,0xff,0xff,0xff,
    0xff,0xff,0xff,0xff,0xff,0xff,0xff,0xff,0xff,0xff,0xff,0xff,0xff,0xff,0xff,0xff,
    0xff,0xff,0xff,0xff,0xff,0xff,0xff,0xff,0xff,0xff,0xff,0xff,0xff,0xff,0xff,0xff,
    0xff,0xff,0xff,0xff,0xff,0xff,0xff,0xff,0xff,0xff,0xff,0xff,0xff,0xff,0xff,0xff,
    0xff,0xff,0xff,0xff,0xff,0xff,0xff,0xff,0xff,0xff,0xff,0xff,0xff,0xff,0xff,0xff,
    0xff,0xff,0xff,0xff,0xff,0xff,0xff,0xff,0xff,0xff,0xff,0xff,0xff,0xff,0xff,0xff,
    0xff,0xff,0xff,0xff,0xff,0xff,0xff,0xff,0xff,0xff,0xff,0xff,0xff,0xff,0xff,0xff,
    0xff,0xff,0xff,0xff,0xff,0xff,0xff,0xff,0xff,0xff,0xff,0xff,0xff,0xff,0xff,0xff,
    0xff,0xff,0xff,0xff,0xff,0xff,0xff,0xff,0xff,0xff,0xff,0xff,0xff,0xff,0xff,0xff,
    0xff,0xff,0xff,0xff,0xff,0xff,0xff,0xff,0xff,0xff,0xff,0xff,0xff,0xff,0xff,0xff,
    0xff,0xff,0xff,0xff,0xff,0xff,0xff,0xff,0xff,0xff,0xff,0xff,0xff,0xff,0xff,0xff,
    0xff,0xff,0xff,0xff,0xff,0xff,0xff,0xff,0xff,0xff,0xff,0xff,0xff,0xff,0xff,0xff,
    0xff,0xff,0xff,0xff,0xff,0xff,0xff,0xff,0xff,0xff,0xff,0xff,0xff,0xff,0xff,0xff,
    0xff,0xff,0xff,0xff,0xff,0xff,0xff,0xff,0xff,0xff,0xff,0xff,0xff,0xff,0xff,0xff,
    0xff,0xff,0xff,0xff,0xff,0xff,0xff,0xff,0xff,0xff,0xff,0xff,0xff,0xff,0xff,0xff,
    0xff,0xff,0xff,0xff,0xff,0xff,0xff,0xff,0xff,0xff,0xff,0xff,0xff,0xff,0xff,0xff,
    0xff,0xff,0xff,0xff,0xff,0xff,0xff,0xff,0xff,0xff,0xff,0xff,0xff,0xff,0xff,0xff,
    0xff,0xff,0xff,0xff,0xff,0xff,0xff,0xff,0xff,0xff,0xff,0xff,0xff,0xff,0xff,0xff,
    0xff,0xff,0xff,0xff,0xff,0xff,0xff,0xff,0xff,0xff,0xff,0xff,0xff,0xff,0xff,0xff,
    0xff,0xff,0xff,0xff,0xff,0xff,0xff,0xff,0xff,0xff,0xff,0xff,0xff,0xff,0xff,0xff,
    0xff,0xff,0xff,0xff,0xff,0xff,0xff,0xff,0xff,0xff,0xff,0xff,0xff,0xff,0xff,0xff,
    0xff,0xff,0xff,0xff,0xff,0xff,0xff,0xff,0xff,0xff,0xff,0xff,0xff,0xff,0xff,0xff,
    0xff,0xff,0xff,0xff,0xff,0xff,0xff,0xff,0xff,0xff,0xff,0xff,0xff,0xff,0xff,0xff,
    0xff,0xff,0xff,0xff,0xff,0xff,0xff,0xff,0xff,0xff,0xff,0xff,0xff,0xff,0xff,0xff,
    0xff,0xff,0xff,0xff,0xff,0xff,0xff,0xff,0xff,0xff,0xff,0xff,0xff,0xff,0xff,0xff,
    0xff,0xff,0xff,0xff,0xff,0xff,0xff,0xff,0xff,0xff,0xff,0xff,0xff,0xff,0xff,0xff,
    0xff,0xff,0xff,0xff,0xff,0xff,0xff,0xff,0xff,0xff,0xff,0xff,0xff,0xff,0xff,0xff,
    0xff,0xff,0xff,0xff,0xff,0xff,0xff,0xff,0xff,0xff,0xff,0xff,0xff,0xff,0xff,0xff,
    0xff,0xff,0xff,0xff,0xff,0xff,0xff,0xff,0xff,0xff,0xff,0xff,0xff,0xff,0xff,0xff,
    0xff,0xff,0xff,0xff,0xff,0xff,0xff,0xff,0xff,0xff,0xff,0xff,0xff,0xff,0xff,0xff,
    0xff,0xff,0xff,0xff,0xff,0xff,0xff,0xff,0xff,0xff,0xff,0xff,0xff,0xff,0xff,0xff,
    0xff,0xff,0xff,0xff,0xff,0xff,0xff,0xff,0xff,0xff,0xff,0xff,0xff,0xff,0xff,0xff,
    0xff,0xff,0xff,0xff,0xff,0xff,0xff,0xff,0xff,0xff,0xff,0xff,0xff,0xff,0xff,0xff,
    0xff,0xff,0xff,0xff,0xff,0xff,0xff,0xff,0xff,0xff,0xff,0xff,0xff,0xff,0xff,0xff,
    0xff,0xff,0xff,0xff,0xff,0xff,0xff,0xff,0xff,0xff,0xff,0xff,0xff,0xff,0xff,0xff,
    0xff,0xff,0xff,0xff,0xff,0xff,0xff,0xff,0xff,0xff,0xff,0xff,0xff,0xff,0xff,0xff,
    0xff,0xff,0xff,0xff,0xff,0xff,0xff,0xff,0xff,0xff,0xff,0xff,0xff,0xff,0xff,0xff,
    0xff,0xff,0xff,0xff,0xff,0xff,0xff,0xff,0xff,0xff,0xff,0xff,0xff,0xff,0xff,0xff,
    0xff,0xff,0xff,0xff,0xff,0xff,0xff,0xff,0xff,0xff,0xff,0xff,0xff,0xff,0xff,0xff,
    0xff,0xff,0xff,0xff,0xff,0xff,0xff,0xff,0xff,0xff,0xff,0xff,0xff,0xff,0xff,0xff,
    0xff,0xff,0xff,0xff,0xff,0xff,0xff,0xff,0xff,0xff,0xff,0xff,0xff,0xff,0xff,0xff,
    0xff,0xff,0xff,0xff,0xff,0xff,0xff,0xff,0xff,0xff,0xff,0xff,0xff,0xff,0xff,0xff,
    0xff,0xff,0xff,0xff,0xff,0xff,0xff,0xff,0xff,0xff,0xff,0xff,0xff,0xff,0xff,0xff,
    0xff,0xff,0xff,0xff,0xff,0xff,0xff,0xff,0xff,0xff,0xff,0xff,0xff,0xff,0xff,0xff,
    0xff,0xff,0xff,0xff,0xff,0xff,0xff,0xff,0xff,0xff,0xff,0xff,0xff,0xff,0xff,0xff,
    0xff,0xff,0xff,0xff,0xff,0xff,0xff,0xff,0xff,0xff,0xff,0xff,0xff,0xff,0xff,0xff,
    0xff,0xff,0xff,0xff,0xff,0xff,0xff,0xff,0xff,0xff,0xff,0xff,0xff,0xff,0xff,0xff,
    0xff,0xff,0xff,0xff,0xff,0xff,0xff,0xff,0xff,0xff,0xff,0xff,0xff,0xff,0xff,0xff,
    0xff,0xff,0xff,0xff,0xff,0xff,0xff,0xff,0xff,0xff,0xff,0xff,0xff,0xff,0xff,0xff,
    0xff,0xff,0xff,0xff,0xff,0xff,0xff,0xff,0xff,0xff,0xff,0xff,0xff,0xff,0xff,0xff,
    0xff,0xff,0xff,0xff,0xff,0xff,0xff,0xff,0xff,0xff,0xff,0xff,0xff,0xff,0xff,0xff,
    0xff,0xff,0xff,0xff,0xff,0xff,0xff,0xff,0xff,0xff,0xff,0xff,0xff,0xff,0xff,0xff,
    0xff,0xff,0xff,0xff,0xff,0xff,0xff,0xff,0xff,0xff,0xff,0xff,0xff,0xff,0xff,0xff,
    0xff,0xff,0xff,0xff,0xff,0xff,0xff,0xff,0xff,0xff,0xff,0xff,0xff,0xff,0xff,0xff,
    0xff,0xff,0xff,0xff,0xff,0xff,0xff,0xff,0xff,0xff,0xff,0xff,0xff,0xff,0xff,0xff,
    0xff,0xff,0xff,0xff,0xff,0xff,0xff,0xff,0xff,0xff,0xff,0xff,0xff,0xff,0xff,0xff,
    0xff,0xff,0xff,0xff,0xff,0xff,0xff,0xff,0xff,0xff,0xff,0xff,0xff,0xff,0xff,0xff,
    0xff,0xff,0xff,0xff,0xff,0xff,0xff,0xff,0xff,0xff,0xff,0xff,0xff,0xff,0xff,0xff,
    0xff,0xff,0xff,0xff,0xff,0xff,0xff,0xff,0xff,0xff,0xff,0xff,0xff,0xff,0xff,0xff,
    0xff,0xff,0xff,0xff,0xff,0xff,0xff,0xff,0xff,0xff,0xff,0xff,0xff,0xff,0xff,0xff,
    0xff,0xff,0xff,0xff,0xff,0xff,0xff,0xff,0xff,0xff,0xff,0xff,0xff,0xff,0xff,0xff,
    0xff,0xff,0xff,0xff,0xff,0xff,0xff,0xff,0xff,0xff,0xff,0xff,0xff,0xff,0xff,0xff,
    0xff,0xff,0xff,0xff,0xff,0xff,0xff,0xff,0xff,0xff,0xff,0xff,0xff,0xff,0xff,0xff,
    0xff,0xff,0xff,0xff,0xff,0xff,0xff,0xff,0xff,0xff,0xff,0xff,0xff,0xff,0xff,0xff,
    0xff,0xff,0xff,0xff,0xff,0xff,0xff,0xff,0xff,0xff,0xff,0xff,0xff,0xff,0xff,0xff,
    0xff,0xff,0xff,0xff,0xff,0xff,0xff,0xff,0xff,0xff,0xff,0xff,0xff,0xff,0xff,0xff,
    0xff,0xff,0xff,0xff,0xff,0xff,0xff,0xff,0xff,0xff,0xff,0xff,0xff,0xff,0xff,0xff,
    0xff,0xff,0xff,0xff,0xff,0xff,0xff,0xff,0xff,0xff,0xff,0xff,0xff,0xff,0xff,0xff,
    0xff,0xff,0xff,0xff,0xff,0xff,0xff,0xff,0xff,0xff,0xff,0xff,0xff,0xff,0xff,0xff,
    0xff,0xff,0xff,0xff,0xff,0xff,0xff,0xff,0xff,0xff,0xff,0xff,0xff,0xff,0xff,0xff,
    0xff,0xff,0xff,0xff,0xff,0xff,0xff,0xff,0xff,0xff,0xff,0xff,0xff,0xff,0xff,0xff,
    0xff,0xff,0xff,0xff,0xff,0xff,0xff,0xff,0xff,0xff,0xff,0xff,0xff,0xff,0xff,0xff,
    0xff,0xff,0xff,0xff,0xff,0xff,0xff,0xff,0xff,0xff,0xff,0xff,0xff,0xff,0xff,0xff,
    0xff,0xff,0xff,0xff,0xff,0xff,0xff,0xff,0xff,0xff,0xff,0xff,0xff,0xff,0xff,0xff,
    0xff,0xff,0xff,0xff,0xff,0xff,0xff,0xff,0xff,0xff,0xff,0xff,0xff,0xff,0xff,0xff,
    0xff,0xff,0xff,0xff,0xff,0xff,0xff,0xff,0xff,0xff,0xff,0xff,0xff,0xff,0xff,0xff,
    0xff,0xff,0xff,0xff,0xff,0xff,0xff,0xff,0xff,0xff,0xff,0xff,0xff,0xff,0xff,0xff,
    0xff,0xff,0xff,0xff,0xff,0xff,0xff,0xff,0xff,0xff,0xff,0xff,0xff,0xff,0xff,0xff,
    0xff,0xff,0xff,0xff,0xff,0xff,0xff,0xff,0xff,0xff,0xff,0xff,0xff,0xff,0xff,0xff,
    0xff,0xff,0xff,0xff,0xff,0xff,0xff,0xff,0xff,0xff,0xff,0xff,0xff,0xff,0xff,0xff,
    0xff,0xff,0xff,0xff,0xff,0xff,0xff,0xff,0xff,0xff,0xff,0xff,0xff,0xff,0xff,0xff,
    0xff,0xff,0xff,0xff,0xff,0xff,0xff,0xff,0xff,0xff,0xff,0xff,0xff,0xff,0xff,0xff,
    0xff,0xff,0xff,0xff,0xff,0xff,0xff,0xff,0xff,0xff,0xff,0xff,0xff,0xff,0xff,0xff,
    0xff,0xff,0xff,0xff,0xff,0xff,0xff,0xff,0xff,0xff,0xff,0xff,0xff,0xff,0xff,0xff,
    0xff,0xff,0xff,0xff,0xff,0xff,0xff,0xff,0xff,0xff,0xff,0xff,0xff,0xff,0xff,0xff,
    0xff,0xff,0xff,0xff,0xff,0xff,0xff,0xff,0xff,0xff,0xff,0xff,0xff,0xff,0xff,0xff,
    0xff,0xff,0xff,0xff,0xff,0xff,0xff,0xff,0xff,0xff,0xff,0xff,0xff,0xff,0xff,0xff,
    0xff,0xff,0xff,0xff,0xff,0xff,0xff,0xff,0xff,0xff,0xff,0xff,0xff,0xff,0xff,0xff,
    0xff,0xff,0xff,0xff,0xff,0xff,0xff,0xff,0xff,0xff,0xff,0xff,0xff,0xff,0xff,0xff,
    0xff,0xff,0xff,0xff,0xff,0xff,0xff,0xff,0xff,0xff,0xff,0xff,0xff,0xff,0xff,0xff,
    0xff,0xff,0xff,0xff,0xff,0xff,0xff,0xff,0xff,0xff,0xff,0xff,0xff,0xff,0xff,0xff,
    0xff,0xff,0xff,0xff,0xff,0xff,0xff,0xff,0xff,0xff,0xff,0xff,0xff,0xff,0xff,0xff,
    0xff,0xff,0xff,0xff,0xff,0xff,0xff,0xff,0xff,0xff,0xff,0xff,0xff,0xff,0xff,0xff,
    0xff,0xff,0xff,0xff,0xff,0xff,0xff,0xff,0xff,0xff,0xff,0xff,0xff,0xff,0xff,0xff,
    0xff,0xff,0xff,0xff,0xff,0xff,0xff,0xff,0xff,0xff,0xff,0xff,0xff,0xff,0xff,0xff,
    0xff,0xff,0xff,0xff,0xff,0xff,0xff,0xff,0xff,0xff,0xff,0xff,0xff,0xff,0xff,0xff,
    0xff,0xff,0xff,0xff,0xff,0xff,0xff,0xff,0xff,0xff,0xff,0xff,0xff,0xff,0xff,0xff,
    0xff,0xff,0xff,0xff,0xff,0xff,0xff,0xff,0xff,0xff,0xff,0xff,0xff,0xff,0xff,0xff,
    0xff,0xff,0xff,0xff,0xff,0xff,0xff,0xff,0xff,0xff,0xff,0xff,0xff,0xff,0xff,0xff,
    0xff,0xff,0xff,0xff,0xff,0xff,0xff,0xff,0xff,0xff,0xff,0xff,0xff,0xff,0xff,0xff,
    0xff,0xff,0xff,0xff,0xff,0xff,0xff,0xff,0xff,0xff,0xff,0xff,0xff,0xff,0xff,0xff,
    0xff,0xff,0xff,0xff,0xff,0xff,0xff,0xff,0xff,0xff,0xff,0xff,0xff,0xff,0xff,0xff,
    0xff,0xff,0xff,0xff,0xff,0xff,0xff,0xff,0xff,0xff,0xff,0xff,0xff,0xff,0xff,0xff,
    0xff,0xff,0xff,0xff,0xff,0xff,0xff,0xff,0xff,0xff,0xff,0xff,0xff,0xff,0xff,0xff,
    0xff,0xff,0xff,0xff,0xff,0xff,0xff,0xff,0xff,0xff,0xff,0xff,0xff,0xff,0xff,0xff,
    0xff,0xff,0xff,0xff,0xff,0xff,0xff,0xff,0xff,0xff,0xff,0xff,0xff,0xff,0xff,0xff,
    0xff,0xff,0xff,0xff,0xff,0xff,0xff,0xff,0xff,0xff,0xff,0xff,0xff,0xff,0xff,0xff,
    0xff,0xff,0xff,0xff,0xff,0xff,0xff,0xff,0xff,0xff,0xff,0xff,0xff,0xff,0xff,0xff,
    0xff,0xff,0xff,0xff,0xff,0xff,0xff,0xff,0xff,0xff,0xff,0xff,0xff,0xff,0xff,0xff,
    0xff,0xff,0xff,0xff,0xff,0xff,0xff,0xff,0xff,0xff,0xff,0xff,0xff,0xff,0xff,0xff,
    0xff,0xff,0xff,0xff,0xff,0xff,0xff,0xff,0xff,0xff,0xff,0xff,0xff,0xff,0xff,0xff,
    0xff,0xff,0xff,0xff,0xff,0xff,0xff,0xff,0xff,0xff,0xff,0xff,0xff,0xff,0xff,0xff,
    0xff,0xff,0xff,0xff,0xff,0xff,0xff,0xff,0xff,0xff,0xff,0xff,0xff,0xff,0xff,0xff,
    0xff,0xff,0xff,0xff,0xff,0xff,0xff,0xff,0xff,0xff,0xff,0xff,0xff,0xff,0xff,0xff,
    0xff,0xff,0xff,0xff,0xff,0xff,0xff,0xff,0xff,0xff,0xff,0xff,0xff,0xff,0xff,0xff,
    0xff,0xff,0xff,0xff,0xff,0xff,0xff,0xff,0xff,0xff,0xff,0xff,0xff,0xff,0xff,0xff,
    0xff,0xff,0xff,0xff,0xff,0xff,0xff,0xff,0xff,0xff,0xff,0xff,0xff,0xff,0xff,0xff,
    0xff,0xff,0xff,0xff,0xff,0xff,0xff,0xff,0xff,0xff,0xff,0xff,0xff,0xff,0xff,0xff,
    0xff,0xff,0xff,0xff,0xff,0xff,0xff,0xff,0xff,0xff,0xff,0xff,0xff,0xff,0xff,0xff,
    0xff,0xff,0xff,0xff,0xff,0xff,0xff,0xff,0xff,0xff,0xff,0xff,0xff,0xff,0xff,0xff,
    0xff,0xff,0xff,0xff,0xff,0xff,0xff,0xff,0xff,0xff,0xff,0xff,0xff,0xff,0xff,0xff,
    0xff,0xff,0xff,0xff,0xff,0xff,0xff,0xff,0xff,0xff,0xff,0xff,0xff,0xff,0xff,0xff,
    0xff,0xff,0xff,0xff,0xff,0xff,0xff,0xff,0xff,0xff,0xff,0xff,0xff,0xff,0xff,0xff,
    0xff,0xff,0xff,0xff,0xff,0xff,0xff,0xff,0xff,0xff,0xff,0xff,0xff,0xff,0xff,0xff,
    0xff,0xff,0xff,0xff,0xff,0xff,0xff,0xff,0xff,0xff,0xff,0xff,0xff,0xff,0xff,0xff,
    0xff,0xff,0xff,0xff,0xff,0xff,0xff,0xff,0xff,0xff,0xff,0xff,0xff,0xff,0xff,0xff,
    0xff,0xff,0xff,0xff,0xff,0xff,0xff,0xff,0xff,0xff,0xff,0xff,0xff,0xff,0xff,0xff,
    0xff,0xff,0xff,0xff,0xff,0xff,0xff,0xff,0xff,0xff,0xff,0xff,0xff,0xff,0xff,0xff,
    0xff,0xff,0xff,0xff,0xff,0xff,0xff,0xff,0xff,0xff,0xff,0xff,0xff,0xff,0xff,0xff,
    0xff,0xff,0xff,0xff,0xff,0xff,0xff,0xff,0xff,0xff,0xff,0xff,0xff,0xff,0xff,0xff,
    0xff,0xff,0xff,0xff,0xff,0xff,0xff,0xff,0xff,0xff,0xff,0xff,0xff,0xff,0xff,0xff,
    0xff,0xff,0xff,0xff,0xff,0xff,0xff,0xff,0xff,0xff,0xff,0xff,0xff,0xff,0xff,0xff,
    0xff,0xff,0xff,0xff,0xff,0xff,0xff,0xff,0xff,0xff,0xff,0xff,0xff,0xff,0xff,0xff,
    0xff,0xff,0xff,0xff,0xff,0xff,0xff,0xff,0xff,0xff,0xff,0xff,0xff,0xff,0xff,0xff,
    0xff,0xff,0xff,0xff,0xff,0xff,0xff,0xff,0xff,0xff,0xff,0xff,0xff,0xff,0xff,0xff,
    0xff,0xff,0xff,0xff,0xff,0xff,0xff,0xff,0xff,0xff,0xff,0xff,0xff,0xff,0xff,0xff,
    0xff,0xff,0xff,0xff,0xff,0xff,0xff,0xff,0xff,0xff,0xff,0xff,0xff,0xff,0xff,0xff,
    0xff,0xff,0xff,0xff,0xff,0xff,0xff,0xff,0xff,0xff,0xff,0xff,0xff,0xff,0xff,0xff,
    0xff,0xff,0xff,0xff,0xff,0xff,0xff,0xff,0xff,0xff,0xff,0xff,0xff,0xff,0xff,0xff,
    0xff,0xff,0xff,0xff,0xff,0xff,0xff,0xff,0xff,0xff,0xff,0xff,0xff,0xff,0xff,0xff,
    0xff,0xff,0xff,0xff,0xff,0xff,0xff,0xff,0xff,0xff,0xff,0xff,0xff,0xff,0xff,0xff,
    0xff,0xff,0xff,0xff,0xff,0xff,0xff,0xff,0xff,0xff,0xff,0xff,0xff,0xff,0xff,0xff,
    0xff,0xff,0xff,0xff,0xff,0xff,0xff,0xff,0xff,0xff,0xff,0xff,0xff,0xff,0xff,0xff,
    0xff,0xff,0xff,0xff,0xff,0xff,0xff,0xff,0xff,0xff,0xff,0xff,0xff,0xff,0xff,0xff,
    0xff,0xff,0xff,0xff,0xff,0xff,0xff,0xff,0xff,0xff,0xff,0xff,0xff,0xff,0xff,0xff,
    0xff,0xff,0xff,0xff,0xff,0xff,0xff,0xff,0xff,0xff,0xff,0xff,0xff,0xff,0xff,0xff,
    0xff,0xff,0xff,0xff,0xff,0xff,0xff,0xff,0xff,0xff,0xff,0xff,0xff,0xff,0xff,0xff,
    0xff,0xff,0xff,0xff,0xff,0xff,0xff,0xff,0xff,0xff,0xff,0xff,0xff,0xff,0xff,0xff,
    0xff,0xff,0xff,0xff,0xff,0xff,0xff,0xff,0xff,0xff,0xff,0xff,0xff,0xff,0xff,0xff,
    0xff,0xff,0xff,0xff,0xff,0xff,0xff,0xff,0xff,0xff,0xff,0xff,0xff,0xff,0xff,0xff,
    0xff,0xff,0xff,0xff,0xff,0xff,0xff,0xff,0xff,0xff,0xff,0xff,0xff,0xff,0xff,0xff,
    0xff,0xff,0xff,0xff,0xff,0xff,0xff,0xff,0xff,0xff,0xff,0xff,0xff,0xff,0xff,0xff,
    0xff,0xff,0xff,0xff,0xff,0xff,0xff,0xff,0xff,0xff,0xff,0xff,0xff,0xff,0xff,0xff,
    0xff,0xff,0xff,0xff,0xff,0xff,0xff,0xff,0xff,0xff,0xff,0xff,0xff,0xff,0xff,0xff,
    0xff,0xff,0xff,0xff,0xff,0xff,0xff,0xff,0xff,0xff,0xff,0xff,0xff,0xff,0xff,0xff,
    0xff,0xff,0xff,0xff,0xff,0xff,0xff,0xff,0xff,0xff,0xff,0xff,0xff,0xff,0xff,0xff,
    0xff,0xff,0xff,0xff,0xff,0xff,0xff,0xff,0xff,0xff,0xff,0xff,0xff,0xff,0xff,0xff,
    0xff,0xff,0xff,0xff,0xff,0xff,0xff,0xff,0xff,0xff,0xff,0xff,0xff,0xff,0xff,0xff,
    0xff,0xff,0xff,0xff,0xff,0xff,0xff,0xff,0xff,0xff,0xff,0xff,0xff,0xff,0xff,0xff,
    0xff,0xff,0xff,0xff,0xff,0xff,0xff,0xff,0xff,0xff,0xff,0xff,0xff,0xff,0xff,0xff,
    0xff,0xff,0xff,0xff,0xff,0xff,0xff,0xff,0xff,0xff,0xff,0xff,0xff,0xff,0xff,0xff,
    0xff,0xff,0xff,0xff,0xff,0xff,0xff,0xff,0xff,0xff,0xff,0xff,0xff,0xff,0xff,0xff,
    0xff,0xff,0xff,0xff,0xff,0xff,0xff,0xff,0xff,0xff,0xff,0xff,0xff,0xff,0xff,0xff,
    0xff,0xff,0xff,0xff,0xff,0xff,0xff,0xff,0xff,0xff,0xff,0xff,0xff,0xff,0xff,0xff,
    0xff,0xff,0xff,0xff,0xff,0xff,0xff,0xff,0xff,0xff,0xff,0xff,0xff,0xff,0xff,0xff,
    0xff,0xff,0xff,0xff,0xff,0xff,0xff,0xff,0xff,0xff,0xff,0xff,0xff,0xff,0xff,0xff,
    0xff,0xff,0xff,0xff,0xff,0xff,0xff,0xff,0xff,0xff,0xff,0xff,0xff,0xff,0xff,0xff,
    0xff,0xff,0xff,0xff,0xff,0xff,0xff,0xff,0xff,0xff,0xff,0xff,0xff,0xff,0xff,0xff,
    0xff,0xff,0xff,0xff,0xff,0xff,0xff,0xff,0xff,0xff,0xff,0xff,0xff,0xff,0xff,0xff,
    0xff,0xff,0xff,0xff,0xff,0xff,0xff,0xff,0xff,0xff,0xff,0xff,0xff,0xff,0xff,0xff,
    0xff,0xff,0xff,0xff,0xff,0xff,0xff,0xff,0xff,0xff,0xff,0xff,0xff,0xff,0xff,0xff,
    0xff,0xff,0xff,0xff,0xff,0xff,0xff,0xff,0xff,0xff,0xff,0xff,0xff,0xff,0xff,0xff,
    0xff,0xff,0xff,0xff,0xff,0xff,0xff,0xff,0xff,0xff,0xff,0xff,0xff,0xff,0xff,0xff,
    0xff,0xff,0xff,0xff,0xff,0xff,0xff,0xff,0xff,0xff,0xff,0xff,0xff,0xff,0xff,0xff,
    0xff,0xff,0xff,0xff,0xff,0xff,0xff,0xff,0xff,0xff,0xff,0xff,0xff,0xff,0xff,0xff,
    0xff,0xff,0xff,0xff,0xff,0xff,0xff,0xff,0xff,0xff,0xff,0xff,0xff,0xff,0xff,0xff,
    0xff,0xff,0xff,0xff,0xff,0xff,0xff,0xff,0xff,0xff,0xff,0xff,0xff,0xff,0xff,0xff,
    0xff,0xff,0xff,0xff,0xff,0xff,0xff,0xff,0xff,0xff,0xff,0xff,0xff,0xff,0xff,0xff,
    0xff,0xff,0xff,0xff,0xff,0xff,0xff,0xff,0xff,0xff,0xff,0xff,0xff,0xff,0xff,0xff,
    0xff,0xff,0xff,0xff,0xff,0xff,0xff,0xff,0xff,0xff,0xff,0xff,0xff,0xff,0xff,0xff,
    0xff,0xff,0xff,0xff,0xff,0xff,0xff,0xff,0xff,0xff,0xff,0xff,0xff,0xff,0xff,0xff,
    0xff,0xff,0xff,0xff,0xff,0xff,0xff,0xff,0xff,0xff,0xff,0xff,0xff,0xff,0xff,0xff,
    0xff,0xff,0xff,0xff,0xff,0xff,0xff,0xff,0xff,0xff,0xff,0xff,0xff,0xff,0xff,0xff,
    0xff,0xff,0xff,0xff,0xff,0xff,0xff,0xff,0xff,0xff,0xff,0xff,0xff,0xff,0xff,0xff,
    0xff,0xff,0xff,0xff,0xff,0xff,0xff,0xff,0xff,0xff,0xff,0xff,0xff,0xff,0xff,0xff,
    0xff,0xff,0xff,0xff,0xff,0xff,0xff,0xff,0xff,0xff,0xff,0xff,0xff,0xff,0xff,0xff,
    0xff,0xff,0xff,0xff,0xff,0xff,0xff,0xff,0xff,0xff,0xff,0xff,0xff,0xff,0xff,0xff,
    0xff,0xff,0xff,0xff,0xff,0xff,0xff,0xff,0xff,0xff,0xff,0xff,0xff,0xff,0xff,0xff,
    0xff,0xff,0xff,0xff,0xff,0xff,0xff,0xff,0xff,0xff,0xff,0xff,0xff,0xff,0xff,0xff,
    0xff,0xff,0xff,0xff,0xff,0xff,0xff,0xff,0xff,0xff,0xff,0xff,0xff,0xff,0xff,0xff,
    0xff,0xff,0xff,0xff,0xff,0xff,0xff,0xff,0xff,0xff,0xff,0xff,0xff,0xff,0xff,0xff,
    0xff,0xff,0xff,0xff,0xff,0xff,0xff,0xff,0xff,0xff,0xff,0xff,0xff,0xff,0xff,0xff,
    0xff,0xff,0xff,0xff,0xff,0xff,0xff,0xff,0xff,0xff,0xff,0xff,0xff,0xff,0xff,0xff,
    0xff,0xff,0xff,0xff,0xff,0xff,0xff,0xff,0xff,0xff,0xff,0xff,0xff,0xff,0xff,0xff,
    0xff,0xff,0xff,0xff,0xff,0xff,0xff,0xff,0xff,0xff,0xff,0xff,0xff,0xff,0xff,0xff,
    0xff,0xff,0xff,0xff,0xff,0xff,0xff,0xff,0xff,0xff,0xff,0xff,0xff,0xff,0xff,0xff,
    0xff,0xff,0xff,0xff,0xff,0xff,0xff,0xff,0xff,0xff,0xff,0xff,0xff,0xff,0xff,0xff,
    0xff,0xff,0xff,0xff,0xff,0xff,0xff,0xff,0xff,0xff,0xff,0xff,0xff,0xff,0xff,0xff,
    0xff,0xff,0xff,0xff,0xff,0xff,0xff,0xff,0xff,0xff,0xff,0xff,0xff,0xff,0xff,0xff,
    0xff,0xff,0xff,0xff,0xff,0xff,0xff,0xff,0xff,0xff,0xff,0xff,0xff,0xff,0xff,0xff,
    0xff,0xff,0xff,0xff,0xff,0xff,0xff,0xff,0xff,0xff,0xff,0xff,0xff,0xff,0xff,0xff,
    0xff,0xff,0xff,0xff,0xff,0xff,0xff,0xff,0xff,0xff,0xff,0xff,0xff,0xff,0xff,0xff,
    0xff,0xff,0xff,0xff,0xff,0xff,0xff,0xff,0xff,0xff,0xff,0xff,0xff,0xff,0xff,0xff,
    0xff,0xff,0xff,0xff,0xff,0xff,0xff,0xff,0xff,0xff,0xff,0xff,0xff,0xff,0xff,0xff,
    0xff,0xff,0xff,0xff,0xff,0xff,0xff,0xff,0xff,0xff,0xff,0xff,0xff,0xff,0xff,0xff,
    0xff,0xff,0xff,0xff,0xff,0xff,0xff,0xff,0xff,0xff,0xff,0xff,0xff,0xff,0xff,0xff,
    0xff,0xff,0xff,0xff,0xff,0xff,0xff,0xff,0xff,0xff,0xff,0xff,0xff,0xff,0xff,0xff,
    0xff,0xff,0xff,0xff,0xff,0xff,0xff,0xff,0xff,0xff,0xff,0xff,0xff,0xff,0xff,0xff,
    0xff,0xff,0xff,0xff,0xff,0xff,0xff,0xff,0xff,0xff,0xff,0xff,0xff,0xff,0xff,0xff,
    0xff,0xff,0xff,0xff,0xff,0xff,0xff,0xff,0xff,0xff,0xff,0xff,0xff,0xff,0xff,0xff,
    0xff,0xff,0xff,0xff,0xff,0xff,0xff,0xff,0xff,0xff,0xff,0xff,0xff,0xff,0xff,0xff,
    0xff,0xff,0xff,0xff,0xff,0xff,0xff,0xff,0xff,0xff,0xff,0xff,0xff,0xff,0xff,0xff,
    0xff,0xff,0xff,0xff,0xff,0xff,0xff,0xff,0xff,0xff,0xff,0xff,0xff,0xff,0xff,0xff,
    0xff,0xff,0xff,0xff,0xff,0xff,0xff,0xff,0xff,0xff,0xff,0xff,0xff,0xff,0xff,0xff,
    0xff,0xff,0xff,0xff,0xff,0xff,0xff,0xff,0xff,0xff,0xff,0xff,0xff,0xff,0xff,0xff,
    0xff,0xff,0xff,0xff,0xff,0xff,0xff,0xff,0xff,0xff,0xff,0xff,0xff,0xff,0xff,0xff,
    0xff,0xff,0xff,0xff,0xff,0xff,0xff,0xff,0xff,0xff,0xff,0xff,0xff,0xff,0xff,0xff,
    0xff,0xff,0xff,0xff,0xff,0xff,0xff,0xff,0xff,0xff,0xff,0xff,0xff,0xff,0xff,0xff,
    0xff,0xff,0xff,0xff,0xff,0xff,0xff,0xff,0xff,0xff,0xff,0xff,0xff,0xff,0xff,0xff,
    0xff,0xff,0xff,0xff,0xff,0xff,0xff,0xff,0xff,0xff,0xff,0xff,0xff,0xff,0xff,0xff,
    0xff,0xff,0xff,0xff,0xff,0xff,0xff,0xff,0xff,0xff,0xff,0xff,0xff,0xff,0xff,0xff,
    0xff,0xff,0xff,0xff,0xff,0xff,0xff,0xff,0xff,0xff,0xff,0xff,0xff,0xff,0xff,0xff,
    0xff,0xff,0xff,0xff,0xff,0xff,0xff,0xff,0xff,0xff,0xff,0xff,0xff,0xff,0xff,0xff,
    0xff,0xff,0xff,0xff,0xff,0xff,0xff,0xff,0xff,0xff,0xff,0xff,0xff,0xff,0xff,0xff,
    0xff,0xff,0xff,0xff,0xff,0xff,0xff,0xff,0xff,0xff,0xff,0xff,0xff,0xff,0xff,0xff,
    0xff,0xff,0xff,0xff,0xff,0xff,0xff,0xff,0xff,0xff,0xff,0xff,0xff,0xff,0xff,0xff,
    0xff,0xff,0xff,0xff,0xff,0xff,0xff,0xff,0xff,0xff,0xff,0xff,0xff,0xff,0xff,0xff,
    0xff,0xff,0xff,0xff,0xff,0xff,0xff,0xff,0xff,0xff,0xff,0xff,0xff,0xff,0xff,0xff,
    0xff,0xff,0xff,0xff,0xff,0xff,0xff,0xff,0xff,0xff,0xff,0xff,0xff,0xff,0xff,0xff,
    0xff,0xff,0xff,0xff,0xff,0xff,0xff,0xff,0xff,0xff,0xff,0xff,0xff,0xff,0xff,0xff,
    0xff,0xff,0xff,0xff,0xff,0xff,0xff,0xff,0xff,0xff,0xff,0xff,0xff,0xff,0xff,0xff,
    0xff,0xff,0xff,0xff,0xff,0xff,0xff,0xff,0xff,0xff,0xff,0xff,0xff,0xff,0xff,0xff,
    0xff,0xff,0xff,0xff,0xff,0xff,0xff,0xff,0xff,0xff,0xff,0xff,0xff,0xff,0xff,0xff,
    0xff,0xff,0xff,0xff,0xff,0xff,0xff,0xff,0xff,0xff,0xff,0xff,0xff,0xff,0xff,0xff,
    0xff,0xff,0xff,0xff,0xff,0xff,0xff,0xff,0xff,0xff,0xff,0xff,0xff,0xff,0xff,0xff,
    0xff,0xff,0xff,0xff,0xff,0xff,0xff,0xff,0xff,0xff,0xff,0xff,0xff,0xff,0xff,0xff,
    0xff,0xff,0xff,0xff,0xff,0xff,0xff,0xff,0xff,0xff,0xff,0xff,0xff,0xff,0xff,0xff,
    0xff,0xff,0xff,0xff,0xff,0xff,0xff,0xff,0xff,0xff,0xff,0xff,0xff,0xff,0xff,0xff,
    0xff,0xff,0xff,0xff,0xff,0xff,0xff,0xff,0xff,0xff,0xff,0xff,0xff,0xff,0xff,0xff,
    0xff,0xff,0xff,0xff,0xff,0xff,0xff,0xff,0xff,0xff,0xff,0xff,0xff,0xff,0xff,0xff,
    0xff,0xff,0xff,0xff,0xff,0xff,0xff,0xff,0xff,0xff,0xff,0xff,0xff,0xff,0xff,0xff,
    0xff,0xff,0xff,0xff,0xff,0xff,0xff,0xff,0xff,0xff,0xff,0xff,0xff,0xff,0xff,0xff,
    0xff,0xff,0xff,0xff,0xff,0xff,0xff,0xff,0xff,0xff,0xff,0xff,0xff,0xff,0xff,0xff,
    0xff,0xff,0xff,0xff,0xff,0xff,0xff,0xff,0xff,0xff,0xff,0xff,0xff,0xff,0xff,0xff,
    0xff,0xff,0xff,0xff,0xff,0xff,0xff,0xff,0xff,0xff,0xff,0xff,0xff,0xff,0xff,0xff,
    0xff,0xff,0xff,0xff,0xff,0xff,0xff,0xff,0xff,0xff,0xff,0xff,0xff,0xff,0xff,0xff,
    0xff,0xff,0xff,0xff,0xff,0xff,0xff,0xff,0xff,0xff,0xff,0xff,0xff,0xff,0xff,0xff,
    0xff,0xff,0xff,0xff,0xff,0xff,0xff,0xff,0xff,0xff,0xff,0xff,0xff,0xff,0xff,0xff,
    0xff,0xff,0xff,0xff,0xff,0xff,0xff,0xff,0xff,0xff,0xff,0xff,0xff,0xff,0xff,0xff,
    0xff,0xff,0xff,0xff,0xff,0xff,0xff,0xff,0xff,0xff,0xff,0xff,0xff,0xff,0xff,0xff,
    0xff,0xff,0xff,0xff,0xff,0xff,0xff,0xff,0xff,0xff,0xff,0xff,0xff,0xff,0xff,0xff,
    0xff,0xff,0xff,0xff,0xff,0xff,0xff,0xff,0xff,0xff,0xff,0xff,0xff,0xff,0xff,0xff,
    0xff,0xff,0xff,0xff,0xff,0xff,0xff,0xff,0xff,0xff,0xff,0xff,0xff,0xff,0xff,0xff,
    0xff,0xff,0xff,0xff,0xff,0xff,0xff,0xff,0xff,0xff,0xff,0xff,0xff,0xff,0xff,0xff,
    0xff,0xff,0xff,0xff,0xff,0xff,0xff,0xff,0xff,0xff,0xff,0xff,0xff,0xff,0xff,0xff,
    0xff,0xff,0xff,0xff,0xff,0xff,0xff,0xff,0xff,0xff,0xff,0xff,0xff,0xff,0xff,0xff,
    0xff,0xff,0xff,0xff,0xff,0xff,0xff,0xff,0xff,0xff,0xff,0xff,0xff,0xff,0xff,0xff,
    0xff,0xff,0xff,0xff,0xff,0xff,0xff,0xff,0xff,0xff,0xff,0xff,0xff,0xff,0xff,0xff,
    0xff,0xff,0xff,0xff,0xff,0xff,0xff,0xff,0xff,0xff,0xff,0xff,0xff,0xff,0xff,0xff,
    0xff,0xff,0xff,0xff,0xff,0xff,0xff,0xff,0xff,0xff,0xff,0xff,0xff,0xff,0xff,0xff,
    0xff,0xff,0xff,0xff,0xff,0xff,0xff,0xff,0xff,0xff,0xff,0xff,0xff,0xff,0xff,0xff,
    0xff,0xff,0xff,0xff,0xff,0xff,0xff,0xff,0xff,0xff,0xff,0xff,0xff,0xff,0xff,0xff,
    0xff,0xff,0xff,0xff,0xff,0xff,0xff,0xff,0xff,0xff,0xff,0xff,0xff,0xff,0xff,0xff,
    0xff,0xff,0xff,0xff,0xff,0xff,0xff,0xff,0xff,0xff,0xff,0xff,0xff,0xff,0xff,0xff,
    0xff,0xff,0xff,0xff,0xff,0xff,0xff,0xff,0xff,0xff,0xff,0xff,0xff,0xff,0xff,0xff,
    0xff,0xff,0xff,0xff,0xff,0xff,0xff,0xff,0xff,0xff,0xff,0xff,0xff,0xff,0xff,0xff,
    0xff,0xff,0xff,0xff,0xff,0xff,0xff,0xff,0xff,0xff,0xff,0xff,0xff,0xff,0xff,0xff,
    0xff,0xff,0xff,0xff,0xff,0xff,0xff,0xff,0xff,0xff,0xff,0xff,0xff,0xff,0xff,0xff,
    0xff,0xff,0xff,0xff,0xff,0xff,0xff,0xff,0xff,0xff,0xff,0xff,0xff,0xff,0xff,0xff,
    0xff,0xff,0xff,0xff,0xff,0xff,0xff,0xff,0xff,0xff,0xff,0xff,0xff,0xff,0xff,0xff,
    0xff,0xff,0xff,0xff,0xff,0xff,0xff,0xff,0xff,0xff,0xff,0xff,0xff,0xff,0xff,0xff,
    0xff,0xff,0xff,0xff,0xff,0xff,0xff,0xff,0xff,0xff,0xff,0xff,0xff,0xff,0xff,0xff,
    0xff,0xff,0xff,0xff,0xff,0xff,0xff,0xff,0xff,0xff,0xff,0xff,0xff,0xff,0xff,0xff,
    0xff,0xff,0xff,0xff,0xff,0xff,0xff,0xff,0xff,0xff,0xff,0xff,0xff,0xff,0xff,0xff,
    0xff,0xff,0xff,0xff,0xff,0xff,0xff,0xff,0xff,0xff,0xff,0xff,0xff,0xff,0xff,0xff,
    0xff,0xff,0xff,0xff,0xff,0xff,0xff,0xff,0xff,0xff,0xff,0xff,0xff,0xff,0xff,0xff,
    0xff,0xff,0xff,0xff,0xff,0xff,0xff,0xff,0xff,0xff,0xff,0xff,0xff,0xff,0xff,0xff,
    0xff,0xff,0xff,0xff,0xff,0xff,0xff,0xff,0xff,0xff,0xff,0xff,0xff,0xff,0xff,0xff,
    0xff,0xff,0xff,0xff,0xff,0xff,0xff,0xff,0xff,0xff,0xff,0xff,0xff,0xff,0xff,0xff,
    0xff,0xff,0xff,0xff,0xff,0xff,0xff,0xff,0xff,0xff,0xff,0xff,0xff,0xff,0xff,0xff,
    0xff,0xff,0xff,0xff,0xff,0xff,0xff,0xff,0xff,0xff,0xff,0xff,0xff,0xff,0xff,0xff,
    0xff,0xff,0xff,0xff,0xff,0xff,0xff,0xff,0xff,0xff,0xff,0xff,0xff,0xff,0xff,0xff,
    0xff,0xff,0xff,0xff,0xff,0xff,0xff,0xff,0xff,0xff,0xff,0xff,0xff,0xff,0xff,0xff,
    0xff,0xff,0xff,0xff,0xff,0xff,0xff,0xff,0xff,0xff,0xff,0xff,0xff,0xff,0xff,0xff,
    0xff,0xff,0xff,0xff,0xff,0xff,0xff,0xff,0xff,0xff,0xff,0xff,0xff,0xff,0xff,0xff,
    0xff,0xff,0xff,0xff,0xff,0xff,0xff,0xff,0xff,0xff,0xff,0xff,0xff,0xff,0xff,0xff,
    0xff,0xff,0xff,0xff,0xff,0xff,0xff,0xff,0xff,0xff,0xff,0xff,0xff,0xff,0xff,0xff,
    0xff,0xff,0xff,0xff,0xff,0xff,0xff,0xff,0xff,0xff,0xff,0xff,0xff,0xff,0xff,0xff,
    0xff,0xff,0xff,0xff,0xff,0xff,0xff,0xff,0xff,0xff,0xff,0xff,0xff,0xff,0xff,0xff,
    0xff,0xff,0xff,0xff,0xff,0xff,0xff,0xff,0xff,0xff,0xff,0xff,0xff,0xff,0xff,0xff,
    0xff,0xff,0xff,0xff,0xff,0xff,0xff,0xff,0xff,0xff,0xff,0xff,0xff,0xff,0xff,0xff,
    0xff,0xff,0xff,0xff,0xff,0xff,0xff,0xff,0xff,0xff,0xff,0xff,0xff,0xff,0xff,0xff,
    0xff,0xff,0xff,0xff,0xff,0xff,0xff,0xff,0xff,0xff,0xff,0xff,0xff,0xff,0xff,0xff,
    0xff,0xff,0xff,0xff,0xff,0xff,0xff,0xff,0xff,0xff,0xff,0xff,0xff,0xff,0xff,0xff,
    0xff,0xff,0xff,0xff,0xff,0xff,0xff,0xff,0xff,0xff,0xff,0xff,0xff,0xff,0xff,0xff,
    0xff,0xff,0xff,0xff,0xff,0xff,0xff,0xff,0xff,0xff,0xff,0xff,0xff,0xff,0xff,0xff,
    0xff,0xff,0xff,0xff,0xff,0xff,0xff,0xff,0xff,0xff,0xff,0xff,0xff,0xff,0xff,0xff,
    0xff,0xff,0xff,0xff,0xff,0xff,0xff,0xff,0xff,0xff,0xff,0xff,0xff,0xff,0xff,0xff,
    0xff,0xff,0xff,0xff,0xff,0xff,0xff,0xff,0xff,0xff,0xff,0xff,0xff,0xff,0xff,0xff,
    0xff,0xff,0xff,0xff,0xff,0xff,0xff,0xff,0xff,0xff,0xff,0xff,0xff,0xff,0xff,0xff,
    0xff,0xff,0xff,0xff,0xff,0xff,0xff,0xff,0xff,0xff,0xff,0xff,0xff,0xff,0xff,0xff,
    0xff,0xff,0xff,0xff,0xff,0xff,0xff,0xff,0xff,0xff,0xff,0xff,0xff,0xff,0xff,0xff,
    0xff,0xff,0xff,0xff,0xff,0xff,0xff,0xff,0xff,0xff,0xff,0xff,0xff,0xff,0xff,0xff,
    0xff,0xff,0xff,0xff,0xff,0xff,0xff,0xff,0xff,0xff,0xff,0xff,0xff,0xff,0xff,0xff,
    0xff,0xff,0xff,0xff,0xff,0xff,0xff,0xff,0xff,0xff,0xff,0xff,0xff,0xff,0xff,0xff,
    0xff,0xff,0xff,0xff,0xff,0xff,0xff,0xff,0xff,0xff,0xff,0xff,0xff,0xff,0xff,0xff,
    0xff,0xff,0xff,0xff,0xff,0xff,0xff,0xff,0xff,0xff,0xff,0xff,0xff,0xff,0xff,0xff,
    0xff,0xff,0xff,0xff,0xff,0xff,0xff,0xff,0xff,0xff,0xff,0xff,0xff,0xff,0xff,0xff,
    0xff,0xff,0xff,0xff,0xff,0xff,0xff,0xff,0xff,0xff,0xff,0xff,0xff,0xff,0xff,0xff,
    0xff,0xff,0xff,0xff,0xff,0xff,0xff,0xff,0xff,0xff,0xff,0xff,0xff,0xff,0xff,0xff,
    0xff,0xff,0xff,0xff,0xff,0xff,0xff,0xff,0xff,0xff,0xff,0xff,0xff,0xff,0xff,0xff,
    0xff,0xff,0xff,0xff,0xff,0xff,0xff,0xff,0xff,0xff,0xff,0xff,0xff,0xff,0xff,0xff,
    0xff,0xff,0xff,0xff,0xff,0xff,0xff,0xff,0xff,0xff,0xff,0xff,0xff,0xff,0xff,0xff,
    0xff,0xff,0xff,0xff,0xff,0xff,0xff,0xff,0xff,0xff,0xff,0xff,0xff,0xff,0xff,0xff,
    0xff,0xff,0xff,0xff,0xff,0xff,0xff,0xff,0xff,0xff,0xff,0xff,0xff,0xff,0xff,0xff,
    0xff,0xff,0xff,0xff,0xff,0xff,0xff,0xff,0xff,0xff,0xff,0xff,0xff,0xff,0xff,0xff,
    0xff,0xff,0xff,0xff,0xff,0xff,0xff,0xff,0xff,0xff,0xff,0xff,0xff,0xff,0xff,0xff,
    0xff,0xff,0xff,0xff,0xff,0xff,0xff,0xff,0xff,0xff,0xff,0xff,0xff,0xff,0xff,0xff,
    0xff,0xff,0xff,0xff,0xff,0xff,0xff,0xff,0xff,0xff,0xff,0xff,0xff,0xff,0xff,0xff,
    0xff,0xff,0xff,0xff,0xff,0xff,0xff,0xff,0xff,0xff,0xff,0xff,0xff,0xff,0xff,0xff,
    0xff,0xff,0xff,0xff,0xff,0xff,0xff,0xff,0xff,0xff,0xff,0xff,0xff,0xff,0xff,0xff,
    0xff,0xff,0xff,0xff,0xff,0xff,0xff,0xff,0xff,0xff,0xff,0xff,0xff,0xff,0xff,0xff,
    0xff,0xff,0xff,0xff,0xff,0xff,0xff,0xff,0xff,0xff,0xff,0xff,0xff,0xff,0xff,0xff,
    0xff,0xff,0xff,0xff,0xff,0xff,0xff,0xff,0xff,0xff,0xff,0xff,0xff,0xff,0xff,0xff,
    0xff,0xff,0xff,0xff,0xff,0xff,0xff,0xff,0xff,0xff,0xff,0xff,0xff,0xff,0xff,0xff,
    0xff,0xff,0xff,0xff,0xff,0xff,0xff,0xff,0xff,0xff,0xff,0xff,0xff,0xff,0xff,0xff,
    0xff,0xff,0xff,0xff,0xff,0xff,0xff,0xff,0xff,0xff,0xff,0xff,0xff,0xff,0xff,0xff,
    0xff,0xff,0xff,0xff,0xff,0xff,0xff,0xff,0xff,0xff,0xff,0xff,0xff,0xff,0xff,0xff,
    0xff,0xff,0xff,0xff,0xff,0xff,0xff,0xff,0xff,0xff,0xff,0xff,0xff,0xff,0xff,0xff,
    0xff,0xff,0xff,0xff,0xff,0xff,0xff,0xff,0xff,0xff,0xff,0xff,0xff,0xff,0xff,0xff,
    0xff,0xff,0xff,0xff,0xff,0xff,0xff,0xff,0xff,0xff,0xff,0xff,0xff,0xff,0xff,0xff,
    0xff,0xff,0xff,0xff,0xff,0xff,0xff,0xff,0xff,0xff,0xff,0xff,0xff,0xff,0xff,0xff,
    0xff,0xff,0xff,0xff,0xff,0xff,0xff,0xff,0xff,0xff,0xff,0xff,0xff,0xff,0xff,0xff,
    0xff,0xff,0xff,0xff,0xff,0xff,0xff,0xff,0xff,0xff,0xff,0xff,0xff,0xff,0xff,0xff,
    0xff,0xff,0xff,0xff,0xff,0xff,0xff,0xff,0xff,0xff,0xff,0xff,0xff,0xff,0xff,0xff,
    0xff,0xff,0xff,0xff,0xff,0xff,0xff,0xff,0xff,0xff,0xff,0xff,0xff,0xff,0xff,0xff,
    0xff,0xff,0xff,0xff,0xff,0xff,0xff,0xff,0xff,0xff,0xff,0xff,0xff,0xff,0xff,0xff,
    0xff,0xff,0xff,0xff,0xff,0xff,0xff,0xff,0xff,0xff,0xff,0xff,0xff,0xff,0xff,0xff,
    0xff,0xff,0xff,0xff,0xff,0xff,0xff,0xff,0xff,0xff,0xff,0xff,0xff,0xff,0xff,0xff,
    0xff,0xff,0xff,0xff,0xff,0xff,0xff,0xff,0xff,0xff,0xff,0xff,0xff,0xff,0xff,0xff,
    0xff,0xff,0xff,0xff,0xff,0xff,0xff,0xff,0xff,0xff,0xff,0xff,0xff,0xff,0xff,0xff,
    0xff,0xff,0xff,0xff,0xff,0xff,0xff,0xff,0xff,0xff,0xff,0xff,0xff,0xff,0xff,0xff,
    0xff,0xff,0xff,0xff,0xff,0xff,0xff,0xff,0xff,0xff,0xff,0xff,0xff,0xff,0xff,0xff,
    0xff,0xff,0xff,0xff,0xff,0xff,0xff,0xff,0xff,0xff,0xff,0xff,0xff,0xff,0xff,0xff,
    0xff,0xff,0xff,0xff,0xff,0xff,0xff,0xff,0xff,0xff,0xff,0xff,0xff,0xff,0xff,0xff,
    0xff,0xff,0xff,0xff,0xff,0xff,0xff,0xff,0xff,0xff,0xff,0xff,0xff,0xff,0xff,0xff,
    0xff,0xff,0xff,0xff,0xff,0xff,0xff,0xff,0xff,0xff,0xff,0xff,0xff,0xff,0xff,0xff,
    0xff,0xff,0xff,0xff,0xff,0xff,0xff,0xff,0xff,0xff,0xff,0xff,0xff,0xff,0xff,0xff,
    0xff,0xff,0xff,0xff,0xff,0xff,0xff,0xff,0xff,0xff,0xff,0xff,0xff,0xff,0xff,0xff,
    0xff,0xff,0xff,0xff,0xff,0xff,0xff,0xff,0xff,0xff,0xff,0xff,0xff,0xff,0xff,0xff,
    0xff,0xff,0xff,0xff,0xff,0xff,0xff,0xff,0xff,0xff,0xff,0xff,0xff,0xff,0xff,0xff,
    0xff,0xff,0xff,0xff,0xff,0xff,0xff,0xff,0xff,0xff,0xff,0xff,0xff,0xff,0xff,0xff,
    0xff,0xff,0xff,0xff,0xff,0xff,0xff,0xff,0xff,0xff,0xff,0xff,0xff,0xff,0xff,0xff,
    0xff,0xff,0xff,0xff,0xff,0xff,0xff,0xff,0xff,0xff,0xff,0xff,0xff,0xff,0xff,0xff,
    0xff,0xff,0xff,0xff,0xff,0xff,0xff,0xff,0xff,0xff,0xff,0xff,0xff,0xff,0xff,0xff,
    0xff,0xff,0xff,0xff,0xff,0xff,0xff,0xff,0xff,0xff,0xff,0xff,0xff,0xff,0xff,0xff,
    0xff,0xff,0xff,0xff,0xff,0xff,0xff,0xff,0xff,0xff,0xff,0xff,0xff,0xff,0xff,0xff,
    0xff,0xff,0xff,0xff,0xff,0xff,0xff,0xff,0xff,0xff,0xff,0xff,0xff,0xff,0xff,0xff,
    0xff,0xff,0xff,0xff,0xff,0xff,0xff,0xff,0xff,0xff,0xff,0xff,0xff,0xff,0xff,0xff,
    0xff,0xff,0xff,0xff,0xff,0xff,0xff,0xff,0xff,0xff,0xff,0xff,0xff,0xff,0xff,0xff,
    0xff,0xff,0xff,0xff,0xff,0xff,0xff,0xff,0xff,0xff,0xff,0xff,0xff,0xff,0xff,0xff,
    0xff,0xff,0xff,0xff,0xff,0xff,0xff,0xff,0xff,0xff,0xff,0xff,0xff,0xff,0xff,0xff,
    0xff,0xff,0xff,0xff,0xff,0xff,0xff,0xff,0xff,0xff,0xff,0xff,0xff,0xff,0xff,0xff,
    0xff,0xff,0xff,0xff,0xff,0xff,0xff,0xff,0xff,0xff,0xff,0xff,0xff,0xff,0xff,0xff,
    0xff,0xff,0xff,0xff,0xff,0xff,0xff,0xff,0xff,0xff,0xff,0xff,0xff,0xff,0xff,0xff,
    0xff,0xff,0xff,0xff,0xff,0xff,0xff,0xff,0xff,0xff,0xff,0xff,0xff,0xff,0xff,0xff,
    0xff,0xff,0xff,0xff,0xff,0xff,0xff,0xff,0xff,0xff,0xff,0xff,0xff,0xff,0xff,0xff,
    0xff,0xff,0xff,0xff,0xff,0xff,0xff,0xff,0xff,0xff,0xff,0xff,0xff,0xff,0xff,0xff,
    0xff,0xff,0xff,0xff,0xff,0xff,0xff,0xff,0xff,0xff,0xff,0xff,0xff,0xff,0xff,0xff,
    0xff,0xff,0xff,0xff,0xff,0xff,0xff,0xff,0xff,0xff,0xff,0xff,0xff,0xff,0xff,0xff,
    0xff,0xff,0xff,0xff,0xff,0xff,0xff,0xff,0xff,0xff,0xff,0xff,0xff,0xff,0xff,0xff,
    0xff,0xff,0xff,0xff,0xff,0xff,0xff,0xff,0xff,0xff,0xff,0xff,0xff,0xff,0xff,0xff,
    0xff,0xff,0xff,0xff,0xff,0xff,0xff,0xff,0xff,0xff,0xff,0xff,0xff,0xff,0xff,0xff,
    0xff,0xff,0xff,0xff,0xff,0xff,0xff,0xff,0xff,0xff,0xff,0xff,0xff,0xff,0xff,0xff,
    0xff,0xff,0xff,0xff,0xff,0xff,0xff,0xff,0xff,0xff,0xff,0xff,0xff,0xff,0xff,0xff,
    0xff,0xff,0xff,0xff,0xff,0xff,0xff,0xff,0xff,0xff,0xff,0xff,0xff,0xff,0xff,0xff,
    0xff,0xff,0xff,0xff,0xff,0xff,0xff,0xff,0xff,0xff,0xff,0xff,0xff,0xff,0xff,0xff,
    0xff,0xff,0xff,0xff,0xff,0xff,0xff,0xff,0xff,0xff,0xff,0xff,0xff,0xff,0xff,0xff,
    0xff,0xff,0xff,0xff,0xff,0xff,0xff,0xff,0xff,0xff,0xff,0xff,0xff,0xff,0xff,0xff,
    0xff,0xff,0xff,0xff,0xff,0xff,0xff,0xff,0xff,0xff,0xff,0xff,
};

const lv_image_dsc_t printpage = {
  .header.magic = LV_IMAGE_HEADER_MAGIC,
  .header.cf = LV_COLOR_FORMAT_RGB565A8,
  .header.flags = 0,
  .header.w = 53,
  .header.h = 260,
  .header.stride = 106,
  .data_size = sizeof(printpage_map),
  .data = printpage_map,
};
