#if defined(LV_LVGL_H_INCLUDE_SIMPLE)
#include "lvgl.h"
#elif defined(LV_BUILD_TEST)
#include "../lvgl.h"
#else
#include "lvgl/lvgl.h"
#endif

#ifndef LV_ATTRIBUTE_MEM_ALIGN
#define LV_ATTRIBUTE_MEM_ALIGN
#endif

#ifndef LV_ATTRIBUTE_SETTINGPAGE
#define LV_ATTRIBUTE_SETTINGPAGE
#endif

static const
LV_ATTRIBUTE_MEM_ALIGN LV_ATTRIBUTE_LARGE_CONST LV_ATTRIBUTE_SETTINGPAGE
uint8_t settingpage_map[] = {
    0xff,0xff,0xff,0xff,0xff,0xff,0xff,0xff,0xff,0xff,0xff,0xff,0xdf,0xf7,0xdf,0xf7,
    0x9f,0xe7,0xbf,0xef,0xbf,0xef,0xbf,0xef,0xbf,0xef,0xdf,0xef,0xdf,0xf7,0xbf,0xef,
    0xbf,0xef,0xbf,0xef,0xbf,0xef,0xbf,0xef,0xbf,0xef,0xbf,0xef,0xbf,0xef,0xbf,0xef,
    0xbf,0xef,0xbf,0xef,0xbf,0xef,0xbf,0xef,0xbf,0xef,0xbf,0xef,0xbf,0xef,0xbf,0xef,
    0xbf,0xef,0xbf,0xef,0xbf,0xef,0xbf,0xef,0xbf,0xef,0xbf,0xef,0xbf,0xef,0xbf,0xef,
    0xbf,0xef,0xdf,0xef,0xbf,0xef,0x9f,0xe7,0xbf,0xef,0xbf,0xef,0xdf,0xf7,0xff,0xff,
    0xff,0xff,0xff,0xff,0xff,0xff,0xff,0xff,0xff,0xff,0xff,0xff,0xff,0xff,0xff,0xff,
    0xff,0xff,0x9f,0xef,0xbf,0xef,0xbf,0xef,0xbf,0xef,0xbf,0xef,0xbf,0xef,0xdf,0xf7,
    0xdf,0xf7,0xdf,0xf7,0xdf,0xf7,0xdf,0xf7,0xdf,0xf7,0xdf,0xf7,0xdf,0xf7,0xdf,0xf7,
    0xdf,0xf7,0xdf,0xf7,0xdf,0xf7,0xdf,0xf7,0xdf,0xf7,0xdf,0xf7,0xdf,0xf7,0xdf,0xf7,
    0xdf,0xf7,0xdf,0xf7,0xdf,0xf7,0xdf,0xf7,0xdf,0xf7,0xdf,0xf7,0xdf,0xf7,0xdf,0xf7,
    0xdf,0xf7,0xdf,0xff,0xdf,0xf7,0xdf,0xf7,0xdf,0xf7,0xdf,0xf7,0xdf,0xf7,0xdf,0xf7,
    0xbf,0xef,0x9f,0xe7,0x9f,0xe7,0x7f,0xdf,0xbf,0xef,0xff,0xff,0xff,0xff,0xff,0xff,
    0xff,0xff,0xff,0xff,0xff,0xff,0xff,0xff,0xff,0xff,0x7f,0xdf,0x9f,0xe7,0xbf,0xef,
    0xdf,0xf7,0xff,0xff,0xdf,0xf7,0xbf,0xef,0xbf,0xef,0xbf,0xef,0xbf,0xef,0xbf,0xef,
    0xbf,0xef,0xbf,0xef,0xbf,0xef,0xbf,0xef,0xbf,0xef,0xbf,0xef,0xbf,0xef,0xbf,0xef,
    0xbf,0xef,0xbf,0xef,0xbf,0xef,0xbf,0xef,0xbf,0xef,0xbf,0xef,0xbf,0xef,0xbf,0xf7,
    0xbf,0xf7,0xbf,0xef,0xbf,0xef,0xbf,0xef,0xbf,0xef,0xbf,0xef,0xbf,0xef,0xbf,0xef,
    0xbf,0xef,0xbf,0xef,0xbf,0xef,0xbf,0xef,0xbf,0xf7,0xdf,0xf7,0xdf,0xff,0xbf,0xf7,
    0x9f,0xe7,0x9f,0xe7,0x9f,0xe7,0xff,0xff,0xff,0xff,0xff,0xff,0xff,0xff,0xff,0xff,
    0xff,0xff,0xdf,0xf7,0x9f,0xe7,0x9f,0xef,0xdf,0xff,0xdf,0xf7,0xbf,0xef,0x9f,0xe7,
    0x7f,0xe7,0x7f,0xe7,0x7f,0xe7,0x7f,0xe7,0x7f,0xe7,0x7f,0xe7,0x7f,0xe7,0x7f,0xe7,
    0x7f,0xe7,0x7f,0xe7,0x7f,0xe7,0x7f,0xe7,0x7f,0xe7,0x7f,0xe7,0x7f,0xe7,0x7f,0xe7,
    0x7f,0xe7,0x7f,0xe7,0x7f,0xe7,0x7f,0xe7,0x7f,0xe7,0x9f,0xe7,0x9f,0xe7,0x9f,0xe7,
    0x9f,0xe7,0x9f,0xe7,0x9f,0xe7,0x9f,0xe7,0x9f,0xe7,0x9f,0xe7,0x9f,0xe7,0x9f,0xe7,
    0x9f,0xe7,0x9f,0xe7,0x9f,0xef,0xbf,0xef,0xdf,0xf7,0xdf,0xf7,0x9f,0xe7,0x9f,0xe7,
    0x9f,0xe7,0xff,0xff,0xff,0xff,0xff,0xff,0xff,0xff,0xdf,0xff,0x9f,0xe7,0x9f,0xe7,
    0xdf,0xf7,0xdf,0xf7,0x9f,0xef,0x7f,0xe7,0x7f,0xe7,0x7f,0xe7,0x7f,0xe7,0x7f,0xe7,
    0x7f,0xdf,0x7f,0xdf,0x7f,0xdf,0x7f,0xdf,0x7f,0xdf,0x7f,0xe7,0x7f,0xe7,0x7f,0xe7,
    0x7f,0xe7,0x7f,0xe7,0x7f,0xdf,0x7f,0xdf,0x7f,0xdf,0x7f,0xdf,0x7f,0xe7,0x7f,0xe7,
    0x7f,0xe7,0x7f,0xe7,0x7f,0xe7,0x7f,0xe7,0x7f,0xe7,0x7f,0xe7,0x7f,0xe7,0x7f,0xe7,
    0x7f,0xe7,0x7f,0xe7,0x7f,0xe7,0x7f,0xe7,0x7f,0xe7,0x7f,0xe7,0x7f,0xe7,0x9f,0xe7,
    0x9f,0xe7,0x9f,0xef,0xbf,0xf7,0xdf,0xf7,0x9f,0xe7,0x7f,0xdf,0xbf,0xef,0xff,0xff,
    0xff,0xff,0xff,0xff,0xbf,0xef,0x9f,0xe7,0xbf,0xef,0xdf,0xf7,0x9f,0xef,0x9f,0xe7,
    0x7f,0xe7,0x7f,0xe7,0x7f,0xe7,0x7f,0xdf,0x7f,0xdf,0x7f,0xdf,0x5f,0xdf,0x5f,0xdf,
    0x5f,0xdf,0x7f,0xdf,0x7f,0xdf,0x7f,0xdf,0x7f,0xdf,0x7f,0xdf,0x7f,0xdf,0x7f,0xdf,
    0x5f,0xdf,0x5f,0xdf,0x7f,0xdf,0x7f,0xdf,0x7f,0xdf,0x7f,0xe7,0x7f,0xe7,0x7f,0xe7,
    0x7f,0xe7,0x7f,0xe7,0x7f,0xe7,0x7f,0xe7,0x7f,0xe7,0x7f,0xe7,0x7f,0xe7,0x7f,0xe7,
    0x7f,0xe7,0x7f,0xe7,0x7f,0xe7,0x7f,0xe7,0x7f,0xe7,0x7f,0xe7,0x9f,0xe7,0x9f,0xef,
    0xbf,0xf7,0xdf,0xf7,0x9f,0xe7,0x5f,0xd7,0xff,0xff,0xff,0xff,0xff,0xff,0x9f,0xe7,
    0xbf,0xef,0xdf,0xff,0xbf,0xef,0x9f,0xe7,0x7f,0xe7,0x7f,0xe7,0x7f,0xdf,0x5f,0xdf,
    0x5f,0xdf,0x5f,0xdf,0x5f,0xdf,0x5f,0xdf,0x5f,0xdf,0x5f,0xdf,0x5f,0xdf,0x7f,0xdf,
    0x5f,0xdf,0x7f,0xdf,0x7f,0xdf,0x7f,0xdf,0x7f,0xdf,0x7f,0xdf,0x5f,0xdf,0x7f,0xdf,
    0x7f,0xdf,0x5f,0xdf,0x7f,0xdf,0x7f,0xdf,0x7f,0xdf,0x7f,0xe7,0x7f,0xe7,0x7f,0xe7,
    0x7f,0xe7,0x7f,0xe7,0x7f,0xe7,0x7f,0xe7,0x7f,0xe7,0x7f,0xe7,0x7f,0xe7,0x7f,0xe7,
    0x7f,0xe7,0x7f,0xe7,0x7f,0xe7,0x7f,0xe7,0x9f,0xe7,0x9f,0xef,0xdf,0xf7,0xbf,0xef,
    0x5f,0xd7,0xbf,0xf7,0xff,0xff,0xdf,0xff,0x5f,0xdf,0xbf,0xef,0xdf,0xf7,0x9f,0xef,
    0x7f,0xe7,0x7f,0xe7,0x7f,0xdf,0x5f,0xdf,0x5f,0xdf,0x5f,0xdf,0x5f,0xdf,0x5f,0xdf,
    0x5f,0xdf,0x5f,0xdf,0x5f,0xdf,0x5f,0xdf,0x7f,0xdf,0x5f,0xdf,0x5f,0xdf,0x5f,0xdf,
    0x5f,0xdf,0x5f,0xdf,0x7f,0xdf,0x5f,0xdf,0x5f,0xdf,0x5f,0xdf,0x5f,0xdf,0x5f,0xdf,
    0x5f,0xdf,0x7f,0xdf,0x7f,0xe7,0x7f,0xe7,0x7f,0xe7,0x7f,0xe7,0x7f,0xe7,0x7f,0xe7,
    0x7f,0xe7,0x7f,0xe7,0x7f,0xe7,0x7f,0xdf,0x7f,0xdf,0x7f,0xe7,0x7f,0xe7,0x7f,0xe7,
    0x7f,0xe7,0x7f,0xe7,0x9f,0xe7,0xbf,0xef,0xbf,0xf7,0x7f,0xdf,0x9f,0xe7,0xff,0xff,
    0xdf,0xf7,0x3f,0xd7,0xdf,0xf7,0xbf,0xf7,0x7f,0xe7,0x7f,0xe7,0x7f,0xdf,0x5f,0xdf,
    0x5f,0xdf,0x5f,0xdf,0x5f,0xdf,0x5f,0xdf,0x5f,0xdf,0x5f,0xdf,0x5f,0xdf,0x5f,0xdf,
    0x7f,0xdf,0x5f,0xdf,0x7f,0xdf,0x5f,0xdf,0x5f,0xdf,0x5f,0xdf,0x5f,0xdf,0x5f,0xdf,
    0x5f,0xdf,0x5f,0xdf,0x5f,0xdf,0x5f,0xdf,0x5f,0xdf,0x5f,0xdf,0x7f,0xdf,0x7f,0xe7,
    0x7f,0xe7,0x7f,0xe7,0x7f,0xe7,0x7f,0xe7,0x7f,0xdf,0x7f,0xdf,0x7f,0xdf,0x7f,0xdf,
    0x7f,0xdf,0x7f,0xdf,0x7f,0xdf,0x7f,0xe7,0x7f,0xe7,0x7f,0xe7,0x7f,0xe7,0x7f,0xe7,
    0x9f,0xef,0xdf,0xf7,0x9f,0xe7,0xbf,0xef,0xdf,0xff,0xbf,0xf7,0x5f,0xd7,0xdf,0xf7,
    0xbf,0xef,0x7f,0xe7,0x7f,0xe7,0x5f,0xdf,0x5f,0xdf,0x5f,0xdf,0x5f,0xdf,0x5f,0xdf,
    0x5f,0xdf,0x5f,0xdf,0x5f,0xdf,0x5f,0xdf,0x5f,0xdf,0x5f,0xdf,0x5f,0xdf,0x5f,0xdf,
    0x5f,0xdf,0x5f,0xdf,0x5f,0xdf,0x5f,0xdf,0x7f,0xdf,0x5f,0xdf,0x5f,0xdf,0x5f,0xdf,
    0x5f,0xdf,0x5f,0xdf,0x5f,0xdf,0x5f,0xdf,0x7f,0xdf,0x7f,0xdf,0x7f,0xe7,0x7f,0xe7,
    0x7f,0xdf,0x7f,0xdf,0x7f,0xdf,0x7f,0xdf,0x7f,0xdf,0x7f,0xdf,0x7f,0xdf,0x7f,0xdf,
    0x7f,0xdf,0x7f,0xdf,0x7f,0xe7,0x7f,0xe7,0x7f,0xe7,0x9f,0xef,0xdf,0xf7,0x9f,0xe7,
    0xbf,0xef,0xdf,0xf7,0xbf,0xf7,0x5f,0xd7,0xdf,0xf7,0x9f,0xef,0x7f,0xe7,0x5f,0xdf,
    0x5f,0xdf,0x5f,0xdf,0x5f,0xdf,0x5f,0xdf,0x5f,0xdf,0x5f,0xdf,0x5f,0xdf,0x5f,0xdf,
    0x5f,0xdf,0x7f,0xdf,0x5f,0xdf,0x5f,0xdf,0x5f,0xdf,0x5f,0xdf,0x5f,0xdf,0x5f,0xdf,
    0x5f,0xdf,0x7f,0xdf,0x7f,0xdf,0x7f,0xdf,0x5f,0xdf,0x5f,0xdf,0x5f,0xdf,0x5f,0xdf,
    0x5f,0xdf,0x7f,0xdf,0x7f,0xdf,0x7f,0xdf,0x7f,0xdf,0x7f,0xdf,0x7f,0xdf,0x7f,0xdf,
    0x7f,0xe7,0x7f,0xe7,0x7f,0xe7,0x7f,0xdf,0x7f,0xdf,0x7f,0xdf,0x7f,0xdf,0x7f,0xe7,
    0x7f,0xe7,0x7f,0xe7,0x9f,0xe7,0xdf,0xf7,0xbf,0xe7,0xbf,0xef,0xdf,0xf7,0xbf,0xef,
    0x5f,0xd7,0xdf,0xf7,0x9f,0xef,0x7f,0xe7,0x5f,0xdf,0x5f,0xdf,0x5f,0xdf,0x5f,0xdf,
    0x5f,0xdf,0x5f,0xdf,0x5f,0xdf,0x5f,0xdf,0x5f,0xdf,0x5f,0xdf,0x7f,0xdf,0x7f,0xdf,
    0x7f,0xdf,0x5f,0xdf,0x5f,0xdf,0x5f,0xdf,0x7f,0xdf,0x7f,0xdf,0x7f,0xdf,0x7f,0xdf,
    0x7f,0xe7,0x7f,0xdf,0x5f,0xdf,0x5f,0xdf,0x5f,0xdf,0x5f,0xdf,0x7f,0xdf,0x7f,0xdf,
    0x7f,0xdf,0x7f,0xdf,0x7f,0xdf,0x7f,0xdf,0x7f,0xdf,0x7f,0xe7,0x7f,0xe7,0x7f,0xe7,
    0x7f,0xe7,0x7f,0xdf,0x7f,0xdf,0x7f,0xdf,0x7f,0xdf,0x7f,0xe7,0x7f,0xe7,0x9f,0xe7,
    0xdf,0xf7,0xbf,0xe7,0x9f,0xef,0xbf,0xf7,0xbf,0xef,0x3f,0xd7,0xdf,0xf7,0x9f,0xef,
    0x7f,0xe7,0x5f,0xdf,0x5f,0xdf,0x5f,0xdf,0x5f,0xdf,0x5f,0xdf,0x5f,0xdf,0x5f,0xdf,
    0x5f,0xdf,0x5f,0xdf,0x5f,0xdf,0x7f,0xdf,0x5f,0xdf,0x5f,0xdf,0x5f,0xdf,0x7f,0xdf,
    0x7f,0xdf,0x7f,0xdf,0x7f,0xdf,0x7f,0xdf,0x7f,0xe7,0x7f,0xdf,0x7f,0xdf,0x7f,0xdf,
    0x7f,0xdf,0x7f,0xdf,0x7f,0xdf,0x7f,0xdf,0x7f,0xdf,0x7f,0xdf,0x7f,0xdf,0x7f,0xdf,
    0x7f,0xdf,0x7f,0xdf,0x7f,0xe7,0x7f,0xe7,0x7f,0xe7,0x7f,0xdf,0x7f,0xe7,0x7f,0xe7,
    0x7f,0xe7,0x7f,0xdf,0x7f,0xe7,0x7f,0xe7,0x9f,0xe7,0xdf,0xf7,0x9f,0xe7,0x9f,0xef,
    0xbf,0xf7,0xbf,0xef,0x3f,0xd7,0xbf,0xf7,0x9f,0xef,0x7f,0xe7,0x5f,0xdf,0x5f,0xdf,
    0x5f,0xdf,0x5f,0xdf,0x5f,0xdf,0x5f,0xdf,0x5f,0xdf,0x5f,0xdf,0x5f,0xdf,0x5f,0xdf,
    0x5f,0xdf,0x5f,0xdf,0x7f,0xdf,0x7f,0xdf,0x7f,0xdf,0x7f,0xe7,0x7f,0xe7,0x7f,0xe7,
    0x7f,0xe7,0x7f,0xe7,0x7f,0xe7,0x7f,0xe7,0x7f,0xe7,0x7f,0xe7,0x7f,0xe7,0x7f,0xe7,
    0x7f,0xe7,0x7f,0xe7,0x7f,0xe7,0x7f,0xe7,0x7f,0xe7,0x7f,0xe7,0x7f,0xe7,0x7f,0xe7,
    0x7f,0xe7,0x7f,0xe7,0x7f,0xe7,0x7f,0xe7,0x7f,0xe7,0x7f,0xdf,0x7f,0xdf,0x7f,0xdf,
    0x7f,0xe7,0x9f,0xe7,0xdf,0xf7,0x9f,0xe7,0x9f,0xef,0xbf,0xf7,0xbf,0xef,0x3f,0xd7,
    0xbf,0xf7,0x9f,0xef,0x7f,0xe7,0x5f,0xdf,0x5f,0xdf,0x5f,0xdf,0x5f,0xdf,0x5f,0xdf,
    0x5f,0xdf,0x5f,0xdf,0x5f,0xdf,0x5f,0xdf,0x5f,0xdf,0x7f,0xdf,0x7f,0xdf,0x7f,0xe7,
    0x7f,0xe7,0x7f,0xe7,0x7f,0xe7,0x7f,0xe7,0x7f,0xe7,0x9f,0xe7,0x9f,0xe7,0x9f,0xe7,
    0x9f,0xe7,0x9f,0xe7,0x9f,0xe7,0x9f,0xe7,0x9f,0xe7,0x9f,0xe7,0x9f,0xe7,0x7f,0xe7,
    0x7f,0xe7,0x7f,0xe7,0x7f,0xe7,0x7f,0xe7,0x7f,0xe7,0x7f,0xe7,0x7f,0xe7,0x7f,0xe7,
    0x7f,0xe7,0x7f,0xe7,0x7f,0xe7,0x7f,0xe7,0x7f,0xdf,0x7f,0xe7,0x9f,0xe7,0xdf,0xf7,
    0x9f,0xe7,0x9f,0xef,0xbf,0xf7,0xbf,0xef,0x3f,0xd7,0xbf,0xf7,0x9f,0xef,0x7f,0xe7,
    0x5f,0xdf,0x5f,0xdf,0x5f,0xdf,0x5f,0xdf,0x5f,0xdf,0x5e,0xdf,0x5f,0xdf,0x5f,0xdf,
    0x5f,0xdf,0x7f,0xdf,0x5f,0xdf,0x7f,0xdf,0x7f,0xe7,0x7f,0xe7,0x7f,0xe7,0x7f,0xe7,
    0x9f,0xe7,0x9f,0xe7,0x9f,0xe7,0x9f,0xe7,0x9f,0xe7,0x9f,0xe7,0x9f,0xe7,0x9f,0xe7,
    0x9f,0xe7,0x9f,0xe7,0x9f,0xe7,0x7f,0xe7,0x7f,0xe7,0x9f,0xe7,0x9f,0xe7,0x9f,0xe7,
    0x9f,0xe7,0x7f,0xe7,0x9f,0xe7,0x9f,0xe7,0x7f,0xe7,0x7f,0xe7,0x7f,0xe7,0x7f,0xe7,
    0x7f,0xe7,0x7f,0xe7,0x7f,0xe7,0x9f,0xe7,0xdf,0xf7,0x9f,0xe7,0x9f,0xef,0xbf,0xf7,
    0xbf,0xef,0x3f,0xd7,0xbf,0xf7,0x9f,0xef,0x7f,0xe7,0x5f,0xdf,0x5f,0xdf,0x5f,0xdf,
    0x5f,0xdf,0x5f,0xdf,0x5f,0xdf,0x5f,0xd7,0x5f,0xdf,0x9f,0xe7,0x7f,0xe7,0x7f,0xdf,
    0x9f,0xe7,0x9f,0xe7,0x7f,0xe7,0x9f,0xe7,0x9f,0xe7,0x9f,0xe7,0x9f,0xe7,0x9f,0xe7,
    0x9f,0xe7,0x9f,0xe7,0x9f,0xe7,0x9f,0xe7,0x9f,0xe7,0x9f,0xe7,0x9f,0xe7,0x9f,0xe7,
    0x9f,0xdf,0x9f,0xdf,0x9f,0xe7,0x9f,0xe7,0x9f,0xdf,0x9f,0xdf,0x9f,0xe7,0x9f,0xe7,
    0x7f,0xdf,0x7f,0xdf,0x9f,0xe7,0x9f,0xe7,0x7f,0xe7,0x7f,0xe7,0x7f,0xe7,0x7f,0xe7,
    0x9f,0xe7,0xdf,0xf7,0x9f,0xe7,0x9f,0xe7,0xbf,0xf7,0xbf,0xef,0x3f,0xcf,0xbf,0xf7,
    0x9f,0xef,0x7f,0xe7,0x7f,0xdf,0x5f,0xdf,0x5f,0xdf,0x5f,0xdf,0x5f,0xdf,0x7f,0xe7,
    0xdf,0xf7,0xdf,0xf7,0xdf,0xf7,0xbf,0xf7,0xbf,0xf7,0xdf,0xf7,0xdf,0xf7,0xdf,0xf7,
    0xbf,0xf7,0xbf,0xf7,0xbf,0xf7,0xbf,0xf7,0xbf,0xf7,0xbf,0xf7,0xbf,0xf7,0xbf,0xf7,
    0xbf,0xf7,0xbf,0xf7,0xbf,0xf7,0xdf,0xf7,0xdf,0xf7,0xdf,0xf7,0xdf,0xf7,0xdf,0xf7,
    0xdf,0xf7,0xdf,0xf7,0xdf,0xf7,0xdf,0xf7,0xdf,0xf7,0xdf,0xf7,0xbf,0xef,0x7f,0xdf,
    0x9f,0xe7,0x9f,0xe7,0x9f,0xe7,0x7f,0xe7,0x7f,0xe7,0x9f,0xe7,0xdf,0xf7,0x9f,0xe7,
    0x9f,0xe7,0xbf,0xf7,0xbf,0xef,0x3f,0xd7,0xdf,0xf7,0x9f,0xef,0x7f,0xe7,0x7f,0xdf,
    0x5f,0xdf,0x7f,0xdf,0x5f,0xdf,0x9f,0xe7,0xdf,0xff,0xdf,0xf7,0xbf,0xf7,0xbf,0xef,
    0xbf,0xef,0xbf,0xef,0xbf,0xef,0xbf,0xef,0xbf,0xef,0xbf,0xef,0xbf,0xef,0xbf,0xef,
    0xbf,0xef,0xbf,0xef,0xbf,0xef,0xbf,0xef,0xbf,0xef,0xbf,0xef,0xbf,0xef,0xbf,0xef,
    0xbf,0xef,0xbf,0xef,0xbf,0xef,0xbf,0xef,0xbf,0xef,0xbf,0xef,0xbf,0xef,0xbf,0xef,
    0xbf,0xef,0xbf,0xef,0xbf,0xf7,0xdf,0xf7,0xdf,0xf7,0x7f,0xdf,0x9f,0xe7,0x9f,0xe7,
    0x9f,0xe7,0x9f,0xe7,0x9f,0xe7,0xdf,0xf7,0x9f,0xe7,0x9f,0xe7,0xbf,0xf7,0xbf,0xf7,
    0x3f,0xd7,0xbf,0xf7,0x9f,0xef,0x7f,0xe7,0x7f,0xe7,0x7f,0xdf,0x7f,0xdf,0x7f,0xe7,
    0xdf,0xff,0xdf,0xf7,0xbf,0xef,0xbf,0xef,0x9f,0xef,0x9f,0xef,0x9f,0xef,0x9f,0xef,
    0x9f,0xef,0x9f,0xef,0x9f,0xef,0x9f,0xef,0x9f,0xef,0x9f,0xef,0x9f,0xef,0x9f,0xef,
    0x9f,0xef,0x9f,0xef,0x9f,0xef,0x9f,0xef,0x9f,0xef,0x9f,0xef,0x9f,0xef,0x9f,0xef,
    0x9f,0xef,0x9f,0xef,0x9f,0xef,0x9f,0xef,0x9f,0xef,0x9f,0xef,0x9f,0xef,0xbf,0xef,
    0xbf,0xf7,0xdf,0xf7,0xdf,0xf7,0x7f,0xdf,0x9f,0xe7,0x9f,0xe7,0x9f,0xe7,0x9f,0xe7,
    0xdf,0xf7,0x9f,0xe7,0x9f,0xe7,0xbf,0xf7,0xbf,0xf7,0x3f,0xd7,0xbf,0xf7,0x9f,0xef,
    0x7f,0xe7,0x7f,0xe7,0x7f,0xe7,0x7f,0xdf,0xdf,0xf7,0xdf,0xf7,0xbf,0xef,0x9f,0xef,
    0x9f,0xef,0x9f,0xe7,0x7f,0xe7,0x7f,0xe7,0x7f,0xe7,0x9f,0xe7,0x9f,0xe7,0x9f,0xe7,
    0x9f,0xe7,0x9f,0xe7,0x9f,0xe7,0x9f,0xe7,0x9f,0xe7,0x9f,0xe7,0x9f,0xe7,0x9f,0xe7,
    0x9f,0xe7,0x9f,0xe7,0x9f,0xe7,0x9f,0xe7,0x9f,0xe7,0x9f,0xe7,0x9f,0xe7,0x9f,0xe7,
    0x9f,0xe7,0x9f,0xe7,0x9f,0xe7,0x9f,0xef,0x9f,0xef,0xbf,0xef,0xbf,0xf7,0xdf,0xf7,
    0x9f,0xe7,0x9f,0xe7,0x9f,0xe7,0x9f,0xe7,0x9f,0xef,0xdf,0xf7,0x9f,0xe7,0x9f,0xe7,
    0xbf,0xf7,0xbf,0xf7,0x3f,0xd7,0xbf,0xf7,0xbf,0xef,0x7f,0xe7,0x7f,0xe7,0x7f,0xe7,
    0x7f,0xdf,0xdf,0xf7,0xbf,0xf7,0xbf,0xef,0x9f,0xef,0x9f,0xe7,0x7f,0xe7,0x7f,0xe7,
    0x7f,0xe7,0x7f,0xe7,0x7f,0xe7,0x7f,0xe7,0x7f,0xe7,0x7f,0xe7,0x7f,0xe7,0x7f,0xe7,
    0x7f,0xe7,0x7f,0xe7,0x7f,0xe7,0x9f,0xe7,0x7f,0xe7,0x7f,0xe7,0x7f,0xe7,0x7f,0xe7,
    0x7f,0xe7,0x7f,0xe7,0x7f,0xe7,0x7f,0xe7,0x7f,0xe7,0x7f,0xe7,0x7f,0xe7,0x7f,0xe7,
    0x9f,0xe7,0x9f,0xef,0x9f,0xef,0xbf,0xef,0xdf,0xf7,0xbf,0xef,0x9f,0xe7,0x9f,0xe7,
    0x9f,0xe7,0xbf,0xef,0xdf,0xf7,0x9f,0xe7,0x9f,0xe7,0xbf,0xf7,0xbf,0xef,0x5f,0xd7,
    0xdf,0xf7,0xbf,0xef,0x9f,0xe7,0x7f,0xe7,0x7f,0xe7,0x9f,0xe7,0xdf,0xf7,0xbf,0xef,
    0x9f,0xef,0x9f,0xe7,0x7f,0xe7,0x7f,0xe7,0x7f,0xe7,0x7f,0xe7,0x7f,0xe7,0x7f,0xe7,
    0x7f,0xe7,0x7f,0xe7,0x7f,0xe7,0x7f,0xe7,0x7f,0xe7,0x7f,0xe7,0x7f,0xe7,0x7f,0xe7,
    0x7f,0xe7,0x7f,0xe7,0x7f,0xe7,0x7f,0xe7,0x7f,0xe7,0x7f,0xe7,0x7f,0xe7,0x7f,0xe7,
    0x7f,0xe7,0x7f,0xe7,0x7f,0xe7,0x7f,0xe7,0x7f,0xe7,0x7f,0xe7,0x9f,0xe7,0x9f,0xe7,
    0x9f,0xef,0xbf,0xf7,0xdf,0xf7,0x9f,0xe7,0x9f,0xe7,0x9f,0xe7,0x9f,0xef,0xdf,0xf7,
    0x9f,0xe7,0x9f,0xe7,0xbf,0xf7,0xbf,0xf7,0x5f,0xd7,0xdf,0xf7,0xbf,0xef,0x9f,0xe7,
    0x9f,0xe7,0x9f,0xe7,0x9f,0xe7,0xbf,0xf7,0xbf,0xef,0x9f,0xef,0x7f,0xe7,0x7f,0xe7,
    0x7f,0xe7,0x7f,0xe7,0x7f,0xe7,0x7f,0xe7,0x7f,0xe7,0x7f,0xe7,0x7f,0xe7,0x7f,0xe7,
    0x7f,0xe7,0x7f,0xe7,0x7f,0xe7,0x7f,0xe7,0x7f,0xe7,0x7f,0xe7,0x7f,0xe7,0x7f,0xe7,
    0x7f,0xe7,0x7f,0xe7,0x7f,0xe7,0x7f,0xe7,0x7f,0xe7,0x7f,0xe7,0x7f,0xe7,0x7f,0xe7,
    0x7f,0xe7,0x7f,0xe7,0x7f,0xe7,0x7f,0xe7,0x9f,0xe7,0x9f,0xef,0xbf,0xef,0xdf,0xf7,
    0x7f,0xdf,0x9f,0xe7,0x9f,0xe7,0x9f,0xef,0xdf,0xf7,0x9f,0xe7,0x9f,0xe7,0xbf,0xf7,
    0xbf,0xf7,0x5f,0xdf,0xdf,0xf7,0xbf,0xef,0x9f,0xe7,0x9f,0xe7,0x9f,0xe7,0x9f,0xe7,
    0xbf,0xf7,0x9f,0xef,0x9f,0xe7,0x7f,0xe7,0x7f,0xe7,0x7f,0xe7,0x7f,0xe7,0x7f,0xe7,
    0x7f,0xe7,0x7f,0xe7,0x7f,0xe7,0x7f,0xe7,0x7f,0xe7,0x7f,0xe7,0x7f,0xe7,0x7f,0xe7,
    0x7f,0xe7,0x7f,0xe7,0x7f,0xe7,0x7f,0xe7,0x7f,0xe7,0x7f,0xe7,0x7f,0xe7,0x7f,0xe7,
    0x7f,0xe7,0x7f,0xe7,0x7f,0xe7,0x7f,0xe7,0x7f,0xe7,0x7f,0xe7,0x7f,0xe7,0x7f,0xe7,
    0x7f,0xe7,0x9f,0xe7,0x9f,0xef,0xbf,0xef,0xdf,0xf7,0x7f,0xdf,0x9f,0xe7,0x9f,0xe7,
    0x9f,0xef,0xdf,0xf7,0x9f,0xe7,0x9f,0xe7,0xbf,0xf7,0xbf,0xf7,0x5f,0xdf,0xdf,0xf7,
    0xbf,0xef,0x9f,0xe7,0x9f,0xe7,0x7f,0xe7,0x9f,0xe7,0xbf,0xf7,0x9f,0xef,0x7f,0xe7,
    0x7f,0xe7,0x7f,0xe7,0x7f,0xe7,0x7f,0xe7,0x7f,0xe7,0x7f,0xe7,0x7f,0xe7,0x7f,0xe7,
    0x7f,0xe7,0x7f,0xe7,0x7f,0xe7,0x7f,0xe7,0x7f,0xe7,0x7f,0xe7,0x7f,0xe7,0x7f,0xe7,
    0x7f,0xe7,0x7f,0xe7,0x7f,0xe7,0x7f,0xe7,0x7f,0xe7,0x7f,0xe7,0x7f,0xe7,0x7f,0xe7,
    0x7f,0xe7,0x7f,0xe7,0x7f,0xe7,0x7f,0xe7,0x7f,0xe7,0x7f,0xe7,0x9f,0xe7,0x9f,0xef,
    0xbf,0xef,0xdf,0xf7,0x5f,0xdf,0x7f,0xdf,0x9f,0xe7,0x9f,0xef,0xdf,0xf7,0x9f,0xe7,
    0x9f,0xe7,0xbf,0xf7,0xbf,0xf7,0x7f,0xdf,0xdf,0xf7,0xbf,0xef,0x9f,0xe7,0x9f,0xe7,
    0x7f,0xdf,0x9f,0xe7,0xbf,0xf7,0x9f,0xef,0x7f,0xe7,0x7f,0xe7,0x7f,0xe7,0x7f,0xe7,
    0x7f,0xe7,0x7f,0xe7,0x7f,0xe7,0x7f,0xe7,0x7f,0xe7,0x7f,0xe7,0x7f,0xe7,0x7f,0xe7,
    0x7f,0xe7,0x7f,0xe7,0x7f,0xe7,0x7f,0xe7,0x7f,0xe7,0x7f,0xe7,0x7f,0xe7,0x7f,0xe7,
    0x7f,0xe7,0x7f,0xe7,0x7f,0xe7,0x7f,0xe7,0x7f,0xe7,0x7f,0xe7,0x7f,0xe7,0x7f,0xe7,
    0x7f,0xe7,0x7f,0xe7,0x7f,0xe7,0x9f,0xe7,0x9f,0xef,0xbf,0xef,0xdf,0xf7,0x5f,0xd7,
    0x7f,0xdf,0x9f,0xe7,0x9f,0xe7,0xdf,0xf7,0x9f,0xe7,0x9f,0xe7,0xbf,0xf7,0xbf,0xf7,
    0x7f,0xdf,0xdf,0xf7,0xbf,0xef,0x9f,0xe7,0x9f,0xe7,0x7f,0xdf,0x9f,0xe7,0xbf,0xf7,
    0x9f,0xef,0x7f,0xe7,0x7f,0xe7,0x7f,0xe7,0x7f,0xe7,0x7f,0xe7,0x7f,0xe7,0x7f,0xe7,
    0x7f,0xe7,0x7f,0xe7,0x7f,0xe7,0x7f,0xe7,0x7f,0xe7,0x7f,0xe7,0x7f,0xe7,0x7f,0xe7,
    0x7f,0xe7,0x7f,0xe7,0x7f,0xe7,0x7f,0xe7,0x7f,0xe7,0x7f,0xe7,0x7f,0xe7,0x7f,0xe7,
    0x7f,0xe7,0x7f,0xe7,0x7f,0xe7,0x7f,0xe7,0x7f,0xe7,0x7f,0xe7,0x7f,0xe7,0x7f,0xe7,
    0x9f,0xe7,0x9f,0xef,0xbf,0xef,0xdf,0xf7,0x5f,0xd7,0x7f,0xdf,0x7f,0xe7,0x9f,0xe7,
    0xdf,0xf7,0x9f,0xe7,0x9f,0xe7,0xbf,0xf7,0xbf,0xf7,0x7f,0xdf,0xdf,0xf7,0xbf,0xef,
    0x9f,0xe7,0x7f,0xe7,0x5f,0xdf,0x7f,0xe7,0xbf,0xf7,0x9f,0xef,0x9f,0xe7,0x7f,0xe7,
    0x7f,0xe7,0x7f,0xe7,0x7f,0xe7,0x7f,0xe7,0x7f,0xe7,0x7f,0xe7,0x7f,0xe7,0x7f,0xe7,
    0x7f,0xe7,0x7f,0xe7,0x7f,0xe7,0x7f,0xe7,0x7f,0xe7,0x7f,0xe7,0x7f,0xe7,0x7f,0xe7,
    0x7f,0xe7,0x7f,0xe7,0x7f,0xe7,0x7f,0xe7,0x7f,0xe7,0x7f,0xe7,0x7f,0xe7,0x7f,0xe7,
    0x7f,0xe7,0x7f,0xe7,0x7f,0xe7,0x7f,0xe7,0x7f,0xe7,0x9f,0xe7,0x9f,0xef,0xbf,0xef,
    0xdf,0xf7,0x5f,0xd7,0x7f,0xdf,0x7f,0xe7,0x9f,0xe7,0xdf,0xf7,0x9f,0xe7,0x9f,0xe7,
    0xbf,0xf7,0xbf,0xef,0x7f,0xdf,0xdf,0xf7,0xbf,0xef,0x9f,0xe7,0x7f,0xe7,0x5f,0xdf,
    0x7f,0xe7,0xdf,0xf7,0xbf,0xef,0x9f,0xe7,0x7f,0xe7,0x7f,0xe7,0x7f,0xe7,0x7f,0xe7,
    0x7f,0xe7,0x7f,0xe7,0x7f,0xe7,0x7f,0xe7,0x7f,0xe7,0xdf,0xc6,0xbe,0x54,0x3e,0x6d,
    0x3f,0xd7,0x7f,0xe7,0x7f,0xe7,0x7f,0xe7,0x7f,0xe7,0x7f,0xe7,0x7f,0xe7,0x7f,0xe7,
    0x7f,0xe7,0x7f,0xe7,0x7f,0xe7,0x7f,0xe7,0x7f,0xe7,0x7f,0xe7,0x7f,0xe7,0x7f,0xe7,
    0x7f,0xe7,0x7f,0xe7,0x9f,0xe7,0x9f,0xef,0xbf,0xef,0xdf,0xf7,0x3f,0xd7,0x7f,0xdf,
    0x7f,0xe7,0x9f,0xe7,0xdf,0xf7,0x9f,0xe7,0x9f,0xe7,0xbf,0xf7,0xbf,0xef,0x7f,0xdf,
    0xdf,0xf7,0xbf,0xef,0x9f,0xe7,0x7f,0xdf,0x5f,0xd7,0x7f,0xe7,0xdf,0xf7,0xbf,0xef,
    0x9f,0xe7,0x7f,0xe7,0x7f,0xe7,0x7f,0xe7,0x7f,0xe7,0x7f,0xe7,0x7f,0xe7,0x7f,0xe7,
    0x7f,0xe7,0x7f,0xe7,0x9e,0x4c,0xdd,0x23,0xdd,0x23,0x1d,0x34,0x1e,0x9e,0x7f,0xe7,
    0x9f,0xe7,0x7f,0xe7,0x7f,0xe7,0x7f,0xe7,0x7f,0xe7,0x7f,0xe7,0x7f,0xe7,0x7f,0xe7,
    0x7f,0xe7,0x7f,0xe7,0x7f,0xe7,0x7f,0xe7,0x7f,0xe7,0x7f,0xe7,0x7f,0xe7,0x9f,0xe7,
    0x9f,0xef,0xbf,0xef,0xdf,0xf7,0x3f,0xd7,0x7f,0xdf,0x7f,0xe7,0x9f,0xe7,0xdf,0xf7,
    0x9f,0xe7,0x9f,0xe7,0xbf,0xf7,0xbf,0xef,0x7f,0xdf,0xdf,0xf7,0xbf,0xef,0x9f,0xe7,
    0x7f,0xe7,0x5f,0xd7,0x7f,0xe7,0xdf,0xf7,0xbf,0xef,0x9f,0xe7,0x7f,0xe7,0x7f,0xe7,
    0x7f,0xe7,0x7f,0xe7,0x7f,0xe7,0x7f,0xe7,0x7f,0xe7,0x7f,0xe7,0x9f,0xe7,0x3e,0x3c,
    0xbd,0x23,0xbd,0x23,0xdd,0x23,0xdd,0x23,0xbe,0x54,0xff,0xc6,0x7f,0xe7,0x7f,0xe7,
    0x7f,0xe7,0x7f,0xe7,0x7f,0xe7,0x7f,0xe7,0x7f,0xe7,0x7f,0xe7,0x7f,0xe7,0x9f,0xe7,
    0x9f,0xe7,0x7f,0xe7,0x7f,0xe7,0x7f,0xe7,0x9f,0xe7,0x9f,0xef,0xbf,0xf7,0xdf,0xf7,
    0x3f,0xd7,0x7f,0xdf,0x7f,0xe7,0x9f,0xe7,0xdf,0xf7,0x9f,0xe7,0x9f,0xe7,0xbf,0xf7,
    0xbf,0xef,0x7f,0xdf,0xdf,0xf7,0xbf,0xef,0x9f,0xe7,0x7f,0xe7,0x5f,0xd7,0x9f,0xe7,
    0xdf,0xf7,0xbf,0xef,0x9f,0xef,0x7f,0xe7,0x7f,0xe7,0x7f,0xe7,0x7f,0xe7,0x7f,0xe7,
    0x7f,0xe7,0x7f,0xe7,0x7f,0xe7,0x9f,0xe7,0x3e,0x3c,0xbd,0x23,0xbd,0x23,0xbd,0x23,
    0xbd,0x23,0xdd,0x23,0xfd,0x2b,0x9e,0x7d,0x5f,0xdf,0x7f,0xe7,0x7f,0xe7,0x7f,0xe7,
    0x7f,0xe7,0x7f,0xe7,0x7f,0xe7,0x7f,0xe7,0x7f,0xe7,0x7f,0xe7,0x7f,0xe7,0x7f,0xe7,
    0x7f,0xe7,0x9f,0xe7,0x9f,0xef,0xbf,0xf7,0xdf,0xf7,0x5f,0xd7,0x7f,0xdf,0x7f,0xe7,
    0x9f,0xef,0xdf,0xf7,0x9f,0xe7,0x9f,0xe7,0xbf,0xf7,0x9f,0xef,0x7f,0xdf,0xdf,0xf7,
    0xbf,0xef,0x9f,0xe7,0x7f,0xe7,0x5f,0xdf,0x9f,0xe7,0xdf,0xf7,0xbf,0xef,0x9f,0xef,
    0x7f,0xe7,0x7f,0xe7,0x7f,0xe7,0x7f,0xe7,0x7f,0xe7,0x7f,0xe7,0x7f,0xe7,0x9f,0xe7,
    0x9f,0xe7,0x3e,0x3c,0xbd,0x23,0xbd,0x23,0xbd,0x23,0xbd,0x23,0xdd,0x23,0xdd,0x23,
    0xdd,0x23,0x7d,0x44,0x9e,0xb6,0x7f,0xe7,0x7f,0xe7,0x7f,0xe7,0x7f,0xe7,0x7f,0xe7,
    0x7f,0xe7,0x7f,0xe7,0x7f,0xe7,0x7f,0xe7,0x7f,0xe7,0x7f,0xe7,0x9f,0xe7,0x9f,0xef,
    0xbf,0xf7,0xdf,0xf7,0x5f,0xd7,0x7f,0xdf,0x7f,0xe7,0x9f,0xef,0xdf,0xf7,0x9f,0xe7,
    0x9f,0xe7,0xbf,0xf7,0xbf,0xef,0x7f,0xdf,0xdf,0xf7,0xbf,0xef,0x9f,0xe7,0x7f,0xe7,
    0x5f,0xdf,0x9f,0xe7,0xdf,0xf7,0xbf,0xef,0x9f,0xef,0x9f,0xe7,0x7f,0xe7,0x7f,0xe7,
    0x7f,0xe7,0x7f,0xe7,0x7f,0xe7,0x7f,0xe7,0x9f,0xe7,0x9f,0xef,0x3e,0x3c,0xbd,0x23,
    0xbd,0x23,0xbd,0x23,0xbd,0x23,0xdd,0x23,0xdd,0x23,0xdd,0x23,0xdd,0x23,0xdd,0x23,
    0x3e,0x6d,0x3f,0xd7,0x7f,0xe7,0x7f,0xe7,0x7f,0xe7,0x7f,0xe7,0x7f,0xe7,0x7f,0xe7,
    0x7f,0xe7,0x7f,0xe7,0x7f,0xe7,0x9f,0xe7,0x9f,0xef,0xbf,0xf7,0xdf,0xf7,0x5f,0xd7,
    0x7f,0xdf,0x7f,0xe7,0xbf,0xef,0xdf,0xff,0x9f,0xe7,0x9f,0xe7,0xbf,0xf7,0xbf,0xef,
    0x5f,0xdf,0xdf,0xf7,0xbf,0xef,0x9f,0xe7,0x7f,0xe7,0x5f,0xdf,0x9f,0xe7,0xdf,0xf7,
    0xbf,0xef,0x9f,0xef,0x9f,0xe7,0x7f,0xe7,0x7f,0xe7,0x7f,0xe7,0x7f,0xe7,0x7f,0xe7,
    0x7f,0xe7,0x9f,0xe7,0x9f,0xef,0x3e,0x3c,0xbd,0x23,0xbd,0x23,0xbd,0x23,0xbd,0x23,
    0xdd,0x23,0xdd,0x23,0xdd,0x23,0xdd,0x23,0xbd,0x23,0xbd,0x23,0x1d,0x34,0x3e,0x9e,
    0x7f,0xe7,0x7f,0xe7,0x7f,0xe7,0x7f,0xe7,0x7f,0xe7,0x7f,0xe7,0x7f,0xe7,0x9f,0xe7,
    0x9f,0xe7,0x9f,0xef,0xbf,0xf7,0xdf,0xf7,0x5f,0xd7,0x7f,0xdf,0x9f,0xe7,0xbf,0xef,
    0xdf,0xf7,0x9f,0xe7,0x9f,0xe7,0xbf,0xf7,0xbf,0xef,0x5f,0xdf,0xdf,0xf7,0xbf,0xef,
    0x9f,0xe7,0x7f,0xe7,0x5f,0xdf,0x9f,0xe7,0xdf,0xf7,0xbf,0xef,0x9f,0xef,0x9f,0xe7,
    0x7f,0xe7,0x7f,0xe7,0x7f,0xe7,0x7f,0xe7,0x7f,0xe7,0x7f,0xe7,0x9f,0xe7,0x9f,0xef,
    0x3e,0x3c,0xbd,0x23,0xbd,0x23,0xbd,0x23,0xbd,0x23,0xbd,0x23,0xdd,0x23,0xdd,0x23,
    0xdd,0x23,0xdd,0x23,0xbd,0x23,0xbd,0x23,0xdd,0x23,0xde,0x5c,0xff,0xce,0x7f,0xe7,
    0x7f,0xe7,0x7f,0xe7,0x7f,0xe7,0x7f,0xe7,0x7f,0xe7,0x9f,0xe7,0x9f,0xef,0xbf,0xf7,
    0xdf,0xf7,0x5f,0xd7,0x7f,0xdf,0x7f,0xe7,0xbf,0xef,0xdf,0xf7,0x9f,0xe7,0x9f,0xe7,
    0xbf,0xf7,0xbf,0xef,0x5f,0xdf,0xdf,0xf7,0xbf,0xef,0x9f,0xe7,0x9f,0xe7,0x5f,0xdf,
    0x9f,0xe7,0xdf,0xf7,0xbf,0xef,0x9f,0xef,0x9f,0xe7,0x7f,0xe7,0x7f,0xe7,0x7f,0xe7,
    0x7f,0xe7,0x7f,0xe7,0x9f,0xe7,0x9f,0xe7,0x9f,0xef,0x3e,0x3c,0xbd,0x23,0xbd,0x23,
    0xbd,0x23,0xbd,0x23,0xbd,0x23,0xdd,0x23,0xdd,0x23,0xdd,0x23,0xdd,0x23,0xdd,0x23,
    0xdd,0x23,0xdd,0x23,0xdd,0x23,0x5e,0x3c,0x7f,0xe7,0x7f,0xe7,0x7f,0xe7,0x7f,0xe7,
    0x7f,0xe7,0x7f,0xe7,0x9f,0xe7,0x9f,0xef,0xbf,0xf7,0xdf,0xf7,0x5f,0xd7,0x7f,0xdf,
    0x7f,0xe7,0x9f,0xe7,0xdf,0xf7,0x9f,0xe7,0x9f,0xe7,0xbf,0xf7,0xbf,0xef,0x5f,0xdf,
    0xdf,0xf7,0xbf,0xef,0x9f,0xe7,0x9f,0xe7,0x5f,0xdf,0x9f,0xe7,0xdf,0xf7,0xbf,0xef,
    0x9f,0xef,0x9f,0xe7,0x7f,0xe7,0x7f,0xe7,0x7f,0xe7,0x7f,0xe7,0x7f,0xe7,0x9f,0xe7,
    0x9f,0xe7,0x9f,0xef,0x3e,0x3c,0xbd,0x23,0xbd,0x23,0xbd,0x23,0xbd,0x23,0xbd,0x23,
    0xbd,0x23,0xbd,0x23,0xbd,0x23,0xdd,0x23,0xbd,0x23,0xdd,0x23,0xdd,0x23,0xdd,0x23,
    0x1d,0x2c,0x7f,0xe7,0x7f,0xe7,0x7f,0xe7,0x7f,0xe7,0x7f,0xe7,0x7f,0xe7,0x9f,0xe7,
    0xbf,0xef,0xbf,0xf7,0xdf,0xf7,0x5f,0xd7,0x7f,0xdf,0x7f,0xe7,0x9f,0xe7,0xdf,0xf7,
    0x9f,0xe7,0x9f,0xe7,0xbf,0xf7,0xbf,0xef,0x5f,0xd7,0xdf,0xf7,0xbf,0xef,0x9f,0xe7,
    0x9f,0xe7,0x5f,0xdf,0x9f,0xe7,0xdf,0xf7,0xbf,0xef,0x9f,0xef,0x9f,0xe7,0x7f,0xe7,
    0x7f,0xe7,0x7f,0xe7,0x7f,0xe7,0x7f,0xe7,0x9f,0xe7,0x9f,0xe7,0x9f,0xef,0x3e,0x34,
    0xbd,0x23,0xbd,0x23,0xbd,0x23,0xbd,0x23,0xbd,0x23,0xdd,0x23,0xbd,0x23,0xbd,0x23,
    0xbd,0x23,0xbd,0x23,0xdd,0x23,0xdd,0x23,0x7e,0x44,0xbf,0xb6,0x7f,0xe7,0x7f,0xe7,
    0x7f,0xe7,0x7f,0xe7,0x7f,0xe7,0x9f,0xe7,0x9f,0xe7,0x9f,0xef,0xbf,0xf7,0xdf,0xf7,
    0x5f,0xd7,0x7f,0xdf,0x7f,0xe7,0x9f,0xe7,0xdf,0xf7,0x9f,0xe7,0x9f,0xe7,0xbf,0xf7,
    0xbf,0xf7,0x5f,0xd7,0xdf,0xf7,0xbf,0xef,0x9f,0xe7,0x9f,0xe7,0x5f,0xdf,0x9f,0xe7,
    0xdf,0xf7,0xbf,0xef,0x9f,0xef,0x7f,0xe7,0x7f,0xe7,0x7f,0xe7,0x7f,0xe7,0x7f,0xe7,
    0x7f,0xe7,0x9f,0xe7,0x9f,0xe7,0x9f,0xef,0x3d,0x34,0xbd,0x23,0xbd,0x23,0xbd,0x23,
    0xbd,0x23,0xbd,0x23,0xbd,0x23,0xbd,0x23,0xbd,0x23,0xbd,0x23,0xdd,0x23,0xfd,0x2b,
    0xde,0x8d,0x7f,0xe7,0x7f,0xe7,0x7f,0xe7,0x7f,0xe7,0x7f,0xe7,0x7f,0xe7,0x7f,0xe7,
    0x9f,0xe7,0x9f,0xe7,0x9f,0xef,0xbf,0xf7,0xdf,0xf7,0x5f,0xd7,0x7f,0xdf,0x7f,0xe7,
    0x9f,0xe7,0xdf,0xf7,0x9f,0xe7,0x9f,0xe7,0xbf,0xf7,0xbf,0xf7,0x5f,0xd7,0xdf,0xf7,
    0xbf,0xef,0x9f,0xe7,0x9f,0xe7,0x5f,0xdf,0x9f,0xe7,0xdf,0xf7,0xbf,0xef,0x9f,0xef,
    0x7f,0xe7,0x7f,0xe7,0x7f,0xe7,0x7f,0xe7,0x7f,0xe7,0x7f,0xe7,0x7f,0xe7,0x9f,0xe7,
    0x9f,0xef,0x3e,0x34,0xbd,0x23,0xbd,0x23,0xbd,0x23,0xbd,0x23,0xbd,0x23,0xbd,0x23,
    0xbd,0x23,0xbd,0x23,0xbd,0x23,0xfe,0x64,0x1f,0xcf,0x7f,0xe7,0x7f,0xe7,0x7f,0xe7,
    0x7f,0xe7,0x7f,0xe7,0x7f,0xe7,0x7f,0xe7,0x9f,0xe7,0x9f,0xe7,0x9f,0xe7,0x9f,0xef,
    0xbf,0xf7,0xdf,0xf7,0x5f,0xd7,0x7f,0xdf,0x7f,0xe7,0x9f,0xe7,0xdf,0xf7,0x9f,0xe7,
    0x9f,0xe7,0xbf,0xf7,0xbf,0xf7,0x5f,0xd7,0xdf,0xf7,0xbf,0xef,0x9f,0xe7,0x9f,0xe7,
    0x5f,0xdf,0x9f,0xe7,0xdf,0xf7,0xbf,0xef,0x9f,0xe7,0x7f,0xe7,0x7f,0xe7,0x7f,0xe7,
    0x7f,0xe7,0x7f,0xe7,0x7f,0xe7,0x7f,0xe7,0x7f,0xe7,0x9f,0xe7,0x3e,0x3c,0xbd,0x23,
    0xbd,0x23,0xbd,0x23,0xbd,0x23,0xbd,0x23,0xbd,0x23,0xbd,0x23,0x3e,0x3c,0x5e,0xae,
    0x7f,0xe7,0x9f,0xe7,0x7f,0xe7,0x7f,0xe7,0x7f,0xe7,0x7f,0xe7,0x7f,0xe7,0x7f,0xe7,
    0x7f,0xe7,0x7f,0xe7,0x9f,0xe7,0x9f,0xe7,0x9f,0xef,0xbf,0xef,0xdf,0xf7,0x5f,0xd7,
    0x7f,0xdf,0x7f,0xe7,0x9f,0xe7,0xdf,0xf7,0x9f,0xe7,0x9f,0xe7,0xbf,0xf7,0xbf,0xf7,
    0x5f,0xd7,0xdf,0xf7,0xbf,0xef,0x9f,0xe7,0x9f,0xe7,0x5f,0xdf,0x9f,0xe7,0xdf,0xf7,
    0x9f,0xef,0x9f,0xe7,0x7f,0xe7,0x7f,0xe7,0x7f,0xe7,0x7f,0xe7,0x7f,0xe7,0x7f,0xe7,
    0x7f,0xe7,0x7f,0xe7,0x9f,0xe7,0x3e,0x3c,0xbd,0x23,0xbd,0x23,0xbd,0x23,0xbd,0x23,
    0xbd,0x23,0xdd,0x2b,0x9e,0x85,0x5f,0xdf,0x7f,0xe7,0x7f,0xe7,0x7f,0xe7,0x7f,0xe7,
    0x7f,0xe7,0x7f,0xe7,0x7f,0xe7,0x7f,0xe7,0x7f,0xe7,0x7f,0xe7,0x7f,0xe7,0x7f,0xe7,
    0x9f,0xe7,0x9f,0xef,0xbf,0xef,0xdf,0xf7,0x5f,0xd7,0x7f,0xdf,0x7f,0xdf,0x9f,0xe7,
    0xdf,0xf7,0x9f,0xe7,0x9f,0xe7,0xbf,0xf7,0xbf,0xf7,0x5f,0xd7,0xdf,0xf7,0xbf,0xf7,
    0x9f,0xe7,0x9f,0xe7,0x5f,0xdf,0x9f,0xe7,0xdf,0xf7,0x9f,0xef,0x9f,0xe7,0x7f,0xe7,
    0x7f,0xe7,0x7f,0xe7,0x7f,0xe7,0x7f,0xe7,0x7f,0xe7,0x7f,0xe7,0x7f,0xe7,0x9f,0xe7,
    0x5e,0x3c,0xbd,0x23,0xbd,0x23,0xbd,0x23,0xbd,0x23,0xde,0x5c,0xff,0xc6,0x7f,0xe7,
    0x7f,0xe7,0x7f,0xe7,0x7f,0xe7,0x7f,0xe7,0x7f,0xe7,0x7f,0xe7,0x7f,0xe7,0x7f,0xe7,
    0x7f,0xe7,0x7f,0xe7,0x7f,0xe7,0x7f,0xe7,0x7f,0xe7,0x9f,0xe7,0x9f,0xef,0xbf,0xef,
    0xdf,0xf7,0x5f,0xd7,0x7f,0xdf,0x7f,0xdf,0x9f,0xe7,0xdf,0xf7,0x9f,0xe7,0x7f,0xe7,
    0xbf,0xf7,0xbf,0xef,0x5f,0xd7,0xdf,0xf7,0xbf,0xf7,0x9f,0xe7,0x9f,0xe7,0x5f,0xdf,
    0x9f,0xe7,0xbf,0xf7,0x9f,0xef,0x9f,0xe7,0x7f,0xe7,0x7f,0xe7,0x7f,0xe7,0x7f,0xe7,
    0x7f,0xe7,0x7f,0xe7,0x7f,0xe7,0x7f,0xe7,0x7f,0xe7,0xfe,0x5c,0xdd,0x23,0xbd,0x23,
    0x3d,0x3c,0x5e,0xa6,0x7f,0xe7,0x7f,0xe7,0x7f,0xe7,0x7f,0xe7,0x7f,0xe7,0x7f,0xe7,
    0x7f,0xe7,0x7f,0xe7,0x7f,0xe7,0x7f,0xe7,0x7f,0xe7,0x7f,0xe7,0x7f,0xe7,0x7f,0xe7,
    0x7f,0xe7,0x7f,0xe7,0x9f,0xe7,0x9f,0xef,0xbf,0xef,0xdf,0xf7,0x5f,0xd7,0x7f,0xdf,
    0x7f,0xdf,0x9f,0xe7,0xdf,0xf7,0x9f,0xe7,0x7f,0xe7,0xbf,0xf7,0xbf,0xef,0x5f,0xd7,
    0xdf,0xf7,0xbf,0xef,0x9f,0xe7,0x9f,0xe7,0x5f,0xdf,0x9f,0xe7,0xbf,0xf7,0x9f,0xef,
    0x7f,0xe7,0x7f,0xe7,0x7f,0xe7,0x7f,0xe7,0x7f,0xe7,0x7f,0xe7,0x7f,0xe7,0x7f,0xe7,
    0x7f,0xe7,0x7f,0xe7,0x1f,0xcf,0x3e,0x6d,0x9e,0x85,0x5f,0xdf,0x7f,0xe7,0x7f,0xe7,
    0x7f,0xe7,0x7f,0xe7,0x7f,0xe7,0x7f,0xe7,0x7f,0xe7,0x7f,0xe7,0x7f,0xe7,0x7f,0xe7,
    0x7f,0xe7,0x7f,0xe7,0x7f,0xe7,0x7f,0xe7,0x7f,0xe7,0x7f,0xe7,0x7f,0xe7,0x9f,0xe7,
    0x9f,0xef,0xbf,0xef,0xdf,0xf7,0x5f,0xd7,0x7f,0xdf,0x7f,0xdf,0x9f,0xe7,0xdf,0xf7,
    0x9f,0xe7,0x7f,0xe7,0xbf,0xf7,0xbf,0xef,0x5f,0xd7,0xdf,0xf7,0xbf,0xef,0x9f,0xe7,
    0x7f,0xe7,0x5f,0xd7,0x7f,0xe7,0xbf,0xf7,0x9f,0xef,0x7f,0xe7,0x7f,0xe7,0x7f,0xe7,
    0x7f,0xe7,0x7f,0xe7,0x7f,0xe7,0x7f,0xe7,0x7f,0xe7,0x7f,0xe7,0x7f,0xe7,0x7f,0xe7,
    0x7f,0xe7,0x7f,0xe7,0x7f,0xe7,0x7f,0xe7,0x7f,0xe7,0x7f,0xe7,0x7f,0xe7,0x7f,0xe7,
    0x7f,0xe7,0x7f,0xe7,0x7f,0xe7,0x7f,0xe7,0x7f,0xe7,0x7f,0xe7,0x7f,0xe7,0x7f,0xe7,
    0x7f,0xe7,0x7f,0xe7,0x7f,0xe7,0x7f,0xe7,0x7f,0xe7,0x9f,0xe7,0xbf,0xef,0xdf,0xf7,
    0x5f,0xd7,0x7f,0xdf,0x7f,0xdf,0x9f,0xe7,0xdf,0xf7,0x9f,0xe7,0x9f,0xe7,0xbf,0xf7,
    0xbf,0xef,0x5f,0xd7,0xdf,0xf7,0xbf,0xef,0x9f,0xe7,0x7f,0xe7,0x5f,0xd7,0x7f,0xdf,
    0xbf,0xf7,0x9f,0xef,0x7f,0xe7,0x7f,0xe7,0x7f,0xe7,0x7f,0xe7,0x7f,0xe7,0x7f,0xe7,
    0x7f,0xe7,0x7f,0xe7,0x7f,0xe7,0x7f,0xe7,0x7f,0xe7,0x7f,0xe7,0x7f,0xe7,0x7f,0xe7,
    0x7f,0xe7,0x7f,0xe7,0x7f,0xe7,0x7f,0xe7,0x7f,0xe7,0x7f,0xe7,0x7f,0xe7,0x7f,0xe7,
    0x7f,0xe7,0x7f,0xe7,0x7f,0xe7,0x7f,0xe7,0x7f,0xe7,0x7f,0xe7,0x7f,0xe7,0x7f,0xe7,
    0x7f,0xe7,0x7f,0xe7,0x9f,0xe7,0xbf,0xef,0xdf,0xf7,0x5f,0xd7,0x7f,0xdf,0x7f,0xdf,
    0x9f,0xe7,0xdf,0xf7,0x9f,0xe7,0x9f,0xe7,0xbf,0xf7,0xbf,0xef,0x5f,0xd7,0xdf,0xf7,
    0xbf,0xef,0x9f,0xe7,0x7f,0xe7,0x5f,0xd7,0x7f,0xdf,0xbf,0xef,0x9f,0xef,0x7f,0xe7,
    0x7f,0xe7,0x7f,0xe7,0x7f,0xe7,0x7f,0xe7,0x7f,0xe7,0x7f,0xe7,0x7f,0xe7,0x7f,0xe7,
    0x7f,0xe7,0x7f,0xe7,0x7f,0xe7,0x7f,0xe7,0x7f,0xe7,0x7f,0xe7,0x7f,0xe7,0x7f,0xe7,
    0x7f,0xe7,0x7f,0xe7,0x7f,0xe7,0x7f,0xe7,0x7f,0xe7,0x7f,0xe7,0x7f,0xe7,0x7f,0xe7,
    0x7f,0xe7,0x7f,0xe7,0x7f,0xe7,0x7f,0xe7,0x7f,0xe7,0x7f,0xe7,0x7f,0xe7,0x9f,0xe7,
    0xbf,0xef,0xdf,0xf7,0x5f,0xd7,0x7f,0xdf,0x7f,0xe7,0x9f,0xe7,0xdf,0xf7,0x9f,0xe7,
    0x9f,0xe7,0xbf,0xf7,0xbf,0xef,0x5f,0xdf,0xdf,0xf7,0xbf,0xef,0x9f,0xe7,0x7f,0xe7,
    0x5f,0xdf,0x7f,0xe7,0xbf,0xef,0x9f,0xef,0x7f,0xe7,0x7f,0xe7,0x7f,0xdf,0x7f,0xdf,
    0x7f,0xe7,0x7f,0xe7,0x7f,0xe7,0x7f,0xe7,0x7f,0xe7,0x7f,0xe7,0x7f,0xe7,0x7f,0xe7,
    0x7f,0xe7,0x7f,0xe7,0x7f,0xe7,0x7f,0xe7,0x7f,0xe7,0x7f,0xe7,0x7f,0xe7,0x7f,0xe7,
    0x7f,0xe7,0x7f,0xe7,0x7f,0xe7,0x7f,0xe7,0x7f,0xe7,0x7f,0xe7,0x7f,0xe7,0x7f,0xe7,
    0x7f,0xe7,0x7f,0xe7,0x7f,0xe7,0x7f,0xe7,0x9f,0xe7,0xbf,0xef,0xdf,0xf7,0x5f,0xd7,
    0x7f,0xdf,0x7f,0xe7,0x9f,0xe7,0xdf,0xf7,0x9f,0xe7,0x9f,0xe7,0xbf,0xf7,0xbf,0xef,
    0x5f,0xdf,0xdf,0xf7,0xbf,0xef,0x9f,0xe7,0x7f,0xe7,0x5f,0xdf,0x7f,0xe7,0xbf,0xf7,
    0x9f,0xef,0x7f,0xe7,0x7f,0xe7,0x5f,0xdf,0x5f,0xdf,0x7f,0xdf,0x7f,0xdf,0x7f,0xe7,
    0x7f,0xe7,0x7f,0xe7,0x7f,0xe7,0x7f,0xe7,0x7f,0xe7,0x7f,0xe7,0x7f,0xe7,0x7f,0xe7,
    0x7f,0xe7,0x7f,0xe7,0x7f,0xe7,0x7f,0xe7,0x7f,0xe7,0x7f,0xe7,0x7f,0xe7,0x7f,0xe7,
    0x7f,0xe7,0x7f,0xe7,0x7f,0xe7,0x7f,0xe7,0x7f,0xe7,0x7f,0xe7,0x7f,0xe7,0x7f,0xe7,
    0x7f,0xe7,0x9f,0xe7,0xbf,0xef,0xdf,0xf7,0x5f,0xd7,0x7f,0xdf,0x7f,0xe7,0x9f,0xe7,
    0xdf,0xf7,0x9f,0xe7,0x9f,0xe7,0xbf,0xf7,0xbf,0xf7,0x5f,0xdf,0xdf,0xf7,0xbf,0xef,
    0x9f,0xe7,0x7f,0xe7,0x5f,0xdf,0x9f,0xe7,0xbf,0xf7,0x9f,0xef,0x7f,0xe7,0x7f,0xe7,
    0x5f,0xdf,0x5f,0xdf,0x7f,0xe7,0x7f,0xe7,0x7f,0xe7,0x7f,0xe7,0x7f,0xe7,0x7f,0xe7,
    0x7f,0xe7,0x7f,0xe7,0x7f,0xe7,0x7f,0xe7,0x7f,0xe7,0x7f,0xe7,0x7f,0xe7,0x7f,0xe7,
    0x7f,0xe7,0x7f,0xe7,0x7f,0xe7,0x7f,0xe7,0x7f,0xe7,0x7f,0xe7,0x7f,0xe7,0x7f,0xe7,
    0x7f,0xe7,0x7f,0xe7,0x7f,0xe7,0x7f,0xe7,0x7f,0xe7,0x7f,0xe7,0x9f,0xe7,0xbf,0xef,
    0xdf,0xf7,0x5f,0xd7,0x7f,0xdf,0x7f,0xe7,0x9f,0xe7,0xdf,0xf7,0x9f,0xe7,0x9f,0xe7,
    0xbf,0xf7,0xbf,0xf7,0x7f,0xdf,0xdf,0xf7,0xbf,0xef,0x9f,0xe7,0x7f,0xe7,0x5f,0xdf,
    0x9f,0xe7,0xbf,0xf7,0x9f,0xef,0x7f,0xe7,0x7f,0xe7,0x5f,0xdf,0x5f,0xdf,0x5f,0xdf,
    0x7f,0xe7,0x7f,0xe7,0x7f,0xe7,0x7f,0xe7,0x7f,0xe7,0x7f,0xe7,0x7f,0xe7,0x7f,0xe7,
    0x7f,0xe7,0x7f,0xe7,0x7f,0xe7,0x7f,0xe7,0x7f,0xe7,0x7f,0xe7,0x7f,0xe7,0x7f,0xe7,
    0x7f,0xe7,0x7f,0xe7,0x7f,0xe7,0x7f,0xe7,0x7f,0xe7,0x7f,0xe7,0x7f,0xe7,0x7f,0xe7,
    0x7f,0xe7,0x7f,0xe7,0x7f,0xe7,0x9f,0xef,0xbf,0xef,0xdf,0xf7,0x5f,0xdf,0x7f,0xdf,
    0x7f,0xe7,0x9f,0xe7,0xdf,0xf7,0x9f,0xe7,0x7f,0xe7,0xbf,0xf7,0xbf,0xf7,0x7f,0xdf,
    0xdf,0xf7,0xbf,0xef,0x9f,0xe7,0x9f,0xe7,0x7f,0xdf,0x5f,0xd7,0xdf,0xf7,0xbf,0xef,
    0x9f,0xef,0x7f,0xe7,0x7f,0xe7,0x7f,0xe7,0x5f,0xe7,0x7f,0xe7,0x7f,0xe7,0x7f,0xe7,
    0x7f,0xe7,0x7f,0xe7,0x7f,0xe7,0x7f,0xe7,0x7f,0xe7,0x7f,0xe7,0x7f,0xe7,0x7f,0xe7,
    0x7f,0xe7,0x7f,0xe7,0x7f,0xe7,0x7f,0xe7,0x7f,0xe7,0x7f,0xe7,0x7f,0xe7,0x7f,0xe7,
    0x7f,0xe7,0x7f,0xe7,0x7f,0xe7,0x7f,0xe7,0x7f,0xe7,0x7f,0xe7,0x7f,0xe7,0x9f,0xe7,
    0xbf,0xef,0xbf,0xf7,0xbf,0xef,0x5f,0xdf,0x7f,0xdf,0x9f,0xe7,0x9f,0xe7,0xdf,0xf7,
    0x9f,0xe7,0x7f,0xe7,0xbf,0xf7,0xbf,0xf7,0x5f,0xdf,0xdf,0xf7,0xbf,0xef,0x9f,0xe7,
    0x9f,0xe7,0x7f,0xdf,0x5f,0xd7,0xdf,0xf7,0xbf,0xf7,0x9f,0xef,0x9f,0xe7,0x7f,0xe7,
    0x7f,0xe7,0x7f,0xe7,0x7f,0xe7,0x7f,0xe7,0x7f,0xe7,0x7f,0xe7,0x7f,0xe7,0x7f,0xe7,
    0x7f,0xe7,0x7f,0xe7,0x7f,0xe7,0x7f,0xe7,0x7f,0xe7,0x7f,0xe7,0x7f,0xe7,0x7f,0xe7,
    0x7f,0xe7,0x7f,0xe7,0x7f,0xe7,0x7f,0xe7,0x7f,0xe7,0x7f,0xe7,0x7f,0xe7,0x7f,0xe7,
    0x7f,0xe7,0x7f,0xe7,0x7f,0xe7,0x9f,0xe7,0x9f,0xef,0xbf,0xef,0xdf,0xf7,0x9f,0xe7,
    0x5f,0xdf,0x7f,0xe7,0x9f,0xe7,0x9f,0xe7,0xdf,0xf7,0x9f,0xe7,0x7f,0xe7,0xbf,0xf7,
    0xbf,0xf7,0x5f,0xdf,0xdf,0xf7,0xbf,0xef,0x9f,0xe7,0x9f,0xe7,0x7f,0xdf,0x5f,0xdf,
    0x7f,0xdf,0xdf,0xf7,0xbf,0xef,0x9f,0xef,0x9f,0xe7,0x7f,0xe7,0x7f,0xe7,0x7f,0xe7,
    0x7f,0xe7,0x7f,0xe7,0x7f,0xe7,0x7f,0xe7,0x7f,0xe7,0x7f,0xe7,0x7f,0xe7,0x7f,0xe7,
    0x7f,0xe7,0x7f,0xe7,0x7f,0xe7,0x7f,0xe7,0x7f,0xe7,0x7f,0xe7,0x7f,0xe7,0x7f,0xe7,
    0x7f,0xe7,0x7f,0xe7,0x7f,0xe7,0x7f,0xe7,0x7f,0xe7,0x7f,0xe7,0x7f,0xe7,0x9f,0xe7,
    0x9f,0xef,0xbf,0xef,0xdf,0xf7,0xdf,0xf7,0x5f,0xd7,0x7f,0xdf,0x7f,0xe7,0x9f,0xe7,
    0x9f,0xe7,0xdf,0xf7,0x9f,0xe7,0x7f,0xe7,0xbf,0xf7,0xbf,0xf7,0x5f,0xdf,0xdf,0xf7,
    0xbf,0xef,0x9f,0xe7,0x9f,0xe7,0x7f,0xe7,0x5f,0xdf,0x3f,0xd7,0xbf,0xef,0xdf,0xf7,
    0xbf,0xef,0x9f,0xef,0x9f,0xef,0x9f,0xe7,0x9f,0xe7,0x9f,0xe7,0x9f,0xe7,0x9f,0xe7,
    0x9f,0xe7,0x9f,0xe7,0x9f,0xe7,0x9f,0xe7,0x9f,0xe7,0x9f,0xe7,0x9f,0xe7,0x9f,0xe7,
    0x9f,0xe7,0x9f,0xe7,0x9f,0xef,0x9f,0xef,0x9f,0xef,0x9f,0xef,0x9f,0xef,0x9f,0xef,
    0x9f,0xe7,0x9f,0xe7,0x9f,0xef,0x9f,0xef,0x9f,0xef,0xbf,0xef,0xdf,0xf7,0xdf,0xf7,
    0x7f,0xdf,0x5f,0xd7,0x7f,0xdf,0x9f,0xe7,0x9f,0xe7,0x9f,0xe7,0xdf,0xf7,0x9f,0xe7,
    0x7f,0xe7,0xbf,0xf7,0xbf,0xf7,0x5f,0xdf,0xdf,0xf7,0xbf,0xef,0x9f,0xe7,0x9f,0xe7,
    0x9f,0xe7,0x7f,0xdf,0x5f,0xd7,0x3f,0xcf,0x9f,0xe7,0xdf,0xf7,0xbf,0xf7,0xbf,0xef,
    0xbf,0xef,0xbf,0xef,0xbf,0xef,0xbf,0xef,0xbf,0xef,0xbf,0xef,0xbf,0xef,0xbf,0xef,
    0xbf,0xef,0xbf,0xef,0xbf,0xef,0xbf,0xef,0xbf,0xef,0xbf,0xef,0xbf,0xef,0xbf,0xef,
    0xbf,0xef,0xbf,0xef,0xbf,0xef,0xbf,0xef,0xbf,0xef,0xbf,0xef,0xbf,0xef,0xbf,0xef,
    0xbf,0xef,0xbf,0xef,0xdf,0xf7,0xdf,0xef,0x5f,0xd7,0x5f,0xd7,0x5f,0xdf,0x7f,0xdf,
    0x9f,0xe7,0x9f,0xe7,0x9f,0xe7,0xdf,0xf7,0x9f,0xe7,0x7f,0xe7,0xbf,0xf7,0xbf,0xf7,
    0x5f,0xdf,0xdf,0xf7,0xbf,0xef,0x9f,0xe7,0x9f,0xe7,0x9f,0xe7,0x7f,0xdf,0x5f,0xdf,
    0x3f,0xd7,0x1f,0xcf,0x1f,0xcf,0x5f,0xdf,0x7f,0xdf,0x7f,0xdf,0x7f,0xdf,0x7f,0xdf,
    0x7f,0xdf,0x7f,0xdf,0x7f,0xdf,0x7f,0xe7,0x7f,0xe7,0x7f,0xe7,0x9f,0xe7,0x9f,0xe7,
    0x9f,0xe7,0x9f,0xe7,0x9f,0xe7,0x9f,0xe7,0x9f,0xe7,0x7f,0xe7,0x7f,0xdf,0x7f,0xdf,
    0x7f,0xdf,0x7f,0xdf,0x7f,0xdf,0x7f,0xdf,0x7f,0xdf,0x7f,0xdf,0x7f,0xdf,0x3f,0xcf,
    0x1f,0xcf,0x3f,0xcf,0x5f,0xd7,0x5f,0xdf,0x7f,0xdf,0x9f,0xe7,0x9f,0xe7,0x9f,0xe7,
    0xdf,0xf7,0x9f,0xe7,0x7f,0xe7,0xbf,0xf7,0xbf,0xf7,0x5f,0xdf,0xdf,0xf7,0xbf,0xef,
    0x9f,0xe7,0x9f,0xe7,0x9f,0xe7,0x7f,0xe7,0x7f,0xdf,0x5f,0xdf,0x3f,0xd7,0x1f,0xcf,
    0xfe,0xc6,0xfe,0xc6,0xde,0xc6,0xfe,0xc6,0xfe,0xc6,0xfe,0xc6,0xfe,0xc6,0xfe,0xc6,
    0xfe,0xc6,0xfe,0xc6,0xfe,0xc6,0xfe,0xc6,0xfe,0xc6,0xfe,0xc6,0xfe,0xc6,0xfe,0xc6,
    0xfe,0xc6,0xfe,0xc6,0xfe,0xc6,0xde,0xc6,0xde,0xc6,0xde,0xc6,0xfe,0xc6,0xfe,0xc6,
    0xfe,0xc6,0xfe,0xc6,0xfe,0xc6,0xfe,0xc6,0xfe,0xc6,0x1f,0xcf,0x3f,0xcf,0x5f,0xd7,
    0x7f,0xdf,0x7f,0xe7,0x9f,0xe7,0x9f,0xe7,0x9f,0xe7,0xdf,0xf7,0x9f,0xe7,0x7f,0xe7,
    0xbf,0xf7,0xbf,0xf7,0x5f,0xdf,0xdf,0xf7,0xbf,0xef,0x9f,0xe7,0x9f,0xe7,0x9f,0xe7,
    0x9f,0xe7,0x7f,0xe7,0x7f,0xdf,0x5f,0xd7,0x3f,0xd7,0x1f,0xcf,0x1e,0xcf,0xfe,0xc6,
    0xfe,0xc6,0xfe,0xc6,0xfe,0xc6,0xfe,0xc6,0xfe,0xc6,0xfe,0xc6,0xfe,0xc6,0xfe,0xc6,
    0xfe,0xc6,0xfe,0xc6,0xfe,0xc6,0xfe,0xc6,0xfe,0xc6,0xfe,0xc6,0xfe,0xc6,0xfe,0xc6,
    0xfe,0xc6,0xfe,0xc6,0xfe,0xc6,0xfe,0xc6,0xfe,0xc6,0xfe,0xc6,0xfe,0xc6,0xfe,0xc6,
    0x1f,0xc7,0x1f,0xcf,0x3f,0xcf,0x5f,0xd7,0x5f,0xdf,0x7f,0xdf,0x7f,0xe7,0x9f,0xe7,
    0x9f,0xe7,0x9f,0xef,0xdf,0xf7,0x9f,0xe7,0x9f,0xe7,0xbf,0xf7,0xbf,0xf7,0x5f,0xdf,
    0xdf,0xf7,0xbf,0xef,0x9f,0xe7,0x9f,0xe7,0x9f,0xe7,0x9f,0xe7,0x9f,0xe7,0x7f,0xe7,
    0x7f,0xdf,0x5f,0xdf,0x5f,0xd7,0x3f,0xd7,0x3f,0xd7,0x3f,0xd7,0x3f,0xcf,0x3f,0xcf,
    0x3f,0xcf,0x1f,0xcf,0x1f,0xcf,0x1f,0xcf,0x1f,0xcf,0x1f,0xcf,0x1f,0xcf,0x1f,0xcf,
    0x1f,0xcf,0x1f,0xcf,0x1f,0xcf,0x1f,0xcf,0x3f,0xcf,0x3f,0xcf,0x3f,0xcf,0x1f,0xcf,
    0x1f,0xcf,0x3f,0xcf,0x3f,0xcf,0x3f,0xcf,0x3f,0xcf,0x3f,0xd7,0x3f,0xd7,0x5f,0xd7,
    0x5f,0xdf,0x7f,0xdf,0x7f,0xe7,0x9f,0xe7,0x9f,0xe7,0x9f,0xe7,0xbf,0xef,0xdf,0xf7,
    0x9f,0xe7,0x9f,0xe7,0xbf,0xf7,0xbf,0xf7,0x5f,0xd7,0xdf,0xf7,0xbf,0xf7,0x9f,0xe7,
    0x9f,0xe7,0x9f,0xe7,0x9f,0xe7,0x9f,0xe7,0x9f,0xe7,0x9f,0xe7,0x7f,0xe7,0x7f,0xdf,
    0x7f,0xdf,0x7f,0xdf,0x5f,0xdf,0x5f,0xdf,0x5f,0xdf,0x5f,0xdf,0x5f,0xdf,0x5f,0xd7,
    0x5f,0xd7,0x5f,0xd7,0x3f,0xd7,0x3f,0xd7,0x5f,0xd7,0x5f,0xd7,0x5f,0xd7,0x5f,0xd7,
    0x5f,0xd7,0x5f,0xd7,0x5f,0xd7,0x5f,0xd7,0x5f,0xd7,0x5f,0xd7,0x5f,0xd7,0x5f,0xd7,
    0x5f,0xd7,0x5f,0xd7,0x5f,0xdf,0x5f,0xdf,0x7f,0xdf,0x7f,0xdf,0x7f,0xdf,0x9f,0xe7,
    0x9f,0xe7,0x9f,0xe7,0x9f,0xe7,0xbf,0xef,0xdf,0xf7,0x9f,0xe7,0x9f,0xe7,0xbf,0xf7,
    0xbf,0xf7,0x5f,0xd7,0xdf,0xf7,0xbf,0xf7,0x9f,0xe7,0x9f,0xe7,0x9f,0xe7,0x9f,0xe7,
    0x9f,0xe7,0x9f,0xe7,0x9f,0xe7,0x9f,0xe7,0x9f,0xe7,0x9f,0xe7,0x9f,0xe7,0x7f,0xe7,
    0x7f,0xe7,0x7f,0xdf,0x7f,0xdf,0x7f,0xdf,0x7f,0xdf,0x7f,0xdf,0x7f,0xdf,0x7f,0xdf,
    0x7f,0xdf,0x7f,0xdf,0x7f,0xdf,0x7f,0xdf,0x7f,0xdf,0x7f,0xdf,0x7f,0xdf,0x7f,0xdf,
    0x7f,0xdf,0x7f,0xdf,0x7f,0xdf,0x7f,0xdf,0x7f,0xdf,0x7f,0xdf,0x7f,0xdf,0x7f,0xdf,
    0x7f,0xdf,0x7f,0xdf,0x7f,0xe7,0x9f,0xe7,0x9f,0xe7,0x7f,0xe7,0x9f,0xe7,0x9f,0xe7,
    0xbf,0xef,0xdf,0xf7,0x9f,0xe7,0x9f,0xe7,0xbf,0xf7,0xbf,0xf7,0x5f,0xd7,0xdf,0xf7,
    0xbf,0xf7,0x9f,0xe7,0x9f,0xe7,0x9f,0xe7,0x9f,0xe7,0x9f,0xe7,0x9f,0xe7,0x9f,0xe7,
    0x9f,0xe7,0x9f,0xe7,0x9f,0xe7,0x9f,0xe7,0x9f,0xe7,0x9f,0xe7,0x9f,0xe7,0x9f,0xe7,
    0x9f,0xe7,0x9f,0xe7,0x9f,0xe7,0x9f,0xe7,0x9f,0xe7,0x9f,0xe7,0x9f,0xe7,0x9f,0xe7,
    0x7f,0xe7,0x7f,0xdf,0x7f,0xdf,0x7f,0xdf,0x7f,0xdf,0x7f,0xdf,0x7f,0xdf,0x7f,0xdf,
    0x7f,0xdf,0x7f,0xdf,0x7f,0xdf,0x7f,0xe7,0x7f,0xe7,0x7f,0xe7,0x7f,0xe7,0x7f,0xe7,
    0x7f,0xe7,0x7f,0xe7,0x7f,0xe7,0x7f,0xe7,0x9f,0xe7,0x9f,0xe7,0xdf,0xf7,0x9f,0xe7,
    0x9f,0xe7,0xbf,0xf7,0xbf,0xf7,0x5f,0xdf,0xdf,0xf7,0xbf,0xf7,0x9f,0xe7,0x9f,0xe7,
    0x9f,0xe7,0x9f,0xe7,0x9f,0xe7,0x9f,0xe7,0x9f,0xe7,0x9f,0xe7,0x9f,0xe7,0x9f,0xe7,
    0x9f,0xe7,0x9f,0xe7,0x9f,0xe7,0x9f,0xe7,0x9f,0xe7,0x9f,0xe7,0x9f,0xe7,0x9f,0xe7,
    0x9f,0xe7,0x9f,0xe7,0x9f,0xe7,0x9f,0xe7,0x9f,0xe7,0x9f,0xe7,0x9f,0xe7,0x9f,0xe7,
    0x9f,0xe7,0x9f,0xe7,0x9f,0xe7,0x9f,0xe7,0x9f,0xdf,0x9f,0xdf,0x9f,0xe7,0x9f,0xe7,
    0x9f,0xe7,0x9f,0xe7,0x9f,0xe7,0x9f,0xe7,0x9f,0xe7,0x7f,0xe7,0x9f,0xe7,0x7f,0xe7,
    0x7f,0xe7,0x7f,0xe7,0x9f,0xe7,0xdf,0xf7,0x9f,0xe7,0x9f,0xe7,0xbf,0xf7,0xbf,0xf7,
    0x5f,0xd7,0xdf,0xf7,0xbf,0xf7,0x9f,0xe7,0x9f,0xe7,0x9f,0xe7,0x9f,0xe7,0x9f,0xe7,
    0x9f,0xe7,0x9f,0xe7,0x9f,0xe7,0x9f,0xe7,0x9f,0xe7,0x9f,0xe7,0x9f,0xe7,0xbf,0xe7,
    0xbf,0xe7,0xbf,0xe7,0xbf,0xe7,0xbf,0xe7,0xbf,0xe7,0xbf,0xe7,0xbf,0xe7,0xbf,0xe7,
    0xbf,0xe7,0xbf,0xe7,0xbf,0xe7,0xbf,0xe7,0xbf,0xe7,0xbf,0xe7,0xbf,0xdf,0xbf,0xdf,
    0x9f,0xdf,0x9f,0xdf,0x9f,0xdf,0x9f,0xe7,0x9f,0xe7,0x9f,0xe7,0x9f,0xe7,0x9f,0xe7,
    0x9f,0xe7,0x9f,0xe7,0x9f,0xe7,0x7f,0xe7,0x7f,0xe7,0x9f,0xe7,0x7f,0xe7,0x9f,0xe7,
    0xdf,0xf7,0x9f,0xe7,0x9f,0xe7,0xbf,0xf7,0xbf,0xf7,0x5f,0xd7,0xdf,0xf7,0xbf,0xf7,
    0x9f,0xe7,0x9f,0xe7,0x9f,0xe7,0x9f,0xe7,0x9f,0xe7,0x9f,0xe7,0x9f,0xe7,0xbf,0xe7,
    0xbf,0xe7,0xbf,0xe7,0xbf,0xe7,0xbf,0xe7,0xbf,0xe7,0xbf,0xe7,0xdf,0xe7,0xdf,0xe7,
    0xdf,0xe7,0xdf,0xe7,0xdf,0xe7,0xdf,0xe7,0xdf,0xe7,0xdf,0xe7,0xdf,0xe7,0xdf,0xe7,
    0xdf,0xe7,0xdf,0xe7,0xdf,0xe7,0xdf,0xe7,0xdf,0xe7,0xdf,0xdf,0xdf,0xe7,0xbf,0xe7,
    0xbf,0xe7,0xbf,0xdf,0xbf,0xdf,0xbf,0xdf,0xbf,0xe7,0x9f,0xdf,0x9f,0xdf,0x9f,0xe7,
    0x9f,0xe7,0x7f,0xe7,0x7f,0xe7,0x7f,0xe7,0x9f,0xe7,0xdf,0xf7,0x9f,0xe7,0x9f,0xe7,
    0xbf,0xf7,0xbf,0xf7,0x5f,0xd7,0xdf,0xf7,0xbf,0xf7,0x9f,0xe7,0x9f,0xe7,0x9f,0xe7,
    0x9f,0xe7,0x9f,0xe7,0x9f,0xe7,0xbf,0xe7,0xbf,0xe7,0xdf,0xe7,0xdf,0xe7,0xdf,0xe7,
    0xdf,0xe7,0xff,0xe7,0xff,0xe7,0xff,0xe7,0xff,0xe7,0xff,0xe7,0xff,0xe7,0xff,0xe7,
    0xff,0xe7,0xff,0xe7,0xff,0xe7,0xff,0xe7,0xff,0xe7,0xff,0xe7,0xff,0xe7,0xff,0xe7,
    0xff,0xe7,0xff,0xe7,0xff,0xe7,0xff,0xe7,0xff,0xe7,0xdf,0xe7,0xdf,0xe7,0xdf,0xe7,
    0xdf,0xdf,0xdf,0xe7,0xbf,0xe7,0xbf,0xe7,0x9f,0xe7,0x9f,0xe7,0x9f,0xe7,0x7f,0xe7,
    0x7f,0xe7,0x9f,0xe7,0xdf,0xf7,0x9f,0xe7,0x9f,0xe7,0xbf,0xf7,0xbf,0xf7,0x5f,0xd7,
    0xdf,0xf7,0xbf,0xf7,0x9f,0xe7,0x9f,0xe7,0x9f,0xe7,0x9f,0xe7,0xbf,0xe7,0xbf,0xe7,
    0xdf,0xe7,0xdf,0xe7,0xff,0xe7,0xff,0xe7,0xff,0xe7,0xff,0xe7,0xff,0xe7,0xff,0xe7,
    0xff,0xe7,0xff,0xe7,0xff,0xe7,0xff,0xe7,0xff,0xe7,0xff,0xe7,0xff,0xe7,0xff,0xe7,
    0xff,0xe7,0xff,0xe7,0xff,0xe7,0xff,0xe7,0xff,0xe7,0xff,0xe7,0xff,0xe7,0xff,0xe7,
    0xff,0xe7,0xff,0xe7,0xff,0xe7,0xff,0xe7,0xff,0xe7,0xff,0xe7,0xff,0xdf,0xdf,0xdf,
    0xdf,0xdf,0xbf,0xdf,0xbf,0xdf,0x9f,0xdf,0x9f,0xdf,0x9f,0xe7,0x9f,0xe7,0xdf,0xf7,
    0x9f,0xe7,0x9f,0xe7,0xbf,0xf7,0xbf,0xf7,0x5f,0xd7,0xdf,0xf7,0xbf,0xef,0x9f,0xe7,
    0x9f,0xe7,0x9f,0xe7,0xbf,0xe7,0xbf,0xe7,0xdf,0xe7,0xdf,0xe7,0xff,0xdf,0xff,0xe7,
    0xff,0xe7,0xff,0xe7,0xff,0xdf,0xff,0xdf,0xff,0xdf,0xff,0xdf,0xff,0xdf,0xff,0xdf,
    0xff,0xe7,0xff,0xdf,0xff,0xdf,0xff,0xdf,0xff,0xdf,0xff,0xdf,0xff,0xdf,0xff,0xdf,
    0xff,0xdf,0xff,0xdf,0xff,0xdf,0xff,0xdf,0xff,0xdf,0xff,0xdf,0xff,0xdf,0xff,0xdf,
    0xff,0xdf,0xff,0xdf,0xff,0xe7,0xff,0xdf,0xff,0xdf,0xff,0xe7,0xdf,0xdf,0xdf,0xe7,
    0xbf,0xdf,0x9f,0xdf,0x9f,0xe7,0x9f,0xe7,0xdf,0xf7,0x9f,0xe7,0x7f,0xe7,0xbf,0xf7,
    0xbf,0xf7,0x5f,0xd7,0xdf,0xf7,0xbf,0xef,0x9f,0xe7,0x9f,0xe7,0x9f,0xe7,0xbf,0xe7,
    0xdf,0xe7,0xff,0xdf,0xdf,0xdf,0xff,0xdf,0xfe,0xc7,0xfe,0xaf,0xfe,0xa7,0xfe,0x9f,
    0xfe,0x9f,0xfe,0x9f,0xfe,0xa7,0xfe,0xa7,0xfe,0xaf,0xfe,0xbf,0xff,0xc7,0xff,0xcf,
    0xff,0xd7,0xff,0xdf,0xff,0xd7,0xff,0xcf,0xfe,0xbf,0xfe,0xb7,0xfe,0xb7,0xfe,0xb7,
    0xfe,0xaf,0xfe,0xaf,0xfe,0xaf,0xfe,0xa7,0xfe,0xa7,0xfe,0xa7,0xfe,0xaf,0xfe,0xb7,
    0xff,0xd7,0xff,0xdf,0xff,0xdf,0xff,0xdf,0xdf,0xe7,0xdf,0xe7,0xbf,0xe7,0x9f,0xe7,
    0x9f,0xe7,0xdf,0xf7,0x9f,0xe7,0x7f,0xe7,0xbf,0xf7,0xbf,0xf7,0x5f,0xd7,0xdf,0xf7,
    0xbf,0xef,0x9f,0xe7,0x9f,0xe7,0xbf,0xe7,0xdf,0xe7,0xdf,0xdf,0xdf,0xd7,0xff,0xcf,
    0xff,0xcf,0xff,0xbf,0xfe,0xb7,0xfe,0xb7,0xfe,0xb7,0xff,0xb7,0xff,0xb7,0xff,0xb7,
    0xff,0xb7,0xff,0xb7,0xff,0xb7,0xff,0xb7,0xff,0xb7,0xfe,0xb7,0xff,0xb7,0xff,0xb7,
    0xff,0xb7,0xff,0xb7,0xff,0xb7,0xff,0xb7,0xff,0xb7,0xff,0xb7,0xff,0xb7,0xff,0xb7,
    0xff,0xb7,0xfe,0xb7,0xff,0xb7,0xff,0xb7,0xff,0xb7,0xff,0xc7,0xff,0xcf,0xdf,0xcf,
    0xff,0xdf,0xff,0xdf,0xdf,0xe7,0xbf,0xe7,0xbf,0xe7,0xbf,0xe7,0xdf,0xf7,0x7f,0xe7,
    0x7f,0xdf,0xbf,0xf7,0xbf,0xf7,0x5f,0xd7,0xdf,0xf7,0xbf,0xef,0xbf,0xe7,0xbf,0xe7,
    0xdf,0xe7,0xdf,0xdf,0xdf,0xd7,0xff,0xcf,0xff,0xd7,0xfe,0xb7,0xfe,0xaf,0xfd,0xaf,
    0xdd,0xaf,0xdd,0xaf,0xdd,0xaf,0xdd,0xaf,0xdd,0xaf,0xfd,0xaf,0xfd,0xaf,0xfd,0xaf,
    0xfd,0xaf,0xfd,0xaf,0xfd,0xaf,0xfd,0xaf,0xdd,0xaf,0xdd,0xaf,0xdd,0xaf,0xfd,0xaf,
    0xfd,0xaf,0xfd,0xaf,0xfd,0xaf,0xfd,0xaf,0xfd,0xaf,0xfd,0xaf,0xdd,0xaf,0xdd,0xaf,
    0xdd,0xaf,0xfd,0xaf,0xfe,0xb7,0xff,0xbf,0xff,0xd7,0xff,0xd7,0xff,0xdf,0xff,0xe7,
    0xdf,0xe7,0xbf,0xe7,0xbf,0xe7,0xdf,0xf7,0x9f,0xe7,0x7f,0xdf,0xbf,0xf7,0xbf,0xf7,
    0x7f,0xdf,0xdf,0xf7,0xbf,0xef,0xbf,0xe7,0xdf,0xe7,0xdf,0xe7,0xdf,0xdf,0xff,0xcf,
    0xff,0xd7,0xfe,0xb7,0xfd,0xaf,0xdd,0xaf,0xbc,0xa7,0xbc,0xa7,0xbc,0xa7,0xbc,0xa7,
    0xbc,0xaf,0xbc,0xaf,0xbc,0xaf,0xdc,0xaf,0xdc,0xaf,0xdc,0xaf,0xbc,0xaf,0xbc,0xaf,
    0xbc,0xaf,0xbc,0xaf,0xbc,0xaf,0xbc,0xaf,0xbc,0xaf,0xbc,0xaf,0xbc,0xaf,0xdc,0xaf,
    0xbc,0xa7,0xbc,0xa7,0xbc,0xa7,0xbc,0xa7,0xbc,0xa7,0xbc,0xa7,0xbc,0xa7,0xdd,0xaf,
    0xfd,0xaf,0xfe,0xb7,0xff,0xd7,0xff,0xcf,0xff,0xe7,0xdf,0xe7,0xdf,0xe7,0xbf,0xe7,
    0xff,0xf7,0x9f,0xe7,0x7f,0xe7,0xbf,0xf7,0xbf,0xf7,0x5f,0xd7,0xdf,0xf7,0xdf,0xef,
    0xbf,0xe7,0xdf,0xe7,0xdf,0xdf,0xdf,0xcf,0xff,0xd7,0xfe,0xb7,0xdd,0xaf,0xdd,0xaf,
    0xbc,0xa7,0x9c,0xa7,0x9c,0xa7,0x9c,0xa7,0x9c,0xa7,0x9c,0xa7,0x9c,0xaf,0x9c,0xaf,
    0x9c,0xaf,0x9c,0xaf,0x9c,0xaf,0x9c,0xaf,0x9c,0xaf,0x9c,0xaf,0x9c,0xaf,0x9c,0xaf,
    0x9c,0xaf,0x9c,0xaf,0x9c,0xaf,0x9c,0xa7,0x9c,0xa7,0x9c,0xa7,0x9c,0xa7,0x9c,0xa7,
    0x9c,0xa7,0x9c,0xa7,0x9c,0xa7,0x9c,0xa7,0xbc,0xa7,0xdd,0xa7,0xdd,0xaf,0xfe,0xb7,
    0xff,0xc7,0xff,0xdf,0xdf,0xe7,0xdf,0xe7,0xbf,0xe7,0xff,0xf7,0x9f,0xe7,0x9f,0xe7,
    0xbf,0xf7,0xbf,0xf7,0x5f,0xd7,0xdf,0xf7,0xdf,0xef,0xdf,0xe7,0xdf,0xe7,0xdf,0xdf,
    0xfe,0xbf,0xff,0xcf,0xfe,0xaf,0xdd,0xaf,0xbc,0xa7,0x9c,0xa7,0x9c,0xa7,0x7c,0xa7,
    0x7c,0xa7,0x7c,0xa7,0x9c,0xa7,0x9c,0xaf,0x9c,0xaf,0x9c,0xaf,0x9c,0xaf,0x9c,0xaf,
    0x9c,0xaf,0x9c,0xaf,0x9c,0xaf,0x9c,0xaf,0x9c,0xaf,0x9c,0xaf,0x9c,0xaf,0x9c,0xaf,
    0x9c,0xa7,0x9c,0xa7,0x9c,0xa7,0x9c,0xa7,0x9c,0xa7,0x9c,0xa7,0x9c,0xa7,0x7c,0xa7,
    0x9c,0xa7,0x9c,0xa7,0xbc,0xa7,0xdd,0xa7,0xfe,0xaf,0xfe,0xb7,0xff,0xd7,0xdf,0xdf,
    0xdf,0xe7,0xdf,0xe7,0xff,0xf7,0x9f,0xe7,0x9f,0xe7,0xbf,0xf7,0xbf,0xf7,0x5f,0xd7,
    0xdf,0xf7,0xdf,0xef,0xdf,0xe7,0xdf,0xe7,0xdf,0xdf,0xff,0xc7,0xff,0xbf,0xdd,0xaf,
    0xbc,0xaf,0x9c,0xa7,0x9c,0xa7,0x7c,0xa7,0x7c,0xa7,0x7c,0xa7,0x7c,0xaf,0x7c,0xaf,
    0x7c,0xaf,0x9c,0xaf,0x9c,0xaf,0x9c,0xaf,0x9c,0xaf,0x9c,0xaf,0x9c,0xaf,0x9c,0xaf,
    0x9c,0xaf,0x9c,0xaf,0x9c,0xaf,0x9c,0xaf,0x9c,0xaf,0x9c,0xaf,0x7c,0xa7,0x7c,0xa7,
    0x7c,0xa7,0x7c,0xa7,0x7c,0xa7,0x7c,0xa7,0x7c,0xa7,0x7c,0xa7,0x9c,0xa7,0x9c,0xa7,
    0xbc,0xa7,0xfd,0xaf,0xfe,0xaf,0xdf,0xcf,0xdf,0xdf,0xdf,0xe7,0xdf,0xe7,0xff,0xf7,
    0x9f,0xe7,0x9f,0xe7,0xbf,0xf7,0xbf,0xf7,0x7f,0xdf,0xdf,0xf7,0xdf,0xef,0xbf,0xe7,
    0xdf,0xdf,0xdf,0xd7,0xdf,0xc7,0xfe,0xb7,0xdd,0xaf,0x9c,0xa7,0x7c,0xa7,0x7c,0xa7,
    0x7c,0xa7,0x7c,0xa7,0x7c,0xaf,0x7c,0xaf,0x9c,0xaf,0x7c,0xaf,0x9c,0xaf,0x9c,0xaf,
    0x9c,0xaf,0x9c,0xaf,0x9c,0xaf,0x9c,0xaf,0x9c,0xaf,0x9c,0xaf,0x9c,0xaf,0x9c,0xaf,
    0x9c,0xaf,0x9c,0xaf,0x9c,0xaf,0x7c,0xaf,0x7c,0xaf,0x7c,0xa7,0x7c,0xa7,0x7c,0xa7,
    0x7c,0xa7,0x7c,0xa7,0x7c,0xa7,0x7c,0xa7,0x9c,0xa7,0xbc,0xa7,0xdd,0xaf,0xfe,0xaf,
    0xde,0xc7,0xdf,0xdf,0xdf,0xdf,0xdf,0xe7,0xff,0xf7,0x9f,0xe7,0x9f,0xe7,0xbf,0xf7,
    0xbf,0xf7,0x7f,0xdf,0xdf,0xf7,0xdf,0xef,0xbf,0xe7,0xdf,0xdf,0xdf,0xd7,0xdf,0xbf,
    0xfe,0xb7,0xdd,0xaf,0x9c,0xa7,0x7c,0xa7,0x7c,0xa7,0x7c,0xaf,0x7c,0xaf,0x7c,0xaf,
    0x7c,0xaf,0x9c,0xaf,0x9c,0xaf,0x9c,0xaf,0x9c,0xaf,0x9c,0xaf,0x9c,0xaf,0x9c,0xaf,
    0x9c,0xaf,0x9c,0xaf,0x9c,0xb7,0x9c,0xb7,0x9c,0xb7,0x9c,0xaf,0x9c,0xaf,0x9c,0xaf,
    0x9c,0xaf,0x7c,0xaf,0x7c,0xaf,0x7c,0xa7,0x7c,0xa7,0x7c,0xa7,0x7c,0xa7,0x7c,0xa7,
    0x7c,0xa7,0x7c,0xa7,0xbc,0xa7,0xdd,0xaf,0xfe,0xaf,0xde,0xc7,0xdf,0xd7,0xdf,0xdf,
    0xdf,0xe7,0xff,0xf7,0xbf,0xe7,0x9f,0xe7,0xbf,0xf7,0xbf,0xf7,0x5f,0xd7,0xdf,0xf7,
    0xdf,0xef,0xdf,0xe7,0xdf,0xdf,0xdf,0xcf,0xde,0xbf,0xfe,0xbf,0xdd,0xaf,0x9c,0xa7,
    0x7c,0xa7,0x7c,0xa7,0x7c,0xaf,0x7c,0xaf,0x7c,0xaf,0x9c,0xaf,0x9c,0xaf,0x9c,0xaf,
    0x9c,0xaf,0x9c,0xaf,0x9c,0xaf,0x9c,0xaf,0x9c,0xaf,0x9c,0xaf,0x9c,0xaf,0x9c,0xb7,
    0x9c,0xb7,0x9c,0xb7,0x9c,0xb7,0x9c,0xaf,0x9c,0xaf,0x9c,0xaf,0x9c,0xaf,0x7c,0xaf,
    0x7c,0xaf,0x7c,0xa7,0x7c,0xaf,0x7c,0xa7,0x7c,0xa7,0x7c,0xa7,0x9c,0xa7,0xbc,0xa7,
    0xdd,0xaf,0xfe,0xaf,0xde,0xc7,0xdf,0xd7,0xdf,0xdf,0xdf,0xe7,0xff,0xf7,0xbf,0xe7,
    0x9f,0xe7,0xbf,0xf7,0xbf,0xf7,0x5f,0xd7,0xdf,0xf7,0xdf,0xef,0xbf,0xdf,0xdf,0xd7,
    0xdf,0xcf,0xde,0xbf,0xfe,0xbf,0xdd,0xaf,0x9c,0xaf,0x7c,0xa7,0x7c,0xaf,0x7c,0xaf,
    0x7c,0xaf,0x7c,0xaf,0x9c,0xaf,0x9c,0xaf,0x9c,0xaf,0x9c,0xb7,0x9c,0xb7,0x9c,0xaf,
    0x9c,0xaf,0x9c,0xaf,0x9c,0xaf,0x9c,0xb7,0x9c,0xb7,0x9c,0xb7,0x9c,0xb7,0x9c,0xb7,
    0x9c,0xb7,0x9c,0xaf,0x9c,0xaf,0x9c,0xaf,0x9c,0xaf,0x7c,0xaf,0x7c,0xaf,0x7c,0xaf,
    0x7c,0xa7,0x7c,0xa7,0x7c,0xa7,0x9c,0xa7,0xbc,0xa7,0xdd,0xaf,0xfe,0xb7,0xde,0xbf,
    0xdf,0xd7,0xdf,0xdf,0xbf,0xe7,0xff,0xf7,0xbf,0xe7,0x9f,0xe7,0xbf,0xf7,0xbf,0xf7,
    0x5f,0xd7,0xdf,0xf7,0xdf,0xef,0xbf,0xdf,0xde,0xd7,0xde,0xcf,0xde,0xbf,0xff,0xbf,
    0xdd,0xaf,0x9c,0xaf,0x7c,0xa7,0x7c,0xaf,0x7c,0xaf,0x7c,0xaf,0x9c,0xaf,0x9c,0xaf,
    0x9c,0xaf,0x9c,0xaf,0x9c,0xb7,0x9c,0xb7,0x9c,0xaf,0x9c,0xaf,0x3a,0xa7,0xee,0x5b,
    0xad,0x53,0xad,0x53,0x8d,0x53,0xb5,0x85,0x9c,0xb7,0x9c,0xaf,0x9c,0xaf,0x9c,0xaf,
    0x9c,0xaf,0x9c,0xaf,0x7c,0xaf,0x7c,0xaf,0x7c,0xaf,0x7c,0xa7,0x7c,0xa7,0x7c,0xa7,
    0x9c,0xa7,0xbc,0xa7,0xdd,0xaf,0xff,0xb7,0xbe,0xbf,0xde,0xcf,0xbf,0xdf,0xbf,0xe7,
    0xff,0xf7,0xbf,0xe7,0x9f,0xe7,0xbf,0xf7,0xbf,0xf7,0x5f,0xdf,0xdf,0xef,0xdf,0xe7,
    0xbf,0xdf,0xbe,0xd7,0xbe,0xc7,0xde,0xbf,0xff,0xbf,0xdd,0xaf,0x9c,0xaf,0x9c,0xaf,
    0x7c,0xaf,0x7c,0xaf,0x7c,0xaf,0x9c,0xaf,0x9c,0xaf,0x9c,0xaf,0x9c,0xaf,0x9c,0xb7,
    0x9c,0xb7,0x9c,0xaf,0x9c,0xaf,0x70,0x6c,0x41,0x00,0x04,0x19,0x24,0x19,0xe3,0x10,
    0x81,0x08,0x7b,0xaf,0x9c,0xaf,0x9c,0xaf,0x9c,0xaf,0x9c,0xaf,0x9c,0xaf,0x9c,0xaf,
    0x9c,0xaf,0x7c,0xaf,0x7c,0xa7,0x7c,0xa7,0x7c,0xa7,0x9c,0xa7,0xbc,0xa7,0xfd,0xaf,
    0xff,0xb7,0xbe,0xbf,0xbe,0xcf,0xbe,0xd7,0xbf,0xe7,0xff,0xf7,0xbf,0xe7,0x9f,0xe7,
    0xbf,0xf7,0xbf,0xf7,0x5f,0xd7,0xdf,0xef,0xdf,0xe7,0xbf,0xdf,0xbe,0xd7,0xbe,0xc7,
    0xde,0xbf,0xff,0xbf,0xdd,0xaf,0x9c,0xaf,0x9c,0xaf,0x7c,0xaf,0x7c,0xaf,0x7c,0xaf,
    0x9c,0xaf,0x9c,0xaf,0x9c,0xaf,0x9c,0xaf,0x94,0x85,0x8d,0x53,0x3b,0xa7,0x9b,0xaf,
    0x6c,0x53,0x85,0x21,0x7b,0xa7,0x7b,0xa7,0xf6,0x85,0x00,0x00,0xb9,0x9e,0x9c,0xaf,
    0x78,0x96,0x4c,0x4b,0x98,0x96,0x9c,0xaf,0x9c,0xaf,0x9c,0xaf,0x9c,0xaf,0x7c,0xaf,
    0x7c,0xa7,0x7c,0xa7,0x7c,0xa7,0xbc,0xa7,0xfd,0xaf,0xff,0xbf,0x9d,0xbf,0xbe,0xcf,
    0xbe,0xd7,0xbf,0xe7,0xdf,0xf7,0xbf,0xe7,0x9f,0xe7,0xbf,0xf7,0xbf,0xf7,0x5f,0xdf,
    0xdf,0xef,0xdf,0xe7,0xbe,0xdf,0xbe,0xcf,0xbe,0xc7,0xde,0xbf,0xff,0xc7,0xdd,0xaf,
    0x9c,0xaf,0x9c,0xaf,0x7c,0xaf,0x7c,0xaf,0x7c,0xaf,0x9c,0xaf,0x9c,0xaf,0x9c,0xaf,
    0x94,0x85,0x61,0x08,0x41,0x00,0xa6,0x21,0x91,0x6c,0x44,0x19,0x86,0x21,0x9b,0xaf,
    0x9c,0xaf,0x16,0x8e,0x00,0x00,0xa9,0x3a,0x0f,0x5c,0x61,0x08,0x20,0x00,0x03,0x11,
    0x98,0x96,0x9c,0xaf,0x9c,0xaf,0x7c,0xaf,0x7c,0xaf,0x7c,0xa7,0x7c,0xa7,0x7c,0xa7,
    0xbc,0xa7,0xfe,0xaf,0xff,0xbf,0x9d,0xbf,0xbe,0xcf,0xbe,0xd7,0xbf,0xdf,0xdf,0xf7,
    0xbf,0xe7,0x9f,0xe7,0xbf,0xf7,0xbf,0xf7,0x7f,0xdf,0xdf,0xef,0xdf,0xe7,0xbe,0xdf,
    0xbe,0xcf,0xbe,0xc7,0xde,0xbf,0xff,0xbf,0xdd,0xaf,0x9c,0xaf,0x9c,0xaf,0x7c,0xaf,
    0x7c,0xaf,0x9c,0xaf,0x9c,0xaf,0x9c,0xaf,0xd5,0x85,0x61,0x08,0xaa,0x3a,0x98,0x96,
    0x44,0x19,0x41,0x08,0x89,0x3a,0x74,0x7d,0x9c,0xaf,0x9c,0xaf,0x3a,0xa7,0x0f,0x5c,
    0x45,0x19,0x20,0x00,0xa9,0x3a,0x16,0x86,0xe3,0x10,0x24,0x19,0xd9,0x9e,0x9c,0xaf,
    0x7c,0xaf,0x7c,0xaf,0x7c,0xaf,0x7c,0xa7,0x9c,0xa7,0xbc,0xa7,0xde,0xaf,0xff,0xbf,
    0x9d,0xbf,0xbe,0xcf,0xbe,0xd7,0xbf,0xdf,0xdf,0xf7,0xbf,0xe7,0x9f,0xe7,0xbf,0xf7,
    0xbf,0xf7,0x7f,0xdf,0xdf,0xef,0xdf,0xe7,0xbe,0xd7,0xbe,0xcf,0x9d,0xc7,0xde,0xbf,
    0xff,0xbf,0xdd,0xaf,0x9c,0xaf,0x9c,0xaf,0x9c,0xaf,0x7c,0xaf,0x9c,0xaf,0x9c,0xaf,
    0xb8,0x9e,0x82,0x08,0x68,0x32,0x7b,0xaf,0x9c,0xaf,0x1a,0xa7,0x98,0x9e,0x9b,0xaf,
    0x9c,0xb7,0x9c,0xb7,0x9c,0xb7,0x9c,0xaf,0x9c,0xb7,0x9b,0xaf,0x57,0x96,0x9c,0xaf,
    0x9b,0xaf,0x57,0x8e,0xe3,0x10,0x85,0x21,0x7b,0xaf,0x7c,0xaf,0x7c,0xaf,0x7c,0xaf,
    0x7c,0xa7,0x9c,0xa7,0xbc,0xa7,0xdd,0xaf,0xff,0xbf,0x9d,0xbf,0xbe,0xcf,0xbe,0xd7,
    0xbf,0xdf,0xdf,0xf7,0xbf,0xe7,0x9f,0xef,0xbf,0xf7,0xbf,0xef,0x7f,0xdf,0xdf,0xef,
    0xdf,0xe7,0xbe,0xd7,0xbe,0xcf,0x9d,0xbf,0xde,0xbf,0xff,0xbf,0xdd,0xaf,0x9c,0xaf,
    0x9c,0xaf,0x9c,0xaf,0x7c,0xaf,0x7c,0xaf,0x9c,0xaf,0xf9,0x9e,0xa2,0x08,0x2b,0x43,
    0x9c,0xaf,0x9c,0xb7,0x9c,0xb7,0x9c,0xb7,0x9c,0xb7,0x9c,0xb7,0x9c,0xb7,0x9c,0xb7,
    0x9c,0xb7,0x9c,0xb7,0x9c,0xaf,0x9c,0xaf,0x9c,0xaf,0x9c,0xaf,0x1a,0x9f,0x44,0x19,
    0x07,0x2a,0x9b,0xaf,0x7c,0xaf,0x7c,0xaf,0x7c,0xaf,0x7c,0xa7,0x9c,0xa7,0xbc,0xa7,
    0xdd,0xaf,0xff,0xbf,0x9d,0xbf,0xbe,0xcf,0xbe,0xd7,0xbf,0xdf,0xdf,0xf7,0xbf,0xe7,
    0x9f,0xef,0xbf,0xf7,0xbf,0xef,0x7f,0xdf,0xdf,0xef,0xdf,0xe7,0xbe,0xd7,0xbe,0xcf,
    0x9d,0xbf,0xde,0xbf,0xff,0xbf,0xdd,0xaf,0x9c,0xaf,0x7c,0xaf,0x9c,0xaf,0x7c,0xaf,
    0x7c,0xaf,0x9c,0xaf,0x9c,0xaf,0x94,0x7d,0x20,0x00,0x70,0x6c,0x9c,0xb7,0x9c,0xb7,
    0x9c,0xb7,0x9c,0xaf,0x9c,0xb7,0x78,0x96,0x16,0x8e,0x3a,0xa7,0x9c,0xb7,0x9c,0xb7,
    0x9c,0xaf,0x9c,0xaf,0x9c,0xaf,0x28,0x32,0xe3,0x10,0xd9,0x9e,0x9b,0xaf,0x7c,0xaf,
    0x7c,0xaf,0x7c,0xaf,0x7c,0xa7,0x9c,0xa7,0xbc,0xa7,0xdd,0xaf,0xff,0xbf,0x9d,0xbf,
    0xbe,0xcf,0xbe,0xd7,0xbf,0xdf,0xdf,0xf7,0xbf,0xe7,0x9f,0xef,0xbf,0xf7,0xbf,0xf7,
    0x7f,0xdf,0xdf,0xef,0xdf,0xe7,0xbe,0xd7,0xbe,0xcf,0x9d,0xbf,0xde,0xbf,0xff,0xbf,
    0xdd,0xaf,0x9c,0xaf,0x9c,0xaf,0x7c,0xaf,0x7c,0xaf,0x7b,0xaf,0x9c,0xaf,0x9c,0xaf,
    0xd9,0x9e,0x20,0x00,0xb1,0x6c,0x9c,0xb7,0x9c,0xb7,0x9c,0xb7,0xd5,0x85,0x65,0x21,
    0x20,0x00,0x20,0x00,0x82,0x08,0x8d,0x53,0x7b,0xaf,0x9c,0xaf,0x9c,0xaf,0x9c,0xaf,
    0x27,0x32,0x07,0x2a,0x7b,0xaf,0x7c,0xaf,0x7b,0xaf,0x7c,0xaf,0x7c,0xaf,0x7c,0xa7,
    0x9c,0xa7,0xbc,0xa7,0xdd,0xaf,0xff,0xbf,0x9d,0xbf,0xbe,0xcf,0xbe,0xd7,0xbf,0xdf,
    0xdf,0xf7,0xbf,0xe7,0x9f,0xef,0xbf,0xf7,0xbf,0xf7,0x7f,0xdf,0xdf,0xef,0xdf,0xe7,
    0xbe,0xd7,0xbe,0xcf,0x9d,0xbf,0xde,0xbf,0xff,0xbf,0xdd,0xaf,0x9c,0xaf,0x9c,0xaf,
    0x7c,0xaf,0x7b,0xaf,0x7b,0xaf,0x12,0x75,0x0b,0x43,0xa6,0x21,0x81,0x08,0x5b,0xaf,
    0x9c,0xb7,0x9c,0xb7,0x16,0x8e,0x61,0x08,0x69,0x3a,0xf6,0x85,0x77,0x96,0x4f,0x64,
    0x81,0x08,0xaa,0x3a,0x9c,0xaf,0x9c,0xaf,0x9c,0xaf,0x53,0x75,0x20,0x00,0xa9,0x3a,
    0x4c,0x4b,0x77,0x8e,0x7c,0xaf,0x7c,0xaf,0x7c,0xa7,0x9c,0xa7,0xbc,0xa7,0xdd,0xaf,
    0xff,0xbf,0x9d,0xb7,0xbe,0xcf,0xbe,0xd7,0xbf,0xdf,0xdf,0xf7,0xbf,0xe7,0x9f,0xef,
    0xbf,0xf7,0xbf,0xf7,0x7f,0xdf,0xdf,0xef,0xbf,0xe7,0xbe,0xd7,0xbe,0xcf,0x9d,0xbf,
    0xde,0xbf,0xff,0xbf,0xdd,0xaf,0x9c,0xaf,0x9c,0xaf,0x7c,0xaf,0x9c,0xaf,0x5b,0xa7,
    0x41,0x00,0x45,0x19,0x48,0x32,0xd1,0x6c,0x9c,0xb7,0x9c,0xb7,0x9c,0xaf,0xe7,0x29,
    0x07,0x2a,0x7b,0xaf,0x9c,0xaf,0x9b,0xaf,0x9c,0xaf,0x73,0x75,0x00,0x00,0xb5,0x85,
    0x9c,0xaf,0x9c,0xaf,0x5b,0xa7,0xca,0x3a,0x28,0x2a,0x81,0x08,0xaa,0x3a,0x9c,0xaf,
    0x9c,0xaf,0x7c,0xa7,0x9c,0xa7,0xbc,0xa7,0xdd,0xaf,0xff,0xbf,0x9d,0xb7,0xbe,0xcf,
    0x9e,0xd7,0xbf,0xdf,0xdf,0xf7,0xbf,0xe7,0x9f,0xef,0xbf,0xf7,0xbf,0xf7,0x7f,0xdf,
    0xdf,0xef,0xbf,0xdf,0xbe,0xd7,0x9e,0xcf,0x9d,0xbf,0xbe,0xbf,0xfe,0xbf,0xdd,0xaf,
    0x9c,0xaf,0x9c,0xaf,0x7c,0xaf,0x9c,0xaf,0x5b,0xa7,0x20,0x00,0xb1,0x64,0x9b,0xaf,
    0x9c,0xaf,0x9c,0xaf,0x9c,0xaf,0x7b,0xaf,0x40,0x00,0xf2,0x74,0x9c,0xaf,0x9c,0xaf,
    0x9c,0xaf,0x9c,0xaf,0x9c,0xaf,0x44,0x19,0xad,0x53,0x9c,0xaf,0x9c,0xaf,0x9c,0xaf,
    0x9c,0xaf,0x9b,0xa7,0xc6,0x21,0x89,0x3a,0x9c,0xaf,0x9c,0xaf,0x9c,0xaf,0x9c,0xa7,
    0xbc,0xa7,0xdd,0xaf,0xff,0xbf,0x9d,0xb7,0xbe,0xcf,0x9e,0xd7,0x9f,0xdf,0xdf,0xf7,
    0xbf,0xe7,0x9f,0xe7,0xbf,0xf7,0xbf,0xf7,0x7f,0xdf,0xdf,0xef,0xbf,0xdf,0xbe,0xd7,
    0x9e,0xcf,0x9d,0xbf,0xbe,0xbf,0xfe,0xbf,0xdd,0xaf,0x9c,0xaf,0x9c,0xaf,0x7c,0xaf,
    0x9c,0xaf,0x5b,0xa7,0x20,0x00,0xd1,0x64,0x9b,0xaf,0x9c,0xaf,0x9c,0xaf,0x9c,0xaf,
    0x5b,0xaf,0x00,0x00,0x53,0x7d,0x9b,0xaf,0x9c,0xaf,0x9c,0xaf,0x9c,0xaf,0x9c,0xaf,
    0xe7,0x29,0xea,0x42,0x9c,0xaf,0x9c,0xaf,0x9c,0xaf,0x9c,0xaf,0x9c,0xaf,0xc6,0x21,
    0xa9,0x3a,0x9c,0xaf,0x9c,0xaf,0x9c,0xaf,0x9c,0xa7,0xbc,0xa7,0xdd,0xaf,0xff,0xbf,
    0x9d,0xb7,0x9e,0xcf,0x9e,0xd7,0x9e,0xdf,0xdf,0xf7,0x9f,0xe7,0x9f,0xe7,0xbf,0xf7,
    0xbf,0xef,0x7f,0xdf,0xdf,0xef,0xbe,0xdf,0xbe,0xd7,0x9e,0xc7,0x9d,0xbf,0xbe,0xbf,
    0xfe,0xbf,0xdd,0xaf,0x9c,0xaf,0x9c,0xaf,0x7c,0xaf,0x9c,0xaf,0x5b,0xa7,0x20,0x00,
    0x70,0x64,0xf9,0x9e,0x7b,0xaf,0x9c,0xaf,0x9c,0xaf,0x9c,0xaf,0x65,0x21,0xeb,0x42,
    0x9b,0xaf,0x9b,0xaf,0x9b,0xaf,0x9b,0xaf,0xd9,0x9e,0x41,0x00,0x50,0x64,0x9c,0xaf,
    0x9c,0xaf,0x9c,0xaf,0x7b,0xaf,0xb8,0x9e,0x85,0x21,0xa9,0x3a,0x9c,0xaf,0x7c,0xaf,
    0x7c,0xa7,0x9c,0xa7,0xbc,0xa7,0xdd,0xaf,0xff,0xbf,0x9d,0xb7,0x9e,0xcf,0x9e,0xd7,
    0xbf,0xdf,0xdf,0xf7,0x9f,0xe7,0x9f,0xe7,0xbf,0xf7,0xbf,0xef,0x7f,0xd7,0xdf,0xef,
    0xbe,0xdf,0xbe,0xd7,0x9e,0xc7,0x9d,0xbf,0xde,0xbf,0xfe,0xbf,0xdd,0xaf,0x9c,0xaf,
    0x7c,0xaf,0x9c,0xaf,0x9c,0xaf,0x7b,0xaf,0x24,0x19,0x20,0x00,0x20,0x00,0xa6,0x21,
    0x9c,0xaf,0x9c,0xaf,0x9c,0xaf,0x91,0x64,0x20,0x00,0x70,0x64,0x7b,0xa7,0x9b,0xaf,
    0xb8,0x96,0xc6,0x29,0xc2,0x10,0xd9,0x9e,0x9c,0xb7,0x9c,0xaf,0x57,0x8e,0x41,0x00,
    0x20,0x00,0x00,0x00,0x8d,0x53,0x9c,0xaf,0x7c,0xaf,0x7c,0xa7,0x9c,0xa7,0xbc,0xa7,
    0xdd,0xaf,0xff,0xbf,0x9d,0xbf,0x9e,0xcf,0x9e,0xd7,0xbf,0xdf,0xdf,0xf7,0x9f,0xe7,
    0x9f,0xe7,0xbf,0xf7,0xbf,0xef,0x7f,0xdf,0xdf,0xef,0xbf,0xdf,0xbe,0xd7,0xbe,0xc7,
    0x9d,0xb7,0xde,0xbf,0xfe,0xbf,0xdd,0xaf,0xbc,0xaf,0x9c,0xaf,0x7c,0xaf,0x7c,0xaf,
    0x9c,0xaf,0x1a,0x9f,0xd5,0x85,0x4f,0x64,0x00,0x00,0xb8,0x96,0x9c,0xaf,0x9c,0xaf,
    0x9b,0xaf,0x8d,0x53,0x41,0x00,0xc3,0x10,0x44,0x19,0x41,0x08,0xc2,0x10,0xf6,0x8d,
    0x9c,0xaf,0x9c,0xb7,0x9c,0xaf,0xcd,0x53,0xc2,0x10,0x94,0x7d,0x36,0x8e,0x7b,0xa7,
    0x7c,0xaf,0x7c,0xaf,0x7c,0xa7,0x9c,0xa7,0xbc,0xa7,0xdd,0xaf,0xff,0xbf,0x9d,0xb7,
    0x9e,0xc7,0xbe,0xd7,0xbe,0xdf,0xdf,0xef,0x9f,0xe7,0x9f,0xe7,0xbf,0xf7,0xbf,0xef,
    0x7f,0xdf,0xdf,0xef,0xbf,0xdf,0xbe,0xd7,0xbe,0xc7,0x9d,0xb7,0xde,0xbf,0xff,0xbf,
    0xdd,0xaf,0xbc,0xaf,0x9c,0xaf,0x7c,0xaf,0x7c,0xaf,0x9c,0xaf,0x9c,0xaf,0x9c,0xaf,
    0x5b,0xa7,0x61,0x08,0x8d,0x53,0x9c,0xaf,0x9c,0xaf,0x9c,0xaf,0x9b,0xaf,0x57,0x96,
    0xee,0x5b,0x8d,0x53,0x91,0x6c,0x1a,0xa7,0x9c,0xb7,0x9c,0xb7,0x9c,0xb7,0x9c,0xaf,
    0x03,0x11,0x69,0x3a,0x7b,0xaf,0x7c,0xaf,0x7c,0xaf,0x7c,0xaf,0x7c,0xaf,0x7c,0xa7,
    0x9c,0xa7,0xbc,0xa7,0xdd,0xaf,0xff,0xbf,0x9d,0xb7,0x9e,0xc7,0xbe,0xcf,0xbe,0xdf,
    0xdf,0xef,0x9f,0xe7,0x9f,0xe7,0xbf,0xf7,0xbf,0xef,0x5f,0xd7,0xdf,0xef,0xbe,0xdf,
    0xbe,0xd7,0xbe,0xc7,0x9d,0xbf,0xbe,0xbf,0xff,0xbf,0xdd,0xaf,0x9c,0xaf,0x7c,0xaf,
    0x7c,0xaf,0x7c,0xaf,0x9c,0xaf,0x7c,0xaf,0x9c,0xaf,0xce,0x53,0x61,0x08,0xf6,0x85,
    0x9c,0xaf,0x9c,0xaf,0x9c,0xaf,0x9c,0xaf,0x9c,0xb7,0x9c,0xaf,0x9c,0xaf,0x9c,0xb7,
    0x9c,0xaf,0x9c,0xaf,0x9c,0xaf,0x9c,0xaf,0x9b,0xaf,0x90,0x64,0x20,0x00,0x53,0x75,
    0x7c,0xaf,0x7c,0xaf,0x7c,0xaf,0x7c,0xa7,0x7c,0xa7,0x9c,0xa7,0xbc,0xa7,0xdd,0xaf,
    0xff,0xbf,0x9d,0xb7,0x9e,0xc7,0xbe,0xcf,0x9e,0xdf,0xdf,0xef,0x9f,0xe7,0x9f,0xe7,
    0xbf,0xf7,0xbf,0xef,0x5f,0xd7,0xdf,0xef,0xbe,0xdf,0xbe,0xd7,0xbe,0xc7,0x9d,0xbf,
    0xde,0xb7,0xfe,0xbf,0xdd,0xaf,0x9c,0xaf,0x7c,0xa7,0x7c,0xaf,0x7c,0xaf,0x7c,0xaf,
    0x9c,0xaf,0x98,0x96,0x20,0x00,0xee,0x53,0x9b,0xaf,0x9b,0xaf,0x9c,0xaf,0x9c,0xb7,
    0x9b,0xaf,0x9c,0xaf,0x9c,0xb7,0x9c,0xaf,0x9c,0xaf,0x9c,0xaf,0x9b,0xaf,0x9c,0xaf,
    0x9c,0xaf,0x7b,0xa7,0x7b,0x9f,0x07,0x2a,0xe3,0x10,0x7b,0xaf,0x7c,0xaf,0x7c,0xa7,
    0x7c,0xa7,0x7c,0xa7,0x9c,0xa7,0xbc,0xa7,0xdd,0xaf,0xff,0xbf,0x9d,0xb7,0x9e,0xc7,
    0xbe,0xcf,0x9e,0xdf,0xdf,0xef,0x9f,0xe7,0x9f,0xe7,0xbf,0xf7,0xbf,0xef,0x5f,0xd7,
    0xdf,0xef,0xbe,0xdf,0xbe,0xd7,0xbe,0xc7,0x9d,0xbf,0xde,0xb7,0xfe,0xbf,0xdd,0xaf,
    0x9c,0xaf,0x7c,0xa7,0x7c,0xa7,0x7c,0xaf,0x7c,0xaf,0x7c,0xaf,0x5b,0xa7,0xaa,0x3a,
    0x61,0x08,0xd5,0x85,0x9c,0xaf,0x50,0x64,0x2b,0x4b,0x57,0x96,0x7b,0xaf,0x9c,0xaf,
    0x9c,0xaf,0x9b,0xaf,0x7b,0xaf,0x12,0x6d,0x07,0x2a,0x36,0x8e,0x7b,0xa7,0xad,0x53,
    0x20,0x00,0xb1,0x6c,0x7b,0xa7,0x7c,0xaf,0x7c,0xa7,0x7c,0xa7,0x7c,0xa7,0x9c,0xa7,
    0xbc,0xa7,0xdd,0xaf,0xff,0xbf,0x9d,0xb7,0x9e,0xc7,0xbe,0xcf,0x9e,0xdf,0xdf,0xef,
    0x9f,0xe7,0x9f,0xe7,0xbf,0xf7,0xbf,0xef,0x5f,0xd7,0xdf,0xef,0xbe,0xdf,0xbe,0xd7,
    0xbe,0xc7,0x9d,0xbf,0xde,0xb7,0xfe,0xbf,0xdd,0xaf,0x9c,0xa7,0x7c,0xa7,0x7c,0xa7,
    0x7c,0xa7,0x7c,0xaf,0x7c,0xaf,0x7c,0xaf,0x5b,0xa7,0xa9,0x3a,0x81,0x08,0xeb,0x42,
    0x20,0x00,0xc3,0x10,0x20,0x00,0xea,0x42,0x9b,0xaf,0x9b,0xaf,0xf9,0x9e,0xa2,0x08,
    0x20,0x00,0xe3,0x10,0x82,0x08,0x0b,0x43,0x20,0x00,0x91,0x64,0x7c,0xa7,0x7c,0xaf,
    0x7c,0xa7,0x7c,0xa7,0x7c,0xa7,0x7c,0xa7,0x9c,0xa7,0xbc,0xa7,0xfd,0xaf,0xff,0xbf,
    0x9d,0xb7,0x9e,0xc7,0x9e,0xcf,0x9e,0xdf,0xdf,0xef,0x9f,0xe7,0x9f,0xe7,0xbf,0xf7,
    0xbf,0xef,0x7f,0xdf,0xdf,0xef,0xbf,0xdf,0xbe,0xd7,0xbe,0xcf,0x9d,0xbf,0xbe,0xb7,
    0xfe,0xbf,0xdd,0xaf,0x9c,0xa7,0x7b,0xa7,0x7c,0xa7,0x7c,0xa7,0x7c,0xa7,0x7c,0xaf,
    0x7c,0xaf,0x7c,0xaf,0x7b,0xa7,0xa9,0x3a,0x82,0x08,0x13,0x6d,0x5b,0xa7,0xca,0x42,
    0xc6,0x29,0x9b,0xa7,0x9b,0xa7,0x37,0x86,0x00,0x00,0xb5,0x7d,0x3a,0x9f,0x0b,0x43,
    0x41,0x00,0xb1,0x64,0x7c,0xa7,0x7c,0xaf,0x7c,0xaf,0x7c,0xa7,0x7c,0xa7,0x7c,0xa7,
    0x7c,0xa7,0x9c,0xa7,0xbc,0xa7,0xfd,0xaf,0xff,0xbf,0x9d,0xb7,0x9e,0xc7,0x9e,0xcf,
    0x9e,0xdf,0xdf,0xef,0x9f,0xe7,0x7f,0xe7,0xbf,0xf7,0xbf,0xef,0x7f,0xdf,0xdf,0xef,
    0xbf,0xdf,0xbe,0xd7,0xbe,0xcf,0x9d,0xbf,0xde,0xb7,0xfe,0xb7,0xdd,0xa7,0x9c,0xa7,
    0x7b,0xa7,0x7c,0xa7,0x7c,0xa7,0x7c,0xa7,0x7c,0xa7,0x7c,0xaf,0x7c,0xaf,0x7c,0xaf,
    0x7b,0xa7,0x3a,0xa7,0x7b,0xa7,0x7b,0xaf,0xee,0x53,0xc3,0x10,0xee,0x53,0x0e,0x5c,
    0x2b,0x43,0x00,0x00,0x1a,0x9f,0x7b,0xa7,0x7b,0xa7,0x1a,0x9f,0x7b,0xa7,0x7c,0xaf,
    0x7c,0xaf,0x7c,0xa7,0x7c,0xa7,0x7c,0xa7,0x7c,0xa7,0x7c,0xa7,0x9c,0xa7,0xbc,0xa7,
    0xfd,0xaf,0xff,0xb7,0x9d,0xb7,0x9e,0xc7,0x9e,0xcf,0x9e,0xdf,0xdf,0xef,0x9f,0xe7,
    0x7f,0xe7,0xbf,0xf7,0xbf,0xef,0x7f,0xdf,0xdf,0xef,0xbf,0xdf,0x9e,0xd7,0xbe,0xcf,
    0x9d,0xbf,0xde,0xb7,0xfe,0xb7,0xbd,0xa7,0x7c,0xa7,0x7c,0xa7,0x7c,0xa7,0x7c,0xa7,
    0x7c,0xa7,0x7c,0xa7,0x7c,0xa7,0x7c,0xaf,0x7c,0xaf,0x7c,0xaf,0x7c,0xaf,0x7c,0xaf,
    0x7b,0xaf,0x16,0x86,0xc3,0x10,0xa2,0x08,0xa2,0x08,0xa2,0x08,0x28,0x2a,0x7b,0xa7,
    0x7c,0xaf,0x7c,0xaf,0x7c,0xaf,0x7c,0xa7,0x7c,0xa7,0x7c,0xa7,0x7c,0xa7,0x7c,0xa7,
    0x7c,0xa7,0x7c,0xa7,0x7c,0xa7,0x9c,0xa7,0xbc,0xa7,0xdd,0xaf,0xfe,0xb7,0x9d,0xb7,
    0x9e,0xc7,0x9e,0xcf,0x9e,0xdf,0xdf,0xef,0x9f,0xdf,0x7f,0xe7,0xbf,0xf7,0xbf,0xef,
    0x7f,0xdf,0xdf,0xef,0xbf,0xdf,0x9e,0xd7,0xbe,0xcf,0x9d,0xbf,0xde,0xb7,0xfe,0xb7,
    0xbd,0xa7,0x7c,0xa7,0x7b,0xa7,0x5c,0xa7,0x7c,0xa7,0x7c,0xa7,0x7c,0xa7,0x7c,0xa7,
    0x7c,0xa7,0x7c,0xa7,0x7c,0xaf,0x7c,0xaf,0x7c,0xaf,0x7c,0xaf,0x7c,0xaf,0x7c,0xaf,
    0x7c,0xa7,0x7c,0xa7,0x7b,0xa7,0x7c,0xaf,0x7c,0xaf,0x7c,0xaf,0x7c,0xaf,0x7c,0xaf,
    0x7c,0xa7,0x7c,0xa7,0x7c,0xa7,0x7c,0xa7,0x7c,0xa7,0x7c,0xa7,0x7c,0xa7,0x7c,0xa7,
    0x7c,0xa7,0x9c,0xa7,0xdd,0xa7,0xfe,0xaf,0x9d,0xb7,0x9e,0xcf,0xbe,0xd7,0x9e,0xdf,
    0xdf,0xef,0x9f,0xdf,0x7f,0xe7,0xbf,0xf7,0xbf,0xef,0x7f,0xd7,0xdf,0xef,0xbf,0xe7,
    0xbe,0xd7,0xbe,0xcf,0x9d,0xbf,0xde,0xb7,0xfe,0xb7,0xbc,0xa7,0x7c,0xa7,0x5b,0xa7,
    0x5b,0xa7,0x7c,0xa7,0x7c,0xa7,0x7c,0xa7,0x7c,0xa7,0x7c,0xa7,0x7c,0xa7,0x7c,0xa7,
    0x7c,0xa7,0x7c,0xaf,0x7c,0xaf,0x7c,0xaf,0x7c,0xaf,0x7c,0xaf,0x7c,0xaf,0x7c,0xaf,
    0x7c,0xaf,0x7c,0xaf,0x7c,0xaf,0x7c,0xa7,0x7c,0xa7,0x7c,0xa7,0x7c,0xa7,0x7b,0xa7,
    0x7c,0xa7,0x7c,0xa7,0x7c,0xa7,0x7c,0xa7,0x7c,0xa7,0x7c,0xa7,0x9c,0xa7,0xdd,0xa7,
    0xfe,0xaf,0x9d,0xb7,0x9e,0xc7,0xbe,0xd7,0x9e,0xdf,0xdf,0xef,0x9f,0xdf,0x7f,0xe7,
    0xbf,0xf7,0xbf,0xef,0x7f,0xd7,0xdf,0xef,0xbf,0xe7,0xbe,0xd7,0xbe,0xcf,0x9d,0xbf,
    0xde,0xb7,0xfe,0xb7,0xbd,0xa7,0x7c,0xa7,0x7b,0xa7,0x5b,0xa7,0x7c,0xa7,0x7c,0xa7,
    0x7c,0xa7,0x7c,0xa7,0x7c,0xa7,0x7c,0xa7,0x7c,0xa7,0x7c,0xa7,0x7c,0xa7,0x7c,0xaf,
    0x7c,0xaf,0x7c,0xaf,0x7c,0xaf,0x7c,0xaf,0x7c,0xaf,0x7c,0xaf,0x7c,0xa7,0x7c,0xa7,
    0x7c,0xa7,0x7c,0xa7,0x7c,0xa7,0x7b,0xa7,0x7b,0xa7,0x7b,0xa7,0x7c,0xa7,0x7c,0xa7,
    0x7c,0xa7,0x7c,0xa7,0x7c,0xa7,0x9c,0xa7,0xdd,0xaf,0xfe,0xaf,0x9d,0xbf,0x9e,0xc7,
    0xbe,0xd7,0x9e,0xdf,0xdf,0xf7,0x9f,0xdf,0x7f,0xe7,0xbf,0xf7,0xbf,0xef,0x7f,0xdf,
    0xdf,0xef,0xbf,0xe7,0xbe,0xd7,0xbe,0xcf,0xbd,0xc7,0xde,0xbf,0xfe,0xb7,0xdd,0xa7,
    0x7c,0xa7,0x7c,0xa7,0x7c,0xa7,0x5c,0xa7,0x7b,0xa7,0x7c,0xa7,0x7c,0xa7,0x7c,0xa7,
    0x7c,0xa7,0x7b,0xa7,0x7c,0xa7,0x7c,0xa7,0x7c,0xaf,0x7c,0xaf,0x7c,0xa7,0x7c,0xaf,
    0x7c,0xaf,0x7c,0xa7,0x7c,0xa7,0x7c,0xa7,0x7c,0xa7,0x7b,0xa7,0x7c,0xa7,0x7c,0xa7,
    0x7c,0xa7,0x7c,0xa7,0x7c,0xa7,0x7c,0xa7,0x7c,0xa7,0x7c,0xa7,0x7c,0xa7,0x7c,0xa7,
    0xbc,0xa7,0xfd,0xaf,0xfe,0xb7,0x9d,0xbf,0x9e,0xcf,0x9e,0xd7,0x9e,0xdf,0xdf,0xf7,
    0x9f,0xdf,0x7f,0xdf,0xbf,0xf7,0xbf,0xef,0x7f,0xdf,0xdf,0xef,0xbf,0xe7,0xbe,0xd7,
    0xbe,0xcf,0xbe,0xc7,0xde,0xbf,0xfe,0xb7,0xdd,0xa7,0x9c,0xa7,0x7c,0xa7,0x7c,0xa7,
    0x5b,0xa7,0x7b,0xa7,0x7c,0xa7,0x7c,0xa7,0x5b,0xa7,0x5b,0xa7,0x7c,0xa7,0x7c,0xa7,
    0x7c,0xa7,0x7c,0xa7,0x7c,0xa7,0x7c,0xa7,0x7c,0xa7,0x7c,0xa7,0x7c,0xa7,0x7c,0xa7,
    0x7c,0xa7,0x7c,0xa7,0x7c,0xa7,0x7b,0xa7,0x7c,0xa7,0x7c,0xa7,0x7c,0xa7,0x7c,0xa7,
    0x7c,0xa7,0x7c,0xa7,0x7c,0xa7,0x7c,0xa7,0x9c,0xa7,0xbc,0xa7,0xfe,0xaf,0xff,0xb7,
    0x9d,0xbf,0xbe,0xcf,0xbe,0xd7,0x9f,0xdf,0xdf,0xf7,0x9f,0xdf,0x7f,0xe7,0xbf,0xf7,
    0xbf,0xef,0x7f,0xdf,0xdf,0xef,0xbf,0xe7,0xbe,0xdf,0xbe,0xcf,0xbe,0xc7,0xbd,0xaf,
    0xff,0xc7,0xfd,0xaf,0xbc,0xa7,0x7c,0xa7,0x7c,0xa7,0x7b,0xa7,0x7c,0xa7,0x7c,0xa7,
    0x7c,0xa7,0x7c,0xa7,0x7c,0xa7,0x7c,0xa7,0x7c,0xa7,0x7c,0xa7,0x7c,0xa7,0x7c,0xa7,
    0x7c,0xa7,0x7c,0xa7,0x7c,0xa7,0x7c,0xa7,0x7c,0xa7,0x7c,0xa7,0x7c,0xa7,0x7c,0xa7,
    0x7c,0xa7,0x7c,0xa7,0x7c,0xa7,0x7c,0xa7,0x7c,0xa7,0x7c,0xa7,0x7c,0xa7,0x7c,0xa7,
    0x9c,0xa7,0xbc,0xa7,0xdd,0xa7,0xfe,0xb7,0xfe,0xb7,0x9d,0xbf,0xbe,0xcf,0xbe,0xd7,
    0x9f,0xdf,0xdf,0xf7,0x9f,0xe7,0x7f,0xe7,0xbf,0xf7,0xbf,0xf7,0x7f,0xdf,0xdf,0xef,
    0xbf,0xe7,0xbe,0xdf,0xbe,0xd7,0xbe,0xcf,0xbd,0xb7,0xfe,0xc7,0xfe,0xaf,0xdd,0xa7,
    0x9c,0xa7,0x9c,0xa7,0x7c,0x9f,0x7c,0xa7,0x7c,0xa7,0x7c,0xa7,0x7c,0xa7,0x7c,0xa7,
    0x7c,0xa7,0x7c,0xa7,0x7c,0xa7,0x7c,0xa7,0x7c,0xa7,0x7c,0xa7,0x7c,0xa7,0x7c,0xa7,
    0x7c,0xa7,0x7c,0xa7,0x7c,0xa7,0x7c,0xa7,0x7c,0xa7,0x7c,0xa7,0x7c,0xa7,0x7c,0xa7,
    0x7c,0xa7,0x7c,0xa7,0x7c,0xa7,0x7c,0xa7,0x7c,0xa7,0x9c,0xa7,0xdd,0xa7,0xfe,0xaf,
    0xff,0xbf,0xde,0xbf,0x9d,0xc7,0xbe,0xcf,0xbe,0xd7,0x9f,0xdf,0xdf,0xf7,0x9f,0xe7,
    0x7f,0xe7,0xbf,0xf7,0xbf,0xf7,0x7f,0xdf,0xdf,0xef,0xbf,0xe7,0xbf,0xdf,0xbe,0xd7,
    0xbe,0xcf,0xbe,0xbf,0xdd,0xbf,0xff,0xbf,0xfe,0xaf,0xdd,0xa7,0xbc,0xa7,0x9c,0xa7,
    0x9c,0xa7,0x9c,0xa7,0x9c,0xa7,0x9c,0xa7,0x9c,0xa7,0x9c,0xa7,0x9c,0xa7,0x9c,0xa7,
    0x9c,0xa7,0x9c,0xa7,0x9c,0xa7,0x9c,0xa7,0x9c,0xa7,0x9c,0xa7,0x9c,0xa7,0x9c,0xa7,
    0x9c,0xa7,0x9c,0xa7,0x9c,0xa7,0x9c,0xa7,0x9c,0xa7,0x9c,0xa7,0x9c,0xa7,0x9c,0xa7,
    0x9c,0xa7,0x9c,0xa7,0xdd,0xa7,0xfe,0xaf,0xff,0xb7,0xff,0xcf,0xbd,0xaf,0xbe,0xc7,
    0xbe,0xd7,0xbe,0xd7,0x9f,0xe7,0xdf,0xf7,0x9f,0xe7,0x7f,0xe7,0xbf,0xf7,0xbf,0xf7,
    0x7f,0xdf,0xdf,0xf7,0xbf,0xef,0xbf,0xdf,0xbe,0xd7,0xbe,0xcf,0xbe,0xc7,0xbd,0xb7,
    0xde,0xbf,0xff,0xc7,0xfe,0xb7,0xdd,0xaf,0xdd,0xa7,0xdd,0xa7,0xbd,0xa7,0xdd,0xa7,
    0xdd,0xa7,0xdd,0xa7,0xbd,0xa7,0xbd,0xa7,0xbd,0xa7,0xbd,0xa7,0xbd,0xa7,0xbd,0xa7,
    0xbd,0xa7,0xbd,0xa7,0xbd,0xa7,0xbd,0xa7,0xbc,0xa7,0xbc,0xa7,0xbc,0xa7,0xdd,0xa7,
    0xbc,0xa7,0xdd,0xa7,0xbd,0xa7,0xbc,0xa7,0xbc,0xa7,0xbd,0xa7,0xdd,0xa7,0xfe,0xaf,
    0xff,0xb7,0xff,0xcf,0xbd,0xa7,0x9d,0xbf,0xbe,0xcf,0xbe,0xd7,0xbf,0xd7,0x9f,0xe7,
    0xdf,0xf7,0x9f,0xe7,0x7f,0xe7,0xbf,0xf7,0xbf,0xf7,0x7f,0xdf,0xdf,0xf7,0xbf,0xef,
    0xbf,0xe7,0xbf,0xdf,0xbe,0xd7,0xbe,0xcf,0xbe,0xc7,0xbd,0xaf,0xdd,0xaf,0xfe,0xb7,
    0xfe,0xaf,0xfe,0xaf,0xfe,0xaf,0xfd,0xaf,0xfd,0xaf,0xfe,0xaf,0xfe,0xaf,0xfd,0xaf,
    0xfd,0xaf,0xfe,0xaf,0xfe,0xaf,0xfe,0xaf,0xfe,0xaf,0xfe,0xaf,0xfe,0xaf,0xfe,0xaf,
    0xfe,0xaf,0xfe,0xaf,0xfd,0xaf,0xfd,0xaf,0xfd,0xaf,0xfd,0xaf,0xfd,0xa7,0xfd,0xa7,
    0xfd,0xa7,0xdd,0xaf,0xfd,0xaf,0xfe,0xaf,0xfe,0xaf,0xde,0xb7,0xbc,0x9f,0x9d,0xb7,
    0xbd,0xc7,0xbe,0xcf,0xbe,0xd7,0x9f,0xdf,0x9f,0xe7,0xdf,0xf7,0x9f,0xe7,0x9f,0xe7,
    0xbf,0xf7,0xbf,0xf7,0x7f,0xdf,0xdf,0xf7,0xbf,0xef,0xbf,0xe7,0xbf,0xdf,0xbe,0xd7,
    0xbe,0xcf,0xbe,0xc7,0xbd,0xbf,0xbd,0xb7,0x9c,0x9f,0xbd,0xaf,0xbd,0xa7,0xdd,0xa7,
    0xdd,0xa7,0xdd,0xaf,0xdd,0xaf,0xde,0xaf,0xde,0xaf,0xde,0xaf,0xde,0xb7,0xde,0xb7,
    0xde,0xb7,0xde,0xbf,0xde,0xc7,0xde,0xc7,0xde,0xcf,0xde,0xc7,0xde,0xc7,0xde,0xbf,
    0xde,0xb7,0xde,0xaf,0xde,0xaf,0xdd,0xaf,0xdd,0xa7,0xdd,0xa7,0xdd,0xa7,0xbd,0xa7,
    0xbd,0xa7,0x9c,0x9f,0x9c,0xaf,0x9d,0xb7,0xbd,0xbf,0x9e,0xc7,0x9e,0xd7,0x9f,0xdf,
    0x9f,0xdf,0x9f,0xe7,0xdf,0xf7,0x9f,0xe7,0x9f,0xe7,0xbf,0xf7,0xbf,0xf7,0x7f,0xdf,
    0xdf,0xf7,0xbf,0xef,0xbf,0xe7,0xbf,0xe7,0xbf,0xdf,0xbe,0xd7,0xbe,0xcf,0xbe,0xc7,
    0xbd,0xbf,0x9d,0xb7,0x7c,0xaf,0x7c,0xa7,0x7c,0xa7,0x7c,0xa7,0x7c,0xa7,0x7c,0xa7,
    0x7c,0xa7,0x7c,0xa7,0x5c,0xa7,0x5c,0xa7,0x5c,0xa7,0x5c,0xa7,0x5c,0xa7,0x5c,0xa7,
    0x5c,0xa7,0x5c,0xa7,0x5c,0xa7,0x5c,0xa7,0x7c,0xa7,0x7c,0xa7,0x5c,0xa7,0x5c,0xa7,
    0x5c,0xa7,0x5c,0xa7,0x5c,0xa7,0x5c,0xa7,0x5c,0xa7,0x7c,0xaf,0x7c,0xaf,0x7d,0xb7,
    0x9d,0xbf,0x9e,0xc7,0x9e,0xcf,0x9e,0xd7,0x9f,0xdf,0x7f,0xdf,0x9f,0xe7,0xdf,0xf7,
    0x9f,0xe7,0x9f,0xe7,0xbf,0xf7,0xbf,0xf7,0x7f,0xdf,0xdf,0xf7,0xbf,0xef,0x9f,0xe7,
    0xbf,0xe7,0xbf,0xdf,0x9f,0xdf,0x9e,0xd7,0x9e,0xcf,0x9e,0xc7,0x7d,0xbf,0x7d,0xbf,
    0x7d,0xb7,0x7d,0xb7,0x5d,0xb7,0x5d,0xb7,0x5d,0xb7,0x5d,0xb7,0x5d,0xb7,0x5d,0xb7,
    0x5c,0xb7,0x5c,0xaf,0x5c,0xaf,0x5c,0xaf,0x5c,0xaf,0x5d,0xaf,0x5d,0xaf,0x5d,0xaf,
    0x7d,0xaf,0x7d,0xaf,0x7d,0xaf,0x7d,0xaf,0x7d,0xaf,0x5c,0xaf,0x5c,0xaf,0x5c,0xaf,
    0x5c,0xaf,0x5d,0xb7,0x7d,0xb7,0x7d,0xbf,0x7d,0xbf,0x7e,0xc7,0x9e,0xcf,0x9e,0xd7,
    0x9f,0xdf,0x9f,0xdf,0x7f,0xdf,0x9f,0xe7,0xdf,0xf7,0x9f,0xe7,0x9f,0xe7,0xbf,0xf7,
    0xbf,0xf7,0x7f,0xdf,0xdf,0xf7,0xbf,0xef,0x9f,0xe7,0x9f,0xe7,0x9f,0xe7,0x9f,0xdf,
    0x9f,0xdf,0x9e,0xd7,0x9e,0xd7,0x9e,0xcf,0x7e,0xc7,0x7e,0xc7,0x7d,0xc7,0x7d,0xc7,
    0x7d,0xc7,0x7d,0xbf,0x7d,0xbf,0x7d,0xbf,0x7d,0xbf,0x7d,0xbf,0x5d,0xbf,0x5d,0xbf,
    0x5d,0xbf,0x7d,0xbf,0x7d,0xbf,0x7d,0xbf,0x7d,0xbf,0x7d,0xbf,0x7d,0xbf,0x7d,0xbf,
    0x7d,0xbf,0x7d,0xbf,0x7d,0xbf,0x7d,0xbf,0x7d,0xbf,0x7d,0xbf,0x7d,0xc7,0x7d,0xc7,
    0x7e,0xc7,0x9e,0xcf,0x9e,0xcf,0x9e,0xd7,0x9f,0xdf,0x9f,0xdf,0x7f,0xdf,0x7f,0xe7,
    0x9f,0xe7,0xdf,0xf7,0x9f,0xe7,0x9f,0xe7,0xbf,0xf7,0xbf,0xf7,0x7f,0xdf,0xdf,0xf7,
    0xbf,0xef,0x9f,0xe7,0x9f,0xe7,0x9f,0xe7,0x9f,0xe7,0x9f,0xdf,0x9f,0xdf,0x9f,0xdf,
    0x9e,0xd7,0x9e,0xd7,0x7e,0xd7,0x7e,0xcf,0x7e,0xcf,0x7e,0xcf,0x7e,0xcf,0x7e,0xcf,
    0x7e,0xcf,0x7e,0xcf,0x7e,0xcf,0x7e,0xcf,0x7e,0xcf,0x7e,0xcf,0x7e,0xcf,0x7e,0xcf,
    0x7e,0xcf,0x7e,0xcf,0x7e,0xcf,0x7e,0xcf,0x7e,0xcf,0x7e,0xcf,0x7e,0xcf,0x7e,0xcf,
    0x7e,0xcf,0x7e,0xcf,0x7e,0xcf,0x7e,0xcf,0x7e,0xcf,0x9e,0xd7,0x9e,0xd7,0x9f,0xd7,
    0x9f,0xdf,0x9f,0xdf,0x9f,0xe7,0x7f,0xe7,0x7f,0xe7,0x9f,0xe7,0xdf,0xf7,0x9f,0xe7,
    0x9f,0xe7,0xbf,0xf7,0xbf,0xf7,0x7f,0xdf,0xdf,0xf7,0xbf,0xef,0x9f,0xe7,0x9f,0xe7,
    0x9f,0xe7,0x9f,0xe7,0x9f,0xe7,0x9f,0xe7,0x9f,0xdf,0x9f,0xdf,0x9f,0xdf,0x9e,0xdf,
    0x9e,0xdf,0x7e,0xd7,0x7e,0xd7,0x7e,0xd7,0x7e,0xd7,0x7e,0xd7,0x7e,0xd7,0x7e,0xd7,
    0x7e,0xd7,0x7e,0xd7,0x7e,0xd7,0x7e,0xd7,0x7e,0xd7,0x9e,0xd7,0x7e,0xd7,0x7e,0xd7,
    0x7e,0xd7,0x7e,0xd7,0x7e,0xd7,0x7e,0xd7,0x7e,0xd7,0x7e,0xd7,0x7e,0xd7,0x7e,0xd7,
    0x7e,0xd7,0x7e,0xd7,0x9f,0xdf,0x9f,0xdf,0x9f,0xdf,0x9f,0xdf,0x7f,0xdf,0x7f,0xe7,
    0x7f,0xdf,0x7f,0xdf,0x9f,0xe7,0xdf,0xf7,0x9f,0xe7,0x9f,0xe7,0xbf,0xf7,0xbf,0xf7,
    0x7f,0xdf,0xdf,0xf7,0xbf,0xef,0x9f,0xe7,0x9f,0xe7,0x9f,0xe7,0x9f,0xe7,0x9f,0xe7,
    0x9f,0xe7,0x9f,0xe7,0x9f,0xe7,0x9f,0xdf,0x9f,0xdf,0x9f,0xdf,0x9f,0xdf,0x9f,0xdf,
    0x9f,0xdf,0x9f,0xdf,0x9f,0xdf,0x9f,0xdf,0x7f,0xdf,0x7f,0xdf,0x7f,0xdf,0x9f,0xdf,
    0x9f,0xdf,0x9f,0xdf,0x9f,0xdf,0x7f,0xdf,0x7f,0xdf,0x9f,0xdf,0x9f,0xdf,0x7f,0xdf,
    0x7f,0xdf,0x7f,0xdf,0x7f,0xdf,0x7f,0xdf,0x7f,0xdf,0x7f,0xdf,0x7f,0xdf,0x9f,0xdf,
    0x7f,0xdf,0x7f,0xdf,0x7f,0xdf,0x7f,0xdf,0x7f,0xdf,0x7f,0xdf,0x7f,0xdf,0x9f,0xe7,
    0xdf,0xf7,0x9f,0xe7,0x9f,0xe7,0xbf,0xf7,0xbf,0xf7,0x7f,0xdf,0xdf,0xf7,0xbf,0xef,
    0x9f,0xe7,0x9f,0xe7,0x9f,0xe7,0x9f,0xe7,0x9f,0xe7,0x9f,0xe7,0x9f,0xe7,0x9f,0xe7,
    0x9f,0xe7,0x9f,0xe7,0x9f,0xe7,0x9f,0xe7,0x9f,0xe7,0x9f,0xe7,0x9f,0xe7,0x9f,0xe7,
    0x9f,0xe7,0x9f,0xe7,0x7f,0xe7,0x7f,0xe7,0x7f,0xe7,0x7f,0xe7,0x9f,0xdf,0x7f,0xdf,
    0x7f,0xdf,0x7f,0xdf,0x7f,0xdf,0x7f,0xdf,0x7f,0xdf,0x7f,0xdf,0x7f,0xdf,0x7f,0xdf,
    0x7f,0xdf,0x7f,0xdf,0x7f,0xdf,0x7f,0xdf,0x7f,0xdf,0x7f,0xdf,0x7f,0xdf,0x7f,0xdf,
    0x7f,0xdf,0x7f,0xdf,0x7f,0xdf,0x7f,0xdf,0x9f,0xe7,0xdf,0xf7,0x9f,0xe7,0x9f,0xe7,
    0xbf,0xf7,0xbf,0xf7,0x7f,0xdf,0xdf,0xf7,0xbf,0xef,0x9f,0xe7,0x9f,0xe7,0x9f,0xe7,
    0x9f,0xe7,0x9f,0xe7,0x9f,0xe7,0x9f,0xe7,0x9f,0xe7,0x9f,0xe7,0x9f,0xe7,0x9f,0xe7,
    0x9f,0xe7,0x9f,0xe7,0x9f,0xe7,0x9f,0xe7,0x9f,0xe7,0x9f,0xe7,0x9f,0xe7,0x9f,0xe7,
    0x9f,0xe7,0x9f,0xe7,0x7f,0xe7,0x9f,0xe7,0x7f,0xe7,0x7f,0xdf,0x7f,0xdf,0x7f,0xdf,
    0x7f,0xdf,0x7f,0xdf,0x7f,0xdf,0x7f,0xdf,0x7f,0xdf,0x7f,0xdf,0x7f,0xdf,0x7f,0xdf,
    0x7f,0xdf,0x7f,0xdf,0x7f,0xdf,0x7f,0xdf,0x7f,0xdf,0x7f,0xdf,0x7f,0xdf,0x7f,0xdf,
    0x7f,0xdf,0x9f,0xe7,0xdf,0xf7,0x9f,0xe7,0x9f,0xe7,0xbf,0xf7,0xbf,0xf7,0x7f,0xdf,
    0xdf,0xf7,0xbf,0xef,0x9f,0xe7,0x9f,0xe7,0x9f,0xe7,0x9f,0xe7,0x9f,0xe7,0x9f,0xe7,
    0x9f,0xe7,0x9f,0xe7,0x9f,0xe7,0x9f,0xe7,0x9f,0xe7,0x9f,0xe7,0x9f,0xe7,0x9f,0xe7,
    0x9f,0xe7,0x9f,0xe7,0x9f,0xe7,0x9f,0xe7,0x9f,0xe7,0x9f,0xe7,0x9f,0xe7,0x9f,0xe7,
    0x9f,0xe7,0x7f,0xe7,0x7f,0xe7,0x7f,0xe7,0x7f,0xdf,0x7f,0xdf,0x7f,0xdf,0x7f,0xdf,
    0x7f,0xdf,0x7f,0xdf,0x7f,0xdf,0x7f,0xdf,0x7f,0xdf,0x7f,0xdf,0x7f,0xdf,0x7f,0xdf,
    0x7f,0xdf,0x7f,0xdf,0x7f,0xdf,0x7f,0xdf,0x7f,0xdf,0x7f,0xdf,0x9f,0xe7,0xdf,0xf7,
    0x9f,0xe7,0x9f,0xef,0xbf,0xf7,0xbf,0xf7,0x7f,0xdf,0xdf,0xf7,0xbf,0xf7,0x9f,0xe7,
    0x9f,0xe7,0x9f,0xe7,0x9f,0xe7,0x9f,0xe7,0x9f,0xe7,0x9f,0xe7,0x9f,0xe7,0x9f,0xe7,
    0x9f,0xe7,0x9f,0xe7,0x9f,0xe7,0x9f,0xe7,0x9f,0xe7,0x9f,0xe7,0x9f,0xe7,0x9f,0xe7,
    0x9f,0xe7,0x9f,0xe7,0x9f,0xe7,0x9f,0xe7,0x9f,0xe7,0x7f,0xe7,0x7f,0xe7,0x7f,0xe7,
    0x7f,0xe7,0x7f,0xe7,0x7f,0xdf,0x7f,0xdf,0x7f,0xdf,0x7f,0xdf,0x7f,0xdf,0x7f,0xdf,
    0x7f,0xdf,0x7f,0xdf,0x7f,0xdf,0x7f,0xdf,0x7f,0xdf,0x7f,0xdf,0x7f,0xdf,0x7f,0xdf,
    0x7f,0xdf,0x7f,0xdf,0x7f,0xdf,0x9f,0xe7,0xdf,0xf7,0x9f,0xe7,0x9f,0xe7,0xbf,0xf7,
    0xbf,0xf7,0x7f,0xdf,0xdf,0xf7,0xbf,0xf7,0x9f,0xe7,0x9f,0xe7,0x9f,0xe7,0x9f,0xe7,
    0x9f,0xe7,0x9f,0xe7,0x9f,0xe7,0x9f,0xe7,0x7f,0xdf,0x9f,0xe7,0x9f,0xe7,0x9f,0xe7,
    0x9f,0xe7,0x9f,0xe7,0x9f,0xe7,0x9f,0xe7,0x9f,0xe7,0x9f,0xe7,0x9f,0xe7,0x9f,0xe7,
    0x9f,0xe7,0x7f,0xdf,0x9f,0xe7,0x9f,0xe7,0x9f,0xe7,0x9f,0xe7,0x9f,0xe7,0x9f,0xe7,
    0x9f,0xe7,0x9f,0xdf,0x7f,0xdf,0x7f,0xdf,0x7f,0xdf,0x7f,0xdf,0x7f,0xdf,0x7f,0xdf,
    0x7f,0xdf,0x7f,0xdf,0x7f,0xdf,0x7f,0xdf,0x7f,0xdf,0x7f,0xdf,0x7f,0xdf,0x7f,0xdf,
    0x9f,0xe7,0xdf,0xf7,0x9f,0xe7,0x9f,0xe7,0xdf,0xf7,0xbf,0xf7,0x7f,0xdf,0xdf,0xf7,
    0xbf,0xf7,0x9f,0xe7,0x9f,0xe7,0x9f,0xe7,0x9f,0xe7,0x9f,0xe7,0x9f,0xe7,0x9f,0xe7,
    0xbf,0xef,0xdf,0xf7,0xbf,0xef,0xbf,0xef,0xbf,0xef,0xbf,0xef,0xbf,0xef,0xbf,0xef,
    0xbf,0xef,0xbf,0xef,0xbf,0xef,0xbf,0xef,0xbf,0xef,0xbf,0xef,0xbf,0xef,0xbf,0xef,
    0xbf,0xef,0xbf,0xf7,0xdf,0xf7,0xdf,0xf7,0xdf,0xf7,0xdf,0xf7,0xdf,0xf7,0xbf,0xef,
    0xbf,0xef,0xbf,0xef,0xbf,0xef,0xbf,0xef,0xbf,0xef,0xbf,0xef,0x9f,0xe7,0x7f,0xdf,
    0x7f,0xdf,0x7f,0xdf,0x7f,0xdf,0x7f,0xdf,0x7f,0xdf,0x9f,0xe7,0xdf,0xf7,0x9f,0xe7,
    0x9f,0xe7,0xbf,0xf7,0xbf,0xf7,0x7f,0xdf,0xdf,0xf7,0xbf,0xf7,0x9f,0xe7,0x9f,0xe7,
    0x9f,0xe7,0x9f,0xe7,0x9f,0xe7,0x9f,0xe7,0xdf,0xf7,0xdf,0xf7,0xbf,0xf7,0xbf,0xef,
    0xbf,0xef,0xbf,0xef,0xbf,0xef,0xbf,0xef,0xbf,0xef,0xbf,0xef,0xbf,0xef,0xbf,0xef,
    0xbf,0xef,0xbf,0xef,0xbf,0xef,0xbf,0xef,0xbf,0xef,0xbf,0xef,0xbf,0xef,0xbf,0xef,
    0xbf,0xef,0xbf,0xef,0xbf,0xef,0xbf,0xef,0xbf,0xef,0xbf,0xef,0xbf,0xef,0xbf,0xef,
    0xbf,0xef,0xbf,0xef,0xdf,0xf7,0xdf,0xf7,0xbf,0xef,0x7f,0xdf,0x7f,0xdf,0x7f,0xdf,
    0x7f,0xdf,0x7f,0xdf,0x9f,0xe7,0xdf,0xf7,0x9f,0xe7,0x9f,0xe7,0xbf,0xf7,0xbf,0xf7,
    0x5f,0xdf,0xdf,0xf7,0xbf,0xef,0x9f,0xe7,0x9f,0xe7,0x9f,0xe7,0x9f,0xe7,0x9f,0xdf,
    0xdf,0xf7,0xdf,0xf7,0xbf,0xef,0xbf,0xef,0x9f,0xef,0x9f,0xef,0x9f,0xef,0x9f,0xef,
    0x9f,0xef,0x9f,0xef,0x9f,0xef,0x9f,0xef,0x9f,0xef,0x9f,0xef,0x9f,0xef,0x9f,0xef,
    0x9f,0xef,0x9f,0xef,0x9f,0xef,0x9f,0xef,0x9f,0xef,0x9f,0xef,0x9f,0xef,0x9f,0xef,
    0x9f,0xef,0x9f,0xef,0x9f,0xef,0x9f,0xef,0x9f,0xef,0x9f,0xef,0x9f,0xef,0xbf,0xef,
    0xbf,0xf7,0xdf,0xf7,0xbf,0xef,0x7f,0xdf,0x7f,0xdf,0x7f,0xdf,0x7f,0xdf,0x9f,0xe7,
    0xdf,0xf7,0x9f,0xe7,0x7f,0xe7,0xbf,0xf7,0xbf,0xf7,0x7f,0xdf,0xdf,0xf7,0xbf,0xef,
    0x9f,0xe7,0x9f,0xe7,0x9f,0xe7,0x9f,0xe7,0xdf,0xf7,0xdf,0xf7,0xbf,0xef,0x9f,0xef,
    0x9f,0xef,0x7f,0xe7,0x7f,0xe7,0x7f,0xe7,0x7f,0xe7,0x7f,0xe7,0x7f,0xe7,0x7f,0xe7,
    0x7f,0xe7,0x9f,0xe7,0x9f,0xe7,0x9f,0xe7,0x9f,0xe7,0x9f,0xe7,0x9f,0xe7,0x9f,0xe7,
    0x9f,0xe7,0x9f,0xe7,0x7f,0xe7,0x9f,0xe7,0x9f,0xe7,0x9f,0xe7,0x7f,0xe7,0x7f,0xe7,
    0x7f,0xe7,0x7f,0xe7,0x7f,0xe7,0x9f,0xe7,0x9f,0xef,0xbf,0xef,0xbf,0xf7,0xdf,0xf7,
    0x7f,0xe7,0x7f,0xdf,0x7f,0xdf,0x7f,0xdf,0x9f,0xe7,0xdf,0xf7,0x9f,0xe7,0x7f,0xe7,
    0xbf,0xf7,0xbf,0xf7,0x7f,0xdf,0xdf,0xf7,0xbf,0xef,0x9f,0xe7,0x9f,0xe7,0x9f,0xe7,
    0x5f,0xd7,0xdf,0xf7,0xbf,0xf7,0xbf,0xef,0x9f,0xef,0x7f,0xe7,0x7f,0xe7,0x7f,0xe7,
    0x7f,0xe7,0x7f,0xe7,0x7f,0xe7,0x7f,0xe7,0x7f,0xe7,0x7f,0xe7,0x7f,0xe7,0x7f,0xe7,
    0x7f,0xe7,0x7f,0xe7,0x7f,0xe7,0x7f,0xe7,0x7f,0xe7,0x7f,0xe7,0x7f,0xe7,0x7f,0xe7,
    0x7f,0xe7,0x7f,0xe7,0x7f,0xe7,0x7f,0xe7,0x7f,0xe7,0x7f,0xe7,0x7f,0xe7,0x7f,0xe7,
    0x7f,0xe7,0x7f,0xe7,0x9f,0xef,0xbf,0xef,0xbf,0xf7,0x9f,0xe7,0x5f,0xdf,0x7f,0xdf,
    0x7f,0xdf,0x9f,0xe7,0xdf,0xf7,0x9f,0xe7,0x7f,0xe7,0xbf,0xf7,0xbf,0xf7,0x7f,0xdf,
    0xdf,0xf7,0xbf,0xef,0x9f,0xe7,0x9f,0xe7,0x7f,0xe7,0x7f,0xdf,0xdf,0xf7,0xbf,0xef,
    0x9f,0xef,0x7f,0xe7,0x7f,0xe7,0x7f,0xe7,0x7f,0xe7,0x7f,0xe7,0x7f,0xe7,0x7f,0xe7,
    0x7f,0xe7,0x7f,0xe7,0x7f,0xe7,0x7f,0xe7,0x7f,0xe7,0x7f,0xe7,0x7f,0xe7,0x7f,0xe7,
    0x7f,0xe7,0x7f,0xe7,0x7f,0xe7,0x7f,0xe7,0x7f,0xe7,0x7f,0xe7,0x7f,0xe7,0x7f,0xe7,
    0x7f,0xe7,0x7f,0xe7,0x7f,0xe7,0x7f,0xe7,0x7f,0xe7,0x7f,0xe7,0x7f,0xe7,0x9f,0xe7,
    0x9f,0xef,0xbf,0xef,0xbf,0xef,0x5f,0xdf,0x7f,0xdf,0x7f,0xdf,0x9f,0xe7,0xdf,0xf7,
    0x9f,0xe7,0x7f,0xe7,0xbf,0xf7,0xbf,0xf7,0x7f,0xdf,0xdf,0xf7,0xbf,0xef,0x9f,0xe7,
    0x9f,0xe7,0x7f,0xdf,0x9f,0xe7,0xbf,0xf7,0x9f,0xef,0x9f,0xe7,0x7f,0xe7,0x7f,0xe7,
    0x7f,0xe7,0x7f,0xe7,0x7f,0xe7,0x7f,0xe7,0x7f,0xe7,0x7f,0xe7,0x7f,0xe7,0x7f,0xe7,
    0x7f,0xe7,0x7f,0xe7,0x7f,0xe7,0x7f,0xe7,0x7f,0xe7,0x7f,0xe7,0x7f,0xe7,0x7f,0xe7,
    0x7f,0xe7,0x7f,0xe7,0x7f,0xe7,0x7f,0xe7,0x7f,0xe7,0x7f,0xe7,0x7f,0xe7,0x7f,0xe7,
    0x7f,0xe7,0x7f,0xe7,0x7f,0xe7,0x7f,0xe7,0x7f,0xe7,0x9f,0xef,0xbf,0xef,0xbf,0xf7,
    0x5f,0xdf,0x7f,0xdf,0x7f,0xdf,0x9f,0xe7,0xdf,0xf7,0x9f,0xe7,0x7f,0xe7,0xbf,0xf7,
    0xbf,0xf7,0x5f,0xd7,0xdf,0xf7,0xbf,0xef,0x9f,0xe7,0x9f,0xe7,0x7f,0xdf,0x9f,0xe7,
    0xbf,0xef,0x9f,0xef,0x9f,0xe7,0x7f,0xe7,0x7f,0xe7,0x7f,0xe7,0x7f,0xe7,0x7f,0xe7,
    0x7f,0xe7,0x7f,0xe7,0x7f,0xe7,0x7f,0xe7,0x7f,0xe7,0x7f,0xe7,0x7f,0xe7,0x7f,0xe7,
    0x7f,0xe7,0x7f,0xe7,0x7f,0xe7,0x7f,0xe7,0x7f,0xe7,0x7f,0xe7,0x7f,0xe7,0x7f,0xe7,
    0x7f,0xe7,0x7f,0xe7,0x7f,0xe7,0x7f,0xe7,0x7f,0xe7,0x7f,0xe7,0x7f,0xe7,0x7f,0xe7,
    0x7f,0xe7,0x7f,0xe7,0x9f,0xe7,0xbf,0xef,0xbf,0xf7,0x5f,0xd7,0x5f,0xdf,0x7f,0xdf,
    0x9f,0xe7,0xdf,0xf7,0x9f,0xe7,0x9f,0xe7,0xbf,0xf7,0xbf,0xf7,0x5f,0xd7,0xdf,0xf7,
    0xbf,0xef,0x9f,0xe7,0x7f,0xe7,0x5f,0xdf,0x9f,0xe7,0xbf,0xef,0x9f,0xef,0x9f,0xe7,
    0x7f,0xe7,0x7f,0xe7,0x7f,0xe7,0x7f,0xe7,0x7f,0xe7,0x7f,0xe7,0x7f,0xe7,0x7f,0xe7,
    0x7f,0xe7,0x7f,0xe7,0x7f,0xe7,0x7f,0xe7,0x7f,0xe7,0x7f,0xe7,0x7f,0xe7,0x7f,0xe7,
    0x7f,0xe7,0x7f,0xe7,0x7f,0xe7,0x7f,0xe7,0x7f,0xe7,0x7f,0xe7,0x7f,0xe7,0x7f,0xe7,
    0x7f,0xe7,0x7f,0xe7,0x7f,0xe7,0x7f,0xe7,0x7f,0xe7,0x7f,0xe7,0x7f,0xe7,0x9f,0xe7,
    0xbf,0xef,0xbf,0xf7,0x3f,0xd7,0x5f,0xdf,0x7f,0xdf,0x9f,0xe7,0xdf,0xf7,0x9f,0xe7,
    0x9f,0xe7,0xbf,0xf7,0xbf,0xf7,0x5f,0xdf,0xdf,0xf7,0xbf,0xef,0x9f,0xe7,0x7f,0xe7,
    0x5f,0xdf,0x7f,0xe7,0xbf,0xf7,0x9f,0xef,0x9f,0xe7,0x7f,0xe7,0x7f,0xe7,0x7f,0xe7,
    0x7f,0xe7,0x7f,0xe7,0x7f,0xe7,0x7f,0xe7,0x7f,0xe7,0x7f,0xe7,0x7f,0xe7,0x7f,0xe7,
    0x7f,0xe7,0x7f,0xe7,0x7f,0xe7,0x7f,0xe7,0x1f,0xcf,0x7f,0xe7,0x7f,0xe7,0x7f,0xe7,
    0x7f,0xe7,0x7f,0xe7,0x7f,0xe7,0x7f,0xe7,0x7f,0xe7,0x7f,0xe7,0x7f,0xe7,0x7f,0xe7,
    0x7f,0xe7,0x7f,0xe7,0x7f,0xe7,0x7f,0xe7,0x9f,0xe7,0xbf,0xef,0xbf,0xf7,0x3f,0xd7,
    0x5f,0xdf,0x7f,0xdf,0x9f,0xe7,0xdf,0xf7,0x9f,0xe7,0x9f,0xe7,0xbf,0xf7,0xbf,0xef,
    0x5f,0xdf,0xdf,0xf7,0xbf,0xef,0x9f,0xe7,0x7f,0xe7,0x5f,0xdf,0x7f,0xdf,0xbf,0xf7,
    0x9f,0xef,0x9f,0xe7,0x7f,0xe7,0x7f,0xe7,0x7f,0xe7,0x7f,0xe7,0x7f,0xe7,0x7f,0xe7,
    0x7f,0xe7,0x7f,0xe7,0x7f,0xe7,0x7f,0xe7,0x7f,0xe7,0x7f,0xe7,0x7f,0xe7,0x7f,0xe7,
    0xbf,0xbe,0x1e,0x55,0x7f,0xe7,0x7f,0xe7,0x7f,0xe7,0x7f,0xe7,0x7f,0xe7,0x7f,0xe7,
    0x7f,0xe7,0x7f,0xe7,0x7f,0xe7,0x7f,0xe7,0x7f,0xe7,0x7f,0xe7,0x7f,0xe7,0x7f,0xe7,
    0x7f,0xe7,0x9f,0xe7,0xbf,0xef,0xbf,0xf7,0x3f,0xd7,0x5f,0xdf,0x7f,0xdf,0x9f,0xe7,
    0xdf,0xf7,0x9f,0xe7,0x9f,0xe7,0xbf,0xf7,0xbf,0xf7,0x5f,0xdf,0xdf,0xf7,0xbf,0xef,
    0x9f,0xe7,0x7f,0xdf,0x5f,0xd7,0x7f,0xdf,0xbf,0xf7,0x9f,0xef,0x7f,0xe7,0x7f,0xe7,
    0x7f,0xe7,0x7f,0xe7,0x7f,0xe7,0x7f,0xe7,0x7f,0xe7,0x7f,0xe7,0x7f,0xe7,0x7f,0xe7,
    0x7f,0xe7,0x7f,0xe7,0x7f,0xe7,0x7f,0xe7,0x7f,0xe7,0xbf,0xbe,0xff,0x54,0x7f,0xe7,
    0x7f,0xe7,0x7f,0xe7,0x7f,0xe7,0x7f,0xe7,0x7f,0xe7,0x7f,0xe7,0x7f,0xe7,0x7f,0xe7,
    0x7f,0xe7,0x7f,0xe7,0x7f,0xe7,0x7f,0xe7,0x7f,0xe7,0x7f,0xe7,0x9f,0xe7,0xbf,0xef,
    0xdf,0xf7,0x3f,0xd7,0x5f,0xdf,0x7f,0xdf,0x9f,0xe7,0xdf,0xf7,0x9f,0xe7,0x9f,0xe7,
    0xbf,0xf7,0xbf,0xf7,0x5f,0xdf,0xdf,0xf7,0xbf,0xef,0x9f,0xe7,0x7f,0xdf,0x5f,0xd7,
    0x7f,0xdf,0xbf,0xf7,0x9f,0xef,0x9f,0xe7,0x7f,0xe7,0x7f,0xe7,0x7f,0xe7,0x7f,0xe7,
    0x7f,0xe7,0x7f,0xe7,0x7f,0xe7,0x7f,0xe7,0x7f,0xe7,0x7f,0xe7,0x7f,0xe7,0x7f,0xe7,
    0x7f,0xe7,0x1f,0xcf,0x7f,0xa6,0xbe,0x44,0x1f,0xcf,0x3f,0xd7,0x7f,0xe7,0x7f,0xe7,
    0x7f,0xe7,0x7f,0xe7,0x7f,0xe7,0x7f,0xe7,0x7f,0xe7,0x7f,0xe7,0x7f,0xe7,0x7f,0xe7,
    0x7f,0xe7,0x7f,0xe7,0x7f,0xe7,0x9f,0xe7,0xbf,0xef,0xdf,0xf7,0x3f,0xd7,0x5f,0xdf,
    0x7f,0xdf,0x9f,0xe7,0xdf,0xf7,0x9f,0xe7,0x9f,0xe7,0xbf,0xf7,0xbf,0xf7,0x5f,0xdf,
    0xdf,0xf7,0xbf,0xef,0x9f,0xe7,0x7f,0xdf,0x5f,0xd7,0x7f,0xdf,0xbf,0xf7,0x9f,0xef,
    0x7f,0xe7,0x7f,0xe7,0x7f,0xe7,0x7f,0xe7,0x7f,0xe7,0x7f,0xe7,0x7f,0xe7,0x7f,0xe7,
    0x7f,0xe7,0x7f,0xe7,0x7f,0xe7,0x5f,0xdf,0xff,0x8d,0xde,0x4c,0x7f,0x34,0x9e,0x3c,
    0x5e,0x34,0x9e,0x3c,0x5e,0x34,0x7e,0x75,0xbf,0xbe,0x7f,0xe7,0x7f,0xe7,0x7f,0xe7,
    0x7f,0xe7,0x7f,0xe7,0x7f,0xe7,0x7f,0xe7,0x7f,0xe7,0x7f,0xe7,0x7f,0xe7,0x7f,0xe7,
    0x9f,0xe7,0xbf,0xef,0xdf,0xf7,0x3f,0xd7,0x5f,0xdf,0x7f,0xdf,0x9f,0xe7,0xdf,0xf7,
    0x9f,0xe7,0x9f,0xe7,0xbf,0xf7,0xbf,0xf7,0x5f,0xd7,0xdf,0xf7,0xbf,0xef,0x9f,0xe7,
    0x7f,0xdf,0x5f,0xd7,0x7f,0xe7,0xbf,0xf7,0x9f,0xef,0x9f,0xe7,0x7f,0xe7,0x7f,0xe7,
    0x7f,0xe7,0x7f,0xe7,0x7f,0xe7,0x7f,0xe7,0x7f,0xe7,0x7f,0xe7,0x7f,0xe7,0xbf,0xb6,
    0xbe,0x44,0xfe,0x54,0x5f,0xa6,0x5f,0xd7,0xff,0xc6,0x1f,0x55,0x9f,0xe7,0xff,0xc6,
    0xdf,0x85,0x7e,0x3c,0xbe,0x7d,0x7f,0xdf,0x7f,0xe7,0x7f,0xe7,0x7f,0xe7,0x7f,0xe7,
    0x7f,0xe7,0x7f,0xe7,0x7f,0xe7,0x7f,0xe7,0x7f,0xe7,0x9f,0xe7,0xbf,0xef,0xdf,0xf7,
    0x3f,0xd7,0x5f,0xdf,0x7f,0xdf,0x9f,0xe7,0xdf,0xf7,0x9f,0xe7,0x9f,0xe7,0xbf,0xf7,
    0xbf,0xf7,0x5f,0xdf,0xdf,0xf7,0xbf,0xf7,0x9f,0xe7,0x7f,0xe7,0x5f,0xd7,0x7f,0xe7,
    0xdf,0xf7,0xbf,0xef,0x9f,0xe7,0x7f,0xe7,0x7f,0xe7,0x7f,0xe7,0x7f,0xe7,0x7f,0xe7,
    0x7f,0xe7,0x7f,0xe7,0x7f,0xe7,0x7f,0xae,0x7e,0x3c,0x3f,0x9e,0x9f,0xe7,0x9f,0xe7,
    0x9f,0xef,0xff,0xc6,0x1f,0x5d,0x9f,0xe7,0x9f,0xe7,0x9f,0xe7,0x1f,0xcf,0x1e,0x5d,
    0x1f,0x55,0x5f,0xdf,0x7f,0xe7,0x7f,0xe7,0x7f,0xe7,0x7f,0xe7,0x7f,0xe7,0x7f,0xe7,
    0x7f,0xe7,0x7f,0xe7,0x9f,0xef,0xbf,0xef,0xdf,0xf7,0x3f,0xd7,0x5f,0xdf,0x7f,0xdf,
    0x9f,0xe7,0xdf,0xf7,0x9f,0xe7,0x9f,0xe7,0xbf,0xf7,0xbf,0xf7,0x7f,0xdf,0xdf,0xf7,
    0xbf,0xf7,0x9f,0xe7,0x7f,0xe7,0x5f,0xdf,0x9f,0xe7,0xdf,0xf7,0xbf,0xef,0x9f,0xe7,
    0x7f,0xe7,0x7f,0xe7,0x7f,0xe7,0x7f,0xe7,0x7f,0xe7,0x7f,0xe7,0x7f,0xe7,0xdf,0xbe,
    0x9e,0x3c,0xbf,0xb6,0x9f,0xef,0x9f,0xef,0x9f,0xef,0x9f,0xef,0x5f,0xdf,0x5f,0x9e,
    0x9f,0xe7,0x9f,0xef,0x9f,0xe7,0x9f,0xe7,0x7f,0xe7,0x1f,0x5d,0x7f,0x6d,0x7f,0xe7,
    0x7f,0xe7,0x7f,0xe7,0x7f,0xe7,0x7f,0xe7,0x7f,0xe7,0x7f,0xe7,0x7f,0xe7,0x9f,0xef,
    0xbf,0xef,0xdf,0xf7,0x3f,0xd7,0x5f,0xdf,0x7f,0xdf,0x9f,0xe7,0xdf,0xf7,0x9f,0xe7,
    0x9f,0xe7,0xbf,0xf7,0xbf,0xf7,0x7f,0xdf,0xdf,0xf7,0xbf,0xf7,0x9f,0xe7,0x7f,0xe7,
    0x5f,0xdf,0x9f,0xe7,0xdf,0xf7,0xbf,0xef,0x9f,0xef,0x7f,0xe7,0x7f,0xe7,0x7f,0xe7,
    0x7f,0xe7,0x7f,0xe7,0x7f,0xe7,0x7f,0xe7,0xdf,0x44,0x3f,0x96,0x9f,0xef,0x9f,0xef,
    0x9f,0xef,0x9f,0xef,0x9f,0xef,0x9f,0xef,0x9f,0xe7,0x9f,0xef,0x9f,0xef,0x9f,0xe7,
    0x9f,0xef,0x9f,0xe7,0x3f,0xd7,0x9e,0x3c,0x7f,0xa6,0x7f,0xe7,0x7f,0xe7,0x7f,0xe7,
    0x7f,0xe7,0x7f,0xe7,0x7f,0xe7,0x7f,0xe7,0x9f,0xef,0xbf,0xef,0xdf,0xf7,0x3f,0xd7,
    0x5f,0xdf,0x7f,0xdf,0x9f,0xe7,0xdf,0xf7,0x9f,0xe7,0x9f,0xe7,0xbf,0xf7,0xbf,0xf7,
    0x7f,0xdf,0xdf,0xf7,0xbf,0xf7,0x9f,0xe7,0x7f,0xe7,0x5f,0xdf,0x9f,0xe7,0xdf,0xf7,
    0xbf,0xef,0x9f,0xef,0x7f,0xe7,0x7f,0xe7,0x7f,0xe7,0x7f,0xe7,0x7f,0xe7,0x7f,0xe7,
    0x5f,0x9e,0xdf,0x44,0x9f,0xe7,0x9f,0xef,0x9f,0xef,0x9f,0xef,0x9f,0xef,0x9f,0xe7,
    0x9f,0xef,0x9f,0xe7,0x9f,0xef,0x9f,0xef,0x9f,0xef,0x9f,0xef,0x9f,0xe7,0x9f,0xe7,
    0x1f,0x96,0xff,0x54,0x7f,0xe7,0x7f,0xe7,0x7f,0xe7,0x7f,0xe7,0x7f,0xe7,0x7f,0xe7,
    0x7f,0xe7,0x9f,0xef,0xbf,0xef,0xdf,0xf7,0x5f,0xd7,0x7f,0xdf,0x7f,0xdf,0x9f,0xe7,
    0xdf,0xf7,0x9f,0xe7,0x9f,0xe7,0xbf,0xf7,0xbf,0xf7,0x7f,0xdf,0xdf,0xf7,0xbf,0xf7,
    0x9f,0xe7,0x7f,0xe7,0x5f,0xdf,0x9f,0xe7,0xdf,0xf7,0xbf,0xef,0x9f,0xef,0x7f,0xe7,
    0x7f,0xe7,0x7f,0xe7,0x7f,0xe7,0x7f,0xe7,0x7f,0xe7,0x1e,0x5d,0x1f,0x8e,0x9f,0xe7,
    0x9f,0xef,0x9f,0xef,0x9f,0xef,0x9f,0xef,0xbf,0xb6,0x5f,0x65,0xfe,0x54,0xdf,0x85,
    0x7f,0xe7,0x9f,0xef,0x9f,0xef,0x9f,0xef,0x9f,0xe7,0x7f,0xdf,0x7e,0x34,0xdf,0xbe,
    0x7f,0xe7,0x7f,0xe7,0x7f,0xe7,0x7f,0xe7,0x7f,0xe7,0x9f,0xe7,0x9f,0xef,0xbf,0xef,
    0xdf,0xf7,0x5f,0xd7,0x7f,0xdf,0x7f,0xdf,0x9f,0xe7,0xdf,0xf7,0x9f,0xe7,0x9f,0xe7,
    0xbf,0xf7,0xbf,0xf7,0x7f,0xdf,0xdf,0xf7,0xbf,0xf7,0x9f,0xe7,0x7f,0xe7,0x5f,0xdf,
    0x9f,0xe7,0xdf,0xf7,0xbf,0xef,0x9f,0xef,0x7f,0xe7,0x7f,0xe7,0x7f,0xe7,0x7f,0xe7,
    0x7f,0xe7,0x7f,0xdf,0x7e,0x34,0x1f,0xc7,0x9f,0xe7,0x9f,0xef,0x9f,0xef,0x9f,0xef,
    0xbf,0xbe,0x7e,0x34,0x1f,0x8e,0x7f,0xa6,0x3f,0x65,0x1f,0x5d,0x7f,0xe7,0x9f,0xef,
    0x9f,0xef,0x9f,0xe7,0x9f,0xe7,0x3f,0x65,0x3f,0x9e,0x9f,0xe7,0x7f,0xe7,0x7f,0xe7,
    0x7f,0xe7,0x7f,0xe7,0x9f,0xe7,0x9f,0xef,0xbf,0xef,0xdf,0xf7,0x5f,0xd7,0x5f,0xdf,
    0x7f,0xdf,0x9f,0xe7,0xdf,0xf7,0x9f,0xe7,0x9f,0xe7,0xbf,0xf7,0xbf,0xf7,0x7f,0xdf,
    0xdf,0xf7,0xbf,0xef,0x9f,0xe7,0x9f,0xe7,0x5f,0xdf,0x9f,0xe7,0xdf,0xf7,0xbf,0xef,
    0x9f,0xef,0x9f,0xe7,0x7f,0xe7,0x7f,0xe7,0xff,0xc6,0xdf,0xbe,0x7f,0xae,0x7e,0x2c,
    0xff,0xc6,0xdf,0xbe,0x5f,0xdf,0x9f,0xef,0x9f,0xef,0x1e,0x5d,0x1f,0x96,0x9f,0xe7,
    0x9f,0xef,0x7f,0xe7,0xbe,0x44,0x9f,0xb6,0x9f,0xef,0x9f,0xef,0xff,0xc6,0xdf,0xbe,
    0x9f,0x75,0x5e,0x6d,0xdf,0xbe,0xdf,0xbe,0x5f,0xdf,0x7f,0xe7,0x9f,0xe7,0x9f,0xe7,
    0x9f,0xef,0xbf,0xef,0xdf,0xf7,0x5f,0xd7,0x5f,0xdf,0x7f,0xe7,0x9f,0xe7,0xdf,0xf7,
    0x9f,0xe7,0x9f,0xe7,0xbf,0xf7,0xbf,0xf7,0x7f,0xdf,0xdf,0xf7,0xbf,0xef,0x9f,0xe7,
    0x9f,0xe7,0x5f,0xdf,0x9f,0xe7,0xbf,0xf7,0xbf,0xef,0x9f,0xef,0x7f,0xe7,0x7f,0xe7,
    0x7f,0xe7,0x1e,0x5d,0xde,0x4c,0xde,0x4c,0x5e,0x2c,0xfe,0x54,0xde,0x4c,0x3f,0x9e,
    0x9f,0xef,0x9f,0xef,0x9e,0x3c,0xdf,0xbe,0x9f,0xe7,0x9f,0xef,0x9f,0xe7,0x5f,0x65,
    0x3f,0x9e,0x9f,0xef,0x5f,0xdf,0xfe,0x4c,0xde,0x4c,0x9e,0x3c,0x7e,0x34,0xde,0x4c,
    0xde,0x4c,0x7f,0xae,0x7f,0xe7,0x9f,0xe7,0x9f,0xe7,0x9f,0xef,0xbf,0xef,0xdf,0xf7,
    0x3f,0xd7,0x7f,0xdf,0x7f,0xe7,0x9f,0xe7,0xdf,0xf7,0x9f,0xe7,0x9f,0xe7,0xbf,0xf7,
    0xbf,0xf7,0x7f,0xdf,0xdf,0xf7,0xbf,0xf7,0x9f,0xe7,0x9f,0xe7,0x5f,0xdf,0x9f,0xe7,
    0xdf,0xf7,0xbf,0xef,0x9f,0xef,0x7f,0xe7,0x7f,0xe7,0x7f,0xe7,0x7f,0xe7,0x9f,0xe7,
    0x3f,0xd7,0x5e,0x2c,0x5f,0xdf,0x9f,0xef,0x9f,0xef,0x9f,0xef,0x9f,0xef,0x7f,0x75,
    0xbf,0x7d,0x9f,0xe7,0x9f,0xe7,0xff,0xc6,0x7e,0x34,0xff,0xc6,0x9f,0xef,0x9f,0xe7,
    0x9f,0xe7,0x9f,0xe7,0xbf,0x7d,0xdf,0x85,0x7f,0xe7,0x7f,0xe7,0x7f,0xe7,0x7f,0xe7,
    0x9f,0xe7,0x9f,0xe7,0x9f,0xef,0xbf,0xef,0xdf,0xf7,0x3f,0xd7,0x7f,0xdf,0x7f,0xe7,
    0x9f,0xe7,0xdf,0xf7,0x9f,0xe7,0x7f,0xe7,0xbf,0xf7,0xbf,0xf7,0x7f,0xdf,0xdf,0xf7,
    0xbf,0xef,0x9f,0xe7,0x9f,0xe7,0x7f,0xdf,0x9f,0xe7,0xdf,0xf7,0xbf,0xef,0x9f,0xef,
    0x7f,0xe7,0x7f,0xe7,0x7f,0xe7,0x7f,0xe7,0x9f,0xe7,0x7f,0xe7,0xbe,0x44,0x9f,0xae,
    0x9f,0xef,0x9f,0xef,0x9f,0xef,0x9f,0xef,0x3f,0xd7,0x9e,0x44,0x3e,0x65,0x9f,0x75,
    0x7e,0x3c,0xbf,0x7d,0x9f,0xef,0x9f,0xe7,0x9f,0xef,0x9f,0xe7,0x7f,0xe7,0xde,0x4c,
    0x7f,0xa6,0x7f,0xe7,0x7f,0xe7,0x7f,0xe7,0x7f,0xe7,0x7f,0xe7,0x9f,0xe7,0x9f,0xef,
    0xbf,0xef,0xdf,0xf7,0x3f,0xd7,0x5f,0xdf,0x7f,0xdf,0x9f,0xe7,0xdf,0xf7,0x9f,0xe7,
    0x7f,0xe7,0xbf,0xf7,0xbf,0xf7,0x5f,0xdf,0xdf,0xf7,0xbf,0xf7,0x9f,0xe7,0x9f,0xe7,
    0x5f,0xdf,0x9f,0xe7,0xbf,0xf7,0xbf,0xef,0x9f,0xef,0x7f,0xe7,0x7f,0xe7,0x7f,0xe7,
    0x7f,0xe7,0x7f,0xe7,0x7f,0xe7,0x9f,0x75,0x5f,0x65,0x9f,0xef,0x9f,0xef,0x9f,0xef,
    0x9f,0xef,0x9f,0xe7,0x5f,0xdf,0x3f,0x9e,0xff,0x85,0xbf,0xb6,0x9f,0xe7,0x9f,0xef,
    0x9f,0xe7,0x9f,0xe7,0x7f,0xe7,0xff,0xc6,0x7e,0x34,0x3f,0xd7,0x7f,0xe7,0x7f,0xe7,
    0x7f,0xe7,0x7f,0xe7,0x7f,0xe7,0x9f,0xe7,0x9f,0xef,0xbf,0xef,0xdf,0xf7,0x3f,0xd7,
    0x5f,0xdf,0x7f,0xdf,0x9f,0xe7,0xdf,0xf7,0x9f,0xe7,0x9f,0xe7,0xbf,0xf7,0xbf,0xef,
    0x5f,0xd7,0xdf,0xf7,0xbf,0xf7,0x9f,0xe7,0x9f,0xe7,0x5f,0xdf,0x9f,0xe7,0xdf,0xf7,
    0x9f,0xef,0x9f,0xe7,0x7f,0xe7,0x7f,0xe7,0x7f,0xe7,0x7f,0xe7,0x7f,0xe7,0x7f,0xe7,
    0xff,0xc6,0x5e,0x2c,0x1f,0xcf,0x9f,0xe7,0x9f,0xef,0x9f,0xef,0x9f,0xe7,0x9f,0xe7,
    0x9f,0xef,0x9f,0xe7,0x9f,0xef,0x9f,0xe7,0x9f,0xe7,0x9f,0xe7,0x9f,0xe7,0x7f,0xe7,
    0x5f,0x65,0x9f,0x75,0x7f,0xe7,0x7f,0xe7,0x7f,0xe7,0x7f,0xe7,0x7f,0xe7,0x7f,0xe7,
    0x7f,0xe7,0x9f,0xef,0xbf,0xef,0xdf,0xf7,0x3f,0xd7,0x5f,0xdf,0x7f,0xdf,0x9f,0xe7,
    0xdf,0xf7,0x9f,0xe7,0x9f,0xe7,0xbf,0xf7,0xbf,0xf7,0x5f,0xd7,0xdf,0xf7,0xbf,0xef,
    0x9f,0xe7,0x7f,0xe7,0x5f,0xdf,0x9f,0xe7,0xdf,0xf7,0x9f,0xef,0x9f,0xe7,0x7f,0xe7,
    0x7f,0xe7,0x7f,0xe7,0x7f,0xe7,0x7f,0xe7,0x7f,0xe7,0x7f,0xe7,0x9f,0x75,0x1f,0x55,
    0x7f,0xe7,0x9f,0xe7,0x9f,0xe7,0x9f,0xe7,0x9f,0xe7,0x9f,0xe7,0x7f,0xe7,0x9f,0xe7,
    0x9f,0xe7,0x9f,0xe7,0x9f,0xe7,0x7f,0xe7,0x5f,0xa6,0x7e,0x34,0x3f,0xd7,0x7f,0xe7,
    0x7f,0xe7,0x7f,0xe7,0x7f,0xe7,0x7f,0xe7,0x7f,0xe7,0x7f,0xe7,0x9f,0xef,0xbf,0xef,
    0xdf,0xf7,0x3f,0xd7,0x5f,0xdf,0x7f,0xdf,0x9f,0xe7,0xdf,0xf7,0x9f,0xe7,0x9f,0xe7,
    0xbf,0xf7,0xbf,0xf7,0x5f,0xd7,0xdf,0xf7,0xbf,0xef,0x9f,0xe7,0x7f,0xdf,0x5f,0xd7,
    0x9f,0xe7,0xbf,0xf7,0x9f,0xef,0x7f,0xe7,0x7f,0xe7,0x7f,0xe7,0x7f,0xe7,0x7f,0xe7,
    0x7f,0xe7,0x7f,0xe7,0x7f,0xe7,0x5f,0xdf,0xfe,0x4c,0x7f,0x6d,0x7f,0xe7,0x9f,0xe7,
    0x9f,0xe7,0x9f,0xe7,0xdf,0xc6,0x1e,0x5d,0x7f,0xe7,0x9f,0xe7,0x9f,0xe7,0x7f,0xe7,
    0x9f,0xae,0x7e,0x34,0x7f,0xae,0x7f,0xe7,0x7f,0xe7,0x7f,0xe7,0x7f,0xe7,0x7f,0xe7,
    0x7f,0xe7,0x7f,0xe7,0x7f,0xe7,0x9f,0xef,0xbf,0xef,0xdf,0xf7,0x3f,0xd7,0x5f,0xdf,
    0x7f,0xdf,0x9f,0xe7,0xdf,0xf7,0x9f,0xe7,0x9f,0xe7,0xbf,0xf7,0xbf,0xf7,0x5f,0xd7,
    0xdf,0xf7,0xbf,0xef,0x9f,0xe7,0x7f,0xdf,0x3f,0xd7,0x7f,0xe7,0xbf,0xf7,0x9f,0xef,
    0x7f,0xe7,0x7f,0xe7,0x7f,0xe7,0x7f,0xe7,0x7f,0xe7,0x7f,0xe7,0x7f,0xe7,0x7f,0xe7,
    0x7f,0xe7,0x3f,0xd7,0xfe,0x54,0x1e,0x5d,0xff,0xc6,0x7f,0xe7,0x9f,0xe7,0xdf,0xbe,
    0xde,0x4c,0x7f,0xe7,0x9f,0xe7,0x5f,0xdf,0xbf,0x85,0x5e,0x34,0x5f,0xa6,0x7f,0xe7,
    0x7f,0xe7,0x7f,0xe7,0x7f,0xe7,0x7f,0xe7,0x7f,0xe7,0x7f,0xe7,0x7f,0xe7,0x7f,0xe7,
    0x9f,0xef,0xbf,0xef,0xdf,0xf7,0x3f,0xd7,0x5f,0xdf,0x7f,0xdf,0x9f,0xe7,0xdf,0xf7,
    0x9f,0xe7,0x9f,0xe7,0xbf,0xf7,0xbf,0xf7,0x5f,0xd7,0xdf,0xf7,0xbf,0xef,0x7f,0xe7,
    0x7f,0xdf,0x3f,0xd7,0x7f,0xe7,0xbf,0xf7,0x9f,0xef,0x7f,0xe7,0x7f,0xe7,0x7f,0xe7,
    0x7f,0xe7,0x7f,0xe7,0x7f,0xe7,0x7f,0xe7,0x7f,0xe7,0x7f,0xe7,0x7f,0xe7,0x5f,0xdf,
    0xdf,0x85,0x9e,0x3c,0x1e,0x5d,0x3f,0x96,0x1f,0x96,0xde,0x4c,0x5f,0xa6,0x9f,0x7d,
    0x9e,0x3c,0xde,0x54,0xdf,0xbe,0x7f,0xe7,0x7f,0xe7,0x7f,0xe7,0x7f,0xe7,0x7f,0xe7,
    0x7f,0xe7,0x7f,0xe7,0x7f,0xe7,0x7f,0xe7,0x7f,0xe7,0x9f,0xe7,0xbf,0xef,0xdf,0xf7,
    0x3f,0xd7,0x5f,0xdf,0x7f,0xdf,0x9f,0xe7,0xdf,0xf7,0x9f,0xe7,0x9f,0xe7,0xbf,0xf7,
    0xbf,0xf7,0x5f,0xd7,0xdf,0xf7,0xbf,0xef,0x7f,0xe7,0x7f,0xdf,0x3f,0xd7,0x7f,0xe7,
    0xbf,0xef,0x9f,0xef,0x7f,0xe7,0x7f,0xe7,0x7f,0xe7,0x7f,0xe7,0x7f,0xe7,0x7f,0xe7,
    0x7f,0xe7,0x7f,0xe7,0x7f,0xe7,0x7f,0xe7,0x7f,0xe7,0x7f,0xe7,0x1f,0xd7,0x1f,0x96,
    0x1e,0x5d,0xbe,0x4c,0x7e,0x34,0xfe,0x54,0x7e,0x75,0x9f,0xb6,0x7f,0xdf,0x7f,0xe7,
    0x7f,0xe7,0x7f,0xe7,0x7f,0xe7,0x7f,0xe7,0x7f,0xe7,0x7f,0xe7,0x7f,0xe7,0x7f,0xe7,
    0x7f,0xe7,0x7f,0xe7,0x9f,0xe7,0xbf,0xef,0xdf,0xf7,0x3f,0xd7,0x5f,0xdf,0x7f,0xdf,
    0x9f,0xe7,0xdf,0xf7,0x9f,0xe7,0x9f,0xe7,0xbf,0xf7,0xbf,0xf7,0x5f,0xd7,0xdf,0xf7,
    0xbf,0xef,0x7f,0xe7,0x7f,0xdf,0x3f,0xd7,0x7f,0xdf,0xbf,0xef,0x9f,0xe7,0x7f,0xe7,
    0x7f,0xe7,0x7f,0xdf,0x7f,0xdf,0x7f,0xe7,0x7f,0xe7,0x7f,0xe7,0x7f,0xe7,0x7f,0xe7,
    0x7f,0xe7,0x7f,0xe7,0x7f,0xe7,0x7f,0xe7,0x7f,0xe7,0x7f,0xe7,0xbf,0xbe,0xde,0x4c,
    0x7f,0xe7,0x7f,0xe7,0x7f,0xe7,0x7f,0xe7,0x7f,0xe7,0x7f,0xe7,0x7f,0xe7,0x7f,0xe7,
    0x7f,0xe7,0x7f,0xe7,0x7f,0xe7,0x7f,0xe7,0x7f,0xe7,0x7f,0xe7,0x7f,0xe7,0x9f,0xe7,
    0xbf,0xef,0xdf,0xf7,0x3f,0xd7,0x5f,0xdf,0x7f,0xdf,0x9f,0xe7,0xdf,0xf7,0x9f,0xe7,
    0x9f,0xe7,0xbf,0xf7,0xbf,0xf7,0x5f,0xd7,0xdf,0xf7,0xbf,0xef,0x7f,0xe7,0x7f,0xdf,
    0x3f,0xd7,0x7f,0xdf,0xbf,0xef,0x9f,0xe7,0x7f,0xe7,0x5f,0xdf,0x5f,0xdf,0x5f,0xdf,
    0x5f,0xdf,0x5f,0xdf,0x7f,0xe7,0x7f,0xe7,0x7f,0xe7,0x7f,0xe7,0x7f,0xe7,0x7f,0xe7,
    0x7f,0xe7,0x7f,0xe7,0x7f,0xe7,0xbf,0xbe,0xff,0x54,0x7f,0xe7,0x7f,0xe7,0x7f,0xe7,
    0x7f,0xe7,0x7f,0xe7,0x7f,0xe7,0x7f,0xe7,0x7f,0xe7,0x7f,0xe7,0x7f,0xe7,0x7f,0xe7,
    0x7f,0xe7,0x7f,0xdf,0x7f,0xe7,0x7f,0xe7,0x9f,0xe7,0xbf,0xef,0xdf,0xf7,0x3f,0xd7,
    0x5f,0xdf,0x7f,0xdf,0x9f,0xe7,0xdf,0xf7,0x9f,0xe7,0x9f,0xe7,0xbf,0xf7,0xbf,0xf7,
    0x5f,0xd7,0xdf,0xf7,0xbf,0xef,0x9f,0xe7,0x7f,0xdf,0x3f,0xd7,0x7f,0xdf,0xbf,0xef,
    0x9f,0xe7,0x7f,0xe7,0x5f,0xdf,0x5f,0xdf,0x5f,0xdf,0x5f,0xdf,0x5f,0xdf,0x5f,0xdf,
    0x5f,0xdf,0x7f,0xe7,0x7f,0xe7,0x7f,0xe7,0x7f,0xe7,0x7f,0xe7,0x7f,0xe7,0x7f,0xe7,
    0x3f,0xd7,0x5f,0xa6,0x7f,0xe7,0x7f,0xe7,0x7f,0xe7,0x7f,0xe7,0x7f,0xe7,0x7f,0xe7,
    0x7f,0xe7,0x7f,0xe7,0x7f,0xe7,0x7f,0xe7,0x7f,0xe7,0x7f,0xe7,0x7f,0xe7,0x7f,0xe7,
    0x7f,0xe7,0x9f,0xe7,0xbf,0xef,0xdf,0xf7,0x3f,0xd7,0x5f,0xdf,0x7f,0xdf,0x9f,0xe7,
    0xdf,0xf7,0x9f,0xe7,0x9f,0xe7,0xbf,0xf7,0xbf,0xf7,0x5f,0xd7,0xdf,0xf7,0xbf,0xef,
    0x9f,0xe7,0x7f,0xdf,0x3f,0xd7,0x7f,0xdf,0xbf,0xef,0x9f,0xe7,0x7f,0xe7,0x5f,0xdf,
    0x5f,0xdf,0x5f,0xdf,0x5f,0xdf,0x5f,0xdf,0x5f,0xdf,0x5f,0xdf,0x5f,0xdf,0x7f,0xe7,
    0x7f,0xe7,0x7f,0xe7,0x7f,0xe7,0x7f,0xe7,0x7f,0xe7,0x7f,0xe7,0x7f,0xe7,0x7f,0xe7,
    0x7f,0xe7,0x7f,0xe7,0x7f,0xe7,0x7f,0xe7,0x7f,0xe7,0x7f,0xe7,0x7f,0xe7,0x7f,0xe7,
    0x7f,0xe7,0x7f,0xdf,0x7f,0xdf,0x5f,0xdf,0x7f,0xe7,0x7f,0xe7,0x9f,0xe7,0xbf,0xef,
    0xdf,0xf7,0x3f,0xd7,0x5f,0xdf,0x7f,0xdf,0x9f,0xe7,0xdf,0xf7,0x9f,0xe7,0x9f,0xe7,
    0xbf,0xf7,0xbf,0xf7,0x5f,0xd7,0xdf,0xf7,0xbf,0xef,0x9f,0xe7,0x7f,0xdf,0x3f,0xd7,
    0x7f,0xe7,0xbf,0xef,0x9f,0xef,0x7f,0xe7,0x5f,0xe7,0x5f,0xdf,0x5f,0xdf,0x5f,0xdf,
    0x5f,0xdf,0x5f,0xdf,0x5f,0xdf,0x5f,0xdf,0x7f,0xe7,0x7f,0xe7,0x7f,0xe7,0x7f,0xe7,
    0x7f,0xe7,0x7f,0xe7,0x7f,0xe7,0x7f,0xe7,0x7f,0xe7,0x7f,0xe7,0x7f,0xe7,0x7f,0xe7,
    0x5f,0xdf,0x5f,0xdf,0x7f,0xdf,0x5f,0xdf,0x5f,0xdf,0x5f,0xdf,0x7f,0xdf,0x5f,0xdf,
    0x5f,0xdf,0x7f,0xe7,0x7f,0xe7,0x9f,0xe7,0xbf,0xef,0xdf,0xf7,0x3f,0xd7,0x5f,0xdf,
    0x7f,0xdf,0x9f,0xe7,0xdf,0xf7,0x9f,0xe7,0x9f,0xe7,0xbf,0xf7,0xbf,0xf7,0x5f,0xd7,
    0xdf,0xf7,0xbf,0xef,0x9f,0xe7,0x7f,0xdf,0x5f,0xd7,0x9f,0xe7,0xbf,0xef,0x9f,0xef,
    0x7f,0xe7,0x7f,0xe7,0x5f,0xdf,0x5f,0xdf,0x5f,0xdf,0x5f,0xdf,0x5f,0xdf,0x5f,0xdf,
    0x7f,0xdf,0x5f,0xdf,0x5f,0xdf,0x5f,0xdf,0x7f,0xe7,0x7f,0xe7,0x7f,0xe7,0x7f,0xe7,
    0x7f,0xe7,0x7f,0xe7,0x7f,0xe7,0x7f,0xe7,0x7f,0xe7,0x5f,0xe7,0x5f,0xdf,0x5f,0xdf,
    0x5f,0xdf,0x5f,0xdf,0x5f,0xdf,0x5f,0xdf,0x5f,0xdf,0x5f,0xdf,0x5f,0xdf,0x7f,0xe7,
    0x9f,0xe7,0xbf,0xef,0xdf,0xf7,0x5f,0xd7,0x5f,0xdf,0x7f,0xdf,0x9f,0xe7,0xdf,0xf7,
    0x9f,0xe7,0x9f,0xe7,0xbf,0xf7,0xbf,0xf7,0x5f,0xd7,0xdf,0xf7,0xbf,0xef,0x9f,0xe7,
    0x7f,0xe7,0x5f,0xdf,0x9f,0xe7,0xbf,0xf7,0x9f,0xef,0x7f,0xe7,0x7f,0xe7,0x5f,0xdf,
    0x5f,0xdf,0x5f,0xdf,0x5f,0xdf,0x5f,0xdf,0x5f,0xdf,0x5f,0xdf,0x7f,0xdf,0x5f,0xdf,
    0x5f,0xe7,0x7f,0xe7,0x7f,0xe7,0x7f,0xe7,0x7f,0xe7,0x7f,0xe7,0x7f,0xe7,0x7f,0xe7,
    0x7f,0xe7,0x7f,0xe7,0x5f,0xdf,0x7f,0xe7,0x5f,0xdf,0x7f,0xdf,0x5f,0xdf,0x7f,0xdf,
    0x5f,0xdf,0x5f,0xdf,0x5f,0xdf,0x5f,0xdf,0x7f,0xe7,0x9f,0xe7,0xbf,0xef,0xdf,0xf7,
    0x5f,0xd7,0x7f,0xdf,0x7f,0xe7,0x9f,0xe7,0xdf,0xf7,0x9f,0xe7,0x9f,0xe7,0xbf,0xf7,
    0xbf,0xf7,0x5f,0xd7,0xdf,0xf7,0xbf,0xef,0x9f,0xe7,0x7f,0xe7,0x5f,0xdf,0x7f,0xdf,
    0xdf,0xf7,0x9f,0xef,0x7f,0xe7,0x7f,0xe7,0x5f,0xe7,0x5f,0xdf,0x5f,0xdf,0x5f,0xdf,
    0x5f,0xdf,0x5f,0xdf,0x5f,0xdf,0x7f,0xdf,0x7f,0xe7,0x7f,0xe7,0x5f,0xe7,0x7f,0xe7,
    0x7f,0xe7,0x7f,0xe7,0x7f,0xe7,0x7f,0xe7,0x7f,0xe7,0x7f,0xe7,0x7f,0xe7,0x5f,0xdf,
    0x5f,0xdf,0x5f,0xdf,0x7f,0xdf,0x7f,0xdf,0x7f,0xe7,0x7f,0xdf,0x5f,0xdf,0x5f,0xdf,
    0x7f,0xe7,0x7f,0xe7,0x9f,0xef,0xbf,0xf7,0xbf,0xef,0x5f,0xd7,0x7f,0xdf,0x7f,0xe7,
    0x9f,0xe7,0xdf,0xf7,0x9f,0xe7,0x9f,0xe7,0xbf,0xf7,0xbf,0xf7,0x5f,0xd7,0xdf,0xf7,
    0xbf,0xef,0x9f,0xe7,0x7f,0xe7,0x7f,0xdf,0x5f,0xd7,0xdf,0xf7,0xbf,0xef,0x9f,0xef,
    0x7f,0xe7,0x7f,0xe7,0x5f,0xdf,0x5f,0xdf,0x5f,0xdf,0x5f,0xdf,0x7f,0xe7,0x7f,0xe7,
    0x7f,0xe7,0x7f,0xe7,0x7f,0xe7,0x7f,0xe7,0x7f,0xe7,0x7f,0xe7,0x7f,0xe7,0x7f,0xe7,
    0x7f,0xe7,0x7f,0xe7,0x7f,0xe7,0x7f,0xe7,0x7f,0xdf,0x5f,0xdf,0x5f,0xdf,0x7f,0xdf,
    0x7f,0xdf,0x7f,0xdf,0x7f,0xdf,0x7f,0xdf,0x7f,0xe7,0x7f,0xe7,0x9f,0xe7,0xbf,0xef,
    0xdf,0xf7,0x9f,0xe7,0x5f,0xd7,0x7f,0xdf,0x7f,0xe7,0x9f,0xe7,0xdf,0xf7,0x9f,0xe7,
    0x9f,0xe7,0xbf,0xf7,0xbf,0xf7,0x5f,0xd7,0xdf,0xf7,0xbf,0xef,0x9f,0xe7,0x7f,0xe7,
    0x7f,0xdf,0x5f,0xd7,0x9f,0xe7,0xdf,0xf7,0xbf,0xef,0x9f,0xef,0x7f,0xe7,0x7f,0xe7,
    0x7f,0xe7,0x7f,0xe7,0x7f,0xe7,0x7f,0xe7,0x7f,0xe7,0x7f,0xe7,0x7f,0xe7,0x7f,0xe7,
    0x7f,0xe7,0x7f,0xe7,0x7f,0xe7,0x7f,0xe7,0x7f,0xe7,0x7f,0xe7,0x7f,0xe7,0x7f,0xe7,
    0x7f,0xe7,0x7f,0xe7,0x7f,0xe7,0x7f,0xe7,0x7f,0xe7,0x7f,0xe7,0x7f,0xe7,0x7f,0xe7,
    0x7f,0xe7,0x7f,0xe7,0x9f,0xe7,0x9f,0xef,0xbf,0xf7,0xdf,0xf7,0x5f,0xd7,0x5f,0xdf,
    0x7f,0xdf,0x9f,0xe7,0x9f,0xe7,0xdf,0xf7,0x9f,0xe7,0x9f,0xe7,0xbf,0xf7,0xbf,0xf7,
    0x5f,0xd7,0xdf,0xf7,0xbf,0xef,0x9f,0xe7,0x9f,0xe7,0x7f,0xdf,0x5f,0xdf,0x5f,0xd7,
    0xdf,0xf7,0xbf,0xf7,0xbf,0xef,0x9f,0xef,0x9f,0xe7,0x7f,0xe7,0x7f,0xe7,0x7f,0xe7,
    0x7f,0xe7,0x7f,0xe7,0x7f,0xe7,0x7f,0xe7,0x7f,0xe7,0x7f,0xe7,0x7f,0xe7,0x7f,0xe7,
    0x7f,0xe7,0x7f,0xe7,0x7f,0xe7,0x7f,0xe7,0x7f,0xe7,0x7f,0xe7,0x7f,0xe7,0x7f,0xe7,
    0x7f,0xe7,0x7f,0xe7,0x7f,0xe7,0x7f,0xe7,0x7f,0xe7,0x7f,0xe7,0x9f,0xe7,0x9f,0xef,
    0xbf,0xef,0xdf,0xf7,0x9f,0xe7,0x5f,0xd7,0x5f,0xdf,0x7f,0xdf,0x9f,0xe7,0x9f,0xef,
    0xdf,0xf7,0x9f,0xe7,0x9f,0xe7,0xbf,0xf7,0xbf,0xf7,0x5f,0xd7,0xdf,0xf7,0xbf,0xef,
    0x9f,0xef,0x9f,0xe7,0x7f,0xe7,0x5f,0xdf,0x5f,0xd7,0x5f,0xd7,0xbf,0xef,0xbf,0xf7,
    0xbf,0xef,0xbf,0xef,0x9f,0xef,0x9f,0xef,0x9f,0xef,0x9f,0xef,0x9f,0xef,0x9f,0xef,
    0x9f,0xef,0x9f,0xef,0x9f,0xef,0x9f,0xef,0x9f,0xef,0x9f,0xef,0x9f,0xef,0x9f,0xef,
    0x9f,0xef,0x9f,0xef,0x9f,0xef,0x9f,0xef,0x9f,0xef,0x9f,0xef,0x9f,0xef,0x9f,0xef,
    0x9f,0xef,0x9f,0xef,0x9f,0xef,0xbf,0xef,0xbf,0xef,0xdf,0xf7,0x9f,0xe7,0x5f,0xd7,
    0x5f,0xd7,0x7f,0xdf,0x7f,0xe7,0x9f,0xe7,0x9f,0xef,0xdf,0xf7,0x9f,0xe7,0x9f,0xe7,
    0xbf,0xf7,0xbf,0xf7,0x5f,0xdf,0xdf,0xf7,0xbf,0xef,0x9f,0xe7,0x9f,0xe7,0x7f,0xe7,
    0x7f,0xdf,0x5f,0xd7,0x3f,0xd7,0x3f,0xcf,0x5f,0xd7,0xbf,0xef,0xbf,0xef,0xbf,0xef,
    0xbf,0xef,0xbf,0xef,0xbf,0xef,0xbf,0xef,0xbf,0xef,0xbf,0xef,0xbf,0xef,0xbf,0xef,
    0xbf,0xef,0xbf,0xef,0xbf,0xef,0xbf,0xf7,0xbf,0xf7,0xbf,0xef,0xbf,0xef,0xbf,0xef,
    0xbf,0xef,0xbf,0xef,0xbf,0xef,0xbf,0xef,0xbf,0xef,0xbf,0xef,0xbf,0xef,0x9f,0xef,
    0xbf,0xef,0x7f,0xdf,0x7f,0xdf,0x3f,0xcf,0x3f,0xd7,0x5f,0xdf,0x7f,0xdf,0x9f,0xe7,
    0x9f,0xe7,0x9f,0xef,0xdf,0xf7,0x9f,0xe7,0x9f,0xe7,0xbf,0xf7,0xbf,0xf7,0x5f,0xd7,
    0xdf,0xf7,0xbf,0xef,0x9f,0xe7,0x9f,0xe7,0x7f,0xe7,0x7f,0xdf,0x5f,0xdf,0x3f,0xd7,
    0x3f,0xcf,0x1f,0xcf,0x1f,0xcf,0x1f,0xcf,0x1f,0xcf,0x1f,0xcf,0x1f,0xcf,0x1f,0xcf,
    0x3f,0xcf,0x3f,0xcf,0x3f,0xcf,0x3f,0xcf,0x3f,0xcf,0x3f,0xcf,0x3f,0xcf,0x1f,0xcf,
    0x1f,0xcf,0x1f,0xcf,0x1f,0xcf,0x1f,0xcf,0x1f,0xcf,0x1f,0xcf,0x1f,0xcf,0x1f,0xcf,
    0x3f,0xcf,0x3f,0xcf,0x3f,0xcf,0x1f,0xcf,0x1f,0xc7,0x1f,0xc7,0x1f,0xc7,0x1f,0xcf,
    0x1f,0xcf,0x3f,0xd7,0x5f,0xdf,0x7f,0xdf,0x9f,0xe7,0x9f,0xe7,0x9f,0xef,0xdf,0xf7,
    0x9f,0xe7,0x7f,0xe7,0xbf,0xf7,0xbf,0xf7,0x5f,0xdf,0xdf,0xf7,0xbf,0xef,0x9f,0xe7,
    0x9f,0xe7,0x9f,0xe7,0x7f,0xe7,0x5f,0xdf,0x5f,0xdf,0x3f,0xd7,0x1f,0xcf,0x1f,0xcf,
    0xff,0xc6,0xff,0xc6,0xff,0xc6,0xfe,0xc6,0xff,0xc6,0xff,0xc6,0xff,0xc6,0xfe,0xc6,
    0xfe,0xc6,0xde,0xc6,0xde,0xbe,0xde,0xbe,0xde,0xbe,0xde,0xbe,0xde,0xbe,0xde,0xbe,
    0xde,0xbe,0xde,0xbe,0xde,0xbe,0xde,0xc6,0xde,0xc6,0xfe,0xc6,0xfe,0xc6,0xfe,0xc6,
    0xfe,0xc6,0xde,0xc6,0xfe,0xc6,0xfe,0xc6,0x1f,0xcf,0x3f,0xd7,0x5f,0xd7,0x7f,0xdf,
    0x7f,0xdf,0x9f,0xe7,0x9f,0xe7,0x9f,0xe7,0xdf,0xf7,0x9f,0xe7,0x7f,0xe7,0xbf,0xf7,
    0xbf,0xf7,0x5f,0xdf,0xdf,0xf7,0xbf,0xef,0x9f,0xe7,0x9f,0xe7,0x9f,0xe7,0x9f,0xe7,
    0x7f,0xe7,0x7f,0xdf,0x5f,0xdf,0x3f,0xd7,0x3f,0xcf,0x1f,0xcf,0x1f,0xcf,0x1f,0xcf,
    0x1f,0xcf,0x1f,0xcf,0x1f,0xcf,0x1f,0xcf,0x1f,0xcf,0xff,0xce,0xff,0xc6,0xff,0xc6,
    0xfe,0xc6,0xfe,0xc6,0xff,0xc6,0xff,0xc6,0xfe,0xc6,0xfe,0xc6,0xfe,0xc6,0xff,0xc6,
    0xff,0xc6,0xfe,0xc6,0xfe,0xc6,0xfe,0xc6,0xfe,0xc6,0xfe,0xc6,0xfe,0xc6,0x1f,0xcf,
    0x1f,0xcf,0x3f,0xd7,0x5f,0xd7,0x5f,0xdf,0x7f,0xdf,0x7f,0xdf,0x7f,0xe7,0x7f,0xe7,
    0x9f,0xe7,0xdf,0xf7,0x9f,0xe7,0x7f,0xe7,0xbf,0xf7,0xbf,0xf7,0x5f,0xdf,0xdf,0xf7,
    0xbf,0xef,0x9f,0xe7,0x9f,0xe7,0x9f,0xe7,0x9f,0xe7,0x9f,0xe7,0x9f,0xe7,0x7f,0xdf,
    0x5f,0xdf,0x5f,0xd7,0x5f,0xd7,0x3f,0xd7,0x3f,0xd7,0x3f,0xd7,0x3f,0xd7,0x3f,0xd7,
    0x3f,0xd7,0x3f,0xd7,0x3f,0xd7,0x3f,0xcf,0x3f,0xcf,0x1f,0xcf,0x1f,0xcf,0x3f,0xcf,
    0x1f,0xcf,0x1f,0xcf,0x1f,0xcf,0x3f,0xcf,0x3f,0xcf,0x3f,0xcf,0x3f,0xcf,0x3f,0xcf,
    0x3f,0xcf,0x3f,0xcf,0x3f,0xd7,0x3f,0xd7,0x3f,0xd7,0x3f,0xd7,0x5f,0xd7,0x5f,0xdf,
    0x7f,0xdf,0x7f,0xdf,0x7f,0xdf,0x7f,0xdf,0x7f,0xe7,0x9f,0xe7,0xdf,0xf7,0x9f,0xe7,
    0x7f,0xe7,0xbf,0xf7,0xbf,0xf7,0x5f,0xdf,0xdf,0xf7,0xbf,0xef,0x9f,0xe7,0x9f,0xe7,
    0x9f,0xe7,0x9f,0xe7,0x9f,0xe7,0x9f,0xe7,0x9f,0xe7,0x7f,0xe7,0x7f,0xdf,0x7f,0xdf,
    0x7f,0xdf,0x7f,0xdf,0x5f,0xdf,0x5f,0xdf,0x5f,0xdf,0x5f,0xdf,0x5f,0xdf,0x5f,0xdf,
    0x5f,0xd7,0x5f,0xd7,0x5f,0xd7,0x5f,0xd7,0x5f,0xd7,0x5f,0xd7,0x5f,0xd7,0x5f,0xd7,
    0x5f,0xd7,0x5f,0xd7,0x5f,0xd7,0x5f,0xd7,0x5f,0xd7,0x5f,0xd7,0x5f,0xd7,0x5f,0xd7,
    0x5f,0xd7,0x5f,0xdf,0x5f,0xdf,0x7f,0xdf,0x7f,0xdf,0x7f,0xdf,0x7f,0xdf,0x7f,0xdf,
    0x7f,0xdf,0x7f,0xdf,0x9f,0xe7,0xdf,0xf7,0x9f,0xe7,0x7f,0xe7,0xbf,0xf7,0xbf,0xf7,
    0x5f,0xdf,0xdf,0xf7,0xbf,0xef,0x9f,0xe7,0x9f,0xe7,0x9f,0xe7,0x9f,0xe7,0x9f,0xe7,
    0x9f,0xe7,0x9f,0xe7,0x9f,0xe7,0x9f,0xe7,0x9f,0xe7,0x7f,0xe7,0x7f,0xe7,0x7f,0xe7,
    0x7f,0xe7,0x7f,0xe7,0x7f,0xdf,0x7f,0xdf,0x7f,0xdf,0x7f,0xdf,0x7f,0xdf,0x7f,0xdf,
    0x7f,0xdf,0x5f,0xdf,0x5f,0xdf,0x5f,0xdf,0x5f,0xdf,0x5f,0xdf,0x5f,0xdf,0x7f,0xdf,
    0x7f,0xdf,0x7f,0xdf,0x7f,0xdf,0x7f,0xdf,0x7f,0xdf,0x7f,0xdf,0x7f,0xdf,0x7f,0xdf,
    0x7f,0xdf,0x7f,0xdf,0x7f,0xdf,0x7f,0xdf,0x7f,0xdf,0x7f,0xdf,0x7f,0xdf,0x9f,0xe7,
    0xdf,0xf7,0x9f,0xe7,0x9f,0xe7,0xbf,0xf7,0xbf,0xf7,0x5f,0xdf,0xdf,0xf7,0xbf,0xef,
    0x9f,0xe7,0x9f,0xe7,0x9f,0xe7,0x9f,0xe7,0x9f,0xe7,0x9f,0xe7,0x9f,0xe7,0x9f,0xe7,
    0x9f,0xe7,0x9f,0xe7,0x9f,0xe7,0x9f,0xe7,0x9f,0xe7,0x9f,0xe7,0x9f,0xe7,0x9f,0xe7,
    0x9f,0xe7,0x9f,0xe7,0x7f,0xe7,0x7f,0xe7,0x7f,0xe7,0x7f,0xe7,0x7f,0xdf,0x7f,0xdf,
    0x7f,0xdf,0x7f,0xdf,0x7f,0xdf,0x7f,0xdf,0x7f,0xdf,0x7f,0xdf,0x7f,0xdf,0x7f,0xdf,
    0x7f,0xdf,0x7f,0xdf,0x7f,0xdf,0x7f,0xdf,0x7f,0xdf,0x7f,0xdf,0x7f,0xdf,0x7f,0xdf,
    0x7f,0xdf,0x7f,0xdf,0x7f,0xdf,0x7f,0xdf,0x9f,0xe7,0xdf,0xf7,0x9f,0xe7,0x9f,0xe7,
    0xbf,0xf7,0xbf,0xf7,0x5f,0xdf,0xdf,0xf7,0xbf,0xf7,0x9f,0xe7,0x9f,0xe7,0x9f,0xe7,
    0x9f,0xe7,0x9f,0xe7,0x9f,0xe7,0x9f,0xe7,0x9f,0xe7,0x9f,0xe7,0x9f,0xe7,0x9f,0xe7,
    0x9f,0xe7,0x9f,0xe7,0x9f,0xe7,0x9f,0xe7,0x9f,0xe7,0x9f,0xe7,0x9f,0xe7,0x9f,0xe7,
    0x9f,0xe7,0x9f,0xe7,0x9f,0xe7,0x7f,0xe7,0x7f,0xe7,0x7f,0xdf,0x7f,0xdf,0x7f,0xdf,
    0x7f,0xdf,0x7f,0xdf,0x7f,0xdf,0x7f,0xdf,0x7f,0xdf,0x7f,0xdf,0x7f,0xdf,0x7f,0xdf,
    0x7f,0xdf,0x7f,0xdf,0x7f,0xdf,0x7f,0xdf,0x7f,0xdf,0x7f,0xdf,0x7f,0xdf,0x7f,0xdf,
    0x7f,0xdf,0x9f,0xe7,0xdf,0xf7,0x9f,0xe7,0x9f,0xe7,0xbf,0xf7,0xbf,0xf7,0x5f,0xdf,
    0xdf,0xf7,0xbf,0xf7,0x9f,0xe7,0x9f,0xe7,0x9f,0xe7,0x9f,0xe7,0x9f,0xe7,0x9f,0xe7,
    0x9f,0xe7,0x9f,0xe7,0x9f,0xe7,0x9f,0xe7,0x9f,0xe7,0x9f,0xe7,0x9f,0xe7,0x9f,0xe7,
    0x9f,0xe7,0x9f,0xe7,0x9f,0xe7,0x9f,0xe7,0x9f,0xe7,0x9f,0xe7,0x9f,0xe7,0x9f,0xe7,
    0x7f,0xe7,0x7f,0xe7,0x7f,0xdf,0x7f,0xdf,0x7f,0xe7,0x7f,0xdf,0x7f,0xdf,0x7f,0xdf,
    0x7f,0xdf,0x7f,0xdf,0x7f,0xdf,0x7f,0xdf,0x7f,0xdf,0x7f,0xdf,0x7f,0xdf,0x7f,0xdf,
    0x7f,0xdf,0x7f,0xdf,0x7f,0xdf,0x7f,0xdf,0x7f,0xdf,0x7f,0xdf,0x9f,0xe7,0xdf,0xf7,
    0x9f,0xe7,0x7f,0xe7,0xbf,0xf7,0xbf,0xf7,0x5f,0xdf,0xdf,0xf7,0xbf,0xef,0x9f,0xe7,
    0x9f,0xe7,0x9f,0xe7,0x9f,0xe7,0x9f,0xe7,0x9f,0xe7,0x9f,0xe7,0x9f,0xe7,0x9f,0xe7,
    0x9f,0xe7,0x9f,0xe7,0x9f,0xe7,0x9f,0xe7,0x9f,0xe7,0x9f,0xe7,0x9f,0xe7,0x9f,0xe7,
    0x9f,0xe7,0x9f,0xe7,0x9f,0xe7,0x9f,0xe7,0x9f,0xe7,0x7f,0xe7,0x7f,0xe7,0x7f,0xe7,
    0x7f,0xdf,0x7f,0xdf,0x7f,0xdf,0x7f,0xdf,0x7f,0xdf,0x7f,0xdf,0x7f,0xdf,0x7f,0xdf,
    0x7f,0xdf,0x7f,0xdf,0x7f,0xdf,0x7f,0xdf,0x7f,0xdf,0x7f,0xdf,0x7f,0xdf,0x7f,0xdf,
    0x7f,0xdf,0x7f,0xdf,0x7f,0xdf,0x9f,0xe7,0xdf,0xf7,0x9f,0xe7,0x9f,0xe7,0xbf,0xf7,
    0xbf,0xf7,0x5f,0xd7,0xdf,0xf7,0xbf,0xef,0x9f,0xe7,0x9f,0xe7,0x9f,0xe7,0x9f,0xe7,
    0x9f,0xe7,0x9f,0xe7,0x9f,0xe7,0x9f,0xe7,0x9f,0xe7,0x9f,0xe7,0x9f,0xe7,0x9f,0xe7,
    0x9f,0xe7,0x9f,0xe7,0x9f,0xe7,0x9f,0xe7,0x9f,0xe7,0x9f,0xe7,0x9f,0xe7,0x9f,0xe7,
    0x9f,0xe7,0x7f,0xdf,0x7f,0xdf,0x7f,0xdf,0x7f,0xdf,0x7f,0xdf,0x7f,0xdf,0x7f,0xdf,
    0x7f,0xdf,0x7f,0xdf,0x7f,0xdf,0x7f,0xdf,0x7f,0xdf,0x7f,0xdf,0x7f,0xdf,0x7f,0xdf,
    0x7f,0xdf,0x7f,0xdf,0x7f,0xdf,0x7f,0xdf,0x7f,0xdf,0x7f,0xdf,0x7f,0xdf,0x7f,0xdf,
    0x9f,0xe7,0xdf,0xf7,0x9f,0xe7,0x7f,0xe7,0xbf,0xf7,0xbf,0xf7,0x5f,0xdf,0xdf,0xf7,
    0xbf,0xef,0x9f,0xe7,0x9f,0xe7,0x9f,0xe7,0x9f,0xe7,0x9f,0xe7,0x9f,0xe7,0x9f,0xe7,
    0x9f,0xe7,0x7f,0xdf,0x9f,0xe7,0x9f,0xe7,0x9f,0xe7,0x9f,0xe7,0x9f,0xe7,0x9f,0xe7,
    0x9f,0xe7,0x9f,0xe7,0x9f,0xe7,0x9f,0xe7,0x9f,0xe7,0x9f,0xe7,0x9f,0xe7,0xbf,0xef,
    0xbf,0xef,0xbf,0xef,0xbf,0xef,0xbf,0xef,0xbf,0xef,0xbf,0xef,0xbf,0xef,0xbf,0xef,
    0x9f,0xe7,0x9f,0xe7,0xbf,0xe7,0xbf,0xef,0x9f,0xe7,0x7f,0xdf,0x7f,0xdf,0x7f,0xdf,
    0x7f,0xdf,0x7f,0xdf,0x7f,0xdf,0x7f,0xdf,0x7f,0xdf,0x9f,0xe7,0xdf,0xf7,0x9f,0xe7,
    0x7f,0xe7,0xbf,0xf7,0xbf,0xf7,0x7f,0xdf,0xdf,0xf7,0xbf,0xef,0x9f,0xe7,0x9f,0xe7,
    0x9f,0xe7,0x9f,0xe7,0x9f,0xe7,0x7f,0xdf,0xbf,0xef,0xdf,0xf7,0xdf,0xf7,0xbf,0xef,
    0xbf,0xef,0xbf,0xef,0xbf,0xef,0xbf,0xef,0xbf,0xef,0xbf,0xef,0xbf,0xef,0xbf,0xef,
    0xbf,0xef,0xbf,0xef,0xbf,0xef,0xbf,0xef,0xbf,0xef,0xbf,0xef,0xbf,0xef,0xbf,0xef,
    0xbf,0xef,0xbf,0xef,0xbf,0xef,0xbf,0xef,0xbf,0xef,0xbf,0xef,0xbf,0xef,0xbf,0xef,
    0xbf,0xef,0xbf,0xef,0xdf,0xf7,0xdf,0xf7,0x9f,0xdf,0x7f,0xdf,0x7f,0xdf,0x7f,0xdf,
    0x7f,0xdf,0x7f,0xe7,0x9f,0xe7,0xdf,0xf7,0x7f,0xe7,0x7f,0xdf,0xbf,0xf7,0xbf,0xf7,
    0x7f,0xdf,0xdf,0xf7,0xbf,0xef,0x9f,0xe7,0x9f,0xe7,0x9f,0xe7,0x9f,0xe7,0x7f,0xdf,
    0xbf,0xf7,0xdf,0xf7,0xbf,0xf7,0xbf,0xef,0x9f,0xef,0x9f,0xef,0x9f,0xef,0x9f,0xef,
    0x9f,0xef,0x9f,0xef,0x9f,0xef,0x9f,0xef,0x9f,0xef,0x9f,0xef,0x9f,0xef,0x9f,0xef,
    0x9f,0xef,0x9f,0xef,0x9f,0xef,0x9f,0xef,0x9f,0xef,0x9f,0xef,0x9f,0xef,0x9f,0xef,
    0x9f,0xef,0x9f,0xef,0x9f,0xef,0x9f,0xef,0x9f,0xef,0x9f,0xef,0xbf,0xef,0xbf,0xef,
    0xdf,0xf7,0xdf,0xf7,0x7f,0xdf,0x7f,0xdf,0x7f,0xdf,0x7f,0xdf,0x7f,0xe7,0x9f,0xe7,
    0xdf,0xf7,0x7f,0xe7,0x7f,0xdf,0xbf,0xf7,0xbf,0xf7,0x7f,0xdf,0xdf,0xf7,0xbf,0xef,
    0x9f,0xe7,0x9f,0xe7,0x9f,0xe7,0x7f,0xe7,0x9f,0xe7,0xdf,0xf7,0xbf,0xf7,0xbf,0xef,
    0x9f,0xef,0x9f,0xe7,0x9f,0xe7,0x9f,0xe7,0x9f,0xe7,0x9f,0xe7,0x9f,0xe7,0x9f,0xe7,
    0x9f,0xe7,0x9f,0xe7,0x9f,0xe7,0x9f,0xe7,0x9f,0xef,0x9f,0xef,0x9f,0xef,0x9f,0xef,
    0x9f,0xef,0x9f,0xe7,0x9f,0xe7,0x9f,0xe7,0x9f,0xe7,0x9f,0xe7,0x9f,0xe7,0x9f,0xe7,
    0x9f,0xe7,0x9f,0xe7,0x9f,0xe7,0x9f,0xe7,0x9f,0xef,0xbf,0xef,0xdf,0xf7,0xdf,0xf7,
    0x5f,0xd7,0x7f,0xdf,0x7f,0xdf,0x7f,0xe7,0x9f,0xe7,0xdf,0xf7,0x9f,0xe7,0x7f,0xdf,
    0xbf,0xf7,0xbf,0xf7,0x7f,0xdf,0xdf,0xf7,0xbf,0xef,0x9f,0xe7,0x9f,0xe7,0x9f,0xe7,
    0x7f,0xdf,0xdf,0xf7,0xbf,0xf7,0xbf,0xef,0x9f,0xef,0x9f,0xe7,0x7f,0xe7,0x7f,0xe7,
    0x7f,0xe7,0x7f,0xe7,0x7f,0xe7,0x7f,0xe7,0x7f,0xe7,0x7f,0xe7,0x9f,0xe7,0x9f,0xe7,
    0x9f,0xe7,0x9f,0xe7,0x9f,0xe7,0x9f,0xe7,0x9f,0xe7,0x9f,0xe7,0x9f,0xe7,0x7f,0xe7,
    0x7f,0xe7,0x7f,0xe7,0x7f,0xe7,0x7f,0xe7,0x7f,0xe7,0x7f,0xe7,0x7f,0xe7,0x7f,0xe7,
    0x7f,0xe7,0x9f,0xe7,0x9f,0xef,0xbf,0xef,0xdf,0xf7,0x9f,0xe7,0x7f,0xdf,0x7f,0xdf,
    0x7f,0xe7,0x9f,0xe7,0xdf,0xf7,0x7f,0xe7,0x7f,0xdf,0xbf,0xf7,0xbf,0xf7,0x5f,0xdf,
    0xdf,0xf7,0xbf,0xef,0x9f,0xe7,0x9f,0xe7,0x9f,0xe7,0x7f,0xdf,0xdf,0xf7,0xbf,0xef,
    0x9f,0xef,0x9f,0xe7,0x7f,0xe7,0x7f,0xe7,0x7f,0xe7,0x7f,0xe7,0x7f,0xe7,0x7f,0xe7,
    0x7f,0xe7,0x7f,0xe7,0x7f,0xe7,0x7f,0xe7,0x7f,0xe7,0x7f,0xe7,0x7f,0xe7,0x7f,0xe7,
    0x7f,0xe7,0x7f,0xe7,0x7f,0xe7,0x7f,0xe7,0x7f,0xe7,0x7f,0xe7,0x7f,0xe7,0x7f,0xe7,
    0x7f,0xe7,0x7f,0xe7,0x7f,0xe7,0x7f,0xe7,0x7f,0xe7,0x7f,0xe7,0x7f,0xe7,0x9f,0xe7,
    0x9f,0xef,0xbf,0xef,0xbf,0xef,0x7f,0xdf,0x7f,0xdf,0x7f,0xe7,0x9f,0xe7,0xdf,0xf7,
    0x9f,0xe7,0x7f,0xe7,0xbf,0xf7,0xbf,0xf7,0x5f,0xdf,0xdf,0xf7,0xbf,0xef,0x9f,0xe7,
    0x9f,0xe7,0x7f,0xdf,0x9f,0xe7,0xbf,0xef,0x9f,0xef,0x9f,0xe7,0x7f,0xe7,0x7f,0xe7,
    0x7f,0xe7,0x7f,0xe7,0x7f,0xe7,0x7f,0xe7,0x7f,0xe7,0x7f,0xe7,0x7f,0xe7,0x7f,0xe7,
    0x7f,0xe7,0x7f,0xe7,0x7f,0xe7,0x7f,0xe7,0x7f,0xe7,0x7f,0xe7,0x7f,0xe7,0x7f,0xe7,
    0x7f,0xe7,0x7f,0xe7,0x7f,0xe7,0x7f,0xe7,0x7f,0xe7,0x7f,0xe7,0x7f,0xe7,0x7f,0xe7,
    0x7f,0xe7,0x7f,0xe7,0x7f,0xe7,0x7f,0xe7,0x7f,0xe7,0x9f,0xef,0xbf,0xef,0xdf,0xf7,
    0x7f,0xdf,0x7f,0xdf,0x7f,0xe7,0x9f,0xe7,0xdf,0xf7,0x9f,0xe7,0x7f,0xe7,0xbf,0xf7,
    0xbf,0xf7,0x5f,0xdf,0xdf,0xf7,0xbf,0xef,0x9f,0xe7,0x9f,0xe7,0x7f,0xdf,0x9f,0xe7,
    0xbf,0xef,0x9f,0xef,0x7f,0xe7,0x7f,0xe7,0x7f,0xe7,0x7f,0xe7,0x7f,0xe7,0x7f,0xe7,
    0x7f,0xe7,0x7f,0xe7,0x7f,0xe7,0x7f,0xe7,0x7f,0xe7,0x7f,0xe7,0x7f,0xe7,0x7f,0xe7,
    0x7f,0xe7,0x7f,0xe7,0x7f,0xe7,0x7f,0xe7,0x7f,0xe7,0x7f,0xe7,0x7f,0xe7,0x7f,0xe7,
    0x7f,0xe7,0x7f,0xe7,0x7f,0xe7,0x7f,0xe7,0x7f,0xe7,0x7f,0xe7,0x7f,0xe7,0x7f,0xe7,
    0x7f,0xe7,0x7f,0xe7,0x9f,0xe7,0xbf,0xef,0xbf,0xf7,0x5f,0xd7,0x7f,0xdf,0x7f,0xdf,
    0x9f,0xe7,0xdf,0xf7,0x9f,0xe7,0x7f,0xe7,0xbf,0xf7,0xbf,0xf7,0x5f,0xd7,0xdf,0xf7,
    0xbf,0xef,0x9f,0xe7,0x7f,0xe7,0x5f,0xdf,0x7f,0xe7,0xbf,0xef,0x9f,0xef,0x7f,0xe7,
    0x7f,0xe7,0x7f,0xe7,0x7f,0xe7,0x7f,0xe7,0x7f,0xe7,0x7f,0xe7,0x7f,0xe7,0x7f,0xe7,
    0x7f,0xe7,0x7f,0xe7,0x7f,0xe7,0x7f,0xe7,0x7f,0xe7,0x7f,0xe7,0x7f,0xe7,0x7f,0xe7,
    0x7f,0xe7,0x7f,0xe7,0x7f,0xe7,0x7f,0xe7,0x7f,0xe7,0x7f,0xe7,0x7f,0xe7,0x7f,0xe7,
    0x7f,0xe7,0x7f,0xe7,0x7f,0xe7,0x7f,0xe7,0x7f,0xe7,0x7f,0xe7,0x7f,0xe7,0x9f,0xe7,
    0xbf,0xef,0xbf,0xf7,0x5f,0xd7,0x7f,0xdf,0x7f,0xdf,0x9f,0xe7,0xdf,0xf7,0x9f,0xe7,
    0x7f,0xe7,0xbf,0xf7,0xbf,0xf7,0x5f,0xd7,0xdf,0xf7,0xbf,0xef,0x9f,0xe7,0x7f,0xe7,
    0x5f,0xd7,0x7f,0xe7,0xbf,0xef,0x9f,0xef,0x7f,0xe7,0x7f,0xe7,0x7f,0xe7,0x7f,0xe7,
    0x7f,0xe7,0x7f,0xe7,0x7f,0xe7,0x7f,0xe7,0x7f,0xe7,0x7f,0xe7,0x7f,0xe7,0x7f,0xe7,
    0x7f,0xe7,0x7f,0xe7,0x7f,0xe7,0x7f,0xe7,0x7f,0xe7,0x7f,0xe7,0x7f,0xe7,0x7f,0xe7,
    0x7f,0xe7,0x7f,0xe7,0x7f,0xe7,0x7f,0xe7,0x7f,0xe7,0x7f,0xe7,0x7f,0xe7,0x7f,0xe7,
    0x7f,0xe7,0x7f,0xe7,0x7f,0xe7,0x7f,0xe7,0x9f,0xe7,0xbf,0xef,0xbf,0xf7,0x3f,0xd7,
    0x5f,0xdf,0x7f,0xdf,0x9f,0xe7,0xdf,0xf7,0x9f,0xe7,0x9f,0xe7,0xbf,0xf7,0xbf,0xf7,
    0x5f,0xdf,0xdf,0xf7,0xbf,0xef,0x9f,0xe7,0x7f,0xdf,0x5f,0xd7,0x7f,0xdf,0xbf,0xef,
    0x9f,0xef,0x7f,0xe7,0x7f,0xe7,0x7f,0xe7,0x7f,0xe7,0x7f,0xe7,0x7f,0xe7,0x7f,0xe7,
    0x7f,0xe7,0x7f,0xe7,0x7f,0xe7,0x7f,0xe7,0x7f,0xe7,0x7f,0xe7,0x7f,0xe7,0x7f,0xe7,
    0x7f,0xe7,0x7f,0xe7,0x7f,0xe7,0x7f,0xe7,0x7f,0xe7,0x7f,0xe7,0x7f,0xe7,0x7f,0xe7,
    0x7f,0xe7,0x7f,0xe7,0x7f,0xe7,0x7f,0xe7,0x7f,0xe7,0x7f,0xe7,0x7f,0xe7,0x7f,0xe7,
    0x7f,0xe7,0x9f,0xe7,0xbf,0xef,0xbf,0xf7,0x3f,0xd7,0x5f,0xdf,0x7f,0xdf,0x9f,0xe7,
    0xdf,0xf7,0x9f,0xe7,0x9f,0xe7,0xbf,0xf7,0xbf,0xf7,0x5f,0xdf,0xdf,0xf7,0xbf,0xef,
    0x9f,0xe7,0x7f,0xdf,0x3f,0xd7,0x7f,0xdf,0xbf,0xef,0x9f,0xef,0x7f,0xe7,0x7f,0xe7,
    0x7f,0xe7,0x7f,0xe7,0x7f,0xe7,0x7f,0xe7,0x7f,0xe7,0x7f,0xe7,0x7f,0xe7,0x7f,0xe7,
    0x7f,0xe7,0x7f,0xe7,0x7f,0xe7,0x7f,0xe7,0x7f,0xe7,0x7f,0xe7,0x7f,0xe7,0x7f,0xe7,
    0x7f,0xe7,0x7f,0xe7,0x7f,0xe7,0x7f,0xe7,0x7f,0xe7,0x7f,0xe7,0x7f,0xe7,0x7f,0xe7,
    0x7f,0xe7,0x7f,0xe7,0x7f,0xe7,0x7f,0xe7,0x7f,0xe7,0x7f,0xe7,0x9f,0xe7,0xbf,0xef,
    0xbf,0xf7,0x3f,0xd7,0x5f,0xdf,0x7f,0xdf,0x9f,0xe7,0xdf,0xf7,0x9f,0xe7,0x9f,0xe7,
    0xbf,0xf7,0xbf,0xf7,0x5f,0xdf,0xdf,0xf7,0xbf,0xef,0x9f,0xe7,0x7f,0xdf,0x3f,0xd7,
    0x7f,0xdf,0xbf,0xef,0x9f,0xef,0x7f,0xe7,0x7f,0xe7,0x7f,0xe7,0x7f,0xe7,0x7f,0xe7,
    0x7f,0xe7,0x7f,0xe7,0x7f,0xe7,0x7f,0xe7,0x7f,0xe7,0x7f,0xe7,0x7f,0xe7,0x7f,0xe7,
    0x7f,0xe7,0x7f,0xe7,0x7f,0xe7,0x7f,0xe7,0x7f,0xe7,0x7f,0xe7,0x7f,0xe7,0x7f,0xe7,
    0x7f,0xe7,0x7f,0xe7,0x7f,0xe7,0x7f,0xe7,0x7f,0xe7,0x7f,0xe7,0x7f,0xe7,0x7f,0xe7,
    0x7f,0xe7,0x7f,0xe7,0x7f,0xe7,0x9f,0xe7,0xbf,0xef,0xbf,0xf7,0x3f,0xd7,0x5f,0xdf,
    0x7f,0xdf,0x9f,0xe7,0xdf,0xf7,0x9f,0xe7,0x9f,0xe7,0xbf,0xf7,0xbf,0xf7,0x7f,0xdf,
    0xdf,0xf7,0xbf,0xef,0x7f,0xe7,0x7f,0xdf,0x3f,0xd7,0x7f,0xdf,0xbf,0xef,0x9f,0xef,
    0x7f,0xe7,0x7f,0xe7,0x7f,0xe7,0x7f,0xe7,0x7f,0xe7,0x7f,0xe7,0x7f,0xe7,0x7f,0xe7,
    0x7f,0xe7,0xff,0xc6,0x1f,0x96,0x3e,0x65,0x1e,0x5d,0x1e,0x5d,0x1e,0x5d,0x5e,0x6d,
    0x5f,0xa6,0x5f,0xdf,0x7f,0xe7,0x7f,0xe7,0x7f,0xe7,0x7f,0xe7,0x7f,0xe7,0x7f,0xe7,
    0x7f,0xe7,0x7f,0xe7,0x7f,0xe7,0x7f,0xe7,0x7f,0xe7,0x7f,0xe7,0x7f,0xe7,0x7f,0xe7,
    0x9f,0xe7,0xbf,0xef,0xdf,0xf7,0x3f,0xd7,0x5f,0xdf,0x7f,0xdf,0x9f,0xe7,0xdf,0xf7,
    0x9f,0xe7,0x9f,0xe7,0xbf,0xf7,0xbf,0xf7,0x7f,0xdf,0xdf,0xf7,0xbf,0xef,0x7f,0xe7,
    0x7f,0xdf,0x3f,0xd7,0x7f,0xdf,0xbf,0xef,0x9f,0xef,0x7f,0xe7,0x7f,0xe7,0x7f,0xe7,
    0x7f,0xe7,0x7f,0xe7,0x7f,0xe7,0x7f,0xe7,0xdf,0xc6,0x1e,0x5d,0x3e,0x2c,0xfe,0x54,
    0xff,0x8d,0x1f,0x96,0x1f,0x96,0x1f,0x96,0xdf,0x85,0xde,0x4c,0x5e,0x34,0xde,0x85,
    0x5f,0xdf,0x7f,0xe7,0x7f,0xe7,0x7f,0xe7,0x7f,0xe7,0x7f,0xe7,0x7f,0xe7,0x7f,0xe7,
    0x7f,0xe7,0x7f,0xe7,0x7f,0xe7,0x7f,0xe7,0x7f,0xe7,0x9f,0xe7,0xbf,0xef,0xdf,0xf7,
    0x3f,0xd7,0x5f,0xdf,0x7f,0xe7,0x9f,0xe7,0xdf,0xf7,0x9f,0xe7,0x9f,0xef,0xbf,0xf7,
    0xbf,0xf7,0x7f,0xdf,0xdf,0xf7,0xbf,0xef,0x9f,0xe7,0x7f,0xdf,0x3f,0xd7,0x7f,0xe7,
    0xbf,0xf7,0x9f,0xef,0x7f,0xe7,0x7f,0xe7,0x7f,0xe7,0x7f,0xe7,0x7f,0xe7,0x7f,0xe7,
    0x3f,0x9e,0x5e,0x34,0x5e,0x6d,0xff,0xce,0x7f,0xe7,0x7f,0xe7,0x7f,0xe7,0x7f,0xe7,
    0x7f,0xe7,0x7f,0xe7,0x7f,0xe7,0xbf,0xb6,0xfe,0x54,0xfe,0x54,0x1f,0xcf,0x7f,0xe7,
    0x7f,0xe7,0x7f,0xe7,0x7f,0xe7,0x7f,0xe7,0x7f,0xe7,0x7f,0xe7,0x7f,0xe7,0x7f,0xe7,
    0x7f,0xe7,0x7f,0xe7,0x9f,0xe7,0xbf,0xef,0xdf,0xf7,0x5f,0xd7,0x7f,0xdf,0x7f,0xe7,
    0x9f,0xe7,0xdf,0xf7,0x9f,0xe7,0x9f,0xef,0xbf,0xf7,0xbf,0xf7,0x7f,0xdf,0xdf,0xf7,
    0xbf,0xef,0x9f,0xe7,0x7f,0xe7,0x5f,0xd7,0x7f,0xe7,0xbf,0xf7,0x9f,0xef,0x7f,0xe7,
    0x7f,0xe7,0x7f,0xe7,0x7f,0xe7,0x7f,0xe7,0x5f,0xa6,0x5e,0x34,0x5f,0xa6,0x7f,0xe7,
    0x7f,0xe7,0x7f,0xe7,0x7f,0xe7,0x7f,0xe7,0x7f,0xe7,0x7f,0xe7,0x7f,0xe7,0x7f,0xe7,
    0x7f,0xe7,0x5f,0xdf,0x9e,0x75,0xbe,0x4c,0x3f,0xd7,0x7f,0xe7,0x7f,0xe7,0x7f,0xe7,
    0x7f,0xe7,0x7f,0xe7,0x7f,0xe7,0x7f,0xe7,0x7f,0xe7,0x7f,0xe7,0x7f,0xe7,0x9f,0xe7,
    0xbf,0xef,0xdf,0xf7,0x5f,0xd7,0x7f,0xdf,0x7f,0xe7,0x9f,0xe7,0xdf,0xf7,0x9f,0xe7,
    0x9f,0xe7,0xbf,0xf7,0xbf,0xf7,0x9f,0xe7,0xdf,0xf7,0xbf,0xf7,0x9f,0xe7,0x7f,0xe7,
    0x5f,0xdf,0x9f,0xe7,0xbf,0xf7,0x9f,0xef,0x7f,0xe7,0x7f,0xe7,0x7f,0xe7,0x7f,0xe7,
    0xff,0xc6,0x7e,0x34,0x5f,0x9e,0x7f,0xe7,0x7f,0xe7,0x7f,0xe7,0x7f,0xe7,0x7f,0xe7,
    0x7f,0xe7,0x7f,0xe7,0x7f,0xe7,0x7f,0xe7,0x7f,0xe7,0x7f,0xe7,0x7f,0xe7,0x7f,0xe7,
    0x5e,0x6d,0x5e,0x65,0x7f,0xe7,0x7f,0xe7,0x7f,0xe7,0x7f,0xe7,0x7f,0xe7,0xbf,0xbe,
    0xff,0xc6,0x7f,0xe7,0x7f,0xe7,0x7f,0xe7,0x9f,0xef,0xbf,0xef,0xdf,0xf7,0x5f,0xd7,
    0x7f,0xdf,0x7f,0xe7,0x9f,0xe7,0xdf,0xf7,0x9f,0xe7,0x9f,0xe7,0xbf,0xf7,0xbf,0xf7,
    0x9f,0xe7,0xdf,0xf7,0xbf,0xf7,0x9f,0xe7,0x7f,0xe7,0x5f,0xdf,0x9f,0xe7,0xbf,0xf7,
    0x9f,0xef,0x7f,0xe7,0x7f,0xe7,0x7f,0xe7,0x7f,0xe7,0x5e,0x6d,0x5e,0x6d,0x7f,0xe7,
    0x7f,0xe7,0x7f,0xe7,0x7f,0xe7,0x7f,0xe7,0x7f,0xe7,0x7f,0xe7,0x7f,0xe7,0x7f,0xe7,
    0x7f,0xe7,0x7f,0xe7,0x7f,0xe7,0x7f,0xe7,0x7f,0xe7,0x3f,0xd7,0x9f,0x3c,0x9f,0xb6,
    0x7f,0xe7,0x7f,0xe7,0x7f,0xe7,0x7f,0xe7,0x1f,0x8e,0xdf,0x44,0x5f,0xdf,0x7f,0xe7,
    0x7f,0xe7,0x9f,0xef,0xbf,0xef,0xdf,0xf7,0x5f,0xdf,0x7f,0xdf,0x9f,0xe7,0x9f,0xef,
    0xdf,0xf7,0x9f,0xe7,0x9f,0xe7,0xbf,0xf7,0xbf,0xf7,0x7f,0xdf,0xdf,0xf7,0xdf,0xf7,
    0x9f,0xe7,0x7f,0xe7,0x5f,0xdf,0x9f,0xe7,0xbf,0xf7,0x9f,0xef,0x9f,0xe7,0x7f,0xe7,
    0x7f,0xe7,0xdf,0xc6,0x7e,0x34,0x1f,0xcf,0x7f,0xe7,0x7f,0xe7,0x7f,0xe7,0x7f,0xe7,
    0xbf,0xbe,0x5f,0xdf,0x7f,0xe7,0x7f,0xe7,0x7f,0xe7,0x3f,0xd7,0xdf,0xbe,0x7f,0xe7,
    0x7f,0xe7,0x7f,0xe7,0x7f,0xe7,0xff,0x8d,0x1f,0x5d,0x7f,0xe7,0x7f,0xe7,0x9f,0xb6,
    0x3f,0xd7,0x7f,0xe7,0xff,0x54,0x1f,0x96,0x7f,0xe7,0x9f,0xe7,0x9f,0xef,0xbf,0xef,
    0xdf,0xf7,0x5f,0xdf,0x7f,0xdf,0x9f,0xe7,0x9f,0xef,0xdf,0xf7,0x9f,0xe7,0x9f,0xe7,
    0xbf,0xf7,0xbf,0xf7,0x7f,0xdf,0xdf,0xf7,0xdf,0xf7,0x9f,0xef,0x9f,0xe7,0x7f,0xdf,
    0x9f,0xe7,0xbf,0xf7,0x9f,0xef,0x9f,0xe7,0x7f,0xe7,0x7f,0xe7,0x1f,0x96,0x1f,0x55,
    0x7f,0xe7,0x7f,0xe7,0x7f,0xe7,0x7f,0xe7,0x1f,0xcf,0x7e,0x34,0xbf,0x7d,0x7f,0xe7,
    0x7f,0xe7,0x7f,0xe7,0x5f,0x65,0x7e,0x34,0x3f,0xd7,0x7f,0xe7,0x7f,0xe7,0x7f,0xe7,
    0x3f,0xd7,0x5e,0x2c,0x3f,0xd7,0x7f,0xe7,0x1e,0x55,0xdf,0x85,0x7f,0xe7,0x5f,0x9e,
    0xff,0x54,0x9f,0xe7,0x9f,0xe7,0x9f,0xef,0xbf,0xef,0xdf,0xf7,0x5f,0xdf,0x7f,0xdf,
    0x9f,0xe7,0x9f,0xef,0xdf,0xf7,0x9f,0xe7,0x9f,0xef,0xbf,0xf7,0xbf,0xf7,0x7f,0xe7,
    0xdf,0xf7,0xbf,0xf7,0x9f,0xef,0x9f,0xe7,0x7f,0xdf,0x9f,0xe7,0xbf,0xf7,0x9f,0xef,
    0x9f,0xe7,0x7f,0xe7,0x7f,0xe7,0x5f,0x6d,0xff,0x85,0x7f,0xe7,0x7f,0xe7,0x7f,0xe7,
    0x7f,0xe7,0x5f,0xdf,0xbf,0x3c,0x7f,0xa6,0x7f,0xe7,0x7f,0xe7,0x7f,0xe7,0xff,0x85,
    0xff,0x4c,0x5f,0xdf,0x7f,0xe7,0x7f,0xe7,0x7f,0xe7,0x7f,0xe7,0x9e,0x3c,0x7f,0xae,
    0x7f,0xe7,0x9f,0xae,0xbf,0x44,0x7f,0xe7,0x3f,0xd7,0x9e,0x34,0x3f,0xd7,0x9f,0xe7,
    0xbf,0xef,0xbf,0xf7,0xdf,0xf7,0x5f,0xd7,0x7f,0xdf,0x9f,0xe7,0x9f,0xef,0xdf,0xf7,
    0x9f,0xe7,0x9f,0xef,0xbf,0xf7,0xbf,0xf7,0x9f,0xe7,0xdf,0xf7,0xbf,0xf7,0x9f,0xe7,
    0x9f,0xe7,0x7f,0xdf,0x9f,0xe7,0xbf,0xf7,0x9f,0xef,0x9f,0xe7,0x7f,0xe7,0x7f,0xe7,
    0x1e,0x55,0x5f,0x9e,0x7f,0xe7,0x7f,0xe7,0x7f,0xe7,0x7f,0xe7,0x7f,0xe7,0x7f,0xe7,
    0x7f,0xe7,0x7f,0xe7,0x7f,0xe7,0x7f,0xe7,0x7f,0xe7,0x7f,0xe7,0x7f,0xe7,0x7f,0xe7,
    0x7f,0xe7,0x7f,0xe7,0x7f,0xe7,0xbe,0x44,0x7f,0xa6,0x7f,0xe7,0x5f,0xdf,0x7e,0x34,
    0x1f,0xcf,0x7f,0xe7,0xde,0x4c,0x9f,0xae,0x9f,0xef,0xbf,0xef,0xbf,0xf7,0xdf,0xf7,
    0x5f,0xdf,0x7f,0xdf,0x9f,0xe7,0x9f,0xef,0xdf,0xf7,0x9f,0xe7,0x9f,0xef,0xbf,0xf7,
    0xbf,0xf7,0x9f,0xe7,0xdf,0xf7,0xdf,0xf7,0x9f,0xef,0x9f,0xe7,0x7f,0xdf,0x9f,0xe7,
    0xbf,0xf7,0x9f,0xef,0x9f,0xe7,0x7f,0xe7,0x7f,0xe7,0x1e,0x5d,0x3f,0x9e,0x7f,0xe7,
    0x7f,0xe7,0x7f,0xe7,0x7f,0xe7,0x7f,0xe7,0x7f,0xe7,0x7f,0xe7,0x7f,0xe7,0x7f,0xe7,
    0x7f,0xe7,0x7f,0xe7,0x7f,0xe7,0x7f,0xe7,0x7f,0xe7,0x7f,0xe7,0x7f,0xe7,0x7f,0xe7,
    0xbe,0x44,0x7f,0xa6,0x7f,0xe7,0x5f,0xdf,0x7e,0x2c,0xff,0xc6,0x7f,0xe7,0xfe,0x4c,
    0x9f,0xae,0x9f,0xef,0xbf,0xef,0xbf,0xf7,0xdf,0xf7,0x5f,0xdf,0x7f,0xdf,0x9f,0xe7,
    0x9f,0xef,0xdf,0xf7,0xbf,0xef,0x9f,0xef,0xbf,0xf7,0xbf,0xf7,0x9f,0xe7,0xdf,0xf7,
    0xdf,0xf7,0x9f,0xef,0x9f,0xe7,0x5f,0xdf,0x9f,0xe7,0xdf,0xf7,0x9f,0xef,0x9f,0xe7,
    0x7f,0xe7,0x7f,0xe7,0xdf,0x85,0x9f,0x75,0x7f,0xe7,0x7f,0xe7,0x7f,0xe7,0x7f,0xe7,
    0xdf,0xc6,0x9f,0x75,0x7f,0xe7,0x7f,0xe7,0x7f,0xe7,0x7f,0xe7,0xff,0xce,0x9f,0x75,
    0x7f,0xe7,0x7f,0xe7,0x7f,0xe7,0x7f,0xe7,0x5f,0xdf,0x7f,0x34,0xff,0xc6,0x7f,0xe7,
    0xff,0xc6,0x7e,0x2c,0x7f,0xdf,0x7f,0xdf,0xbe,0x44,0xdf,0xbe,0x9f,0xef,0xbf,0xef,
    0xbf,0xf7,0xdf,0xf7,0x5f,0xdf,0x7f,0xdf,0x9f,0xe7,0x9f,0xef,0xdf,0xf7,0xbf,0xef,
    0x9f,0xef,0xbf,0xf7,0xbf,0xf7,0x9f,0xe7,0xdf,0xf7,0xbf,0xf7,0x9f,0xef,0x9f,0xe7,
    0x5f,0xdf,0x9f,0xe7,0xbf,0xf7,0x9f,0xef,0x9f,0xe7,0x7f,0xe7,0x7f,0xe7,0x5f,0xa6,
    0xdf,0x44,0x7f,0xe7,0x7f,0xe7,0x7f,0xe7,0x7f,0xe7,0x5f,0xdf,0xdf,0x44,0xff,0x8d,
    0x7f,0xe7,0x7f,0xe7,0x1f,0xcf,0x1e,0x55,0x9f,0x75,0x7f,0xe7,0x7f,0xe7,0x7f,0xe7,
    0x7f,0xe7,0x7f,0xae,0xbf,0x44,0x7f,0xe7,0x7f,0xe7,0xbf,0x7d,0x7f,0x6d,0x7f,0xe7,
    0xdf,0xbe,0x7e,0x34,0x7f,0xe7,0x9f,0xe7,0x9f,0xef,0xbf,0xef,0xdf,0xf7,0x5f,0xdf,
    0x7f,0xdf,0x9f,0xe7,0xbf,0xef,0xdf,0xf7,0xbf,0xef,0x9f,0xef,0xbf,0xf7,0xbf,0xf7,
    0x7f,0xe7,0xdf,0xf7,0xbf,0xf7,0x9f,0xe7,0x9f,0xe7,0x5f,0xdf,0x9f,0xe7,0xbf,0xf7,
    0x9f,0xef,0x9f,0xe7,0x7f,0xe7,0x7f,0xe7,0x5f,0xdf,0x9f,0x3c,0x9f,0xae,0x7f,0xe7,
    0x7f,0xe7,0x7f,0xe7,0x7f,0xe7,0xff,0xc6,0xdf,0x4c,0xdf,0x4c,0x3f,0x65,0x7e,0x34,
    0x5f,0x6d,0x5f,0xdf,0x7f,0xe7,0x7f,0xe7,0x7f,0xe7,0x7f,0xe7,0x1f,0x55,0xdf,0x85,
    0x7f,0xe7,0x7f,0xe7,0x3f,0x5d,0x1f,0xcf,0x7f,0xe7,0xbf,0x7d,0x7f,0x6d,0x9f,0xe7,
    0x9f,0xe7,0x9f,0xef,0xbf,0xef,0xdf,0xf7,0x5f,0xdf,0x7f,0xdf,0x9f,0xe7,0xbf,0xef,
    0xdf,0xf7,0x9f,0xef,0x9f,0xef,0xbf,0xf7,0xbf,0xf7,0x7f,0xdf,0xdf,0xf7,0xbf,0xef,
    0x9f,0xe7,0x9f,0xe7,0x5f,0xdf,0x9f,0xe7,0xdf,0xf7,0x9f,0xef,0x9f,0xe7,0x7f,0xe7,
    0x7f,0xe7,0x7f,0xe7,0x1f,0x8e,0xdf,0x44,0x5f,0xdf,0x7f,0xe7,0x7f,0xe7,0x7f,0xe7,
    0x7f,0xe7,0x7f,0xdf,0x7f,0xae,0x5f,0x9e,0xff,0xc6,0x7f,0xe7,0x7f,0xe7,0x7f,0xe7,
    0x7f,0xe7,0x7f,0xe7,0x1f,0x96,0xbe,0x44,0x5f,0xdf,0x7f,0xe7,0x7f,0xe7,0x7f,0xe7,
    0x7f,0xe7,0x1f,0xcf,0x7e,0x34,0xbf,0xb6,0x7f,0xe7,0x9f,0xe7,0x9f,0xef,0xbf,0xef,
    0xdf,0xf7,0x5f,0xd7,0x7f,0xdf,0x9f,0xe7,0xbf,0xef,0xdf,0xf7,0x9f,0xe7,0x9f,0xe7,
    0xbf,0xf7,0xbf,0xf7,0x7f,0xdf,0xdf,0xf7,0xbf,0xef,0x9f,0xe7,0x7f,0xe7,0x5f,0xdf,
    0x9f,0xe7,0xdf,0xf7,0x9f,0xef,0x7f,0xe7,0x7f,0xe7,0x7f,0xe7,0x7f,0xe7,0x5f,0xdf,
    0x3f,0x5d,0x1f,0x8e,0x7f,0xe7,0x7f,0xe7,0x7f,0xe7,0x7f,0xe7,0x7f,0xe7,0x7f,0xe7,
    0x7f,0xe7,0x7f,0xe7,0x7f,0xe7,0x7f,0xe7,0x7f,0xe7,0x7f,0xe7,0x5f,0xa6,0x5e,0x34,
    0xbf,0xb6,0x7f,0xe7,0x7f,0xe7,0x7f,0xe7,0x7f,0xe7,0x7f,0xe7,0xff,0x8d,0x7f,0x75,
    0x7f,0xe7,0x7f,0xe7,0x7f,0xe7,0x9f,0xef,0xbf,0xef,0xdf,0xf7,0x5f,0xd7,0x7f,0xdf,
    0x9f,0xe7,0xbf,0xef,0xdf,0xf7,0x9f,0xe7,0x9f,0xef,0xbf,0xf7,0xbf,0xf7,0x5f,0xdf,
    0xdf,0xf7,0xbf,0xef,0x9f,0xe7,0x7f,0xe7,0x5f,0xdf,0x9f,0xe7,0xdf,0xf7,0x9f,0xef,
    0x7f,0xe7,0x7f,0xe7,0x7f,0xe7,0x7f,0xe7,0x7f,0xe7,0x9f,0x75,0x1f,0x8e,0x7f,0xe7,
    0x7f,0xe7,0x7f,0xe7,0x7f,0xe7,0x7f,0xe7,0x7f,0xe7,0x7f,0xe7,0x7f,0xe7,0x7f,0xe7,
    0x7f,0xe7,0x5f,0xdf,0xbf,0x85,0x5e,0x34,0x7f,0xa6,0x7f,0xe7,0x7f,0xe7,0x7f,0xe7,
    0x7f,0xe7,0x7f,0xe7,0x7f,0xe7,0x5f,0xdf,0x5f,0xdf,0x7f,0xe7,0x7f,0xe7,0x7f,0xe7,
    0x9f,0xe7,0xbf,0xef,0xdf,0xf7,0x5f,0xd7,0x7f,0xdf,0x9f,0xe7,0x9f,0xef,0xdf,0xf7,
    0x9f,0xe7,0x9f,0xe7,0xbf,0xf7,0xbf,0xf7,0x5f,0xd7,0xdf,0xf7,0xbf,0xef,0x9f,0xe7,
    0x7f,0xe7,0x5f,0xdf,0x9f,0xe7,0xbf,0xf7,0x9f,0xef,0x7f,0xe7,0x7f,0xe7,0x5f,0xe7,
    0x7f,0xe7,0x7f,0xe7,0x7f,0x6d,0x1f,0x8e,0x7f,0xe7,0x5f,0xdf,0x7f,0xa6,0x3f,0x9e,
    0xff,0xc6,0x7f,0xdf,0x7f,0xe7,0x5f,0xdf,0xbf,0xb6,0xdf,0x85,0x9e,0x44,0xfe,0x54,
    0xdf,0xbe,0x7f,0xe7,0x7f,0xe7,0x7f,0xe7,0x7f,0xe7,0x7f,0xe7,0x7f,0xe7,0x7f,0xe7,
    0x7f,0xe7,0x7f,0xe7,0x7f,0xe7,0x7f,0xe7,0x7f,0xe7,0x9f,0xe7,0xbf,0xef,0xdf,0xf7,
    0x5f,0xd7,0x7f,0xdf,0x9f,0xe7,0x9f,0xef,0xdf,0xf7,0x9f,0xe7,0x9f,0xe7,0xbf,0xf7,
    0xbf,0xf7,0x5f,0xd7,0xdf,0xf7,0xbf,0xef,0x9f,0xe7,0x7f,0xdf,0x5f,0xd7,0x9f,0xe7,
    0xbf,0xf7,0x9f,0xef,0x7f,0xe7,0x5f,0xe7,0x5f,0xdf,0x7f,0xdf,0x7f,0xe7,0x5f,0x6d,
    0x9f,0x75,0xbf,0x7d,0x9e,0x3c,0xbe,0x44,0x1e,0x55,0xbe,0x3c,0x7e,0x34,0x7e,0x3c,
    0x5e,0x34,0xbe,0x44,0x5e,0x6d,0x5f,0xa6,0x7f,0xe7,0x7f,0xe7,0x7f,0xe7,0x7f,0xe7,
    0x7f,0xe7,0x7f,0xe7,0x7f,0xe7,0x7f,0xe7,0x7f,0xe7,0x7f,0xe7,0x7f,0xe7,0x7f,0xe7,
    0x7f,0xe7,0x7f,0xe7,0x9f,0xe7,0xbf,0xef,0xdf,0xf7,0x3f,0xd7,0x5f,0xdf,0x9f,0xe7,
    0x9f,0xef,0xdf,0xf7,0x9f,0xe7,0x9f,0xe7,0xbf,0xf7,0xbf,0xf7,0x5f,0xd7,0xdf,0xf7,
    0xbf,0xef,0x9f,0xe7,0x7f,0xdf,0x3f,0xd7,0x7f,0xe7,0xbf,0xef,0x9f,0xef,0x7f,0xe7,
    0x7f,0xe7,0x5f,0xdf,0x5f,0xdf,0x5f,0xdf,0x7f,0x6d,0x9f,0x3c,0x9f,0x75,0xbf,0xb6,
    0x7f,0xdf,0x7f,0xe7,0x7f,0xe7,0x1f,0xcf,0xff,0xc6,0x1f,0xcf,0x7f,0xe7,0x7f,0xe7,
    0x7f,0xe7,0x7f,0xe7,0x7f,0xe7,0x7f,0xe7,0x7f,0xe7,0x7f,0xe7,0x7f,0xe7,0x7f,0xe7,
    0x7f,0xe7,0x7f,0xe7,0x7f,0xe7,0x7f,0xe7,0x7f,0xe7,0x7f,0xe7,0x7f,0xe7,0x9f,0xe7,
    0xbf,0xef,0xdf,0xf7,0x3f,0xd7,0x5f,0xdf,0x7f,0xe7,0x9f,0xe7,0xdf,0xf7,0x9f,0xe7,
    0x9f,0xe7,0xbf,0xf7,0xbf,0xf7,0x5f,0xd7,0xdf,0xf7,0xbf,0xef,0x7f,0xe7,0x5f,0xdf,
    0x3f,0xd7,0x7f,0xe7,0xbf,0xef,0x9f,0xef,0x7f,0xe7,0x7f,0xe7,0x5f,0xdf,0x5f,0xdf,
    0x5f,0xdf,0x3f,0xd7,0x3f,0xd7,0x7f,0xe7,0x7f,0xe7,0x7f,0xe7,0x7f,0xe7,0x7f,0xe7,
    0x7f,0xe7,0x7f,0xe7,0x7f,0xe7,0x7f,0xe7,0x7f,0xe7,0x7f,0xe7,0x7f,0xe7,0x7f,0xe7,
    0x7f,0xe7,0x7f,0xe7,0x7f,0xe7,0x7f,0xe7,0x7f,0xe7,0x7f,0xe7,0x7f,0xe7,0x7f,0xe7,
    0x7f,0xe7,0x7f,0xe7,0x7f,0xe7,0x7f,0xe7,0x9f,0xe7,0x9f,0xef,0xdf,0xf7,0x3f,0xd7,
    0x5f,0xdf,0x7f,0xdf,0x9f,0xe7,0xdf,0xf7,0x9f,0xe7,0x9f,0xe7,0xbf,0xf7,0xbf,0xf7,
    0x5f,0xd7,0xdf,0xf7,0xbf,0xef,0x7f,0xe7,0x5f,0xdf,0x3f,0xd7,0x7f,0xe7,0xbf,0xef,
    0x9f,0xef,0x7f,0xe7,0x5f,0xdf,0x5f,0xdf,0x5f,0xdf,0x5f,0xdf,0x5f,0xdf,0x7f,0xdf,
    0x7f,0xe7,0x7f,0xe7,0x7f,0xe7,0x7f,0xe7,0x7f,0xe7,0x7f,0xe7,0x7f,0xe7,0x7f,0xe7,
    0x7f,0xe7,0x7f,0xe7,0x7f,0xe7,0x7f,0xe7,0x7f,0xe7,0x7f,0xe7,0x7f,0xe7,0x7f,0xe7,
    0x7f,0xe7,0x7f,0xe7,0x7f,0xe7,0x7f,0xe7,0x7f,0xe7,0x7f,0xdf,0x7f,0xdf,0x7f,0xe7,
    0x7f,0xe7,0x7f,0xe7,0xbf,0xef,0xdf,0xf7,0x3f,0xd7,0x5f,0xdf,0x7f,0xdf,0x9f,0xe7,
    0xdf,0xf7,0x9f,0xe7,0x9f,0xe7,0xbf,0xf7,0xbf,0xf7,0x5f,0xd7,0xdf,0xf7,0xbf,0xef,
    0x7f,0xe7,0x5f,0xdf,0x3f,0xd7,0x7f,0xe7,0xbf,0xef,0x9f,0xe7,0x7f,0xe7,0x5f,0xe7,
    0x5f,0xdf,0x5f,0xdf,0x5f,0xdf,0x5f,0xdf,0x5f,0xdf,0x7f,0xdf,0x5f,0xe7,0x7f,0xe7,
    0x5f,0xe7,0x7f,0xe7,0x7f,0xe7,0x7f,0xe7,0x7f,0xe7,0x7f,0xe7,0x7f,0xe7,0x7f,0xe7,
    0x7f,0xe7,0x7f,0xe7,0x7f,0xe7,0x5f,0xe7,0x7f,0xe7,0x7f,0xe7,0x7f,0xe7,0x5f,0xdf,
    0x5f,0xdf,0x5f,0xdf,0x5f,0xdf,0x5f,0xdf,0x7f,0xdf,0x7f,0xe7,0x7f,0xe7,0xbf,0xef,
    0xdf,0xf7,0x3f,0xd7,0x5f,0xdf,0x7f,0xdf,0x9f,0xe7,0xdf,0xf7,0x9f,0xe7,0x9f,0xe7,
    0xbf,0xf7,0xbf,0xef,0x5f,0xdf,0xdf,0xf7,0xbf,0xef,0x7f,0xe7,0x5f,0xdf,0x3f,0xd7,
    0x7f,0xe7,0xbf,0xef,0x9f,0xe7,0x7f,0xe7,0x5f,0xdf,0x5f,0xdf,0x5f,0xdf,0x5f,0xdf,
    0x5f,0xdf,0x5f,0xdf,0x5f,0xdf,0x7f,0xe7,0x5f,0xe7,0x7f,0xe7,0x7f,0xe7,0x7f,0xe7,
    0x7f,0xe7,0x7f,0xe7,0x7f,0xe7,0x7f,0xe7,0x7f,0xe7,0x7f,0xe7,0x5f,0xe7,0x7f,0xe7,
    0x5f,0xdf,0x7f,0xe7,0x5f,0xe7,0x5f,0xe7,0x5f,0xdf,0x5f,0xdf,0x5f,0xdf,0x5f,0xdf,
    0x5f,0xdf,0x5f,0xdf,0x7f,0xe7,0x7f,0xe7,0xbf,0xef,0xdf,0xf7,0x5f,0xd7,0x5f,0xdf,
    0x7f,0xdf,0x9f,0xe7,0xdf,0xf7,0x9f,0xe7,0x9f,0xe7,0xbf,0xf7,0xbf,0xf7,0x7f,0xdf,
    0xdf,0xf7,0xbf,0xef,0x7f,0xe7,0x5f,0xdf,0x3f,0xd7,0x7f,0xe7,0xbf,0xef,0x9f,0xe7,
    0x7f,0xe7,0x5f,0xdf,0x5f,0xdf,0x5f,0xdf,0x5f,0xdf,0x5f,0xdf,0x5f,0xdf,0x5f,0xdf,
    0x5f,0xdf,0x5f,0xdf,0x7f,0xe7,0x7f,0xe7,0x7f,0xe7,0x7f,0xe7,0x7f,0xe7,0x7f,0xe7,
    0x7f,0xe7,0x5f,0xe7,0x7f,0xe7,0x7f,0xe7,0x7f,0xe7,0x5f,0xe7,0x7f,0xe7,0x7f,0xe7,
    0x7f,0xdf,0x5f,0xdf,0x5f,0xdf,0x5f,0xdf,0x7f,0xdf,0x5f,0xdf,0x7f,0xe7,0x7f,0xe7,
    0x7f,0xe7,0xbf,0xef,0xdf,0xf7,0x5f,0xd7,0x5f,0xdf,0x7f,0xe7,0x9f,0xe7,0xdf,0xf7,
    0x9f,0xe7,0x9f,0xe7,0xbf,0xf7,0xbf,0xf7,0x7f,0xdf,0xdf,0xf7,0xbf,0xef,0x7f,0xe7,
    0x5f,0xdf,0x3f,0xd7,0x7f,0xe7,0xbf,0xef,0x9f,0xe7,0x7f,0xe7,0x5f,0xdf,0x5f,0xdf,
    0x5f,0xdf,0x5f,0xdf,0x5f,0xdf,0x5f,0xdf,0x5f,0xdf,0x5f,0xdf,0x5f,0xdf,0x5f,0xdf,
    0x5f,0xdf,0x5f,0xe7,0x7f,0xe7,0x7f,0xe7,0x5f,0xe7,0x7f,0xe7,0x5f,0xe7,0x5f,0xe7,
    0x5f,0xdf,0x5f,0xdf,0x5f,0xe7,0x7f,0xe7,0x7f,0xe7,0x7f,0xdf,0x5f,0xdf,0x5f,0xdf,
    0x5f,0xdf,0x7f,0xdf,0x5f,0xdf,0x7f,0xe7,0x7f,0xe7,0x7f,0xe7,0xbf,0xef,0xdf,0xf7,
    0x5f,0xd7,0x7f,0xdf,0x7f,0xe7,0x9f,0xe7,0xdf,0xf7,0x9f,0xe7,0x9f,0xef,0xbf,0xf7,
    0xbf,0xf7,0x7f,0xdf,0xdf,0xf7,0xbf,0xef,0x9f,0xe7,0x7f,0xdf,0x3f,0xd7,0x9f,0xe7,
    0xbf,0xf7,0x9f,0xef,0x7f,0xe7,0x5f,0xdf,0x5f,0xdf,0x5f,0xdf,0x5f,0xdf,0x5f,0xdf,
    0x5f,0xdf,0x5f,0xdf,0x5f,0xdf,0x5f,0xdf,0x5f,0xdf,0x5f,0xdf,0x5f,0xe7,0x5f,0xdf,
    0x5f,0xdf,0x5f,0xe7,0x5f,0xe7,0x7f,0xe7,0x5f,0xdf,0x5f,0xe7,0x5f,0xe7,0x7f,0xe7,
    0x7f,0xe7,0x5f,0xdf,0x5f,0xdf,0x5f,0xdf,0x5f,0xdf,0x5f,0xdf,0x5f,0xdf,0x5f,0xdf,
    0x7f,0xe7,0x7f,0xe7,0x9f,0xe7,0xbf,0xef,0xdf,0xf7,0x5f,0xdf,0x7f,0xdf,0x9f,0xe7,
    0x9f,0xef,0xdf,0xf7,0x9f,0xe7,0x9f,0xef,0xbf,0xf7,0xbf,0xf7,0x7f,0xdf,0xdf,0xf7,
    0xbf,0xef,0x7f,0xe7,0x7f,0xe7,0x5f,0xdf,0x5f,0xd7,0xdf,0xf7,0x9f,0xef,0x7f,0xe7,
    0x7f,0xe7,0x5f,0xdf,0x5f,0xdf,0x5f,0xdf,0x5f,0xdf,0x5f,0xdf,0x5f,0xdf,0x5f,0xdf,
    0x5f,0xdf,0x5f,0xdf,0x5f,0xdf,0x5f,0xdf,0x5f,0xdf,0x5f,0xe7,0x5f,0xe7,0x7f,0xe7,
    0x5f,0xe7,0x7f,0xe7,0x5f,0xe7,0x5f,0xdf,0x5f,0xdf,0x5f,0xdf,0x5f,0xdf,0x5f,0xdf,
    0x5f,0xdf,0x5f,0xdf,0x5f,0xdf,0x5f,0xdf,0x5f,0xdf,0x7f,0xe7,0x7f,0xe7,0x9f,0xef,
    0xbf,0xef,0xbf,0xef,0x5f,0xdf,0x7f,0xdf,0x9f,0xe7,0xbf,0xef,0xdf,0xf7,0x9f,0xe7,
    0x9f,0xef,0xbf,0xf7,0xbf,0xf7,0x7f,0xdf,0xdf,0xf7,0xbf,0xef,0x9f,0xe7,0x7f,0xe7,
    0x5f,0xdf,0x3f,0xd7,0xdf,0xf7,0xbf,0xef,0x9f,0xef,0x7f,0xe7,0x7f,0xe7,0x5f,0xdf,
    0x5f,0xdf,0x5f,0xdf,0x5f,0xdf,0x5f,0xdf,0x5f,0xdf,0x5f,0xdf,0x5f,0xdf,0x5f,0xdf,
    0x5f,0xdf,0x7f,0xe7,0x5f,0xdf,0x7f,0xe7,0x7f,0xe7,0x5f,0xe7,0x7f,0xdf,0x5f,0xe7,
    0x5f,0xe7,0x5f,0xe7,0x5f,0xdf,0x5f,0xdf,0x5f,0xdf,0x5f,0xdf,0x5f,0xdf,0x5f,0xdf,
    0x5f,0xdf,0x7f,0xe7,0x7f,0xe7,0x9f,0xe7,0xbf,0xef,0xdf,0xf7,0x9f,0xe7,0x5f,0xdf,
    0x7f,0xdf,0x9f,0xe7,0xbf,0xef,0xdf,0xf7,0x9f,0xe7,0x9f,0xe7,0xbf,0xf7,0xbf,0xf7,
    0x7f,0xdf,0xdf,0xf7,0x9f,0xef,0x7f,0xe7,0x7f,0xdf,0x5f,0xdf,0x3f,0xd7,0x9f,0xe7,
    0xdf,0xf7,0xbf,0xef,0x9f,0xef,0x7f,0xe7,0x7f,0xe7,0x7f,0xe7,0x7f,0xe7,0x7f,0xe7,
    0x7f,0xe7,0x7f,0xe7,0x7f,0xe7,0x7f,0xe7,0x7f,0xe7,0x7f,0xe7,0x7f,0xe7,0x7f,0xe7,
    0x7f,0xe7,0x7f,0xe7,0x7f,0xe7,0x7f,0xe7,0x7f,0xe7,0x7f,0xe7,0x7f,0xe7,0x7f,0xe7,
    0x7f,0xe7,0x7f,0xe7,0x7f,0xe7,0x7f,0xe7,0x7f,0xe7,0x7f,0xe7,0x7f,0xe7,0x9f,0xe7,
    0xbf,0xef,0xbf,0xf7,0xdf,0xf7,0x5f,0xd7,0x7f,0xdf,0x7f,0xe7,0x9f,0xe7,0x9f,0xef,
    0xdf,0xf7,0x9f,0xe7,0x9f,0xe7,0xbf,0xf7,0xbf,0xf7,0x7f,0xdf,0xdf,0xf7,0x9f,0xef,
    0x7f,0xe7,0x7f,0xdf,0x5f,0xdf,0x3f,0xd7,0x3f,0xcf,0xbf,0xef,0xbf,0xf7,0xbf,0xef,
    0x9f,0xef,0x9f,0xe7,0x7f,0xe7,0x7f,0xe7,0x7f,0xe7,0x7f,0xe7,0x7f,0xe7,0x7f,0xe7,
    0x7f,0xe7,0x7f,0xe7,0x7f,0xe7,0x7f,0xe7,0x7f,0xe7,0x7f,0xe7,0x7f,0xe7,0x7f,0xe7,
    0x7f,0xe7,0x7f,0xe7,0x7f,0xe7,0x7f,0xe7,0x7f,0xe7,0x7f,0xe7,0x7f,0xe7,0x7f,0xe7,
    0x7f,0xe7,0x7f,0xe7,0x9f,0xe7,0x9f,0xef,0x9f,0xef,0xbf,0xef,0xdf,0xf7,0x7f,0xdf,
    0x5f,0xd7,0x7f,0xdf,0x9f,0xe7,0x9f,0xe7,0x9f,0xef,0xdf,0xf7,0x9f,0xe7,0x9f,0xe7,
    0xbf,0xf7,0xbf,0xf7,0x7f,0xdf,0xdf,0xf7,0x9f,0xef,0x7f,0xe7,0x7f,0xdf,0x5f,0xdf,
    0x3f,0xd7,0x1e,0xcf,0x3f,0xcf,0xbf,0xef,0xdf,0xf7,0xbf,0xef,0xbf,0xef,0x9f,0xef,
    0x9f,0xef,0x9f,0xef,0x9f,0xef,0x9f,0xef,0x9f,0xef,0x9f,0xef,0x9f,0xef,0x9f,0xef,
    0x9f,0xef,0x9f,0xef,0x9f,0xef,0x9f,0xef,0xbf,0xef,0x9f,0xef,0x9f,0xef,0x9f,0xef,
    0x9f,0xef,0x9f,0xef,0x9f,0xef,0x9f,0xef,0x9f,0xef,0x9f,0xef,0x9f,0xef,0x9f,0xef,
    0xbf,0xef,0xbf,0xf7,0xdf,0xf7,0x7f,0xdf,0x5f,0xd7,0x5f,0xdf,0x7f,0xdf,0x7f,0xe7,
    0x9f,0xe7,0x9f,0xef,0xdf,0xf7,0x9f,0xe7,0x9f,0xe7,0xbf,0xf7,0xbf,0xf7,0x7f,0xdf,
    0xdf,0xf7,0x9f,0xef,0x7f,0xe7,0x7f,0xdf,0x5f,0xdf,0x5f,0xd7,0x1e,0xd7,0xfe,0xce,
    0x1f,0xcf,0x5f,0xd7,0x9f,0xef,0x9f,0xe7,0x9f,0xe7,0x9f,0xe7,0x9f,0xe7,0x9f,0xe7,
    0x9f,0xe7,0x9f,0xe7,0x9f,0xe7,0x9f,0xe7,0x9f,0xef,0xbf,0xef,0xbf,0xef,0xbf,0xef,
    0xbf,0xef,0xbf,0xef,0xbf,0xef,0xbf,0xef,0xbf,0xef,0x9f,0xe7,0x9f,0xe7,0x9f,0xe7,
    0x9f,0xe7,0x9f,0xe7,0x9f,0xe7,0x9f,0xe7,0x9f,0xe7,0x9f,0xe7,0x7f,0xdf,0x5f,0xd7,
    0x3f,0xd7,0x3f,0xd7,0x5f,0xdf,0x7f,0xdf,0x9f,0xe7,0x9f,0xe7,0x9f,0xe7,0xdf,0xf7,
    0x9f,0xe7,0x9f,0xe7,0xbf,0xf7,0xbf,0xf7,0x7f,0xdf,0xdf,0xf7,0x9f,0xef,0x7f,0xdf,
    0x5f,0xdf,0x5f,0xdf,0x3f,0xd7,0x3e,0xd7,0x1e,0xcf,0xfe,0xce,0xde,0xc6,0xde,0xc6,
    0xde,0xc6,0xfe,0xc6,0xff,0xc6,0x1f,0xc7,0x1f,0xc7,0x1f,0xc7,0x1f,0xc7,0x1f,0xc7,
    0x1f,0xc7,0xff,0xc6,0xff,0xc6,0x1f,0xc7,0xff,0xc6,0xfe,0xc6,0xff,0xc6,0xff,0xc6,
    0xff,0xc6,0xff,0xc6,0xff,0xc6,0xff,0xc6,0x1f,0xc7,0xff,0xc6,0xff,0xc6,0xff,0xc6,
    0xff,0xc6,0xff,0xc6,0xff,0xc6,0xfe,0xc6,0x1e,0xcf,0x1f,0xcf,0x3f,0xd7,0x5f,0xdf,
    0x7f,0xdf,0x9f,0xe7,0x9f,0xe7,0x9f,0xe7,0xdf,0xf7,0x9f,0xe7,0x9f,0xe7,0xbf,0xf7,
    0xbf,0xef,0x5f,0xdf,0xdf,0xf7,0x9f,0xef,0x7f,0xdf,0x5f,0xdf,0x5f,0xdf,0x5f,0xdf,
    0x3e,0xd7,0x1e,0xd7,0xfe,0xce,0xfe,0xc6,0xde,0xc6,0xbe,0xbe,0xbe,0xbe,0xbe,0xbe,
    0xde,0xbe,0xbe,0xbe,0xde,0xbe,0xde,0xbe,0xde,0xbe,0xde,0xbe,0xde,0xbe,0xde,0xbe,
    0xde,0xbe,0xde,0xbe,0xde,0xbe,0xde,0xbe,0xde,0xbe,0xde,0xbe,0xde,0xbe,0xde,0xbe,
    0xde,0xbe,0xde,0xbe,0xde,0xbe,0xde,0xbe,0xde,0xbe,0xde,0xbe,0xde,0xbe,0xde,0xc6,
    0xfe,0xc6,0x1e,0xcf,0x3f,0xcf,0x3f,0xd7,0x5f,0xdf,0x7f,0xdf,0x7f,0xe7,0x9f,0xe7,
    0x9f,0xe7,0xdf,0xf7,0x9f,0xe7,0x9f,0xe7,0xbf,0xf7,0xbf,0xef,0x5f,0xdf,0xdf,0xf7,
    0x9f,0xef,0x5f,0xdf,0x5f,0xdf,0x5f,0xdf,0x5f,0xdf,0x3f,0xdf,0x3e,0xd7,0x1e,0xcf,
    0xfe,0xce,0xfe,0xc6,0xfe,0xc6,0xde,0xc6,0xde,0xc6,0xde,0xc6,0xde,0xc6,0xfe,0xc6,
    0xfe,0xc6,0xfe,0xc6,0xfe,0xc6,0xfe,0xc6,0xfe,0xc6,0xfe,0xc6,0xfe,0xc6,0xfe,0xc6,
    0xfe,0xc6,0xfe,0xc6,0xfe,0xc6,0xfe,0xc6,0xfe,0xc6,0xfe,0xc6,0xfe,0xc6,0xfe,0xc6,
    0xfe,0xc6,0xfe,0xc6,0xfe,0xc6,0xfe,0xc6,0xfe,0xce,0x1e,0xcf,0x3f,0xd7,0x3f,0xd7,
    0x5f,0xdf,0x7f,0xdf,0x7f,0xdf,0x7f,0xe7,0x7f,0xe7,0x9f,0xe7,0xdf,0xf7,0x9f,0xe7,
    0x9f,0xe7,0xbf,0xf7,0xbf,0xef,0x5f,0xdf,0xdf,0xf7,0x9f,0xef,0x5f,0xdf,0x5e,0xdf,
    0x5e,0xdf,0x5f,0xdf,0x5f,0xdf,0x5f,0xdf,0x3e,0xd7,0x3e,0xd7,0x1e,0xd7,0x1e,0xcf,
    0x1e,0xcf,0x1e,0xcf,0x1e,0xcf,0x1e,0xcf,0x1e,0xcf,0x1e,0xcf,0x1e,0xcf,0x1e,0xcf,
    0x1e,0xcf,0x1e,0xcf,0x1e,0xcf,0x1e,0xcf,0x1e,0xcf,0x1f,0xcf,0x1e,0xcf,0x1f,0xcf,
    0x3f,0xcf,0x3f,0xcf,0x3f,0xcf,0x1f,0xcf,0x1f,0xcf,0x3f,0xcf,0x3f,0xcf,0x3f,0xcf,
    0x3f,0xcf,0x3f,0xd7,0x3f,0xd7,0x5f,0xd7,0x5f,0xdf,0x7f,0xdf,0x7f,0xdf,0x7f,0xdf,
    0x7f,0xdf,0x7f,0xdf,0x9f,0xe7,0xdf,0xf7,0x9f,0xe7,0x9f,0xe7,0xbf,0xf7,0xbf,0xef,
    0x7f,0xdf,0xdf,0xf7,0x9f,0xef,0x5f,0xdf,0x5e,0xdf,0x5e,0xdf,0x5e,0xdf,0x5f,0xdf,
    0x5f,0xdf,0x5f,0xdf,0x5e,0xdf,0x3e,0xd7,0x3e,0xd7,0x3e,0xd7,0x3e,0xd7,0x3f,0xd7,
    0x3f,0xd7,0x3f,0xd7,0x3f,0xd7,0x3f,0xd7,0x3f,0xd7,0x3f,0xd7,0x5f,0xd7,0x3f,0xd7,
    0x3f,0xd7,0x3f,0xd7,0x5f,0xd7,0x5f,0xd7,0x5f,0xd7,0x5f,0xd7,0x5f,0xd7,0x5f,0xd7,
    0x3f,0xd7,0x5f,0xd7,0x5f,0xd7,0x5f,0xd7,0x5f,0xd7,0x5f,0xd7,0x5f,0xdf,0x5f,0xdf,
    0x5f,0xdf,0x7f,0xdf,0x7f,0xdf,0x7f,0xdf,0x7f,0xdf,0x7f,0xdf,0x7f,0xdf,0x9f,0xe7,
    0xdf,0xf7,0x9f,0xe7,0x9f,0xe7,0xbf,0xf7,0xbf,0xef,0x7f,0xdf,0xdf,0xf7,0x9f,0xef,
    0x5f,0xdf,0x5e,0xdf,0x5e,0xdf,0x5f,0xdf,0x5f,0xdf,0x5f,0xdf,0x5e,0xdf,0x5e,0xdf,
    0x5e,0xdf,0x5f,0xdf,0x5f,0xdf,0x5f,0xdf,0x5f,0xdf,0x5f,0xdf,0x5f,0xdf,0x5f,0xdf,
    0x5f,0xdf,0x5f,0xdf,0x5f,0xdf,0x5f,0xdf,0x5f,0xdf,0x5f,0xdf,0x5f,0xdf,0x7f,0xdf,
    0x7f,0xdf,0x5f,0xdf,0x5f,0xdf,0x5f,0xdf,0x5f,0xdf,0x5f,0xdf,0x5f,0xdf,0x7f,0xdf,
    0x7f,0xdf,0x7f,0xdf,0x7f,0xdf,0x7f,0xdf,0x7f,0xdf,0x7f,0xdf,0x7f,0xdf,0x7f,0xdf,
    0x7f,0xdf,0x7f,0xdf,0x7f,0xdf,0x7f,0xdf,0x9f,0xe7,0xdf,0xf7,0x9f,0xe7,0x9f,0xe7,
    0xbf,0xf7,0xbf,0xef,0x7f,0xdf,0xdf,0xf7,0x9f,0xef,0x5f,0xdf,0x5f,0xdf,0x5e,0xdf,
    0x5e,0xdf,0x5f,0xdf,0x5f,0xdf,0x5f,0xdf,0x5f,0xdf,0x5e,0xdf,0x5e,0xdf,0x5f,0xdf,
    0x5f,0xdf,0x5f,0xdf,0x5f,0xdf,0x5f,0xdf,0x5f,0xdf,0x5f,0xdf,0x7f,0xdf,0x7f,0xdf,
    0x7f,0xdf,0x7f,0xdf,0x7f,0xdf,0x7f,0xdf,0x7f,0xdf,0x7f,0xdf,0x7f,0xdf,0x7f,0xdf,
    0x7f,0xdf,0x7f,0xdf,0x7f,0xdf,0x7f,0xdf,0x7f,0xdf,0x7f,0xdf,0x7f,0xdf,0x7f,0xdf,
    0x7f,0xdf,0x7f,0xdf,0x7f,0xdf,0x7f,0xdf,0x7f,0xdf,0x7f,0xdf,0x7f,0xdf,0x7f,0xdf,
    0x7f,0xdf,0x9f,0xe7,0xdf,0xf7,0x9f,0xe7,0x9f,0xe7,0xbf,0xf7,0xbf,0xef,0x5f,0xdf,
    0xdf,0xf7,0x9f,0xef,0x5f,0xdf,0x5e,0xdf,0x5e,0xdf,0x5e,0xdf,0x5e,0xdf,0x5e,0xdf,
    0x5f,0xdf,0x5f,0xdf,0x5e,0xdf,0x5e,0xdf,0x5e,0xdf,0x5f,0xdf,0x5f,0xdf,0x5f,0xdf,
    0x5f,0xdf,0x7f,0xdf,0x7f,0xdf,0x7f,0xdf,0x7f,0xdf,0x7f,0xdf,0x7f,0xdf,0x7f,0xdf,
    0x7f,0xdf,0x7f,0xdf,0x7f,0xdf,0x7f,0xdf,0x7f,0xdf,0x7f,0xdf,0x7f,0xdf,0x7f,0xdf,
    0x7f,0xdf,0x7f,0xdf,0x7f,0xdf,0x7f,0xdf,0x7f,0xdf,0x7f,0xdf,0x7f,0xdf,0x7f,0xdf,
    0x7f,0xdf,0x7f,0xdf,0x7f,0xdf,0x7f,0xdf,0x7f,0xdf,0x7f,0xdf,0x9f,0xe7,0xdf,0xf7,
    0x9f,0xe7,0x7f,0xe7,0xbf,0xf7,0xbf,0xef,0x7f,0xdf,0xdf,0xf7,0x9f,0xef,0x5e,0xdf,
    0x5e,0xdf,0x5e,0xdf,0x5e,0xdf,0x5e,0xdf,0x5e,0xdf,0x5e,0xdf,0x5e,0xdf,0x5e,0xdf,
    0x5e,0xdf,0x5f,0xdf,0x5e,0xdf,0x5f,0xdf,0x5f,0xdf,0x5f,0xdf,0x7f,0xdf,0x7f,0xdf,
    0x7f,0xdf,0x7f,0xdf,0x7f,0xdf,0x7f,0xdf,0x7f,0xdf,0x7f,0xdf,0x7f,0xdf,0x7f,0xdf,
    0x7f,0xdf,0x7f,0xdf,0x7f,0xdf,0x7f,0xdf,0x7f,0xdf,0x7f,0xdf,0x7f,0xdf,0x7f,0xdf,
    0x7f,0xdf,0x7f,0xdf,0x7f,0xdf,0x7f,0xdf,0x7f,0xdf,0x7f,0xdf,0x7f,0xdf,0x7f,0xdf,
    0x7f,0xdf,0x7f,0xdf,0x7f,0xdf,0x9f,0xe7,0xdf,0xf7,0x9f,0xe7,0x7f,0xe7,0xbf,0xf7,
    0xbf,0xf7,0x7f,0xdf,0xdf,0xf7,0x9f,0xe7,0x5e,0xdf,0x5e,0xdf,0x5e,0xdf,0x5e,0xdf,
    0x5e,0xdf,0x5e,0xdf,0x5e,0xdf,0x5e,0xdf,0x5e,0xdf,0x5e,0xdf,0x5e,0xdf,0x5e,0xdf,
    0x5f,0xdf,0x5f,0xdf,0x5f,0xdf,0x5f,0xdf,0x7f,0xdf,0x7f,0xdf,0x7f,0xdf,0x7f,0xdf,
    0x7f,0xdf,0x7f,0xdf,0x7f,0xdf,0x7f,0xdf,0x7f,0xdf,0x7f,0xdf,0x7f,0xdf,0x7f,0xdf,
    0x7f,0xdf,0x7f,0xdf,0x7f,0xdf,0x7f,0xdf,0x7f,0xdf,0x7f,0xdf,0x7f,0xdf,0x7f,0xdf,
    0x7f,0xdf,0x7f,0xdf,0x7f,0xdf,0x7f,0xdf,0x7f,0xdf,0x7f,0xdf,0x7f,0xdf,0x7f,0xdf,
    0x9f,0xe7,0xdf,0xf7,0x9f,0xe7,0x7f,0xe7,0xbf,0xf7,0xbf,0xef,0x7f,0xdf,0xdf,0xf7,
    0x9f,0xe7,0x5e,0xdf,0x5e,0xdf,0x5e,0xdf,0x5e,0xdf,0x5e,0xdf,0x5e,0xdf,0x5e,0xdf,
    0x5e,0xdf,0x5e,0xdf,0x5e,0xdf,0x5f,0xdf,0x5e,0xdf,0x5f,0xdf,0x5f,0xdf,0x5f,0xdf,
    0x5f,0xdf,0x5f,0xdf,0x7f,0xdf,0x7f,0xdf,0x7f,0xdf,0x7f,0xdf,0x7f,0xdf,0x7f,0xdf,
    0x7f,0xdf,0x7f,0xdf,0x7f,0xdf,0x7f,0xdf,0x7f,0xdf,0x7f,0xdf,0x7f,0xdf,0x7f,0xdf,
    0x7f,0xdf,0x7f,0xdf,0x7f,0xdf,0x7f,0xdf,0x7f,0xdf,0x7f,0xdf,0x7f,0xdf,0x7f,0xdf,
    0x7f,0xdf,0x7f,0xdf,0x7f,0xdf,0x7f,0xdf,0x7f,0xdf,0x9f,0xe7,0xdf,0xf7,0x9f,0xe7,
    0x7f,0xe7,0xdf,0xf7,0xbf,0xf7,0x7f,0xdf,0xdf,0xf7,0x9f,0xe7,0x5e,0xdf,0x5e,0xdf,
    0x5e,0xdf,0x5e,0xdf,0x5e,0xdf,0x5e,0xdf,0x5e,0xdf,0x5e,0xdf,0x5e,0xdf,0x5e,0xdf,
    0x5f,0xdf,0x5f,0xdf,0x5f,0xdf,0x5f,0xdf,0x5f,0xdf,0x5f,0xdf,0x5f,0xdf,0x7f,0xdf,
    0x7f,0xdf,0x7f,0xdf,0x7f,0xdf,0x7f,0xdf,0x7f,0xdf,0x7f,0xdf,0x7f,0xdf,0x7f,0xdf,
    0x7f,0xdf,0x7f,0xdf,0x7f,0xdf,0x7f,0xdf,0x7f,0xdf,0x7f,0xdf,0x7f,0xdf,0x7f,0xdf,
    0x7f,0xdf,0x7f,0xdf,0x7f,0xdf,0x7f,0xdf,0x7f,0xdf,0x7f,0xdf,0x7f,0xdf,0x7f,0xdf,
    0x7f,0xdf,0x7f,0xdf,0x9f,0xe7,0xdf,0xf7,0x9f,0xe7,0x7f,0xe7,0xbf,0xf7,0xbf,0xf7,
    0x7f,0xdf,0xdf,0xf7,0x9f,0xe7,0x5f,0xdf,0x5e,0xdf,0x5e,0xdf,0x5e,0xdf,0x5e,0xdf,
    0x5e,0xdf,0x5e,0xdf,0x5e,0xdf,0x5e,0xdf,0x5f,0xdf,0x5f,0xdf,0x5f,0xdf,0x5f,0xdf,
    0x5f,0xdf,0x5f,0xdf,0x5f,0xdf,0x5f,0xdf,0x7f,0xdf,0x7f,0xdf,0x7f,0xdf,0x7f,0xdf,
    0x7f,0xdf,0x7f,0xdf,0x7f,0xdf,0x7f,0xdf,0x7f,0xdf,0x7f,0xdf,0x7f,0xdf,0x7f,0xdf,
    0x7f,0xdf,0x7f,0xdf,0x7f,0xdf,0x7f,0xdf,0x7f,0xdf,0x7f,0xdf,0x7f,0xdf,0x7f,0xdf,
    0x7f,0xdf,0x7f,0xdf,0x7f,0xdf,0x7f,0xdf,0x7f,0xdf,0x7f,0xdf,0x7f,0xdf,0x9f,0xe7,
    0xdf,0xf7,0x9f,0xe7,0x7f,0xdf,0xbf,0xf7,0xbf,0xf7,0x7f,0xdf,0xdf,0xf7,0x9f,0xe7,
    0x5e,0xdf,0x5e,0xdf,0x5e,0xdf,0x5e,0xdf,0x5e,0xdf,0x5e,0xdf,0x5e,0xdf,0x5e,0xdf,
    0x5e,0xdf,0x5e,0xdf,0x5f,0xdf,0x5f,0xdf,0x5f,0xdf,0x5f,0xdf,0x5f,0xdf,0x5f,0xdf,
    0x5f,0xdf,0x7f,0xdf,0x7f,0xdf,0x7f,0xdf,0x7f,0xdf,0x7f,0xdf,0x7f,0xdf,0x7f,0xdf,
    0x7f,0xdf,0x7f,0xdf,0x7f,0xdf,0x7f,0xdf,0x7f,0xdf,0x7f,0xdf,0x7f,0xdf,0x7f,0xdf,
    0x7f,0xdf,0x7f,0xdf,0x7f,0xdf,0x7f,0xdf,0x7f,0xdf,0x7f,0xdf,0x7f,0xdf,0x7f,0xdf,
    0x7f,0xdf,0x7f,0xdf,0x7f,0xdf,0x7f,0xdf,0x9f,0xe7,0xdf,0xf7,0x9f,0xe7,0x7f,0xdf,
    0xbf,0xf7,0xbf,0xf7,0x5f,0xdf,0xdf,0xf7,0x9f,0xe7,0x5e,0xdf,0x5e,0xdf,0x5e,0xdf,
    0x5e,0xdf,0x5e,0xdf,0x5e,0xdf,0x5e,0xdf,0x5f,0xdf,0x5e,0xdf,0x5f,0xdf,0x5f,0xdf,
    0x5f,0xdf,0x5f,0xdf,0x5f,0xdf,0x5f,0xdf,0x7f,0xdf,0x7f,0xdf,0x7f,0xdf,0x7f,0xdf,
    0x7f,0xdf,0x7f,0xdf,0x7f,0xdf,0x7f,0xdf,0x7f,0xdf,0x7f,0xdf,0x7f,0xdf,0x7f,0xdf,
    0x7f,0xdf,0x7f,0xdf,0x7f,0xdf,0x7f,0xdf,0x7f,0xdf,0x7f,0xdf,0x7f,0xdf,0x7f,0xdf,
    0x7f,0xdf,0x7f,0xdf,0x7f,0xdf,0x7f,0xdf,0x7f,0xdf,0x7f,0xdf,0x7f,0xdf,0x7f,0xdf,
    0x7f,0xdf,0x9f,0xe7,0xdf,0xf7,0xbf,0xef,0x7f,0xdf,0xbf,0xf7,0xbf,0xf7,0x5f,0xd7,
    0xdf,0xf7,0x9f,0xe7,0x5f,0xdf,0x5f,0xdf,0x5e,0xdf,0x5e,0xdf,0x5e,0xdf,0x5e,0xdf,
    0x5e,0xdf,0x5f,0xdf,0x5f,0xdf,0x5f,0xdf,0x5f,0xdf,0x5f,0xdf,0x5f,0xdf,0x5f,0xdf,
    0x7f,0xdf,0x7f,0xdf,0x7f,0xdf,0x7f,0xdf,0x7f,0xdf,0x7f,0xdf,0x7f,0xdf,0x7f,0xdf,
    0x7f,0xdf,0x7f,0xdf,0x7f,0xdf,0x7f,0xdf,0x7f,0xdf,0x7f,0xdf,0x7f,0xdf,0x7f,0xdf,
    0x7f,0xdf,0x7f,0xdf,0x7f,0xdf,0x7f,0xdf,0x7f,0xdf,0x7f,0xdf,0x7f,0xdf,0x7f,0xdf,
    0x7f,0xdf,0x7f,0xdf,0x7f,0xdf,0x7f,0xdf,0x7f,0xdf,0x7f,0xdf,0x9f,0xe7,0xdf,0xf7,
    0x9f,0xe7,0x7f,0xdf,0xdf,0xf7,0xbf,0xf7,0x5f,0xd7,0xdf,0xf7,0x9f,0xef,0x7f,0xdf,
    0x5f,0xdf,0x5f,0xdf,0x5f,0xdf,0x5f,0xdf,0x5f,0xdf,0x5f,0xdf,0x5f,0xdf,0x5f,0xdf,
    0x5f,0xdf,0x5f,0xdf,0x5f,0xdf,0x5f,0xdf,0x5f,0xdf,0x7f,0xdf,0x7f,0xdf,0x7f,0xdf,
    0x7f,0xdf,0x7f,0xdf,0x7f,0xdf,0x7f,0xdf,0x7f,0xdf,0x7f,0xdf,0x7f,0xdf,0x7f,0xdf,
    0x7f,0xdf,0x7f,0xe7,0x7f,0xdf,0x7f,0xdf,0x7f,0xdf,0x7f,0xdf,0x7f,0xdf,0x7f,0xdf,
    0x7f,0xdf,0x7f,0xdf,0x7f,0xdf,0x7f,0xdf,0x7f,0xdf,0x7f,0xdf,0x7f,0xdf,0x7f,0xdf,
    0x7f,0xdf,0x7f,0xdf,0x7f,0xdf,0x9f,0xe7,0xdf,0xf7,0x9f,0xe7,0x7f,0xdf,0xdf,0xf7,
    0xbf,0xf7,0x3f,0xcf,0xdf,0xf7,0xbf,0xef,0x7f,0xe7,0x5f,0xdf,0x5f,0xdf,0x5f,0xdf,
    0x5f,0xdf,0x5f,0xdf,0x5f,0xdf,0x5f,0xdf,0x5f,0xdf,0x5f,0xdf,0x7f,0xdf,0x7f,0xdf,
    0x7f,0xdf,0x7f,0xdf,0x7f,0xdf,0x7f,0xdf,0x7f,0xdf,0x7f,0xe7,0x7f,0xe7,0x7f,0xdf,
    0x7f,0xdf,0x7f,0xdf,0x7f,0xdf,0x7f,0xdf,0x7f,0xdf,0x7f,0xe7,0x7f,0xe7,0x7f,0xe7,
    0x7f,0xe7,0x7f,0xdf,0x7f,0xe7,0x7f,0xe7,0x7f,0xdf,0x7f,0xe7,0x7f,0xdf,0x7f,0xdf,
    0x7f,0xdf,0x7f,0xdf,0x7f,0xdf,0x7f,0xdf,0x7f,0xdf,0x7f,0xdf,0x7f,0xdf,0x7f,0xe7,
    0x9f,0xe7,0xdf,0xf7,0x7f,0xdf,0x7f,0xdf,0xdf,0xf7,0xbf,0xf7,0x3f,0xcf,0xbf,0xef,
    0xbf,0xf7,0x7f,0xe7,0x7f,0xdf,0x5f,0xdf,0x5f,0xdf,0x5f,0xdf,0x5f,0xdf,0x5f,0xdf,
    0x5f,0xdf,0x5f,0xdf,0x7f,0xdf,0x7f,0xdf,0x7f,0xdf,0x7f,0xdf,0x7f,0xdf,0x7f,0xdf,
    0x7f,0xdf,0x7f,0xe7,0x7f,0xe7,0x7f,0xe7,0x7f,0xdf,0x7f,0xdf,0x7f,0xe7,0x7f,0xe7,
    0x7f,0xe7,0x7f,0xe7,0x7f,0xe7,0x7f,0xe7,0x7f,0xe7,0x7f,0xe7,0x7f,0xdf,0x7f,0xe7,
    0x7f,0xe7,0x7f,0xe7,0x7f,0xe7,0x7f,0xdf,0x7f,0xe7,0x7f,0xdf,0x7f,0xdf,0x7f,0xdf,
    0x7f,0xdf,0x7f,0xdf,0x7f,0xdf,0x7f,0xe7,0x9f,0xe7,0xbf,0xef,0xdf,0xf7,0x7f,0xdf,
    0x7f,0xdf,0xdf,0xf7,0xbf,0xf7,0x7f,0xdf,0x9f,0xe7,0xdf,0xf7,0x9f,0xef,0x7f,0xe7,
    0x7f,0xdf,0x5f,0xdf,0x5f,0xdf,0x5f,0xdf,0x7f,0xdf,0x7f,0xdf,0x7f,0xdf,0x7f,0xdf,
    0x7f,0xdf,0x7f,0xdf,0x7f,0xdf,0x7f,0xdf,0x7f,0xdf,0x7f,0xdf,0x7f,0xe7,0x7f,0xe7,
    0x7f,0xdf,0x7f,0xe7,0x7f,0xe7,0x7f,0xe7,0x7f,0xe7,0x7f,0xe7,0x7f,0xe7,0x7f,0xe7,
    0x7f,0xe7,0x7f,0xe7,0x7f,0xe7,0x7f,0xe7,0x7f,0xe7,0x7f,0xe7,0x7f,0xe7,0x7f,0xe7,
    0x7f,0xe7,0x7f,0xe7,0x7f,0xdf,0x7f,0xdf,0x7f,0xdf,0x7f,0xdf,0x7f,0xdf,0x7f,0xe7,
    0x9f,0xe7,0x9f,0xe7,0xbf,0xef,0xbf,0xef,0x9f,0xdf,0x7f,0xe7,0xdf,0xff,0xdf,0xf7,
    0x9f,0xe7,0x9f,0xe7,0xdf,0xf7,0xbf,0xef,0x9f,0xe7,0x7f,0xe7,0x7f,0xe7,0x7f,0xdf,
    0x7f,0xdf,0x7f,0xdf,0x7f,0xdf,0x7f,0xdf,0x7f,0xdf,0x7f,0xdf,0x7f,0xdf,0x7f,0xdf,
    0x7f,0xe7,0x7f,0xe7,0x7f,0xe7,0x7f,0xe7,0x7f,0xe7,0x7f,0xe7,0x7f,0xe7,0x7f,0xe7,
    0x7f,0xe7,0x7f,0xe7,0x9f,0xe7,0x9f,0xe7,0x7f,0xe7,0x7f,0xe7,0x7f,0xe7,0x7f,0xe7,
    0x7f,0xe7,0x7f,0xe7,0x7f,0xe7,0x7f,0xe7,0x7f,0xe7,0x7f,0xe7,0x7f,0xdf,0x7f,0xdf,
    0x7f,0xdf,0x7f,0xdf,0x7f,0xdf,0x7f,0xdf,0x9f,0xe7,0x9f,0xe7,0xbf,0xef,0xdf,0xf7,
    0x9f,0xe7,0x9f,0xe7,0x9f,0xe7,0xff,0xff,0xdf,0xff,0x7f,0xe7,0xbf,0xef,0x9f,0xe7,
    0xdf,0xf7,0xbf,0xef,0x9f,0xe7,0x9f,0xe7,0x7f,0xe7,0x7f,0xe7,0x7f,0xe7,0x7f,0xe7,
    0x7f,0xe7,0x7f,0xe7,0x7f,0xdf,0x7f,0xe7,0x7f,0xe7,0x9f,0xe7,0x7f,0xe7,0x7f,0xe7,
    0x7f,0xe7,0x7f,0xe7,0x7f,0xe7,0x7f,0xe7,0x7f,0xe7,0x9f,0xe7,0x9f,0xe7,0x9f,0xe7,
    0x9f,0xe7,0x9f,0xe7,0x9f,0xe7,0x9f,0xe7,0x9f,0xe7,0x9f,0xe7,0x7f,0xe7,0x7f,0xe7,
    0x7f,0xe7,0x7f,0xe7,0x7f,0xe7,0x7f,0xdf,0x7f,0xdf,0x7f,0xdf,0x7f,0xdf,0x7f,0xe7,
    0x9f,0xe7,0x9f,0xe7,0xbf,0xef,0xdf,0xf7,0xbf,0xef,0xbf,0xef,0x7f,0xe7,0x9f,0xef,
    0xff,0xff,0xff,0xff,0x9f,0xef,0x7f,0xe7,0xbf,0xef,0x9f,0xe7,0xdf,0xf7,0xbf,0xef,
    0xbf,0xef,0x9f,0xe7,0x9f,0xe7,0x9f,0xe7,0x7f,0xe7,0x7f,0xe7,0x7f,0xe7,0x7f,0xe7,
    0x9f,0xe7,0x9f,0xe7,0x9f,0xe7,0x9f,0xe7,0x9f,0xe7,0x7f,0xe7,0x7f,0xe7,0x9f,0xe7,
    0x9f,0xe7,0x9f,0xe7,0x9f,0xe7,0x9f,0xe7,0x9f,0xe7,0x9f,0xe7,0x9f,0xe7,0x9f,0xe7,
    0x9f,0xe7,0x9f,0xe7,0x9f,0xe7,0x9f,0xe7,0x9f,0xe7,0x9f,0xe7,0x7f,0xe7,0x7f,0xe7,
    0x7f,0xe7,0x7f,0xe7,0x7f,0xe7,0x9f,0xe7,0x9f,0xe7,0x9f,0xe7,0xbf,0xef,0xdf,0xf7,
    0xbf,0xef,0x9f,0xe7,0xbf,0xf7,0x5f,0xdf,0xbf,0xf7,0xff,0xff,0xff,0xff,0xbf,0xf7,
    0x5f,0xdf,0x9f,0xe7,0x9f,0xe7,0x9f,0xe7,0xdf,0xf7,0xdf,0xf7,0xbf,0xef,0xbf,0xef,
    0x9f,0xe7,0x9f,0xe7,0x9f,0xe7,0x9f,0xe7,0x9f,0xe7,0x9f,0xe7,0x9f,0xe7,0x9f,0xe7,
    0x9f,0xe7,0x9f,0xe7,0x9f,0xe7,0x9f,0xe7,0xbf,0xe7,0xbf,0xe7,0x9f,0xe7,0xbf,0xef,
    0xbf,0xef,0xbf,0xef,0xbf,0xef,0xbf,0xe7,0xbf,0xe7,0xbf,0xe7,0x9f,0xe7,0x9f,0xe7,
    0x9f,0xe7,0x9f,0xe7,0x9f,0xe7,0x9f,0xe7,0x9f,0xe7,0x9f,0xe7,0x9f,0xe7,0x9f,0xe7,
    0x9f,0xe7,0xbf,0xef,0xbf,0xef,0xdf,0xf7,0x9f,0xe7,0x7f,0xdf,0xbf,0xef,0x5f,0xdf,
    0x9f,0xef,0xdf,0xff,0xff,0xff,0xff,0xff,0xdf,0xff,0x9f,0xef,0x3f,0xd7,0x9f,0xe7,
    0xbf,0xef,0x9f,0xe7,0xbf,0xef,0xdf,0xf7,0xdf,0xf7,0xdf,0xf7,0xdf,0xf7,0xdf,0xf7,
    0xdf,0xf7,0xdf,0xf7,0xdf,0xf7,0xdf,0xf7,0xdf,0xf7,0xdf,0xf7,0xdf,0xf7,0xdf,0xf7,
    0xdf,0xf7,0xdf,0xf7,0xdf,0xf7,0xdf,0xf7,0xdf,0xf7,0xdf,0xf7,0xdf,0xf7,0xdf,0xf7,
    0xdf,0xf7,0xdf,0xf7,0xdf,0xf7,0xdf,0xf7,0xdf,0xf7,0xdf,0xf7,0xdf,0xf7,0xdf,0xf7,
    0xdf,0xf7,0xdf,0xf7,0xdf,0xf7,0xdf,0xf7,0xdf,0xf7,0xdf,0xf7,0xdf,0xf7,0xbf,0xef,
    0x7f,0xdf,0x9f,0xe7,0xbf,0xef,0x3f,0xd7,0x5f,0xdf,0xbf,0xf7,0xff,0xff,0xff,0xff,
    0xff,0xff,0xff,0xff,0xbf,0xf7,0x7f,0xe7,0x1f,0xd7,0x7f,0xe7,0xdf,0xf7,0x9f,0xe7,
    0x7f,0xdf,0x7f,0xdf,0x9f,0xe7,0x9f,0xe7,0x7f,0xdf,0x7f,0xdf,0x7f,0xdf,0x7f,0xdf,
    0x7f,0xdf,0x7f,0xdf,0x7f,0xdf,0x7f,0xdf,0x7f,0xdf,0x7f,0xdf,0x7f,0xdf,0x7f,0xdf,
    0x7f,0xdf,0x7f,0xdf,0x7f,0xdf,0x7f,0xdf,0x7f,0xdf,0x7f,0xdf,0x7f,0xdf,0x7f,0xdf,
    0x7f,0xdf,0x7f,0xdf,0x7f,0xdf,0x9f,0xdf,0x7f,0xdf,0x7f,0xdf,0x7f,0xdf,0x7f,0xdf,
    0x7f,0xdf,0x7f,0xdf,0x7f,0xdf,0x7f,0xdf,0x7f,0xdf,0xbf,0xef,0x9f,0xef,0x1f,0xd7,
    0x5f,0xdf,0xbf,0xf7,0xff,0xff,0xff,0xff,0xff,0xff,0xff,0xff,0xff,0xff,0xff,0xff,
    0xbf,0xf7,0x7f,0xe7,0x3e,0xd7,0x1e,0xd7,0x7f,0xdf,0x7f,0xe7,0xbf,0xef,0xbf,0xef,
    0xbf,0xef,0xbf,0xef,0xbf,0xef,0xbf,0xef,0xbf,0xef,0xbf,0xef,0xbf,0xef,0xbf,0xef,
    0xbf,0xef,0xbf,0xef,0xbf,0xef,0xbf,0xef,0xbf,0xef,0xbf,0xef,0xbf,0xef,0xbf,0xef,
    0xbf,0xef,0xbf,0xef,0xbf,0xef,0xbf,0xef,0xbf,0xef,0xbf,0xef,0xbf,0xef,0xbf,0xef,
    0xbf,0xef,0xdf,0xf7,0xbf,0xef,0xbf,0xef,0xbf,0xef,0xbf,0xef,0xbf,0xef,0x9f,0xe7,
    0x7f,0xdf,0x5f,0xdf,0x3f,0xd7,0x1e,0xcf,0x5f,0xdf,0xbf,0xef,0xff,0xff,0xff,0xff,
    0xff,0xff,0xff,0xff,0xff,0xff,0xff,0xff,0xff,0xff,0xff,0xff,0xdf,0xf7,0x9f,0xef,
    0x7f,0xe7,0x3f,0xd7,0x1f,0xd7,0x1f,0xd7,0x1f,0xd7,0x1f,0xcf,0x1f,0xcf,0x1f,0xcf,
    0x1f,0xcf,0x1f,0xcf,0x1f,0xcf,0x1f,0xcf,0x1f,0xcf,0x1f,0xcf,0x1f,0xcf,0x1f,0xcf,
    0x1f,0xcf,0x1f,0xd7,0x3f,0xd7,0x3f,0xd7,0x1f,0xd7,0x1f,0xcf,0x1f,0xcf,0x1f,0xcf,
    0x1f,0xcf,0x3f,0xd7,0x1f,0xd7,0x3f,0xd7,0x1f,0xcf,0x1f,0xcf,0x1f,0xcf,0x1f,0xcf,
    0x1f,0xcf,0x1f,0xcf,0x1f,0xcf,0x1f,0xcf,0x1f,0xd7,0x1f,0xcf,0x1f,0xd7,0x5f,0xdf,
    0x9f,0xe7,0xbf,0xf7,0xff,0xff,0xff,0xff,0xff,0xff,0xff,0xff,0xff,0xff,0xff,0xff,
    0xff,0xff,0xff,0xff,0xff,0xff,0xff,0xff,0xff,0xff,0xdf,0xf7,0xbf,0xef,0x9f,0xef,
    0x7f,0xe7,0x7f,0xe7,0x7f,0xe7,0x7f,0xe7,0x7f,0xe7,0x7f,0xe7,0x7f,0xe7,0x7f,0xe7,
    0x7f,0xe7,0x7f,0xe7,0x7f,0xe7,0x7f,0xe7,0x7f,0xe7,0x7f,0xe7,0x7f,0xe7,0x7f,0xe7,
    0x7f,0xe7,0x7f,0xe7,0x7f,0xe7,0x7f,0xe7,0x7f,0xe7,0x7f,0xe7,0x7f,0xe7,0x7f,0xe7,
    0x7f,0xe7,0x7f,0xe7,0x7f,0xe7,0x7f,0xe7,0x7f,0xe7,0x7f,0xe7,0x7f,0xe7,0x7f,0xe7,
    0x7f,0xe7,0x7f,0xe7,0x7f,0xe7,0x9f,0xef,0xbf,0xf7,0xdf,0xff,0xff,0xff,0xff,0xff,
    0xff,0xff,0xff,0xff,0xff,0xff,0xff,0xff,0xff,0xff,0xff,0xff,0xff,0xff,0xff,0xff,
    0xff,0xff,0xff,0xff,0xff,0xff,0xff,0xff,0xff,0xff,0xff,0xff,0xff,0xff,0xff,0xff,
    0xff,0xff,0xff,0xff,0xff,0xff,0xff,0xff,0xff,0xff,0xff,0xff,0xff,0xff,0xff,0xff,
    0xff,0xff,0xff,0xff,0xff,0xff,0xff,0xff,0xff,0xff,0xff,0xff,0xff,0xff,0xff,0xff,
    0xff,0xff,0xff,0xff,0xff,0xff,0xff,0xff,0xff,0xff,0xff,0xff,0xff,0xff,0xff,0xff,
    0xff,0xff,0xff,0xff,0xff,0xff,0xff,0xff,0xff,0xff,0xff,0xff,0xff,0xff,0xff,0xff,
    0xff,0xff,0xff,0xff,0xff,0xff,0xff,0xff,0xff,0xff,0xff,0xff,0xff,0xff,0xff,0xff,
    0xff,0xff,0xff,0xff,0xff,0xff,0xff,0xff,0xff,0xff,0xff,0xff,0xff,0xff,0xff,0xff,
    0xff,0xff,0xff,0xff,0xff,0xff,0xff,0xff,0xff,0xff,0xff,0xff,0xff,0xff,0xff,0xff,
    0xff,0xff,0xff,0xff,0xff,0xff,0xff,0xff,0xff,0xff,0xff,0xff,0xff,0xff,0xff,0xff,
    0xff,0xff,0xff,0xff,0xff,0xff,0xff,0xff,0xff,0xff,0xff,0xff,0xff,0xff,0xff,0xff,
    0xff,0xff,0xff,0xff,0xff,0xff,0xff,0xff,0xff,0xff,0xff,0xff,0xff,0xff,0xff,0xff,
    0xff,0xff,0xff,0xff,0xff,0xff,0xff,0xff,0xff,0xff,0xff,0xff,0xff,0xff,0xff,0xff,
    0xff,0xff,0xff,0xff,0xff,0xff,0xff,0xff,0xff,0xff,0xff,0xff,0xff,0xff,0xff,0xff,
    0xff,0xff,0xff,0xff,0xff,0xff,0xff,0xff,0xff,0xff,0xff,0xff,0xff,0xff,0xff,0xff,
    0xff,0xff,0xff,0xff,0xff,0xff,0xff,0xff,0xff,0xff,0xff,0xff,0xff,0xff,0xff,0xff,
    0xff,0xff,0xff,0xff,0xff,0xff,0xff,0xff,0xff,0xff,0xff,0xff,0xff,0xff,0xff,0xff,
    0xff,0xff,0xff,0xff,0xff,0xff,0xff,0xff,0xff,0xff,0xff,0xff,0xff,0xff,0xff,0xff,
    0xff,0xff,0xff,0xff,0xff,0xff,0xff,0xff,0xff,0xff,0xff,0xff,0xff,0xff,0xff,0xff,
    0xff,0xff,0xff,0xff,0xff,0xff,0xff,0xff,0xff,0xff,0xff,0xff,0xff,0xff,0xff,0xff,
    0xff,0xff,0xff,0xff,0xff,0xff,0xff,0xff,0xff,0xff,0xff,0xff,0xff,0xff,0xff,0xff,
    0xff,0xff,0xff,0xff,0xff,0xff,0xff,0xff,0xff,0xff,0xff,0xff,0xff,0xff,0xff,0xff,
    0xff,0xff,0xff,0xff,0xff,0xff,0xff,0xff,0xff,0xff,0xff,0xff,0xff,0xff,0xff,0xff,
    0xff,0xff,0xff,0xff,0xff,0xff,0xff,0xff,0xff,0xff,0xff,0xff,0xff,0xff,0xff,0xff,
    0xff,0xff,0xff,0xff,0xff,0xff,0xff,0xff,0xff,0xff,0xff,0xff,0xff,0xff,0xff,0xff,
    0xff,0xff,0xff,0xff,0xff,0xff,0xff,0xff,0xff,0xff,0xff,0xff,0xff,0xff,0xff,0xff,
    0xff,0xff,0xff,0xff,0xff,0xff,0xff,0xff,0xff,0xff,0xff,0xff,0xff,0xff,0xff,0xff,
    0xff,0xff,0xff,0xff,0xff,0xff,0xff,0xff,0xff,0xff,0xff,0xff,0xff,0xff,0xff,0xff,
    0xff,0xff,0xff,0xff,0xff,0xff,0xff,0xff,0xff,0xff,0xff,0xff,0xff,0xff,0xff,0xff,
    0xff,0xff,0xff,0xff,0xff,0xff,0xff,0xff,0xff,0xff,0xff,0xff,0xff,0xff,0xff,0xff,
    0xff,0xff,0xff,0xff,0xff,0xff,0xff,0xff,0xff,0xff,0xff,0xff,0xff,0xff,0xff,0xff,
    0xff,0xff,0xff,0xff,0xff,0xff,0xff,0xff,0xff,0xff,0xff,0xff,0xff,0xff,0xff,0xff,
    0xff,0xff,0xff,0xff,0xff,0xff,0xff,0xff,0xff,0xff,0xff,0xff,0xff,0xff,0xff,0xff,
    0xff,0xff,0xff,0xff,0xff,0xff,0xff,0xff,0xff,0xff,0xff,0xff,0xff,0xff,0xff,0xff,
    0xff,0xff,0xff,0xff,0xff,0xff,0xff,0xff,0xff,0xff,0xff,0xff,0xff,0xff,0xff,0xff,
    0xff,0xff,0xff,0xff,0xff,0xff,0xff,0xff,0xff,0xff,0xff,0xff,0xff,0xff,0xff,0xff,
    0xff,0xff,0xff,0xff,0xff,0xff,0xff,0xff,0xff,0xff,0xff,0xff,0xff,0xff,0xff,0xff,
    0xff,0xff,0xff,0xff,0xff,0xff,0xff,0xff,0xff,0xff,0xff,0xff,0xff,0xff,0xff,0xff,
    0xff,0xff,0xff,0xff,0xff,0xff,0xff,0xff,0xff,0xff,0xff,0xff,0xff,0xff,0xff,0xff,
    0xff,0xff,0xff,0xff,0xff,0xff,0xff,0xff,0xff,0xff,0xff,0xff,0xff,0xff,0xff,0xff,
    0xff,0xff,0xff,0xff,0xff,0xff,0xff,0xff,0xff,0xff,0xff,0xff,0xff,0xff,0xff,0xff,
    0xff,0xff,0xff,0xff,0xff,0xff,0xff,0xff,0xff,0xff,0xff,0xff,0xff,0xff,0xff,0xff,
    0xff,0xff,0xff,0xff,0xff,0xff,0xff,0xff,0xff,0xff,0xff,0xff,0xff,0xff,0xff,0xff,
    0xff,0xff,0xff,0xff,0xff,0xff,0xff,0xff,0xff,0xff,0xff,0xff,0xff,0xff,0xff,0xff,
    0xff,0xff,0xff,0xff,0xff,0xff,0xff,0xff,0xff,0xff,0xff,0xff,0xff,0xff,0xff,0xff,
    0xff,0xff,0xff,0xff,0xff,0xff,0xff,0xff,0xff,0xff,0xff,0xff,0xff,0xff,0xff,0xff,
    0xff,0xff,0xff,0xff,0xff,0xff,0xff,0xff,0xff,0xff,0xff,0xff,0xff,0xff,0xff,0xff,
    0xff,0xff,0xff,0xff,0xff,0xff,0xff,0xff,0xff,0xff,0xff,0xff,0xff,0xff,0xff,0xff,
    0xff,0xff,0xff,0xff,0xff,0xff,0xff,0xff,0xff,0xff,0xff,0xff,0xff,0xff,0xff,0xff,
    0xff,0xff,0xff,0xff,0xff,0xff,0xff,0xff,0xff,0xff,0xff,0xff,0xff,0xff,0xff,0xff,
    0xff,0xff,0xff,0xff,0xff,0xff,0xff,0xff,0xff,0xff,0xff,0xff,0xff,0xff,0xff,0xff,
    0xff,0xff,0xff,0xff,0xff,0xff,0xff,0xff,0xff,0xff,0xff,0xff,0xff,0xff,0xff,0xff,
    0xff,0xff,0xff,0xff,0xff,0xff,0xff,0xff,0xff,0xff,0xff,0xff,0xff,0xff,0xff,0xff,
    0xff,0xff,0xff,0xff,0xff,0xff,0xff,0xff,0xff,0xff,0xff,0xff,0xff,0xff,0xff,0xff,
    0xff,0xff,0xff,0xff,0xff,0xff,0xff,0xff,0xff,0xff,0xff,0xff,0xff,0xff,0xff,0xff,
    0xff,0xff,0xff,0xff,0xff,0xff,0xff,0xff,0xff,0xff,0xff,0xff,0xff,0xff,0xff,0xff,
    0xff,0xff,0xff,0xff,0xff,0xff,0xff,0xff,0xff,0xff,0xff,0xff,0xff,0xff,0xff,0xff,
    0xff,0xff,0xff,0xff,0xff,0xff,0xff,0xff,0xff,0xff,0xff,0xff,0xff,0xff,0xff,0xff,
    0xff,0xff,0xff,0xff,0xff,0xff,0xff,0xff,0xff,0xff,0xff,0xff,0xff,0xff,0xff,0xff,
    0xff,0xff,0xff,0xff,0xff,0xff,0xff,0xff,0xff,0xff,0xff,0xff,0xff,0xff,0xff,0xff,
    0xff,0xff,0xff,0xff,0xff,0xff,0xff,0xff,0xff,0xff,0xff,0xff,0xff,0xff,0xff,0xff,
    0xff,0xff,0xff,0xff,0xff,0xff,0xff,0xff,0xff,0xff,0xff,0xff,0xff,0xff,0xff,0xff,
    0xff,0xff,0xff,0xff,0xff,0xff,0xff,0xff,0xff,0xff,0xff,0xff,0xff,0xff,0xff,0xff,
    0xff,0xff,0xff,0xff,0xff,0xff,0xff,0xff,0xff,0xff,0xff,0xff,0xff,0xff,0xff,0xff,
    0xff,0xff,0xff,0xff,0xff,0xff,0xff,0xff,0xff,0xff,0xff,0xff,0xff,0xff,0xff,0xff,
    0xff,0xff,0xff,0xff,0xff,0xff,0xff,0xff,0xff,0xff,0xff,0xff,0xff,0xff,0xff,0xff,
    0xff,0xff,0xff,0xff,0xff,0xff,0xff,0xff,0xff,0xff,0xff,0xff,0xff,0xff,0xff,0xff,
    0xff,0xff,0xff,0xff,0xff,0xff,0xff,0xff,0xff,0xff,0xff,0xff,0xff,0xff,0xff,0xff,
    0xff,0xff,0xff,0xff,0xff,0xff,0xff,0xff,0xff,0xff,0xff,0xff,0xff,0xff,0xff,0xff,
    0xff,0xff,0xff,0xff,0xff,0xff,0xff,0xff,0xff,0xff,0xff,0xff,0xff,0xff,0xff,0xff,
    0xff,0xff,0xff,0xff,0xff,0xff,0xff,0xff,0xff,0xff,0xff,0xff,0xff,0xff,0xff,0xff,
    0xff,0xff,0xff,0xff,0xff,0xff,0xff,0xff,0xff,0xff,0xff,0xff,0xff,0xff,0xff,0xff,
    0xff,0xff,0xff,0xff,0xff,0xff,0xff,0xff,0xff,0xff,0xff,0xff,0xff,0xff,0xff,0xff,
    0xff,0xff,0xff,0xff,0xff,0xff,0xff,0xff,0xff,0xff,0xff,0xff,0xff,0xff,0xff,0xff,
    0xff,0xff,0xff,0xff,0xff,0xff,0xff,0xff,0xff,0xff,0xff,0xff,0xff,0xff,0xff,0xff,
    0xff,0xff,0xff,0xff,0xff,0xff,0xff,0xff,0xff,0xff,0xff,0xff,0xff,0xff,0xff,0xff,
    0xff,0xff,0xff,0xff,0xff,0xff,0xff,0xff,0xff,0xff,0xff,0xff,0xff,0xff,0xff,0xff,
    0xff,0xff,0xff,0xff,0xff,0xff,0xff,0xff,0xff,0xff,0xff,0xff,0xff,0xff,0xff,0xff,
    0xff,0xff,0xff,0xff,0xff,0xff,0xff,0xff,0xff,0xff,0xff,0xff,0xff,0xff,0xff,0xff,
    0xff,0xff,0xff,0xff,0xff,0xff,0xff,0xff,0xff,0xff,0xff,0xff,0xff,0xff,0xff,0xff,
    0xff,0xff,0xff,0xff,0xff,0xff,0xff,0xff,0xff,0xff,0xff,0xff,0xff,0xff,0xff,0xff,
    0xff,0xff,0xff,0xff,0xff,0xff,0xff,0xff,0xff,0xff,0xff,0xff,0xff,0xff,0xff,0xff,
    0xff,0xff,0xff,0xff,0xff,0xff,0xff,0xff,0xff,0xff,0xff,0xff,0xff,0xff,0xff,0xff,
    0xff,0xff,0xff,0xff,0xff,0xff,0xff,0xff,0xff,0xff,0xff,0xff,0xff,0xff,0xff,0xff,
    0xff,0xff,0xff,0xff,0xff,0xff,0xff,0xff,0xff,0xff,0xff,0xff,0xff,0xff,0xff,0xff,
    0xff,0xff,0xff,0xff,0xff,0xff,0xff,0xff,0xff,0xff,0xff,0xff,0xff,0xff,0xff,0xff,
    0xff,0xff,0xff,0xff,0xff,0xff,0xff,0xff,0xff,0xff,0xff,0xff,0xff,0xff,0xff,0xff,
    0xff,0xff,0xff,0xff,0xff,0xff,0xff,0xff,0xff,0xff,0xff,0xff,0xff,0xff,0xff,0xff,
    0xff,0xff,0xff,0xff,0xff,0xff,0xff,0xff,0xff,0xff,0xff,0xff,0xff,0xff,0xff,0xff,
    0xff,0xff,0xff,0xff,0xff,0xff,0xff,0xff,0xff,0xff,0xff,0xff,0xff,0xff,0xff,0xff,
    0xff,0xff,0xff,0xff,0xff,0xff,0xff,0xff,0xff,0xff,0xff,0xff,0xff,0xff,0xff,0xff,
    0xff,0xff,0xff,0xff,0xff,0xff,0xff,0xff,0xff,0xff,0xff,0xff,0xff,0xff,0xff,0xff,
    0xff,0xff,0xff,0xff,0xff,0xff,0xff,0xff,0xff,0xff,0xff,0xff,0xff,0xff,0xff,0xff,
    0xff,0xff,0xff,0xff,0xff,0xff,0xff,0xff,0xff,0xff,0xff,0xff,0xff,0xff,0xff,0xff,
    0xff,0xff,0xff,0xff,0xff,0xff,0xff,0xff,0xff,0xff,0xff,0xff,0xff,0xff,0xff,0xff,
    0xff,0xff,0xff,0xff,0xff,0xff,0xff,0xff,0xff,0xff,0xff,0xff,0xff,0xff,0xff,0xff,
    0xff,0xff,0xff,0xff,0xff,0xff,0xff,0xff,0xff,0xff,0xff,0xff,0xff,0xff,0xff,0xff,
    0xff,0xff,0xff,0xff,0xff,0xff,0xff,0xff,0xff,0xff,0xff,0xff,0xff,0xff,0xff,0xff,
    0xff,0xff,0xff,0xff,0xff,0xff,0xff,0xff,0xff,0xff,0xff,0xff,0xff,0xff,0xff,0xff,
    0xff,0xff,0xff,0xff,0xff,0xff,0xff,0xff,0xff,0xff,0xff,0xff,0xff,0xff,0xff,0xff,
    0xff,0xff,0xff,0xff,0xff,0xff,0xff,0xff,0xff,0xff,0xff,0xff,0xff,0xff,0xff,0xff,
    0xff,0xff,0xff,0xff,0xff,0xff,0xff,0xff,0xff,0xff,0xff,0xff,0xff,0xff,0xff,0xff,
    0xff,0xff,0xff,0xff,0xff,0xff,0xff,0xff,0xff,0xff,0xff,0xff,0xff,0xff,0xff,0xff,
    0xff,0xff,0xff,0xff,0xff,0xff,0xff,0xff,0xff,0xff,0xff,0xff,0xff,0xff,0xff,0xff,
    0xff,0xff,0xff,0xff,0xff,0xff,0xff,0xff,0xff,0xff,0xff,0xff,0xff,0xff,0xff,0xff,
    0xff,0xff,0xff,0xff,0xff,0xff,0xff,0xff,0xff,0xff,0xff,0xff,0xff,0xff,0xff,0xff,
    0xff,0xff,0xff,0xff,0xff,0xff,0xff,0xff,0xff,0xff,0xff,0xff,0xff,0xff,0xff,0xff,
    0xff,0xff,0xff,0xff,0xff,0xff,0xff,0xff,0xff,0xff,0xff,0xff,0xff,0xff,0xff,0xff,
    0xff,0xff,0xff,0xff,0xff,0xff,0xff,0xff,0xff,0xff,0xff,0xff,0xff,0xff,0xff,0xff,
    0xff,0xff,0xff,0xff,0xff,0xff,0xff,0xff,0xff,0xff,0xff,0xff,0xff,0xff,0xff,0xff,
    0xff,0xff,0xff,0xff,0xff,0xff,0xff,0xff,0xff,0xff,0xff,0xff,0xff,0xff,0xff,0xff,
    0xff,0xff,0xff,0xff,0xff,0xff,0xff,0xff,0xff,0xff,0xff,0xff,0xff,0xff,0xff,0xff,
    0xff,0xff,0xff,0xff,0xff,0xff,0xff,0xff,0xff,0xff,0xff,0xff,0xff,0xff,0xff,0xff,
    0xff,0xff,0xff,0xff,0xff,0xff,0xff,0xff,0xff,0xff,0xff,0xff,0xff,0xff,0xff,0xff,
    0xff,0xff,0xff,0xff,0xff,0xff,0xff,0xff,0xff,0xff,0xff,0xff,0xff,0xff,0xff,0xff,
    0xff,0xff,0xff,0xff,0xff,0xff,0xff,0xff,0xff,0xff,0xff,0xff,0xff,0xff,0xff,0xff,
    0xff,0xff,0xff,0xff,0xff,0xff,0xff,0xff,0xff,0xff,0xff,0xff,0xff,0xff,0xff,0xff,
    0xff,0xff,0xff,0xff,0xff,0xff,0xff,0xff,0xff,0xff,0xff,0xff,0xff,0xff,0xff,0xff,
    0xff,0xff,0xff,0xff,0xff,0xff,0xff,0xff,0xff,0xff,0xff,0xff,0xff,0xff,0xff,0xff,
    0xff,0xff,0xff,0xff,0xff,0xff,0xff,0xff,0xff,0xff,0xff,0xff,0xff,0xff,0xff,0xff,
    0xff,0xff,0xff,0xff,0xff,0xff,0xff,0xff,0xff,0xff,0xff,0xff,0xff,0xff,0xff,0xff,
    0xff,0xff,0xff,0xff,0xff,0xff,0xff,0xff,0xff,0xff,0xff,0xff,0xff,0xff,0xff,0xff,
    0xff,0xff,0xff,0xff,0xff,0xff,0xff,0xff,0xff,0xff,0xff,0xff,0xff,0xff,0xff,0xff,
    0xff,0xff,0xff,0xff,0xff,0xff,0xff,0xff,0xff,0xff,0xff,0xff,0xff,0xff,0xff,0xff,
    0xff,0xff,0xff,0xff,0xff,0xff,0xff,0xff,0xff,0xff,0xff,0xff,0xff,0xff,0xff,0xff,
    0xff,0xff,0xff,0xff,0xff,0xff,0xff,0xff,0xff,0xff,0xff,0xff,0xff,0xff,0xff,0xff,
    0xff,0xff,0xff,0xff,0xff,0xff,0xff,0xff,0xff,0xff,0xff,0xff,0xff,0xff,0xff,0xff,
    0xff,0xff,0xff,0xff,0xff,0xff,0xff,0xff,0xff,0xff,0xff,0xff,0xff,0xff,0xff,0xff,
    0xff,0xff,0xff,0xff,0xff,0xff,0xff,0xff,0xff,0xff,0xff,0xff,0xff,0xff,0xff,0xff,
    0xff,0xff,0xff,0xff,0xff,0xff,0xff,0xff,0xff,0xff,0xff,0xff,0xff,0xff,0xff,0xff,
    0xff,0xff,0xff,0xff,0xff,0xff,0xff,0xff,0xff,0xff,0xff,0xff,0xff,0xff,0xff,0xff,
    0xff,0xff,0xff,0xff,0xff,0xff,0xff,0xff,0xff,0xff,0xff,0xff,0xff,0xff,0xff,0xff,
    0xff,0xff,0xff,0xff,0xff,0xff,0xff,0xff,0xff,0xff,0xff,0xff,0xff,0xff,0xff,0xff,
    0xff,0xff,0xff,0xff,0xff,0xff,0xff,0xff,0xff,0xff,0xff,0xff,0xff,0xff,0xff,0xff,
    0xff,0xff,0xff,0xff,0xff,0xff,0xff,0xff,0xff,0xff,0xff,0xff,0xff,0xff,0xff,0xff,
    0xff,0xff,0xff,0xff,0xff,0xff,0xff,0xff,0xff,0xff,0xff,0xff,0xff,0xff,0xff,0xff,
    0xff,0xff,0xff,0xff,0xff,0xff,0xff,0xff,0xff,0xff,0xff,0xff,0xff,0xff,0xff,0xff,
    0xff,0xff,0xff,0xff,0xff,0xff,0xff,0xff,0xff,0xff,0xff,0xff,0xff,0xff,0xff,0xff,
    0xff,0xff,0xff,0xff,0xff,0xff,0xff,0xff,0xff,0xff,0xff,0xff,0xff,0xff,0xff,0xff,
    0xff,0xff,0xff,0xff,0xff,0xff,0xff,0xff,0xff,0xff,0xff,0xff,0xff,0xff,0xff,0xff,
    0xff,0xff,0xff,0xff,0xff,0xff,0xff,0xff,0xff,0xff,0xff,0xff,0xff,0xff,0xff,0xff,
    0xff,0xff,0xff,0xff,0xff,0xff,0xff,0xff,0xff,0xff,0xff,0xff,0xff,0xff,0xff,0xff,
    0xff,0xff,0xff,0xff,0xff,0xff,0xff,0xff,0xff,0xff,0xff,0xff,0xff,0xff,0xff,0xff,
    0xff,0xff,0xff,0xff,0xff,0xff,0xff,0xff,0xff,0xff,0xff,0xff,0xff,0xff,0xff,0xff,
    0xff,0xff,0xff,0xff,0xff,0xff,0xff,0xff,0xff,0xff,0xff,0xff,0xff,0xff,0xff,0xff,
    0xff,0xff,0xff,0xff,0xff,0xff,0xff,0xff,0xff,0xff,0xff,0xff,0xff,0xff,0xff,0xff,
    0xff,0xff,0xff,0xff,0xff,0xff,0xff,0xff,0xff,0xff,0xff,0xff,0xff,0xff,0xff,0xff,
    0xff,0xff,0xff,0xff,0xff,0xff,0xff,0xff,0xff,0xff,0xff,0xff,0xff,0xff,0xff,0xff,
    0xff,0xff,0xff,0xff,0xff,0xff,0xff,0xff,0xff,0xff,0xff,0xff,0xff,0xff,0xff,0xff,
    0xff,0xff,0xff,0xff,0xff,0xff,0xff,0xff,0xff,0xff,0xff,0xff,0xff,0xff,0xff,0xff,
    0xff,0xff,0xff,0xff,0xff,0xff,0xff,0xff,0xff,0xff,0xff,0xff,0xff,0xff,0xff,0xff,
    0xff,0xff,0xff,0xff,0xff,0xff,0xff,0xff,0xff,0xff,0xff,0xff,0xff,0xff,0xff,0xff,
    0xff,0xff,0xff,0xff,0xff,0xff,0xff,0xff,0xff,0xff,0xff,0xff,0xff,0xff,0xff,0xff,
    0xff,0xff,0xff,0xff,0xff,0xff,0xff,0xff,0xff,0xff,0xff,0xff,0xff,0xff,0xff,0xff,
    0xff,0xff,0xff,0xff,0xff,0xff,0xff,0xff,0xff,0xff,0xff,0xff,0xff,0xff,0xff,0xff,
    0xff,0xff,0xff,0xff,0xff,0xff,0xff,0xff,0xff,0xff,0xff,0xff,0xff,0xff,0xff,0xff,
    0xff,0xff,0xff,0xff,0xff,0xff,0xff,0xff,0xff,0xff,0xff,0xff,0xff,0xff,0xff,0xff,
    0xff,0xff,0xff,0xff,0xff,0xff,0xff,0xff,0xff,0xff,0xff,0xff,0xff,0xff,0xff,0xff,
    0xff,0xff,0xff,0xff,0xff,0xff,0xff,0xff,0xff,0xff,0xff,0xff,0xff,0xff,0xff,0xff,
    0xff,0xff,0xff,0xff,0xff,0xff,0xff,0xff,0xff,0xff,0xff,0xff,0xff,0xff,0xff,0xff,
    0xff,0xff,0xff,0xff,0xff,0xff,0xff,0xff,0xff,0xff,0xff,0xff,0xff,0xff,0xff,0xff,
    0xff,0xff,0xff,0xff,0xff,0xff,0xff,0xff,0xff,0xff,0xff,0xff,0xff,0xff,0xff,0xff,
    0xff,0xff,0xff,0xff,0xff,0xff,0xff,0xff,0xff,0xff,0xff,0xff,0xff,0xff,0xff,0xff,
    0xff,0xff,0xff,0xff,0xff,0xff,0xff,0xff,0xff,0xff,0xff,0xff,0xff,0xff,0xff,0xff,
    0xff,0xff,0xff,0xff,0xff,0xff,0xff,0xff,0xff,0xff,0xff,0xff,0xff,0xff,0xff,0xff,
    0xff,0xff,0xff,0xff,0xff,0xff,0xff,0xff,0xff,0xff,0xff,0xff,0xff,0xff,0xff,0xff,
    0xff,0xff,0xff,0xff,0xff,0xff,0xff,0xff,0xff,0xff,0xff,0xff,0xff,0xff,0xff,0xff,
    0xff,0xff,0xff,0xff,0xff,0xff,0xff,0xff,0xff,0xff,0xff,0xff,0xff,0xff,0xff,0xff,
    0xff,0xff,0xff,0xff,0xff,0xff,0xff,0xff,0xff,0xff,0xff,0xff,0xff,0xff,0xff,0xff,
    0xff,0xff,0xff,0xff,0xff,0xff,0xff,0xff,0xff,0xff,0xff,0xff,0xff,0xff,0xff,0xff,
    0xff,0xff,0xff,0xff,0xff,0xff,0xff,0xff,0xff,0xff,0xff,0xff,0xff,0xff,0xff,0xff,
    0xff,0xff,0xff,0xff,0xff,0xff,0xff,0xff,0xff,0xff,0xff,0xff,0xff,0xff,0xff,0xff,
    0xff,0xff,0xff,0xff,0xff,0xff,0xff,0xff,0xff,0xff,0xff,0xff,0xff,0xff,0xff,0xff,
    0xff,0xff,0xff,0xff,0xff,0xff,0xff,0xff,0xff,0xff,0xff,0xff,0xff,0xff,0xff,0xff,
    0xff,0xff,0xff,0xff,0xff,0xff,0xff,0xff,0xff,0xff,0xff,0xff,0xff,0xff,0xff,0xff,
    0xff,0xff,0xff,0xff,0xff,0xff,0xff,0xff,0xff,0xff,0xff,0xff,0xff,0xff,0xff,0xff,
    0xff,0xff,0xff,0xff,0xff,0xff,0xff,0xff,0xff,0xff,0xff,0xff,0xff,0xff,0xff,0xff,
    0xff,0xff,0xff,0xff,0xff,0xff,0xff,0xff,0xff,0xff,0xff,0xff,0xff,0xff,0xff,0xff,
    0xff,0xff,0xff,0xff,0xff,0xff,0xff,0xff,0xff,0xff,0xff,0xff,0xff,0xff,0xff,0xff,
    0xff,0xff,0xff,0xff,0xff,0xff,0xff,0xff,0xff,0xff,0xff,0xff,0xff,0xff,0xff,0xff,
    0xff,0xff,0xff,0xff,0xff,0xff,0xff,0xff,0xff,0xff,0xff,0xff,0xff,0xff,0xff,0xff,
    0xff,0xff,0xff,0xff,0xff,0xff,0xff,0xff,0xff,0xff,0xff,0xff,0xff,0xff,0xff,0xff,
    0xff,0xff,0xff,0xff,0xff,0xff,0xff,0xff,0xff,0xff,0xff,0xff,0xff,0xff,0xff,0xff,
    0xff,0xff,0xff,0xff,0xff,0xff,0xff,0xff,0xff,0xff,0xff,0xff,0xff,0xff,0xff,0xff,
    0xff,0xff,0xff,0xff,0xff,0xff,0xff,0xff,0xff,0xff,0xff,0xff,0xff,0xff,0xff,0xff,
    0xff,0xff,0xff,0xff,0xff,0xff,0xff,0xff,0xff,0xff,0xff,0xff,0xff,0xff,0xff,0xff,
    0xff,0xff,0xff,0xff,0xff,0xff,0xff,0xff,0xff,0xff,0xff,0xff,0xff,0xff,0xff,0xff,
    0xff,0xff,0xff,0xff,0xff,0xff,0xff,0xff,0xff,0xff,0xff,0xff,0xff,0xff,0xff,0xff,
    0xff,0xff,0xff,0xff,0xff,0xff,0xff,0xff,0xff,0xff,0xff,0xff,0xff,0xff,0xff,0xff,
    0xff,0xff,0xff,0xff,0xff,0xff,0xff,0xff,0xff,0xff,0xff,0xff,0xff,0xff,0xff,0xff,
    0xff,0xff,0xff,0xff,0xff,0xff,0xff,0xff,0xff,0xff,0xff,0xff,0xff,0xff,0xff,0xff,
    0xff,0xff,0xff,0xff,0xff,0xff,0xff,0xff,0xff,0xff,0xff,0xff,0xff,0xff,0xff,0xff,
    0xff,0xff,0xff,0xff,0xff,0xff,0xff,0xff,0xff,0xff,0xff,0xff,0xff,0xff,0xff,0xff,
    0xff,0xff,0xff,0xff,0xff,0xff,0xff,0xff,0xff,0xff,0xff,0xff,0xff,0xff,0xff,0xff,
    0xff,0xff,0xff,0xff,0xff,0xff,0xff,0xff,0xff,0xff,0xff,0xff,0xff,0xff,0xff,0xff,
    0xff,0xff,0xff,0xff,0xff,0xff,0xff,0xff,0xff,0xff,0xff,0xff,0xff,0xff,0xff,0xff,
    0xff,0xff,0xff,0xff,0xff,0xff,0xff,0xff,0xff,0xff,0xff,0xff,0xff,0xff,0xff,0xff,
    0xff,0xff,0xff,0xff,0xff,0xff,0xff,0xff,0xff,0xff,0xff,0xff,0xff,0xff,0xff,0xff,
    0xff,0xff,0xff,0xff,0xff,0xff,0xff,0xff,0xff,0xff,0xff,0xff,0xff,0xff,0xff,0xff,
    0xff,0xff,0xff,0xff,0xff,0xff,0xff,0xff,0xff,0xff,0xff,0xff,0xff,0xff,0xff,0xff,
    0xff,0xff,0xff,0xff,0xff,0xff,0xff,0xff,0xff,0xff,0xff,0xff,0xff,0xff,0xff,0xff,
    0xff,0xff,0xff,0xff,0xff,0xff,0xff,0xff,0xff,0xff,0xff,0xff,0xff,0xff,0xff,0xff,
    0xff,0xff,0xff,0xff,0xff,0xff,0xff,0xff,0xff,0xff,0xff,0xff,0xff,0xff,0xff,0xff,
    0xff,0xff,0xff,0xff,0xff,0xff,0xff,0xff,0xff,0xff,0xff,0xff,0xff,0xff,0xff,0xff,
    0xff,0xff,0xff,0xff,0xff,0xff,0xff,0xff,0xff,0xff,0xff,0xff,0xff,0xff,0xff,0xff,
    0xff,0xff,0xff,0xff,0xff,0xff,0xff,0xff,0xff,0xff,0xff,0xff,0xff,0xff,0xff,0xff,
    0xff,0xff,0xff,0xff,0xff,0xff,0xff,0xff,0xff,0xff,0xff,0xff,0xff,0xff,0xff,0xff,
    0xff,0xff,0xff,0xff,0xff,0xff,0xff,0xff,0xff,0xff,0xff,0xff,0xff,0xff,0xff,0xff,
    0xff,0xff,0xff,0xff,0xff,0xff,0xff,0xff,0xff,0xff,0xff,0xff,0xff,0xff,0xff,0xff,
    0xff,0xff,0xff,0xff,0xff,0xff,0xff,0xff,0xff,0xff,0xff,0xff,0xff,0xff,0xff,0xff,
    0xff,0xff,0xff,0xff,0xff,0xff,0xff,0xff,0xff,0xff,0xff,0xff,0xff,0xff,0xff,0xff,
    0xff,0xff,0xff,0xff,0xff,0xff,0xff,0xff,0xff,0xff,0xff,0xff,0xff,0xff,0xff,0xff,
    0xff,0xff,0xff,0xff,0xff,0xff,0xff,0xff,0xff,0xff,0xff,0xff,0xff,0xff,0xff,0xff,
    0xff,0xff,0xff,0xff,0xff,0xff,0xff,0xff,0xff,0xff,0xff,0xff,0xff,0xff,0xff,0xff,
    0xff,0xff,0xff,0xff,0xff,0xff,0xff,0xff,0xff,0xff,0xff,0xff,0xff,0xff,0xff,0xff,
    0xff,0xff,0xff,0xff,0xff,0xff,0xff,0xff,0xff,0xff,0xff,0xff,0xff,0xff,0xff,0xff,
    0xff,0xff,0xff,0xff,0xff,0xff,0xff,0xff,0xff,0xff,0xff,0xff,0xff,0xff,0xff,0xff,
    0xff,0xff,0xff,0xff,0xff,0xff,0xff,0xff,0xff,0xff,0xff,0xff,0xff,0xff,0xff,0xff,
    0xff,0xff,0xff,0xff,0xff,0xff,0xff,0xff,0xff,0xff,0xff,0xff,0xff,0xff,0xff,0xff,
    0xff,0xff,0xff,0xff,0xff,0xff,0xff,0xff,0xff,0xff,0xff,0xff,0xff,0xff,0xff,0xff,
    0xff,0xff,0xff,0xff,0xff,0xff,0xff,0xff,0xff,0xff,0xff,0xff,0xff,0xff,0xff,0xff,
    0xff,0xff,0xff,0xff,0xff,0xff,0xff,0xff,0xff,0xff,0xff,0xff,0xff,0xff,0xff,0xff,
    0xff,0xff,0xff,0xff,0xff,0xff,0xff,0xff,0xff,0xff,0xff,0xff,0xff,0xff,0xff,0xff,
    0xff,0xff,0xff,0xff,0xff,0xff,0xff,0xff,0xff,0xff,0xff,0xff,0xff,0xff,0xff,0xff,
    0xff,0xff,0xff,0xff,0xff,0xff,0xff,0xff,0xff,0xff,0xff,0xff,0xff,0xff,0xff,0xff,
    0xff,0xff,0xff,0xff,0xff,0xff,0xff,0xff,0xff,0xff,0xff,0xff,0xff,0xff,0xff,0xff,
    0xff,0xff,0xff,0xff,0xff,0xff,0xff,0xff,0xff,0xff,0xff,0xff,0xff,0xff,0xff,0xff,
    0xff,0xff,0xff,0xff,0xff,0xff,0xff,0xff,0xff,0xff,0xff,0xff,0xff,0xff,0xff,0xff,
    0xff,0xff,0xff,0xff,0xff,0xff,0xff,0xff,0xff,0xff,0xff,0xff,0xff,0xff,0xff,0xff,
    0xff,0xff,0xff,0xff,0xff,0xff,0xff,0xff,0xff,0xff,0xff,0xff,0xff,0xff,0xff,0xff,
    0xff,0xff,0xff,0xff,0xff,0xff,0xff,0xff,0xff,0xff,0xff,0xff,0xff,0xff,0xff,0xff,
    0xff,0xff,0xff,0xff,0xff,0xff,0xff,0xff,0xff,0xff,0xff,0xff,0xff,0xff,0xff,0xff,
    0xff,0xff,0xff,0xff,0xff,0xff,0xff,0xff,0xff,0xff,0xff,0xff,0xff,0xff,0xff,0xff,
    0xff,0xff,0xff,0xff,0xff,0xff,0xff,0xff,0xff,0xff,0xff,0xff,0xff,0xff,0xff,0xff,
    0xff,0xff,0xff,0xff,0xff,0xff,0xff,0xff,0xff,0xff,0xff,0xff,0xff,0xff,0xff,0xff,
    0xff,0xff,0xff,0xff,0xff,0xff,0xff,0xff,0xff,0xff,0xff,0xff,0xff,0xff,0xff,0xff,
    0xff,0xff,0xff,0xff,0xff,0xff,0xff,0xff,0xff,0xff,0xff,0xff,0xff,0xff,0xff,0xff,
    0xff,0xff,0xff,0xff,0xff,0xff,0xff,0xff,0xff,0xff,0xff,0xff,0xff,0xff,0xff,0xff,
    0xff,0xff,0xff,0xff,0xff,0xff,0xff,0xff,0xff,0xff,0xff,0xff,0xff,0xff,0xff,0xff,
    0xff,0xff,0xff,0xff,0xff,0xff,0xff,0xff,0xff,0xff,0xff,0xff,0xff,0xff,0xff,0xff,
    0xff,0xff,0xff,0xff,0xff,0xff,0xff,0xff,0xff,0xff,0xff,0xff,0xff,0xff,0xff,0xff,
    0xff,0xff,0xff,0xff,0xff,0xff,0xff,0xff,0xff,0xff,0xff,0xff,0xff,0xff,0xff,0xff,
    0xff,0xff,0xff,0xff,0xff,0xff,0xff,0xff,0xff,0xff,0xff,0xff,0xff,0xff,0xff,0xff,
    0xff,0xff,0xff,0xff,0xff,0xff,0xff,0xff,0xff,0xff,0xff,0xff,0xff,0xff,0xff,0xff,
    0xff,0xff,0xff,0xff,0xff,0xff,0xff,0xff,0xff,0xff,0xff,0xff,0xff,0xff,0xff,0xff,
    0xff,0xff,0xff,0xff,0xff,0xff,0xff,0xff,0xff,0xff,0xff,0xff,0xff,0xff,0xff,0xff,
    0xff,0xff,0xff,0xff,0xff,0xff,0xff,0xff,0xff,0xff,0xff,0xff,0xff,0xff,0xff,0xff,
    0xff,0xff,0xff,0xff,0xff,0xff,0xff,0xff,0xff,0xff,0xff,0xff,0xff,0xff,0xff,0xff,
    0xff,0xff,0xff,0xff,0xff,0xff,0xff,0xff,0xff,0xff,0xff,0xff,0xff,0xff,0xff,0xff,
    0xff,0xff,0xff,0xff,0xff,0xff,0xff,0xff,0xff,0xff,0xff,0xff,0xff,0xff,0xff,0xff,
    0xff,0xff,0xff,0xff,0xff,0xff,0xff,0xff,0xff,0xff,0xff,0xff,0xff,0xff,0xff,0xff,
    0xff,0xff,0xff,0xff,0xff,0xff,0xff,0xff,0xff,0xff,0xff,0xff,0xff,0xff,0xff,0xff,
    0xff,0xff,0xff,0xff,0xff,0xff,0xff,0xff,0xff,0xff,0xff,0xff,0xff,0xff,0xff,0xff,
    0xff,0xff,0xff,0xff,0xff,0xff,0xff,0xff,0xff,0xff,0xff,0xff,0xff,0xff,0xff,0xff,
    0xff,0xff,0xff,0xff,0xff,0xff,0xff,0xff,0xff,0xff,0xff,0xff,0xff,0xff,0xff,0xff,
    0xff,0xff,0xff,0xff,0xff,0xff,0xff,0xff,0xff,0xff,0xff,0xff,0xff,0xff,0xff,0xff,
    0xff,0xff,0xff,0xff,0xff,0xff,0xff,0xff,0xff,0xff,0xff,0xff,0xff,0xff,0xff,0xff,
    0xff,0xff,0xff,0xff,0xff,0xff,0xff,0xff,0xff,0xff,0xff,0xff,0xff,0xff,0xff,0xff,
    0xff,0xff,0xff,0xff,0xff,0xff,0xff,0xff,0xff,0xff,0xff,0xff,0xff,0xff,0xff,0xff,
    0xff,0xff,0xff,0xff,0xff,0xff,0xff,0xff,0xff,0xff,0xff,0xff,0xff,0xff,0xff,0xff,
    0xff,0xff,0xff,0xff,0xff,0xff,0xff,0xff,0xff,0xff,0xff,0xff,0xff,0xff,0xff,0xff,
    0xff,0xff,0xff,0xff,0xff,0xff,0xff,0xff,0xff,0xff,0xff,0xff,0xff,0xff,0xff,0xff,
    0xff,0xff,0xff,0xff,0xff,0xff,0xff,0xff,0xff,0xff,0xff,0xff,0xff,0xff,0xff,0xff,
    0xff,0xff,0xff,0xff,0xff,0xff,0xff,0xff,0xff,0xff,0xff,0xff,0xff,0xff,0xff,0xff,
    0xff,0xff,0xff,0xff,0xff,0xff,0xff,0xff,0xff,0xff,0xff,0xff,0xff,0xff,0xff,0xff,
    0xff,0xff,0xff,0xff,0xff,0xff,0xff,0xff,0xff,0xff,0xff,0xff,0xff,0xff,0xff,0xff,
    0xff,0xff,0xff,0xff,0xff,0xff,0xff,0xff,0xff,0xff,0xff,0xff,0xff,0xff,0xff,0xff,
    0xff,0xff,0xff,0xff,0xff,0xff,0xff,0xff,0xff,0xff,0xff,0xff,0xff,0xff,0xff,0xff,
    0xff,0xff,0xff,0xff,0xff,0xff,0xff,0xff,0xff,0xff,0xff,0xff,0xff,0xff,0xff,0xff,
    0xff,0xff,0xff,0xff,0xff,0xff,0xff,0xff,0xff,0xff,0xff,0xff,0xff,0xff,0xff,0xff,
    0xff,0xff,0xff,0xff,0xff,0xff,0xff,0xff,0xff,0xff,0xff,0xff,0xff,0xff,0xff,0xff,
    0xff,0xff,0xff,0xff,0xff,0xff,0xff,0xff,0xff,0xff,0xff,0xff,0xff,0xff,0xff,0xff,
    0xff,0xff,0xff,0xff,0xff,0xff,0xff,0xff,0xff,0xff,0xff,0xff,0xff,0xff,0xff,0xff,
    0xff,0xff,0xff,0xff,0xff,0xff,0xff,0xff,0xff,0xff,0xff,0xff,0xff,0xff,0xff,0xff,
    0xff,0xff,0xff,0xff,0xff,0xff,0xff,0xff,0xff,0xff,0xff,0xff,0xff,0xff,0xff,0xff,
    0xff,0xff,0xff,0xff,0xff,0xff,0xff,0xff,0xff,0xff,0xff,0xff,0xff,0xff,0xff,0xff,
    0xff,0xff,0xff,0xff,0xff,0xff,0xff,0xff,0xff,0xff,0xff,0xff,0xff,0xff,0xff,0xff,
    0xff,0xff,0xff,0xff,0xff,0xff,0xff,0xff,0xff,0xff,0xff,0xff,0xff,0xff,0xff,0xff,
    0xff,0xff,0xff,0xff,0xff,0xff,0xff,0xff,0xff,0xff,0xff,0xff,0xff,0xff,0xff,0xff,
    0xff,0xff,0xff,0xff,0xff,0xff,0xff,0xff,0xff,0xff,0xff,0xff,0xff,0xff,0xff,0xff,
    0xff,0xff,0xff,0xff,0xff,0xff,0xff,0xff,0xff,0xff,0xff,0xff,0xff,0xff,0xff,0xff,
    0xff,0xff,0xff,0xff,0xff,0xff,0xff,0xff,0xff,0xff,0xff,0xff,0xff,0xff,0xff,0xff,
    0xff,0xff,0xff,0xff,0xff,0xff,0xff,0xff,0xff,0xff,0xff,0xff,0xff,0xff,0xff,0xff,
    0xff,0xff,0xff,0xff,0xff,0xff,0xff,0xff,0xff,0xff,0xff,0xff,0xff,0xff,0xff,0xff,
    0xff,0xff,0xff,0xff,0xff,0xff,0xff,0xff,0xff,0xff,0xff,0xff,0xff,0xff,0xff,0xff,
    0xff,0xff,0xff,0xff,0xff,0xff,0xff,0xff,0xff,0xff,0xff,0xff,0xff,0xff,0xff,0xff,
    0xff,0xff,0xff,0xff,0xff,0xff,0xff,0xff,0xff,0xff,0xff,0xff,0xff,0xff,0xff,0xff,
    0xff,0xff,0xff,0xff,0xff,0xff,0xff,0xff,0xff,0xff,0xff,0xff,0xff,0xff,0xff,0xff,
    0xff,0xff,0xff,0xff,0xff,0xff,0xff,0xff,0xff,0xff,0xff,0xff,0xff,0xff,0xff,0xff,
    0xff,0xff,0xff,0xff,0xff,0xff,0xff,0xff,0xff,0xff,0xff,0xff,0xff,0xff,0xff,0xff,
    0xff,0xff,0xff,0xff,0xff,0xff,0xff,0xff,0xff,0xff,0xff,0xff,0xff,0xff,0xff,0xff,
    0xff,0xff,0xff,0xff,0xff,0xff,0xff,0xff,0xff,0xff,0xff,0xff,0xff,0xff,0xff,0xff,
    0xff,0xff,0xff,0xff,0xff,0xff,0xff,0xff,0xff,0xff,0xff,0xff,0xff,0xff,0xff,0xff,
    0xff,0xff,0xff,0xff,0xff,0xff,0xff,0xff,0xff,0xff,0xff,0xff,0xff,0xff,0xff,0xff,
    0xff,0xff,0xff,0xff,0xff,0xff,0xff,0xff,0xff,0xff,0xff,0xff,0xff,0xff,0xff,0xff,
    0xff,0xff,0xff,0xff,0xff,0xff,0xff,0xff,0xff,0xff,0xff,0xff,0xff,0xff,0xff,0xff,
    0xff,0xff,0xff,0xff,0xff,0xff,0xff,0xff,0xff,0xff,0xff,0xff,0xff,0xff,0xff,0xff,
    0xff,0xff,0xff,0xff,0xff,0xff,0xff,0xff,0xff,0xff,0xff,0xff,0xff,0xff,0xff,0xff,
    0xff,0xff,0xff,0xff,0xff,0xff,0xff,0xff,0xff,0xff,0xff,0xff,0xff,0xff,0xff,0xff,
    0xff,0xff,0xff,0xff,0xff,0xff,0xff,0xff,0xff,0xff,0xff,0xff,0xff,0xff,0xff,0xff,
    0xff,0xff,0xff,0xff,0xff,0xff,0xff,0xff,0xff,0xff,0xff,0xff,0xff,0xff,0xff,0xff,
    0xff,0xff,0xff,0xff,0xff,0xff,0xff,0xff,0xff,0xff,0xff,0xff,0xff,0xff,0xff,0xff,
    0xff,0xff,0xff,0xff,0xff,0xff,0xff,0xff,0xff,0xff,0xff,0xff,0xff,0xff,0xff,0xff,
    0xff,0xff,0xff,0xff,0xff,0xff,0xff,0xff,0xff,0xff,0xff,0xff,0xff,0xff,0xff,0xff,
    0xff,0xff,0xff,0xff,0xff,0xff,0xff,0xff,0xff,0xff,0xff,0xff,0xff,0xff,0xff,0xff,
    0xff,0xff,0xff,0xff,0xff,0xff,0xff,0xff,0xff,0xff,0xff,0xff,0xff,0xff,0xff,0xff,
    0xff,0xff,0xff,0xff,0xff,0xff,0xff,0xff,0xff,0xff,0xff,0xff,0xff,0xff,0xff,0xff,
    0xff,0xff,0xff,0xff,0xff,0xff,0xff,0xff,0xff,0xff,0xff,0xff,0xff,0xff,0xff,0xff,
    0xff,0xff,0xff,0xff,0xff,0xff,0xff,0xff,0xff,0xff,0xff,0xff,0xff,0xff,0xff,0xff,
    0xff,0xff,0xff,0xff,0xff,0xff,0xff,0xff,0xff,0xff,0xff,0xff,0xff,0xff,0xff,0xff,
    0xff,0xff,0xff,0xff,0xff,0xff,0xff,0xff,0xff,0xff,0xff,0xff,0xff,0xff,0xff,0xff,
    0xff,0xff,0xff,0xff,0xff,0xff,0xff,0xff,0xff,0xff,0xff,0xff,0xff,0xff,0xff,0xff,
    0xff,0xff,0xff,0xff,0xff,0xff,0xff,0xff,0xff,0xff,0xff,0xff,0xff,0xff,0xff,0xff,
    0xff,0xff,0xff,0xff,0xff,0xff,0xff,0xff,0xff,0xff,0xff,0xff,0xff,0xff,0xff,0xff,
    0xff,0xff,0xff,0xff,0xff,0xff,0xff,0xff,0xff,0xff,0xff,0xff,0xff,0xff,0xff,0xff,
    0xff,0xff,0xff,0xff,0xff,0xff,0xff,0xff,0xff,0xff,0xff,0xff,0xff,0xff,0xff,0xff,
    0xff,0xff,0xff,0xff,0xff,0xff,0xff,0xff,0xff,0xff,0xff,0xff,0xff,0xff,0xff,0xff,
    0xff,0xff,0xff,0xff,0xff,0xff,0xff,0xff,0xff,0xff,0xff,0xff,0xff,0xff,0xff,0xff,
    0xff,0xff,0xff,0xff,0xff,0xff,0xff,0xff,0xff,0xff,0xff,0xff,0xff,0xff,0xff,0xff,
    0xff,0xff,0xff,0xff,0xff,0xff,0xff,0xff,0xff,0xff,0xff,0xff,0xff,0xff,0xff,0xff,
    0xff,0xff,0xff,0xff,0xff,0xff,0xff,0xff,0xff,0xff,0xff,0xff,0xff,0xff,0xff,0xff,
    0xff,0xff,0xff,0xff,0xff,0xff,0xff,0xff,0xff,0xff,0xff,0xff,0xff,0xff,0xff,0xff,
    0xff,0xff,0xff,0xff,0xff,0xff,0xff,0xff,0xff,0xff,0xff,0xff,0xff,0xff,0xff,0xff,
    0xff,0xff,0xff,0xff,0xff,0xff,0xff,0xff,0xff,0xff,0xff,0xff,0xff,0xff,0xff,0xff,
    0xff,0xff,0xff,0xff,0xff,0xff,0xff,0xff,0xff,0xff,0xff,0xff,0xff,0xff,0xff,0xff,
    0xff,0xff,0xff,0xff,0xff,0xff,0xff,0xff,0xff,0xff,0xff,0xff,0xff,0xff,0xff,0xff,
    0xff,0xff,0xff,0xff,0xff,0xff,0xff,0xff,0xff,0xff,0xff,0xff,0xff,0xff,0xff,0xff,
    0xff,0xff,0xff,0xff,0xff,0xff,0xff,0xff,0xff,0xff,0xff,0xff,0xff,0xff,0xff,0xff,
    0xff,0xff,0xff,0xff,0xff,0xff,0xff,0xff,0xff,0xff,0xff,0xff,0xff,0xff,0xff,0xff,
    0xff,0xff,0xff,0xff,0xff,0xff,0xff,0xff,0xff,0xff,0xff,0xff,0xff,0xff,0xff,0xff,
    0xff,0xff,0xff,0xff,0xff,0xff,0xff,0xff,0xff,0xff,0xff,0xff,0xff,0xff,0xff,0xff,
    0xff,0xff,0xff,0xff,0xff,0xff,0xff,0xff,0xff,0xff,0xff,0xff,0xff,0xff,0xff,0xff,
    0xff,0xff,0xff,0xff,0xff,0xff,0xff,0xff,0xff,0xff,0xff,0xff,0xff,0xff,0xff,0xff,
    0xff,0xff,0xff,0xff,0xff,0xff,0xff,0xff,0xff,0xff,0xff,0xff,0xff,0xff,0xff,0xff,
    0xff,0xff,0xff,0xff,0xff,0xff,0xff,0xff,0xff,0xff,0xff,0xff,0xff,0xff,0xff,0xff,
    0xff,0xff,0xff,0xff,0xff,0xff,0xff,0xff,0xff,0xff,0xff,0xff,0xff,0xff,0xff,0xff,
    0xff,0xff,0xff,0xff,0xff,0xff,0xff,0xff,0xff,0xff,0xff,0xff,0xff,0xff,0xff,0xff,
    0xff,0xff,0xff,0xff,0xff,0xff,0xff,0xff,0xff,0xff,0xff,0xff,0xff,0xff,0xff,0xff,
    0xff,0xff,0xff,0xff,0xff,0xff,0xff,0xff,0xff,0xff,0xff,0xff,0xff,0xff,0xff,0xff,
    0xff,0xff,0xff,0xff,0xff,0xff,0xff,0xff,0xff,0xff,0xff,0xff,0xff,0xff,0xff,0xff,
    0xff,0xff,0xff,0xff,0xff,0xff,0xff,0xff,0xff,0xff,0xff,0xff,0xff,0xff,0xff,0xff,
    0xff,0xff,0xff,0xff,0xff,0xff,0xff,0xff,0xff,0xff,0xff,0xff,0xff,0xff,0xff,0xff,
    0xff,0xff,0xff,0xff,0xff,0xff,0xff,0xff,0xff,0xff,0xff,0xff,0xff,0xff,0xff,0xff,
    0xff,0xff,0xff,0xff,0xff,0xff,0xff,0xff,0xff,0xff,0xff,0xff,0xff,0xff,0xff,0xff,
    0xff,0xff,0xff,0xff,0xff,0xff,0xff,0xff,0xff,0xff,0xff,0xff,0xff,0xff,0xff,0xff,
    0xff,0xff,0xff,0xff,0xff,0xff,0xff,0xff,0xff,0xff,0xff,0xff,0xff,0xff,0xff,0xff,
    0xff,0xff,0xff,0xff,0xff,0xff,0xff,0xff,0xff,0xff,0xff,0xff,0xff,0xff,0xff,0xff,
    0xff,0xff,0xff,0xff,0xff,0xff,0xff,0xff,0xff,0xff,0xff,0xff,0xff,0xff,0xff,0xff,
    0xff,0xff,0xff,0xff,0xff,0xff,0xff,0xff,0xff,0xff,0xff,0xff,0xff,0xff,0xff,0xff,
    0xff,0xff,0xff,0xff,0xff,0xff,0xff,0xff,0xff,0xff,0xff,0xff,0xff,0xff,0xff,0xff,
    0xff,0xff,0xff,0xff,0xff,0xff,0xff,0xff,0xff,0xff,0xff,0xff,0xff,0xff,0xff,0xff,
    0xff,0xff,0xff,0xff,0xff,0xff,0xff,0xff,0xff,0xff,0xff,0xff,0xff,0xff,0xff,0xff,
    0xff,0xff,0xff,0xff,0xff,0xff,0xff,0xff,0xff,0xff,0xff,0xff,0xff,0xff,0xff,0xff,
    0xff,0xff,0xff,0xff,0xff,0xff,0xff,0xff,0xff,0xff,0xff,0xff,0xff,0xff,0xff,0xff,
    0xff,0xff,0xff,0xff,0xff,0xff,0xff,0xff,0xff,0xff,0xff,0xff,0xff,0xff,0xff,0xff,
    0xff,0xff,0xff,0xff,0xff,0xff,0xff,0xff,0xff,0xff,0xff,0xff,0xff,0xff,0xff,0xff,
    0xff,0xff,0xff,0xff,0xff,0xff,0xff,0xff,0xff,0xff,0xff,0xff,0xff,0xff,0xff,0xff,
    0xff,0xff,0xff,0xff,0xff,0xff,0xff,0xff,0xff,0xff,0xff,0xff,0xff,0xff,0xff,0xff,
    0xff,0xff,0xff,0xff,0xff,0xff,0xff,0xff,0xff,0xff,0xff,0xff,0xff,0xff,0xff,0xff,
    0xff,0xff,0xff,0xff,0xff,0xff,0xff,0xff,0xff,0xff,0xff,0xff,0xff,0xff,0xff,0xff,
    0xff,0xff,0xff,0xff,0xff,0xff,0xff,0xff,0xff,0xff,0xff,0xff,0xff,0xff,0xff,0xff,
    0xff,0xff,0xff,0xff,0xff,0xff,0xff,0xff,0xff,0xff,0xff,0xff,0xff,0xff,0xff,0xff,
    0xff,0xff,0xff,0xff,0xff,0xff,0xff,0xff,0xff,0xff,0xff,0xff,0xff,0xff,0xff,0xff,
    0xff,0xff,0xff,0xff,0xff,0xff,0xff,0xff,0xff,0xff,0xff,0xff,0xff,0xff,0xff,0xff,
    0xff,0xff,0xff,0xff,0xff,0xff,0xff,0xff,0xff,0xff,0xff,0xff,0xff,0xff,0xff,0xff,
    0xff,0xff,0xff,0xff,0xff,0xff,0xff,0xff,0xff,0xff,0xff,0xff,0xff,0xff,0xff,0xff,
    0xff,0xff,0xff,0xff,0xff,0xff,0xff,0xff,0xff,0xff,0xff,0xff,0xff,0xff,0xff,0xff,
    0xff,0xff,0xff,0xff,0xff,0xff,0xff,0xff,0xff,0xff,0xff,0xff,0xff,0xff,0xff,0xff,
    0xff,0xff,0xff,0xff,0xff,0xff,0xff,0xff,0xff,0xff,0xff,0xff,0xff,0xff,0xff,0xff,
    0xff,0xff,0xff,0xff,0xff,0xff,0xff,0xff,0xff,0xff,0xff,0xff,0xff,0xff,0xff,0xff,
    0xff,0xff,0xff,0xff,0xff,0xff,0xff,0xff,0xff,0xff,0xff,0xff,0xff,0xff,0xff,0xff,
    0xff,0xff,0xff,0xff,0xff,0xff,0xff,0xff,0xff,0xff,0xff,0xff,0xff,0xff,0xff,0xff,
    0xff,0xff,0xff,0xff,0xff,0xff,0xff,0xff,0xff,0xff,0xff,0xff,0xff,0xff,0xff,0xff,
    0xff,0xff,0xff,0xff,0xff,0xff,0xff,0xff,0xff,0xff,0xff,0xff,0xff,0xff,0xff,0xff,
    0xff,0xff,0xff,0xff,0xff,0xff,0xff,0xff,0xff,0xff,0xff,0xff,0xff,0xff,0xff,0xff,
    0xff,0xff,0xff,0xff,0xff,0xff,0xff,0xff,0xff,0xff,0xff,0xff,0xff,0xff,0xff,0xff,
    0xff,0xff,0xff,0xff,0xff,0xff,0xff,0xff,0xff,0xff,0xff,0xff,0xff,0xff,0xff,0xff,
    0xff,0xff,0xff,0xff,0xff,0xff,0xff,0xff,0xff,0xff,0xff,0xff,0xff,0xff,0xff,0xff,
    0xff,0xff,0xff,0xff,0xff,0xff,0xff,0xff,0xff,0xff,0xff,0xff,0xff,0xff,0xff,0xff,
    0xff,0xff,0xff,0xff,0xff,0xff,0xff,0xff,0xff,0xff,0xff,0xff,0xff,0xff,0xff,0xff,
    0xff,0xff,0xff,0xff,0xff,0xff,0xff,0xff,0xff,0xff,0xff,0xff,0xff,0xff,0xff,0xff,
    0xff,0xff,0xff,0xff,0xff,0xff,0xff,0xff,0xff,0xff,0xff,0xff,0xff,0xff,0xff,0xff,
    0xff,0xff,0xff,0xff,0xff,0xff,0xff,0xff,0xff,0xff,0xff,0xff,0xff,0xff,0xff,0xff,
    0xff,0xff,0xff,0xff,0xff,0xff,0xff,0xff,0xff,0xff,0xff,0xff,0xff,0xff,0xff,0xff,
    0xff,0xff,0xff,0xff,0xff,0xff,0xff,0xff,0xff,0xff,0xff,0xff,0xff,0xff,0xff,0xff,
    0xff,0xff,0xff,0xff,0xff,0xff,0xff,0xff,0xff,0xff,0xff,0xff,0xff,0xff,0xff,0xff,
    0xff,0xff,0xff,0xff,0xff,0xff,0xff,0xff,0xff,0xff,0xff,0xff,0xff,0xff,0xff,0xff,
    0xff,0xff,0xff,0xff,0xff,0xff,0xff,0xff,0xff,0xff,0xff,0xff,0xff,0xff,0xff,0xff,
    0xff,0xff,0xff,0xff,0xff,0xff,0xff,0xff,0xff,0xff,0xff,0xff,0xff,0xff,0xff,0xff,
    0xff,0xff,0xff,0xff,0xff,0xff,0xff,0xff,0xff,0xff,0xff,0xff,0xff,0xff,0xff,0xff,
    0xff,0xff,0xff,0xff,0xff,0xff,0xff,0xff,0xff,0xff,0xff,0xff,0xff,0xff,0xff,0xff,
    0xff,0xff,0xff,0xff,0xff,0xff,0xff,0xff,0xff,0xff,0xff,0xff,0xff,0xff,0xff,0xff,
    0xff,0xff,0xff,0xff,0xff,0xff,0xff,0xff,0xff,0xff,0xff,0xff,0xff,0xff,0xff,0xff,
    0xff,0xff,0xff,0xff,0xff,0xff,0xff,0xff,0xff,0xff,0xff,0xff,0xff,0xff,0xff,0xff,
    0xff,0xff,0xff,0xff,0xff,0xff,0xff,0xff,0xff,0xff,0xff,0xff,0xff,0xff,0xff,0xff,
    0xff,0xff,0xff,0xff,0xff,0xff,0xff,0xff,0xff,0xff,0xff,0xff,0xff,0xff,0xff,0xff,
    0xff,0xff,0xff,0xff,0xff,0xff,0xff,0xff,0xff,0xff,0xff,0xff,0xff,0xff,0xff,0xff,
    0xff,0xff,0xff,0xff,0xff,0xff,0xff,0xff,0xff,0xff,0xff,0xff,0xff,0xff,0xff,0xff,
    0xff,0xff,0xff,0xff,0xff,0xff,0xff,0xff,0xff,0xff,0xff,0xff,0xff,0xff,0xff,0xff,
    0xff,0xff,0xff,0xff,0xff,0xff,0xff,0xff,0xff,0xff,0xff,0xff,0xff,0xff,0xff,0xff,
    0xff,0xff,0xff,0xff,0xff,0xff,0xff,0xff,0xff,0xff,0xff,0xff,0xff,0xff,0xff,0xff,
    0xff,0xff,0xff,0xff,0xff,0xff,0xff,0xff,0xff,0xff,0xff,0xff,0xff,0xff,0xff,0xff,
    0xff,0xff,0xff,0xff,0xff,0xff,0xff,0xff,0xff,0xff,0xff,0xff,0xff,0xff,0xff,0xff,
    0xff,0xff,0xff,0xff,0xff,0xff,0xff,0xff,0xff,0xff,0xff,0xff,0xff,0xff,0xff,0xff,
    0xff,0xff,0xff,0xff,0xff,0xff,0xff,0xff,0xff,0xff,0xff,0xff,0xff,0xff,0xff,0xff,
    0xff,0xff,0xff,0xff,0xff,0xff,0xff,0xff,0xff,0xff,0xff,0xff,0xff,0xff,0xff,0xff,
    0xff,0xff,0xff,0xff,0xff,0xff,0xff,0xff,0xff,0xff,0xff,0xff,0xff,0xff,0xff,0xff,
    0xff,0xff,0xff,0xff,0xff,0xff,0xff,0xff,0xff,0xff,0xff,0xff,0xff,0xff,0xff,0xff,
    0xff,0xff,0xff,0xff,0xff,0xff,0xff,0xff,0xff,0xff,0xff,0xff,0xff,0xff,0xff,0xff,
    0xff,0xff,0xff,0xff,0xff,0xff,0xff,0xff,0xff,0xff,0xff,0xff,0xff,0xff,0xff,0xff,
    0xff,0xff,0xff,0xff,0xff,0xff,0xff,0xff,0xff,0xff,0xff,0xff,0xff,0xff,0xff,0xff,
    0xff,0xff,0xff,0xff,0xff,0xff,0xff,0xff,0xff,0xff,0xff,0xff,0xff,0xff,0xff,0xff,
    0xff,0xff,0xff,0xff,0xff,0xff,0xff,0xff,0xff,0xff,0xff,0xff,0xff,0xff,0xff,0xff,
    0xff,0xff,0xff,0xff,0xff,0xff,0xff,0xff,0xff,0xff,0xff,0xff,0xff,0xff,0xff,0xff,
    0xff,0xff,0xff,0xff,0xff,0xff,0xff,0xff,0xff,0xff,0xff,0xff,0xff,0xff,0xff,0xff,
    0xff,0xff,0xff,0xff,0xff,0xff,0xff,0xff,0xff,0xff,0xff,0xff,0xff,0xff,0xff,0xff,
    0xff,0xff,0xff,0xff,0xff,0xff,0xff,0xff,0xff,0xff,0xff,0xff,0xff,0xff,0xff,0xff,
    0xff,0xff,0xff,0xff,0xff,0xff,0xff,0xff,0xff,0xff,0xff,0xff,0xff,0xff,0xff,0xff,
    0xff,0xff,0xff,0xff,0xff,0xff,0xff,0xff,0xff,0xff,0xff,0xff,0xff,0xff,0xff,0xff,
    0xff,0xff,0xff,0xff,0xff,0xff,0xff,0xff,0xff,0xff,0xff,0xff,0xff,0xff,0xff,0xff,
    0xff,0xff,0xff,0xff,0xff,0xff,0xff,0xff,0xff,0xff,0xff,0xff,0xff,0xff,0xff,0xff,
    0xff,0xff,0xff,0xff,0xff,0xff,0xff,0xff,0xff,0xff,0xff,0xff,0xff,0xff,0xff,0xff,
    0xff,0xff,0xff,0xff,0xff,0xff,0xff,0xff,0xff,0xff,0xff,0xff,0xff,0xff,0xff,0xff,
    0xff,0xff,0xff,0xff,0xff,0xff,0xff,0xff,0xff,0xff,0xff,0xff,0xff,0xff,0xff,0xff,
    0xff,0xff,0xff,0xff,0xff,0xff,0xff,0xff,0xff,0xff,0xff,0xff,0xff,0xff,0xff,0xff,
    0xff,0xff,0xff,0xff,0xff,0xff,0xff,0xff,0xff,0xff,0xff,0xff,0xff,0xff,0xff,0xff,
    0xff,0xff,0xff,0xff,0xff,0xff,0xff,0xff,0xff,0xff,0xff,0xff,0xff,0xff,0xff,0xff,
    0xff,0xff,0xff,0xff,0xff,0xff,0xff,0xff,0xff,0xff,0xff,0xff,0xff,0xff,0xff,0xff,
    0xff,0xff,0xff,0xff,0xff,0xff,0xff,0xff,0xff,0xff,0xff,0xff,0xff,0xff,0xff,0xff,
    0xff,0xff,0xff,0xff,0xff,0xff,0xff,0xff,0xff,0xff,0xff,0xff,0xff,0xff,0xff,0xff,
    0xff,0xff,0xff,0xff,0xff,0xff,0xff,0xff,0xff,0xff,0xff,0xff,0xff,0xff,0xff,0xff,
    0xff,0xff,0xff,0xff,0xff,0xff,0xff,0xff,0xff,0xff,0xff,0xff,0xff,0xff,0xff,0xff,
    0xff,0xff,0xff,0xff,0xff,0xff,0xff,0xff,0xff,0xff,0xff,0xff,0xff,0xff,0xff,0xff,
    0xff,0xff,0xff,0xff,0xff,0xff,0xff,0xff,0xff,0xff,0xff,0xff,0xff,0xff,0xff,0xff,
    0xff,0xff,0xff,0xff,0xff,0xff,0xff,0xff,0xff,0xff,0xff,0xff,0xff,0xff,0xff,0xff,
    0xff,0xff,0xff,0xff,0xff,0xff,0xff,0xff,0xff,0xff,0xff,0xff,0xff,0xff,0xff,0xff,
    0xff,0xff,0xff,0xff,0xff,0xff,0xff,0xff,0xff,0xff,0xff,0xff,0xff,0xff,0xff,0xff,
    0xff,0xff,0xff,0xff,0xff,0xff,0xff,0xff,0xff,0xff,0xff,0xff,0xff,0xff,0xff,0xff,
    0xff,0xff,0xff,0xff,0xff,0xff,0xff,0xff,0xff,0xff,0xff,0xff,0xff,0xff,0xff,0xff,
    0xff,0xff,0xff,0xff,0xff,0xff,0xff,0xff,0xff,0xff,0xff,0xff,0xff,0xff,0xff,0xff,
    0xff,0xff,0xff,0xff,0xff,0xff,0xff,0xff,0xff,0xff,0xff,0xff,0xff,0xff,0xff,0xff,
    0xff,0xff,0xff,0xff,0xff,0xff,0xff,0xff,0xff,0xff,0xff,0xff,0xff,0xff,0xff,0xff,
    0xff,0xff,0xff,0xff,0xff,0xff,0xff,0xff,0xff,0xff,0xff,0xff,0xff,0xff,0xff,0xff,
    0xff,0xff,0xff,0xff,0xff,0xff,0xff,0xff,0xff,0xff,0xff,0xff,0xff,0xff,0xff,0xff,
    0xff,0xff,0xff,0xff,0xff,0xff,0xff,0xff,0xff,0xff,0xff,0xff,0xff,0xff,0xff,0xff,
    0xff,0xff,0xff,0xff,0xff,0xff,0xff,0xff,0xff,0xff,0xff,0xff,0xff,0xff,0xff,0xff,
    0xff,0xff,0xff,0xff,0xff,0xff,0xff,0xff,0xff,0xff,0xff,0xff,0xff,0xff,0xff,0xff,
    0xff,0xff,0xff,0xff,0xff,0xff,0xff,0xff,0xff,0xff,0xff,0xff,0xff,0xff,0xff,0xff,
    0xff,0xff,0xff,0xff,0xff,0xff,0xff,0xff,0xff,0xff,0xff,0xff,0xff,0xff,0xff,0xff,
    0xff,0xff,0xff,0xff,0xff,0xff,0xff,0xff,0xff,0xff,0xff,0xff,0xff,0xff,0xff,0xff,
    0xff,0xff,0xff,0xff,0xff,0xff,0xff,0xff,0xff,0xff,0xff,0xff,0xff,0xff,0xff,0xff,
    0xff,0xff,0xff,0xff,0xff,0xff,0xff,0xff,0xff,0xff,0xff,0xff,0xff,0xff,0xff,0xff,
    0xff,0xff,0xff,0xff,0xff,0xff,0xff,0xff,0xff,0xff,0xff,0xff,0xff,0xff,0xff,0xff,
    0xff,0xff,0xff,0xff,0xff,0xff,0xff,0xff,0xff,0xff,0xff,0xff,0xff,0xff,0xff,0xff,
    0xff,0xff,0xff,0xff,0xff,0xff,0xff,0xff,0xff,0xff,0xff,0xff,0xff,0xff,0xff,0xff,
    0xff,0xff,0xff,0xff,0xff,0xff,0xff,0xff,0xff,0xff,0xff,0xff,0xff,0xff,0xff,0xff,
    0xff,0xff,0xff,0xff,0xff,0xff,0xff,0xff,0xff,0xff,0xff,0xff,0xff,0xff,0xff,0xff,
    0xff,0xff,0xff,0xff,0xff,0xff,0xff,0xff,0xff,0xff,0xff,0xff,0xff,0xff,0xff,0xff,
    0xff,0xff,0xff,0xff,0xff,0xff,0xff,0xff,0xff,0xff,0xff,0xff,0xff,0xff,0xff,0xff,
    0xff,0xff,0xff,0xff,0xff,0xff,0xff,0xff,0xff,0xff,0xff,0xff,0xff,0xff,0xff,0xff,
    0xff,0xff,0xff,0xff,0xff,0xff,0xff,0xff,0xff,0xff,0xff,0xff,0xff,0xff,0xff,0xff,
    0xff,0xff,0xff,0xff,0xff,0xff,0xff,0xff,0xff,0xff,0xff,0xff,0xff,0xff,0xff,0xff,
    0xff,0xff,0xff,0xff,0xff,0xff,0xff,0xff,0xff,0xff,0xff,0xff,0xff,0xff,0xff,0xff,
    0xff,0xff,0xff,0xff,0xff,0xff,0xff,0xff,0xff,0xff,0xff,0xff,0xff,0xff,0xff,0xff,
    0xff,0xff,0xff,0xff,0xff,0xff,0xff,0xff,0xff,0xff,0xff,0xff,0xff,0xff,0xff,0xff,
    0xff,0xff,0xff,0xff,0xff,0xff,0xff,0xff,0xff,0xff,0xff,0xff,0xff,0xff,0xff,0xff,
    0xff,0xff,0xff,0xff,0xff,0xff,0xff,0xff,0xff,0xff,0xff,0xff,0xff,0xff,0xff,0xff,
    0xff,0xff,0xff,0xff,0xff,0xff,0xff,0xff,0xff,0xff,0xff,0xff,0xff,0xff,0xff,0xff,
    0xff,0xff,0xff,0xff,0xff,0xff,0xff,0xff,0xff,0xff,0xff,0xff,0xff,0xff,0xff,0xff,
    0xff,0xff,0xff,0xff,0xff,0xff,0xff,0xff,0xff,0xff,0xff,0xff,0xff,0xff,0xff,0xff,
    0xff,0xff,0xff,0xff,0xff,0xff,0xff,0xff,0xff,0xff,0xff,0xff,0xff,0xff,0xff,0xff,
    0xff,0xff,0xff,0xff,0xff,0xff,0xff,0xff,0xff,0xff,0xff,0xff,0xff,0xff,0xff,0xff,
    0xff,0xff,0xff,0xff,0xff,0xff,0xff,0xff,0xff,0xff,0xff,0xff,0xff,0xff,0xff,0xff,
    0xff,0xff,0xff,0xff,0xff,0xff,0xff,0xff,0xff,0xff,0xff,0xff,0xff,0xff,0xff,0xff,
    0xff,0xff,0xff,0xff,0xff,0xff,0xff,0xff,0xff,0xff,0xff,0xff,0xff,0xff,0xff,0xff,
    0xff,0xff,0xff,0xff,0xff,0xff,0xff,0xff,0xff,0xff,0xff,0xff,0xff,0xff,0xff,0xff,
    0xff,0xff,0xff,0xff,0xff,0xff,0xff,0xff,0xff,0xff,0xff,0xff,0xff,0xff,0xff,0xff,
    0xff,0xff,0xff,0xff,0xff,0xff,0xff,0xff,0xff,0xff,0xff,0xff,0xff,0xff,0xff,0xff,
    0xff,0xff,0xff,0xff,0xff,0xff,0xff,0xff,0xff,0xff,0xff,0xff,0xff,0xff,0xff,0xff,
    0xff,0xff,0xff,0xff,0xff,0xff,0xff,0xff,0xff,0xff,0xff,0xff,0xff,0xff,0xff,0xff,
    0xff,0xff,0xff,0xff,0xff,0xff,0xff,0xff,0xff,0xff,0xff,0xff,0xff,0xff,0xff,0xff,
    0xff,0xff,0xff,0xff,0xff,0xff,0xff,0xff,0xff,0xff,0xff,0xff,0xff,0xff,0xff,0xff,
    0xff,0xff,0xff,0xff,0xff,0xff,0xff,0xff,0xff,0xff,0xff,0xff,0xff,0xff,0xff,0xff,
    0xff,0xff,0xff,0xff,0xff,0xff,0xff,0xff,0xff,0xff,0xff,0xff,0xff,0xff,0xff,0xff,
    0xff,0xff,0xff,0xff,0xff,0xff,0xff,0xff,0xff,0xff,0xff,0xff,0xff,0xff,0xff,0xff,
    0xff,0xff,0xff,0xff,0xff,0xff,0xff,0xff,0xff,0xff,0xff,0xff,0xff,0xff,0xff,0xff,
    0xff,0xff,0xff,0xff,0xff,0xff,0xff,0xff,0xff,0xff,0xff,0xff,0xff,0xff,0xff,0xff,
    0xff,0xff,0xff,0xff,0xff,0xff,0xff,0xff,0xff,0xff,0xff,0xff,0xff,0xff,0xff,0xff,
    0xff,0xff,0xff,0xff,0xff,0xff,0xff,0xff,0xff,0xff,0xff,0xff,0xff,0xff,0xff,0xff,
    0xff,0xff,0xff,0xff,0xff,0xff,0xff,0xff,0xff,0xff,0xff,0xff,0xff,0xff,0xff,0xff,
    0xff,0xff,0xff,0xff,0xff,0xff,0xff,0xff,0xff,0xff,0xff,0xff,0xff,0xff,0xff,0xff,
    0xff,0xff,0xff,0xff,0xff,0xff,0xff,0xff,0xff,0xff,0xff,0xff,0xff,0xff,0xff,0xff,
    0xff,0xff,0xff,0xff,0xff,0xff,0xff,0xff,0xff,0xff,0xff,0xff,0xff,0xff,0xff,0xff,
    0xff,0xff,0xff,0xff,0xff,0xff,0xff,0xff,0xff,0xff,0xff,0xff,0xff,0xff,0xff,0xff,
    0xff,0xff,0xff,0xff,0xff,0xff,0xff,0xff,0xff,0xff,0xff,0xff,0xff,0xff,0xff,0xff,
    0xff,0xff,0xff,0xff,0xff,0xff,0xff,0xff,0xff,0xff,0xff,0xff,0xff,0xff,0xff,0xff,
    0xff,0xff,0xff,0xff,0xff,0xff,0xff,0xff,0xff,0xff,0xff,0xff,0xff,0xff,0xff,0xff,
    0xff,0xff,0xff,0xff,0xff,0xff,0xff,0xff,0xff,0xff,0xff,0xff,0xff,0xff,0xff,0xff,
    0xff,0xff,0xff,0xff,0xff,0xff,0xff,0xff,0xff,0xff,0xff,0xff,0xff,0xff,0xff,0xff,
    0xff,0xff,0xff,0xff,0xff,0xff,0xff,0xff,0xff,0xff,0xff,0xff,0xff,0xff,0xff,0xff,
    0xff,0xff,0xff,0xff,0xff,0xff,0xff,0xff,0xff,0xff,0xff,0xff,0xff,0xff,0xff,0xff,
    0xff,0xff,0xff,0xff,0xff,0xff,0xff,0xff,0xff,0xff,0xff,0xff,0xff,0xff,0xff,0xff,
    0xff,0xff,0xff,0xff,0xff,0xff,0xff,0xff,0xff,0xff,0xff,0xff,0xff,0xff,0xff,0xff,
    0xff,0xff,0xff,0xff,0xff,0xff,0xff,0xff,0xff,0xff,0xff,0xff,0xff,0xff,0xff,0xff,
    0xff,0xff,0xff,0xff,0xff,0xff,0xff,0xff,0xff,0xff,0xff,0xff,0xff,0xff,0xff,0xff,
    0xff,0xff,0xff,0xff,0xff,0xff,0xff,0xff,0xff,0xff,0xff,0xff,0xff,0xff,0xff,0xff,
    0xff,0xff,0xff,0xff,0xff,0xff,0xff,0xff,0xff,0xff,0xff,0xff,0xff,0xff,0xff,0xff,
    0xff,0xff,0xff,0xff,0xff,0xff,0xff,0xff,0xff,0xff,0xff,0xff,0xff,0xff,0xff,0xff,
    0xff,0xff,0xff,0xff,0xff,0xff,0xff,0xff,0xff,0xff,0xff,0xff,0xff,0xff,0xff,0xff,
    0xff,0xff,0xff,0xff,0xff,0xff,0xff,0xff,0xff,0xff,0xff,0xff,0xff,0xff,0xff,0xff,
    0xff,0xff,0xff,0xff,0xff,0xff,0xff,0xff,0xff,0xff,0xff,0xff,0xff,0xff,0xff,0xff,
    0xff,0xff,0xff,0xff,0xff,0xff,0xff,0xff,0xff,0xff,0xff,0xff,0xff,0xff,0xff,0xff,
    0xff,0xff,0xff,0xff,0xff,0xff,0xff,0xff,0xff,0xff,0xff,0xff,0xff,0xff,0xff,0xff,
    0xff,0xff,0xff,0xff,0xff,0xff,0xff,0xff,0xff,0xff,0xff,0xff,0xff,0xff,0xff,0xff,
    0xff,0xff,0xff,0xff,0xff,0xff,0xff,0xff,0xff,0xff,0xff,0xff,0xff,0xff,0xff,0xff,
    0xff,0xff,0xff,0xff,0xff,0xff,0xff,0xff,0xff,0xff,0xff,0xff,0xff,0xff,0xff,0xff,
    0xff,0xff,0xff,0xff,0xff,0xff,0xff,0xff,0xff,0xff,0xff,0xff,0xff,0xff,0xff,0xff,
    0xff,0xff,0xff,0xff,0xff,0xff,0xff,0xff,0xff,0xff,0xff,0xff,0xff,0xff,0xff,0xff,
    0xff,0xff,0xff,0xff,0xff,0xff,0xff,0xff,0xff,0xff,0xff,0xff,0xff,0xff,0xff,0xff,
    0xff,0xff,0xff,0xff,0xff,0xff,0xff,0xff,0xff,0xff,0xff,0xff,0xff,0xff,0xff,0xff,
    0xff,0xff,0xff,0xff,0xff,0xff,0xff,0xff,0xff,0xff,0xff,0xff,0xff,0xff,0xff,0xff,
    0xff,0xff,0xff,0xff,0xff,0xff,0xff,0xff,0xff,0xff,0xff,0xff,0xff,0xff,0xff,0xff,
    0xff,0xff,0xff,0xff,0xff,0xff,0xff,0xff,0xff,0xff,0xff,0xff,0xff,0xff,0xff,0xff,
    0xff,0xff,0xff,0xff,0xff,0xff,0xff,0xff,0xff,0xff,0xff,0xff,0xff,0xff,0xff,0xff,
    0xff,0xff,0xff,0xff,0xff,0xff,0xff,0xff,0xff,0xff,0xff,0xff,0xff,0xff,0xff,0xff,
    0xff,0xff,0xff,0xff,0xff,0xff,0xff,0xff,0xff,0xff,0xff,0xff,0xff,0xff,0xff,0xff,
    0xff,0xff,0xff,0xff,0xff,0xff,0xff,0xff,0xff,0xff,0xff,0xff,0xff,0xff,0xff,0xff,
    0xff,0xff,0xff,0xff,0xff,0xff,0xff,0xff,0xff,0xff,0xff,0xff,0xff,0xff,0xff,0xff,
    0xff,0xff,0xff,0xff,0xff,0xff,0xff,0xff,0xff,0xff,0xff,0xff,0xff,0xff,0xff,0xff,
    0xff,0xff,0xff,0xff,0xff,0xff,0xff,0xff,0xff,0xff,0xff,0xff,0xff,0xff,0xff,0xff,
    0xff,0xff,0xff,0xff,0xff,0xff,0xff,0xff,0xff,0xff,0xff,0xff,0xff,0xff,0xff,0xff,
    0xff,0xff,0xff,0xff,0xff,0xff,0xff,0xff,0xff,0xff,0xff,0xff,0xff,0xff,0xff,0xff,
    0xff,0xff,0xff,0xff,0xff,0xff,0xff,0xff,0xff,0xff,0xff,0xff,0xff,0xff,0xff,0xff,
    0xff,0xff,0xff,0xff,0xff,0xff,0xff,0xff,0xff,0xff,0xff,0xff,0xff,0xff,0xff,0xff,
    0xff,0xff,0xff,0xff,0xff,0xff,0xff,0xff,0xff,0xff,0xff,0xff,0xff,0xff,0xff,0xff,
    0xff,0xff,0xff,0xff,0xff,0xff,0xff,0xff,0xff,0xff,0xff,0xff,0xff,0xff,0xff,0xff,
    0xff,0xff,0xff,0xff,0xff,0xff,0xff,0xff,0xff,0xff,0xff,0xff,0xff,0xff,0xff,0xff,
    0xff,0xff,0xff,0xff,0xff,0xff,0xff,0xff,0xff,0xff,0xff,0xff,0xff,0xff,0xff,0xff,
    0xff,0xff,0xff,0xff,0xff,0xff,0xff,0xff,0xff,0xff,0xff,0xff,0xff,0xff,0xff,0xff,
    0xff,0xff,0xff,0xff,0xff,0xff,0xff,0xff,0xff,0xff,0xff,0xff,0xff,0xff,0xff,0xff,
    0xff,0xff,0xff,0xff,0xff,0xff,0xff,0xff,0xff,0xff,0xff,0xff,0xff,0xff,0xff,0xff,
    0xff,0xff,0xff,0xff,0xff,0xff,0xff,0xff,0xff,0xff,0xff,0xff,0xff,0xff,0xff,0xff,
    0xff,0xff,0xff,0xff,0xff,0xff,0xff,0xff,0xff,0xff,0xff,0xff,0xff,0xff,0xff,0xff,
    0xff,0xff,0xff,0xff,0xff,0xff,0xff,0xff,0xff,0xff,0xff,0xff,0xff,0xff,0xff,0xff,
    0xff,0xff,0xff,0xff,0xff,0xff,0xff,0xff,0xff,0xff,0xff,0xff,0xff,0xff,0xff,0xff,
    0xff,0xff,0xff,0xff,0xff,0xff,0xff,0xff,0xff,0xff,0xff,0xff,0xff,0xff,0xff,0xff,
    0xff,0xff,0xff,0xff,0xff,0xff,0xff,0xff,0xff,0xff,0xff,0xff,0xff,0xff,0xff,0xff,
    0xff,0xff,0xff,0xff,0xff,0xff,0xff,0xff,0xff,0xff,0xff,0xff,0xff,0xff,0xff,0xff,
    0xff,0xff,0xff,0xff,0xff,0xff,0xff,0xff,0xff,0xff,0xff,0xff,0xff,0xff,0xff,0xff,
    0xff,0xff,0xff,0xff,0xff,0xff,0xff,0xff,0xff,0xff,0xff,0xff,0xff,0xff,0xff,0xff,
    0xff,0xff,0xff,0xff,0xff,0xff,0xff,0xff,0xff,0xff,0xff,0xff,0xff,0xff,0xff,0xff,
    0xff,0xff,0xff,0xff,0xff,0xff,0xff,0xff,0xff,0xff,0xff,0xff,0xff,0xff,0xff,0xff,
    0xff,0xff,0xff,0xff,0xff,0xff,0xff,0xff,0xff,0xff,0xff,0xff,0xff,0xff,0xff,0xff,
    0xff,0xff,0xff,0xff,0xff,0xff,0xff,0xff,0xff,0xff,0xff,0xff,0xff,0xff,0xff,0xff,
    0xff,0xff,0xff,0xff,0xff,0xff,0xff,0xff,0xff,0xff,0xff,0xff,0xff,0xff,0xff,0xff,
    0xff,0xff,0xff,0xff,0xff,0xff,0xff,0xff,0xff,0xff,0xff,0xff,0xff,0xff,0xff,0xff,
    0xff,0xff,0xff,0xff,0xff,0xff,0xff,0xff,0xff,0xff,0xff,0xff,0xff,0xff,0xff,0xff,
    0xff,0xff,0xff,0xff,0xff,0xff,0xff,0xff,0xff,0xff,0xff,0xff,0xff,0xff,0xff,0xff,
    0xff,0xff,0xff,0xff,0xff,0xff,0xff,0xff,0xff,0xff,0xff,0xff,0xff,0xff,0xff,0xff,
    0xff,0xff,0xff,0xff,0xff,0xff,0xff,0xff,0xff,0xff,0xff,0xff,0xff,0xff,0xff,0xff,
    0xff,0xff,0xff,0xff,0xff,0xff,0xff,0xff,0xff,0xff,0xff,0xff,0xff,0xff,0xff,0xff,
    0xff,0xff,0xff,0xff,0xff,0xff,0xff,0xff,0xff,0xff,0xff,0xff,0xff,0xff,0xff,0xff,
    0xff,0xff,0xff,0xff,0xff,0xff,0xff,0xff,0xff,0xff,0xff,0xff,0xff,0xff,0xff,0xff,
    0xff,0xff,0xff,0xff,0xff,0xff,0xff,0xff,0xff,0xff,0xff,0xff,0xff,0xff,0xff,0xff,
    0xff,0xff,0xff,0xff,0xff,0xff,0xff,0xff,0xff,0xff,0xff,0xff,0xff,0xff,0xff,0xff,
    0xff,0xff,0xff,0xff,0xff,0xff,0xff,0xff,0xff,0xff,0xff,0xff,0xff,0xff,0xff,0xff,
    0xff,0xff,0xff,0xff,0xff,0xff,0xff,0xff,0xff,0xff,0xff,0xff,0xff,0xff,0xff,0xff,
    0xff,0xff,0xff,0xff,0xff,0xff,0xff,0xff,0xff,0xff,0xff,0xff,0xff,0xff,0xff,0xff,
    0xff,0xff,0xff,0xff,0xff,0xff,0xff,0xff,0xff,0xff,0xff,0xff,0xff,0xff,0xff,0xff,
    0xff,0xff,0xff,0xff,0xff,0xff,0xff,0xff,0xff,0xff,0xff,0xff,0xff,0xff,0xff,0xff,
    0xff,0xff,0xff,0xff,0xff,0xff,0xff,0xff,0xff,0xff,0xff,0xff,0xff,0xff,0xff,0xff,
    0xff,0xff,0xff,0xff,0xff,0xff,0xff,0xff,0xff,0xff,0xff,0xff,0xff,0xff,0xff,0xff,
    0xff,0xff,0xff,0xff,0xff,0xff,0xff,0xff,0xff,0xff,0xff,0xff,0xff,0xff,0xff,0xff,
    0xff,0xff,0xff,0xff,0xff,0xff,0xff,0xff,0xff,0xff,0xff,0xff,0xff,0xff,0xff,0xff,
    0xff,0xff,0xff,0xff,0xff,0xff,0xff,0xff,0xff,0xff,0xff,0xff,0xff,0xff,0xff,0xff,
    0xff,0xff,0xff,0xff,0xff,0xff,0xff,0xff,0xff,0xff,0xff,0xff,0xff,0xff,0xff,0xff,
    0xff,0xff,0xff,0xff,0xff,0xff,0xff,0xff,0xff,0xff,0xff,0xff,0xff,0xff,0xff,0xff,
    0xff,0xff,0xff,0xff,0xff,0xff,0xff,0xff,0xff,0xff,0xff,0xff,0xff,0xff,0xff,0xff,
    0xff,0xff,0xff,0xff,0xff,0xff,0xff,0xff,0xff,0xff,0xff,0xff,0xff,0xff,0xff,0xff,
    0xff,0xff,0xff,0xff,0xff,0xff,0xff,0xff,0xff,0xff,0xff,0xff,0xff,0xff,0xff,0xff,
    0xff,0xff,0xff,0xff,0xff,0xff,0xff,0xff,0xff,0xff,0xff,0xff,0xff,0xff,0xff,0xff,
    0xff,0xff,0xff,0xff,0xff,0xff,0xff,0xff,0xff,0xff,0xff,0xff,0xff,0xff,0xff,0xff,
    0xff,0xff,0xff,0xff,0xff,0xff,0xff,0xff,0xff,0xff,0xff,0xff,0xff,0xff,0xff,0xff,
    0xff,0xff,0xff,0xff,0xff,0xff,0xff,0xff,0xff,0xff,0xff,0xff,0xff,0xff,0xff,0xff,
    0xff,0xff,0xff,0xff,0xff,0xff,0xff,0xff,0xff,0xff,0xff,0xff,0xff,0xff,0xff,0xff,
    0xff,0xff,0xff,0xff,0xff,0xff,0xff,0xff,0xff,0xff,0xff,0xff,0xff,0xff,0xff,0xff,
    0xff,0xff,0xff,0xff,0xff,0xff,0xff,0xff,0xff,0xff,0xff,0xff,0xff,0xff,0xff,0xff,
    0xff,0xff,0xff,0xff,0xff,0xff,0xff,0xff,0xff,0xff,0xff,0xff,0xff,0xff,0xff,0xff,
    0xff,0xff,0xff,0xff,0xff,0xff,0xff,0xff,0xff,0xff,0xff,0xff,0xff,0xff,0xff,0xff,
    0xff,0xff,0xff,0xff,0xff,0xff,0xff,0xff,0xff,0xff,0xff,0xff,0xff,0xff,0xff,0xff,
    0xff,0xff,0xff,0xff,0xff,0xff,0xff,0xff,0xff,0xff,0xff,0xff,0xff,0xff,0xff,0xff,
    0xff,0xff,0xff,0xff,0xff,0xff,0xff,0xff,0xff,0xff,0xff,0xff,0xff,0xff,0xff,0xff,
    0xff,0xff,0xff,0xff,0xff,0xff,0xff,0xff,0xff,0xff,0xff,0xff,0xff,0xff,0xff,0xff,
    0xff,0xff,0xff,0xff,0xff,0xff,0xff,0xff,0xff,0xff,0xff,0xff,0xff,0xff,0xff,0xff,
    0xff,0xff,0xff,0xff,0xff,0xff,0xff,0xff,0xff,0xff,0xff,0xff,0xff,0xff,0xff,0xff,
    0xff,0xff,0xff,0xff,0xff,0xff,0xff,0xff,0xff,0xff,0xff,0xff,0xff,0xff,0xff,0xff,
    0xff,0xff,0xff,0xff,0xff,0xff,0xff,0xff,0xff,0xff,0xff,0xff,0xff,0xff,0xff,0xff,
    0xff,0xff,0xff,0xff,0xff,0xff,0xff,0xff,0xff,0xff,0xff,0xff,0xff,0xff,0xff,0xff,
    0xff,0xff,0xff,0xff,0xff,0xff,0xff,0xff,0xff,0xff,0xff,0xff,0xff,0xff,0xff,0xff,
    0xff,0xff,0xff,0xff,0xff,0xff,0xff,0xff,0xff,0xff,0xff,0xff,0xff,0xff,0xff,0xff,
    0xff,0xff,0xff,0xff,0xff,0xff,0xff,0xff,0xff,0xff,0xff,0xff,0xff,0xff,0xff,0xff,
    0xff,0xff,0xff,0xff,0xff,0xff,0xff,0xff,0xff,0xff,0xff,0xff,0xff,0xff,0xff,0xff,
    0xff,0xff,0xff,0xff,0xff,0xff,0xff,0xff,0xff,0xff,0xff,0xff,0xff,0xff,0xff,0xff,
    0xff,0xff,0xff,0xff,0xff,0xff,0xff,0xff,0xff,0xff,0xff,0xff,0xff,0xff,0xff,0xff,
    0xff,0xff,0xff,0xff,0xff,0xff,0xff,0xff,0xff,0xff,0xff,0xff,0xff,0xff,0xff,0xff,
    0xff,0xff,0xff,0xff,0xff,0xff,0xff,0xff,0xff,0xff,0xff,0xff,0xff,0xff,0xff,0xff,
    0xff,0xff,0xff,0xff,0xff,0xff,0xff,0xff,0xff,0xff,0xff,0xff,0xff,0xff,0xff,0xff,
    0xff,0xff,0xff,0xff,0xff,0xff,0xff,0xff,0xff,0xff,0xff,0xff,0xff,0xff,0xff,0xff,
    0xff,0xff,0xff,0xff,0xff,0xff,0xff,0xff,0xff,0xff,0xff,0xff,0xff,0xff,0xff,0xff,
    0xff,0xff,0xff,0xff,0xff,0xff,0xff,0xff,0xff,0xff,0xff,0xff,0xff,0xff,0xff,0xff,
    0xff,0xff,0xff,0xff,0xff,0xff,0xff,0xff,0xff,0xff,0xff,0xff,0xff,0xff,0xff,0xff,
    0xff,0xff,0xff,0xff,0xff,0xff,0xff,0xff,0xff,0xff,0xff,0xff,0xff,0xff,0xff,0xff,
    0xff,0xff,0xff,0xff,0xff,0xff,0xff,0xff,0xff,0xff,0xff,0xff,0xff,0xff,0xff,0xff,
    0xff,0xff,0xff,0xff,0xff,0xff,0xff,0xff,0xff,0xff,0xff,0xff,0xff,0xff,0xff,0xff,
    0xff,0xff,0xff,0xff,0xff,0xff,0xff,0xff,0xff,0xff,0xff,0xff,0xff,0xff,0xff,0xff,
    0xff,0xff,0xff,0xff,0xff,0xff,0xff,0xff,0xff,0xff,0xff,0xff,0xff,0xff,0xff,0xff,
    0xff,0xff,0xff,0xff,0xff,0xff,0xff,0xff,0xff,0xff,0xff,0xff,0xff,0xff,0xff,0xff,
    0xff,0xff,0xff,0xff,0xff,0xff,0xff,0xff,0xff,0xff,0xff,0xff,0xff,0xff,0xff,0xff,
    0xff,0xff,0xff,0xff,0xff,0xff,0xff,0xff,0xff,0xff,0xff,0xff,0xff,0xff,0xff,0xff,
    0xff,0xff,0xff,0xff,0xff,0xff,0xff,0xff,0xff,0xff,0xff,0xff,0xff,0xff,0xff,0xff,
    0xff,0xff,0xff,0xff,0xff,0xff,0xff,0xff,0xff,0xff,0xff,0xff,0xff,0xff,0xff,0xff,
    0xff,0xff,0xff,0xff,0xff,0xff,0xff,0xff,0xff,0xff,0xff,0xff,0xff,0xff,0xff,0xff,
    0xff,0xff,0xff,0xff,0xff,0xff,0xff,0xff,0xff,0xff,0xff,0xff,0xff,0xff,0xff,0xff,
    0xff,0xff,0xff,0xff,0xff,0xff,0xff,0xff,0xff,0xff,0xff,0xff,0xff,0xff,0xff,0xff,
    0xff,0xff,0xff,0xff,0xff,0xff,0xff,0xff,0xff,0xff,0xff,0xff,0xff,0xff,0xff,0xff,
    0xff,0xff,0xff,0xff,0xff,0xff,0xff,0xff,0xff,0xff,0xff,0xff,0xff,0xff,0xff,0xff,
    0xff,0xff,0xff,0xff,0xff,0xff,0xff,0xff,0xff,0xff,0xff,0xff,0xff,0xff,0xff,0xff,
    0xff,0xff,0xff,0xff,0xff,0xff,0xff,0xff,0xff,0xff,0xff,0xff,0xff,0xff,0xff,0xff,
    0xff,0xff,0xff,0xff,0xff,0xff,0xff,0xff,0xff,0xff,0xff,0xff,0xff,0xff,0xff,0xff,
    0xff,0xff,0xff,0xff,0xff,0xff,0xff,0xff,0xff,0xff,0xff,0xff,0xff,0xff,0xff,0xff,
    0xff,0xff,0xff,0xff,0xff,0xff,0xff,0xff,0xff,0xff,0xff,0xff,0xff,0xff,0xff,0xff,
    0xff,0xff,0xff,0xff,0xff,0xff,0xff,0xff,0xff,0xff,0xff,0xff,0xff,0xff,0xff,0xff,
    0xff,0xff,0xff,0xff,0xff,0xff,0xff,0xff,0xff,0xff,0xff,0xff,0xff,0xff,0xff,0xff,
    0xff,0xff,0xff,0xff,0xff,0xff,0xff,0xff,0xff,0xff,0xff,0xff,0xff,0xff,0xff,0xff,
    0xff,0xff,0xff,0xff,0xff,0xff,0xff,0xff,0xff,0xff,0xff,0xff,0xff,0xff,0xff,0xff,
    0xff,0xff,0xff,0xff,0xff,0xff,0xff,0xff,0xff,0xff,0xff,0xff,0xff,0xff,0xff,0xff,
    0xff,0xff,0xff,0xff,0xff,0xff,0xff,0xff,0xff,0xff,0xff,0xff,0xff,0xff,0xff,0xff,
    0xff,0xff,0xff,0xff,0xff,0xff,0xff,0xff,0xff,0xff,0xff,0xff,0xff,0xff,0xff,0xff,
    0xff,0xff,0xff,0xff,0xff,0xff,0xff,0xff,0xff,0xff,0xff,0xff,0xff,0xff,0xff,0xff,
    0xff,0xff,0xff,0xff,0xff,0xff,0xff,0xff,0xff,0xff,0xff,0xff,0xff,0xff,0xff,0xff,
    0xff,0xff,0xff,0xff,0xff,0xff,0xff,0xff,0xff,0xff,0xff,0xff,0xff,0xff,0xff,0xff,
    0xff,0xff,0xff,0xff,0xff,0xff,0xff,0xff,0xff,0xff,0xff,0xff,0xff,0xff,0xff,0xff,
    0xff,0xff,0xff,0xff,0xff,0xff,0xff,0xff,0xff,0xff,0xff,0xff,0xff,0xff,0xff,0xff,
    0xff,0xff,0xff,0xff,0xff,0xff,0xff,0xff,0xff,0xff,0xff,0xff,0xff,0xff,0xff,0xff,
    0xff,0xff,0xff,0xff,0xff,0xff,0xff,0xff,0xff,0xff,0xff,0xff,0xff,0xff,0xff,0xff,
    0xff,0xff,0xff,0xff,0xff,0xff,0xff,0xff,0xff,0xff,0xff,0xff,0xff,0xff,0xff,0xff,
    0xff,0xff,0xff,0xff,0xff,0xff,0xff,0xff,0xff,0xff,0xff,0xff,0xff,0xff,0xff,0xff,
    0xff,0xff,0xff,0xff,0xff,0xff,0xff,0xff,0xff,0xff,0xff,0xff,0xff,0xff,0xff,0xff,
    0xff,0xff,0xff,0xff,0xff,0xff,0xff,0xff,0xff,0xff,0xff,0xff,0xff,0xff,0xff,0xff,
    0xff,0xff,0xff,0xff,0xff,0xff,0xff,0xff,0xff,0xff,0xff,0xff,0xff,0xff,0xff,0xff,
    0xff,0xff,0xff,0xff,0xff,0xff,0xff,0xff,0xff,0xff,0xff,0xff,0xff,0xff,0xff,0xff,
    0xff,0xff,0xff,0xff,0xff,0xff,0xff,0xff,0xff,0xff,0xff,0xff,0xff,0xff,0xff,0xff,
    0xff,0xff,0xff,0xff,0xff,0xff,0xff,0xff,0xff,0xff,0xff,0xff,0xff,0xff,0xff,0xff,
    0xff,0xff,0xff,0xff,0xff,0xff,0xff,0xff,0xff,0xff,0xff,0xff,0xff,0xff,0xff,0xff,
    0xff,0xff,0xff,0xff,0xff,0xff,0xff,0xff,0xff,0xff,0xff,0xff,0xff,0xff,0xff,0xff,
    0xff,0xff,0xff,0xff,0xff,0xff,0xff,0xff,0xff,0xff,0xff,0xff,0xff,0xff,0xff,0xff,
    0xff,0xff,0xff,0xff,0xff,0xff,0xff,0xff,0xff,0xff,0xff,0xff,0xff,0xff,0xff,0xff,
    0xff,0xff,0xff,0xff,0xff,0xff,0xff,0xff,0xff,0xff,0xff,0xff,0xff,0xff,0xff,0xff,
    0xff,0xff,0xff,0xff,0xff,0xff,0xff,0xff,0xff,0xff,0xff,0xff,0xff,0xff,0xff,0xff,
    0xff,0xff,0xff,0xff,0xff,0xff,0xff,0xff,0xff,0xff,0xff,0xff,0xff,0xff,0xff,0xff,
    0xff,0xff,0xff,0xff,0xff,0xff,0xff,0xff,0xff,0xff,0xff,0xff,0xff,0xff,0xff,0xff,
    0xff,0xff,0xff,0xff,0xff,0xff,0xff,0xff,0xff,0xff,0xff,0xff,0xff,0xff,0xff,0xff,
    0xff,0xff,0xff,0xff,0xff,0xff,0xff,0xff,0xff,0xff,0xff,0xff,0xff,0xff,0xff,0xff,
    0xff,0xff,0xff,0xff,0xff,0xff,0xff,0xff,0xff,0xff,0xff,0xff,0xff,0xff,0xff,0xff,
    0xff,0xff,0xff,0xff,0xff,0xff,0xff,0xff,0xff,0xff,0xff,0xff,0xff,0xff,0xff,0xff,
    0xff,0xff,0xff,0xff,0xff,0xff,0xff,0xff,0xff,0xff,0xff,0xff,0xff,0xff,0xff,0xff,
    0xff,0xff,0xff,0xff,0xff,0xff,0xff,0xff,0xff,0xff,0xff,0xff,0xff,0xff,0xff,0xff,
    0xff,0xff,0xff,0xff,0xff,0xff,0xff,0xff,0xff,0xff,0xff,0xff,0xff,0xff,0xff,0xff,
    0xff,0xff,0xff,0xff,0xff,0xff,0xff,0xff,0xff,0xff,0xff,0xff,0xff,0xff,0xff,0xff,
    0xff,0xff,0xff,0xff,0xff,0xff,0xff,0xff,0xff,0xff,0xff,0xff,0xff,0xff,0xff,0xff,
    0xff,0xff,0xff,0xff,0xff,0xff,0xff,0xff,0xff,0xff,0xff,0xff,0xff,0xff,0xff,0xff,
    0xff,0xff,0xff,0xff,0xff,0xff,0xff,0xff,0xff,0xff,0xff,0xff,0xff,0xff,0xff,0xff,
    0xff,0xff,0xff,0xff,0xff,0xff,0xff,0xff,0xff,0xff,0xff,0xff,0xff,0xff,0xff,0xff,
    0xff,0xff,0xff,0xff,0xff,0xff,0xff,0xff,0xff,0xff,0xff,0xff,0xff,0xff,0xff,0xff,
    0xff,0xff,0xff,0xff,0xff,0xff,0xff,0xff,0xff,0xff,0xff,0xff,0xff,0xff,0xff,0xff,
    0xff,0xff,0xff,0xff,0xff,0xff,0xff,0xff,0xff,0xff,0xff,0xff,0xff,0xff,0xff,0xff,
    0xff,0xff,0xff,0xff,0xff,0xff,0xff,0xff,0xff,0xff,0xff,0xff,0xff,0xff,0xff,0xff,
    0xff,0xff,0xff,0xff,0xff,0xff,0xff,0xff,0xff,0xff,0xff,0xff,0xff,0xff,0xff,0xff,
    0xff,0xff,0xff,0xff,0xff,0xff,0xff,0xff,0xff,0xff,0xff,0xff,0xff,0xff,0xff,0xff,
    0xff,0xff,0xff,0xff,0xff,0xff,0xff,0xff,0xff,0xff,0xff,0xff,0xff,0xff,0xff,0xff,
    0xff,0xff,0xff,0xff,0xff,0xff,0xff,0xff,0xff,0xff,0xff,0xff,0xff,0xff,0xff,0xff,
    0xff,0xff,0xff,0xff,0xff,0xff,0xff,0xff,0xff,0xff,0xff,0xff,0xff,0xff,0xff,0xff,
    0xff,0xff,0xff,0xff,0xff,0xff,0xff,0xff,0xff,0xff,0xff,0xff,0xff,0xff,0xff,0xff,
    0xff,0xff,0xff,0xff,0xff,0xff,0xff,0xff,0xff,0xff,0xff,0xff,0xff,0xff,0xff,0xff,
    0xff,0xff,0xff,0xff,0xff,0xff,0xff,0xff,0xff,0xff,0xff,0xff,0xff,0xff,0xff,0xff,
    0xff,0xff,0xff,0xff,0xff,0xff,0xff,0xff,0xff,0xff,0xff,0xff,0xff,0xff,0xff,0xff,
    0xff,0xff,0xff,0xff,0xff,0xff,0xff,0xff,0xff,0xff,0xff,0xff,0xff,0xff,0xff,0xff,
    0xff,0xff,0xff,0xff,0xff,0xff,0xff,0xff,0xff,0xff,0xff,0xff,0xff,0xff,0xff,0xff,
    0xff,0xff,0xff,0xff,0xff,0xff,0xff,0xff,0xff,0xff,0xff,0xff,0xff,0xff,0xff,0xff,
    0xff,0xff,0xff,0xff,0xff,0xff,0xff,0xff,0xff,0xff,0xff,0xff,0xff,0xff,0xff,0xff,
    0xff,0xff,0xff,0xff,0xff,0xff,0xff,0xff,0xff,0xff,0xff,0xff,0xff,0xff,0xff,0xff,
    0xff,0xff,0xff,0xff,0xff,0xff,0xff,0xff,0xff,0xff,0xff,0xff,0xff,0xff,0xff,0xff,
    0xff,0xff,0xff,0xff,0xff,0xff,0xff,0xff,0xff,0xff,0xff,0xff,0xff,0xff,0xff,0xff,
    0xff,0xff,0xff,0xff,0xff,0xff,0xff,0xff,0xff,0xff,0xff,0xff,0xff,0xff,0xff,0xff,
    0xff,0xff,0xff,0xff,0xff,0xff,0xff,0xff,0xff,0xff,0xff,0xff,0xff,0xff,0xff,0xff,
    0xff,0xff,0xff,0xff,0xff,0xff,0xff,0xff,0xff,0xff,0xff,0xff,0xff,0xff,0xff,0xff,
    0xff,0xff,0xff,0xff,0xff,0xff,0xff,0xff,0xff,0xff,0xff,0xff,0xff,0xff,0xff,0xff,
    0xff,0xff,0xff,0xff,0xff,0xff,0xff,0xff,0xff,0xff,0xff,0xff,0xff,0xff,0xff,0xff,
    0xff,0xff,0xff,0xff,0xff,0xff,0xff,0xff,0xff,0xff,0xff,0xff,0xff,0xff,0xff,0xff,
    0xff,0xff,0xff,0xff,0xff,0xff,0xff,0xff,0xff,0xff,0xff,0xff,0xff,0xff,0xff,0xff,
    0xff,0xff,0xff,0xff,0xff,0xff,0xff,0xff,0xff,0xff,0xff,0xff,0xff,0xff,0xff,0xff,
    0xff,0xff,0xff,0xff,0xff,0xff,0xff,0xff,0xff,0xff,0xff,0xff,0xff,0xff,0xff,0xff,
    0xff,0xff,0xff,0xff,0xff,0xff,0xff,0xff,0xff,0xff,0xff,0xff,0xff,0xff,0xff,0xff,
    0xff,0xff,0xff,0xff,0xff,0xff,0xff,0xff,0xff,0xff,0xff,0xff,0xff,0xff,0xff,0xff,
    0xff,0xff,0xff,0xff,0xff,0xff,0xff,0xff,0xff,0xff,0xff,0xff,0xff,0xff,0xff,0xff,
    0xff,0xff,0xff,0xff,0xff,0xff,0xff,0xff,0xff,0xff,0xff,0xff,0xff,0xff,0xff,0xff,
    0xff,0xff,0xff,0xff,0xff,0xff,0xff,0xff,0xff,0xff,0xff,0xff,0xff,0xff,0xff,0xff,
    0xff,0xff,0xff,0xff,0xff,0xff,0xff,0xff,0xff,0xff,0xff,0xff,0xff,0xff,0xff,0xff,
    0xff,0xff,0xff,0xff,0xff,0xff,0xff,0xff,0xff,0xff,0xff,0xff,0xff,0xff,0xff,0xff,
    0xff,0xff,0xff,0xff,0xff,0xff,0xff,0xff,0xff,0xff,0xff,0xff,0xff,0xff,0xff,0xff,
    0xff,0xff,0xff,0xff,0xff,0xff,0xff,0xff,0xff,0xff,0xff,0xff,0xff,0xff,0xff,0xff,
    0xff,0xff,0xff,0xff,0xff,0xff,0xff,0xff,0xff,0xff,0xff,0xff,0xff,0xff,0xff,0xff,
    0xff,0xff,0xff,0xff,0xff,0xff,0xff,0xff,0xff,0xff,0xff,0xff,0xff,0xff,0xff,0xff,
    0xff,0xff,0xff,0xff,0xff,0xff,0xff,0xff,0xff,0xff,0xff,0xff,0xff,0xff,0xff,0xff,
    0xff,0xff,0xff,0xff,0xff,0xff,0xff,0xff,0xff,0xff,0xff,0xff,0xff,0xff,0xff,0xff,
    0xff,0xff,0xff,0xff,0xff,0xff,0xff,0xff,0xff,0xff,0xff,0xff,0xff,0xff,0xff,0xff,
    0xff,0xff,0xff,0xff,0xff,0xff,0xff,0xff,0xff,0xff,0xff,0xff,0xff,0xff,0xff,0xff,
    0xff,0xff,0xff,0xff,0xff,0xff,0xff,0xff,0xff,0xff,0xff,0xff,0xff,0xff,0xff,0xff,
    0xff,0xff,0xff,0xff,0xff,0xff,0xff,0xff,0xff,0xff,0xff,0xff,0xff,0xff,0xff,0xff,
    0xff,0xff,0xff,0xff,0xff,0xff,0xff,0xff,0xff,0xff,0xff,0xff,0xff,0xff,0xff,0xff,
    0xff,0xff,0xff,0xff,0xff,0xff,0xff,0xff,0xff,0xff,0xff,0xff,0xff,0xff,0xff,0xff,
    0xff,0xff,0xff,0xff,0xff,0xff,0xff,0xff,0xff,0xff,0xff,0xff,0xff,0xff,0xff,0xff,
    0xff,0xff,0xff,0xff,0xff,0xff,0xff,0xff,0xff,0xff,0xff,0xff,0xff,0xff,0xff,0xff,
    0xff,0xff,0xff,0xff,0xff,0xff,0xff,0xff,0xff,0xff,0xff,0xff,0xff,0xff,0xff,0xff,
    0xff,0xff,0xff,0xff,0xff,0xff,0xff,0xff,0xff,0xff,0xff,0xff,0xff,0xff,0xff,0xff,
    0xff,0xff,0xff,0xff,0xff,0xff,0xff,0xff,0xff,0xff,0xff,0xff,0xff,0xff,0xff,0xff,
    0xff,0xff,0xff,0xff,0xff,0xff,0xff,0xff,0xff,0xff,0xff,0xff,0xff,0xff,0xff,0xff,
    0xff,0xff,0xff,0xff,0xff,0xff,0xff,0xff,0xff,0xff,0xff,0xff,0xff,0xff,0xff,0xff,
    0xff,0xff,0xff,0xff,0xff,0xff,0xff,0xff,0xff,0xff,0xff,0xff,0xff,0xff,0xff,0xff,
    0xff,0xff,0xff,0xff,0xff,0xff,0xff,0xff,0xff,0xff,0xff,0xff,0xff,0xff,0xff,0xff,
    0xff,0xff,0xff,0xff,0xff,0xff,0xff,0xff,0xff,0xff,0xff,0xff,0xff,0xff,0xff,0xff,
    0xff,0xff,0xff,0xff,0xff,0xff,0xff,0xff,0xff,0xff,0xff,0xff,0xff,0xff,0xff,0xff,
    0xff,0xff,0xff,0xff,0xff,0xff,0xff,0xff,0xff,0xff,0xff,0xff,0xff,0xff,0xff,0xff,
    0xff,0xff,0xff,0xff,0xff,0xff,0xff,0xff,0xff,0xff,0xff,0xff,0xff,0xff,0xff,0xff,
    0xff,0xff,0xff,0xff,0xff,0xff,0xff,0xff,0xff,0xff,0xff,0xff,0xff,0xff,0xff,0xff,
    0xff,0xff,0xff,0xff,0xff,0xff,0xff,0xff,0xff,0xff,0xff,0xff,0xff,0xff,0xff,0xff,
    0xff,0xff,0xff,0xff,0xff,0xff,0xff,0xff,0xff,0xff,0xff,0xff,0xff,0xff,0xff,0xff,
    0xff,0xff,0xff,0xff,0xff,0xff,0xff,0xff,0xff,0xff,0xff,0xff,0xff,0xff,0xff,0xff,
    0xff,0xff,0xff,0xff,0xff,0xff,0xff,0xff,0xff,0xff,0xff,0xff,0xff,0xff,0xff,0xff,
    0xff,0xff,0xff,0xff,0xff,0xff,0xff,0xff,0xff,0xff,0xff,0xff,0xff,0xff,0xff,0xff,
    0xff,0xff,0xff,0xff,0xff,0xff,0xff,0xff,0xff,0xff,0xff,0xff,0xff,0xff,0xff,0xff,
    0xff,0xff,0xff,0xff,0xff,0xff,0xff,0xff,0xff,0xff,0xff,0xff,0xff,0xff,0xff,0xff,
    0xff,0xff,0xff,0xff,0xff,0xff,0xff,0xff,0xff,0xff,0xff,0xff,0xff,0xff,0xff,0xff,
    0xff,0xff,0xff,0xff,0xff,0xff,0xff,0xff,0xff,0xff,0xff,0xff,0xff,0xff,0xff,0xff,
    0xff,0xff,0xff,0xff,0xff,0xff,0xff,0xff,0xff,0xff,0xff,0xff,0xff,0xff,0xff,0xff,
    0xff,0xff,0xff,0xff,0xff,0xff,0xff,0xff,0xff,0xff,0xff,0xff,0xff,0xff,0xff,0xff,
    0xff,0xff,0xff,0xff,0xff,0xff,0xff,0xff,0xff,0xff,0xff,0xff,0xff,0xff,0xff,0xff,
    0xff,0xff,0xff,0xff,0xff,0xff,0xff,0xff,0xff,0xff,0xff,0xff,0xff,0xff,0xff,0xff,
    0xff,0xff,0xff,0xff,0xff,0xff,0xff,0xff,0xff,0xff,0xff,0xff,0xff,0xff,0xff,0xff,
    0xff,0xff,0xff,0xff,0xff,0xff,0xff,0xff,0xff,0xff,0xff,0xff,0xff,0xff,0xff,0xff,
    0xff,0xff,0xff,0xff,0xff,0xff,0xff,0xff,0xff,0xff,0xff,0xff,0xff,0xff,0xff,0xff,
    0xff,0xff,0xff,0xff,0xff,0xff,0xff,0xff,0xff,0xff,0xff,0xff,0xff,0xff,0xff,0xff,
    0xff,0xff,0xff,0xff,0xff,0xff,0xff,0xff,0xff,0xff,0xff,0xff,0xff,0xff,0xff,0xff,
    0xff,0xff,0xff,0xff,0xff,0xff,0xff,0xff,0xff,0xff,0xff,0xff,0xff,0xff,0xff,0xff,
    0xff,0xff,0xff,0xff,0xff,0xff,0xff,0xff,0xff,0xff,0xff,0xff,0xff,0xff,0xff,0xff,
    0xff,0xff,0xff,0xff,0xff,0xff,0xff,0xff,0xff,0xff,0xff,0xff,0xff,0xff,0xff,0xff,
    0xff,0xff,0xff,0xff,0xff,0xff,0xff,0xff,0xff,0xff,0xff,0xff,0xff,0xff,0xff,0xff,
    0xff,0xff,0xff,0xff,0xff,0xff,0xff,0xff,0xff,0xff,0xff,0xff,0xff,0xff,0xff,0xff,
    0xff,0xff,0xff,0xff,0xff,0xff,0xff,0xff,0xff,0xff,0xff,0xff,0xff,0xff,0xff,0xff,
    0xff,0xff,0xff,0xff,0xff,0xff,0xff,0xff,0xff,0xff,0xff,0xff,0xff,0xff,0xff,0xff,
    0xff,0xff,0xff,0xff,0xff,0xff,0xff,0xff,0xff,0xff,0xff,0xff,0xff,0xff,0xff,0xff,
    0xff,0xff,0xff,0xff,0xff,0xff,0xff,0xff,0xff,0xff,0xff,0xff,0xff,0xff,0xff,0xff,
    0xff,0xff,0xff,0xff,0xff,0xff,0xff,0xff,0xff,0xff,0xff,0xff,0xff,0xff,0xff,0xff,
    0xff,0xff,0xff,0xff,0xff,0xff,0xff,0xff,0xff,0xff,0xff,0xff,0xff,0xff,0xff,0xff,
    0xff,0xff,0xff,0xff,0xff,0xff,0xff,0xff,0xff,0xff,0xff,0xff,0xff,0xff,0xff,0xff,
    0xff,0xff,0xff,0xff,0xff,0xff,0xff,0xff,0xff,0xff,0xff,0xff,0xff,0xff,0xff,0xff,
    0xff,0xff,0xff,0xff,0xff,0xff,0xff,0xff,0xff,0xff,0xff,0xff,0xff,0xff,0xff,0xff,
    0xff,0xff,0xff,0xff,0xff,0xff,0xff,0xff,0xff,0xff,0xff,0xff,0xff,0xff,0xff,0xff,
    0xff,0xff,0xff,0xff,0xff,0xff,0xff,0xff,0xff,0xff,0xff,0xff,0xff,0xff,0xff,0xff,
    0xff,0xff,0xff,0xff,0xff,0xff,0xff,0xff,0xff,0xff,0xff,0xff,0xff,0xff,0xff,0xff,
    0xff,0xff,0xff,0xff,0xff,0xff,0xff,0xff,0xff,0xff,0xff,0xff,0xff,0xff,0xff,0xff,
    0xff,0xff,0xff,0xff,0xff,0xff,0xff,0xff,0xff,0xff,0xff,0xff,0xff,0xff,0xff,0xff,
    0xff,0xff,0xff,0xff,0xff,0xff,0xff,0xff,0xff,0xff,0xff,0xff,0xff,0xff,0xff,0xff,
    0xff,0xff,0xff,0xff,0xff,0xff,0xff,0xff,0xff,0xff,0xff,0xff,0xff,0xff,0xff,0xff,
    0xff,0xff,0xff,0xff,0xff,0xff,0xff,0xff,0xff,0xff,0xff,0xff,0xff,0xff,0xff,0xff,
    0xff,0xff,0xff,0xff,0xff,0xff,0xff,0xff,0xff,0xff,0xff,0xff,0xff,0xff,0xff,0xff,
    0xff,0xff,0xff,0xff,0xff,0xff,0xff,0xff,0xff,0xff,0xff,0xff,0xff,0xff,0xff,0xff,
    0xff,0xff,0xff,0xff,0xff,0xff,0xff,0xff,0xff,0xff,0xff,0xff,0xff,0xff,0xff,0xff,
    0xff,0xff,0xff,0xff,0xff,0xff,0xff,0xff,0xff,0xff,0xff,0xff,0xff,0xff,0xff,0xff,
    0xff,0xff,0xff,0xff,0xff,0xff,0xff,0xff,0xff,0xff,0xff,0xff,0xff,0xff,0xff,0xff,
    0xff,0xff,0xff,0xff,0xff,0xff,0xff,0xff,0xff,0xff,0xff,0xff,0xff,0xff,0xff,0xff,
    0xff,0xff,0xff,0xff,0xff,0xff,0xff,0xff,0xff,0xff,0xff,0xff,0xff,0xff,0xff,0xff,
    0xff,0xff,0xff,0xff,0xff,0xff,0xff,0xff,0xff,0xff,0xff,0xff,0xff,0xff,0xff,0xff,
    0xff,0xff,0xff,0xff,0xff,0xff,0xff,0xff,0xff,0xff,0xff,0xff,0xff,0xff,0xff,0xff,
    0xff,0xff,0xff,0xff,0xff,0xff,0xff,0xff,0xff,0xff,0xff,0xff,0xff,0xff,0xff,0xff,
    0xff,0xff,0xff,0xff,0xff,0xff,0xff,0xff,0xff,0xff,0xff,0xff,0xff,0xff,0xff,0xff,
    0xff,0xff,0xff,0xff,0xff,0xff,0xff,0xff,0xff,0xff,0xff,0xff,0xff,0xff,0xff,0xff,
    0xff,0xff,0xff,0xff,0xff,0xff,0xff,0xff,0xff,0xff,0xff,0xff,0xff,0xff,0xff,0xff,
    0xff,0xff,0xff,0xff,0xff,0xff,0xff,0xff,0xff,0xff,0xff,0xff,0xff,0xff,0xff,0xff,
    0xff,0xff,0xff,0xff,0xff,0xff,0xff,0xff,0xff,0xff,0xff,0xff,0xff,0xff,0xff,0xff,
    0xff,0xff,0xff,0xff,0xff,0xff,0xff,0xff,0xff,0xff,0xff,0xff,0xff,0xff,0xff,0xff,
    0xff,0xff,0xff,0xff,0xff,0xff,0xff,0xff,0xff,0xff,0xff,0xff,0xff,0xff,0xff,0xff,
    0xff,0xff,0xff,0xff,0xff,0xff,0xff,0xff,0xff,0xff,0xff,0xff,0xff,0xff,0xff,0xff,
    0xff,0xff,0xff,0xff,0xff,0xff,0xff,0xff,0xff,0xff,0xff,0xff,0xff,0xff,0xff,0xff,
    0xff,0xff,0xff,0xff,0xff,0xff,0xff,0xff,0xff,0xff,0xff,0xff,0xff,0xff,0xff,0xff,
    0xff,0xff,0xff,0xff,0xff,0xff,0xff,0xff,0xff,0xff,0xff,0xff,0xff,0xff,0xff,0xff,
    0xff,0xff,0xff,0xff,0xff,0xff,0xff,0xff,0xff,0xff,0xff,0xff,0xff,0xff,0xff,0xff,
    0xff,0xff,0xff,0xff,0xff,0xff,0xff,0xff,0xff,0xff,0xff,0xff,0xff,0xff,0xff,0xff,
    0xff,0xff,0xff,0xff,0xff,0xff,0xff,0xff,0xff,0xff,0xff,0xff,0xff,0xff,0xff,0xff,
    0xff,0xff,0xff,0xff,0xff,0xff,0xff,0xff,0xff,0xff,0xff,0xff,0xff,0xff,0xff,0xff,
    0xff,0xff,0xff,0xff,0xff,0xff,0xff,0xff,0xff,0xff,0xff,0xff,0xff,0xff,0xff,0xff,
    0xff,0xff,0xff,0xff,0xff,0xff,0xff,0xff,0xff,0xff,0xff,0xff,0xff,0xff,0xff,0xff,
    0xff,0xff,0xff,0xff,0xff,0xff,0xff,0xff,0xff,0xff,0xff,0xff,0xff,0xff,0xff,0xff,
    0xff,0xff,0xff,0xff,0xff,0xff,0xff,0xff,0xff,0xff,0xff,0xff,0xff,0xff,0xff,0xff,
    0xff,0xff,0xff,0xff,0xff,0xff,0xff,0xff,0xff,0xff,0xff,0xff,0xff,0xff,0xff,0xff,
    0xff,0xff,0xff,0xff,0xff,0xff,0xff,0xff,0xff,0xff,0xff,0xff,0xff,0xff,0xff,0xff,
    0xff,0xff,0xff,0xff,0xff,0xff,0xff,0xff,0xff,0xff,0xff,0xff,0xff,0xff,0xff,0xff,
    0xff,0xff,0xff,0xff,0xff,0xff,0xff,0xff,0xff,0xff,0xff,0xff,0xff,0xff,0xff,0xff,
    0xff,0xff,0xff,0xff,0xff,0xff,0xff,0xff,0xff,0xff,0xff,0xff,0xff,0xff,0xff,0xff,
    0xff,0xff,0xff,0xff,0xff,0xff,0xff,0xff,0xff,0xff,0xff,0xff,0xff,0xff,0xff,0xff,
    0xff,0xff,0xff,0xff,0xff,0xff,0xff,0xff,0xff,0xff,0xff,0xff,0xff,0xff,0xff,0xff,
    0xff,0xff,0xff,0xff,0xff,0xff,0xff,0xff,0xff,0xff,0xff,0xff,0xff,0xff,0xff,0xff,
    0xff,0xff,0xff,0xff,0xff,0xff,0xff,0xff,0xff,0xff,0xff,0xff,0xff,0xff,0xff,0xff,
    0xff,0xff,0xff,0xff,0xff,0xff,0xff,0xff,0xff,0xff,0xff,0xff,0xff,0xff,0xff,0xff,
    0xff,0xff,0xff,0xff,0xff,0xff,0xff,0xff,0xff,0xff,0xff,0xff,0xff,0xff,0xff,0xff,
    0xff,0xff,0xff,0xff,0xff,0xff,0xff,0xff,0xff,0xff,0xff,0xff,0xff,0xff,0xff,0xff,
    0xff,0xff,0xff,0xff,0xff,0xff,0xff,0xff,0xff,0xff,0xff,0xff,0xff,0xff,0xff,0xff,
    0xff,0xff,0xff,0xff,0xff,0xff,0xff,0xff,0xff,0xff,0xff,0xff,0xff,0xff,0xff,0xff,
    0xff,0xff,0xff,0xff,0xff,0xff,0xff,0xff,0xff,0xff,0xff,0xff,0xff,0xff,0xff,0xff,
    0xff,0xff,0xff,0xff,0xff,0xff,0xff,0xff,0xff,0xff,0xff,0xff,0xff,0xff,0xff,0xff,
    0xff,0xff,0xff,0xff,0xff,0xff,0xff,0xff,0xff,0xff,0xff,0xff,0xff,0xff,0xff,0xff,
    0xff,0xff,0xff,0xff,0xff,0xff,0xff,0xff,0xff,0xff,0xff,0xff,0xff,0xff,0xff,0xff,
    0xff,0xff,0xff,0xff,0xff,0xff,0xff,0xff,0xff,0xff,0xff,0xff,0xff,0xff,0xff,0xff,
    0xff,0xff,0xff,0xff,0xff,0xff,0xff,0xff,0xff,0xff,0xff,0xff,0xff,0xff,0xff,0xff,
    0xff,0xff,0xff,0xff,0xff,0xff,0xff,0xff,0xff,0xff,0xff,0xff,0xff,0xff,0xff,0xff,
    0xff,0xff,0xff,0xff,0xff,0xff,0xff,0xff,0xff,0xff,0xff,0xff,0xff,0xff,0xff,0xff,
    0xff,0xff,0xff,0xff,0xff,0xff,0xff,0xff,0xff,0xff,0xff,0xff,0xff,0xff,0xff,0xff,
    0xff,0xff,0xff,0xff,0xff,0xff,0xff,0xff,0xff,0xff,0xff,0xff,0xff,0xff,0xff,0xff,
    0xff,0xff,0xff,0xff,0xff,0xff,0xff,0xff,0xff,0xff,0xff,0xff,0xff,0xff,0xff,0xff,
    0xff,0xff,0xff,0xff,0xff,0xff,0xff,0xff,0xff,0xff,0xff,0xff,0xff,0xff,0xff,0xff,
    0xff,0xff,0xff,0xff,0xff,0xff,0xff,0xff,0xff,0xff,0xff,0xff,0xff,0xff,0xff,0xff,
    0xff,0xff,0xff,0xff,0xff,0xff,0xff,0xff,0xff,0xff,0xff,0xff,0xff,0xff,0xff,0xff,
    0xff,0xff,0xff,0xff,0xff,0xff,0xff,0xff,0xff,0xff,0xff,0xff,0xff,0xff,0xff,0xff,
    0xff,0xff,0xff,0xff,0xff,0xff,0xff,0xff,0xff,0xff,0xff,0xff,0xff,0xff,0xff,0xff,
    0xff,0xff,0xff,0xff,0xff,0xff,0xff,0xff,0xff,0xff,0xff,0xff,0xff,0xff,0xff,0xff,
    0xff,0xff,0xff,0xff,0xff,0xff,0xff,0xff,0xff,0xff,0xff,0xff,0xff,0xff,0xff,0xff,
    0xff,0xff,0xff,0xff,0xff,0xff,0xff,0xff,0xff,0xff,0xff,0xff,0xff,0xff,0xff,0xff,
    0xff,0xff,0xff,0xff,0xff,0xff,0xff,0xff,0xff,0xff,0xff,0xff,0xff,0xff,0xff,0xff,
    0xff,0xff,0xff,0xff,0xff,0xff,0xff,0xff,0xff,0xff,0xff,0xff,0xff,0xff,0xff,0xff,
    0xff,0xff,0xff,0xff,0xff,0xff,0xff,0xff,0xff,0xff,0xff,0xff,0xff,0xff,0xff,0xff,
    0xff,0xff,0xff,0xff,0xff,0xff,0xff,0xff,0xff,0xff,0xff,0xff,0xff,0xff,0xff,0xff,
    0xff,0xff,0xff,0xff,0xff,0xff,0xff,0xff,0xff,0xff,0xff,0xff,0xff,0xff,0xff,0xff,
    0xff,0xff,0xff,0xff,0xff,0xff,0xff,0xff,0xff,0xff,0xff,0xff,0xff,0xff,0xff,0xff,
    0xff,0xff,0xff,0xff,0xff,0xff,0xff,0xff,0xff,0xff,0xff,0xff,0xff,0xff,0xff,0xff,
    0xff,0xff,0xff,0xff,0xff,0xff,0xff,0xff,0xff,0xff,0xff,0xff,0xff,0xff,0xff,0xff,
    0xff,0xff,0xff,0xff,0xff,0xff,0xff,0xff,0xff,0xff,0xff,0xff,0xff,0xff,0xff,0xff,
    0xff,0xff,0xff,0xff,0xff,0xff,0xff,0xff,0xff,0xff,0xff,0xff,0xff,0xff,0xff,0xff,
    0xff,0xff,0xff,0xff,0xff,0xff,0xff,0xff,0xff,0xff,0xff,0xff,0xff,0xff,0xff,0xff,
    0xff,0xff,0xff,0xff,0xff,0xff,0xff,0xff,0xff,0xff,0xff,0xff,0xff,0xff,0xff,0xff,
    0xff,0xff,0xff,0xff,0xff,0xff,0xff,0xff,0xff,0xff,0xff,0xff,0xff,0xff,0xff,0xff,
    0xff,0xff,0xff,0xff,0xff,0xff,0xff,0xff,0xff,0xff,0xff,0xff,0xff,0xff,0xff,0xff,
    0xff,0xff,0xff,0xff,0xff,0xff,0xff,0xff,0xff,0xff,0xff,0xff,0xff,0xff,0xff,0xff,
    0xff,0xff,0xff,0xff,0xff,0xff,0xff,0xff,0xff,0xff,0xff,0xff,0xff,0xff,0xff,0xff,
    0xff,0xff,0xff,0xff,0xff,0xff,0xff,0xff,0xff,0xff,0xff,0xff,0xff,0xff,0xff,0xff,
    0xff,0xff,0xff,0xff,0xff,0xff,0xff,0xff,0xff,0xff,0xff,0xff,0xff,0xff,0xff,0xff,
    0xff,0xff,0xff,0xff,0xff,0xff,0xff,0xff,0xff,0xff,0xff,0xff,0xff,0xff,0xff,0xff,
    0xff,0xff,0xff,0xff,0xff,0xff,0xff,0xff,0xff,0xff,0xff,0xff,0xff,0xff,0xff,0xff,
    0xff,0xff,0xff,0xff,0xff,0xff,0xff,0xff,0xff,0xff,0xff,0xff,0xff,0xff,0xff,0xff,
    0xff,0xff,0xff,0xff,0xff,0xff,0xff,0xff,0xff,0xff,0xff,0xff,0xff,0xff,0xff,0xff,
    0xff,0xff,0xff,0xff,0xff,0xff,0xff,0xff,0xff,0xff,0xff,0xff,0xff,0xff,0xff,0xff,
    0xff,0xff,0xff,0xff,0xff,0xff,0xff,0xff,0xff,0xff,0xff,0xff,0xff,0xff,0xff,0xff,
    0xff,0xff,0xff,0xff,0xff,0xff,0xff,0xff,0xff,0xff,0xff,0xff,
};

const lv_image_dsc_t settingpage = {
  .header.magic = LV_IMAGE_HEADER_MAGIC,
  .header.cf = LV_COLOR_FORMAT_RGB565A8,
  .header.flags = 0,
  .header.w = 53,
  .header.h = 260,
  .header.stride = 106,
  .data_size = sizeof(settingpage_map),
  .data = settingpage_map,
};
