#if defined(LV_LVGL_H_INCLUDE_SIMPLE)
#include "lvgl.h"
#elif defined(LV_BUILD_TEST)
#include "../lvgl.h"
#else
#include "lvgl/lvgl.h"
#endif

#ifndef LV_ATTRIBUTE_MEM_ALIGN
#define LV_ATTRIBUTE_MEM_ALIGN
#endif

#ifndef LV_ATTRIBUTE_XIAOZHIPAGE
#define LV_ATTRIBUTE_XIAOZHIPAGE
#endif

static const
LV_ATTRIBUTE_MEM_ALIGN LV_ATTRIBUTE_LARGE_CONST LV_ATTRIBUTE_XIAOZHIPAGE
uint8_t xiaozhipage_map[] = {
    0xfe,0xce,0xfe,0xce,0x1e,0xcf,0x1e,0xcf,0x1e,0xcf,0x7f,0xe7,0x9f,0xe7,0xbf,0xef,
    0xbf,0xe7,0xbf,0xef,0xbf,0xef,0xbf,0xef,0xbf,0xef,0xbf,0xef,0xbf,0xef,0xbf,0xef,
    0xbf,0xef,0xbf,0xef,0xbf,0xef,0xbf,0xef,0xbf,0xef,0xbf,0xef,0xbf,0xef,0xbf,0xef,
    0xbf,0xef,0xbf,0xef,0xbf,0xef,0xbf,0xef,0xbf,0xef,0xbf,0xef,0xbf,0xef,0xbf,0xef,
    0xbf,0xef,0xbf,0xef,0xbf,0xef,0xbf,0xef,0xbf,0xef,0xbf,0xef,0xbf,0xef,0xbf,0xef,
    0xbf,0xef,0xbf,0xef,0xbf,0xef,0xbf,0xef,0xbf,0xe7,0xbf,0xe7,0x9f,0xe7,0x1e,0xd7,
    0xfe,0xc6,0xfe,0xc6,0xfe,0xc6,0xfe,0xc6,0xfe,0xc6,0xfe,0xce,0x1e,0xcf,0x1e,0xcf,
    0x5f,0xdf,0x9f,0xe7,0xbf,0xef,0xbf,0xef,0xdf,0xf7,0xdf,0xf7,0xdf,0xf7,0xdf,0xf7,
    0xdf,0xf7,0xdf,0xf7,0xdf,0xf7,0xdf,0xf7,0xdf,0xf7,0xdf,0xf7,0xdf,0xf7,0xdf,0xf7,
    0xdf,0xf7,0xdf,0xf7,0xdf,0xf7,0xdf,0xf7,0xdf,0xf7,0xdf,0xf7,0xdf,0xf7,0xdf,0xf7,
    0xdf,0xf7,0xdf,0xf7,0xdf,0xf7,0xdf,0xf7,0xdf,0xf7,0xdf,0xf7,0xdf,0xf7,0xdf,0xf7,
    0xdf,0xf7,0xdf,0xf7,0xdf,0xf7,0xdf,0xf7,0xdf,0xf7,0xdf,0xf7,0xdf,0xf7,0xdf,0xf7,
    0xdf,0xf7,0xbf,0xef,0xbf,0xef,0xbf,0xef,0xbf,0xe7,0x7f,0xdf,0x1e,0xcf,0xfe,0xc6,
    0xfe,0xc6,0xfe,0xc6,0xfe,0xce,0x1e,0xcf,0x7f,0xdf,0x9f,0xe7,0xbf,0xef,0xdf,0xf7,
    0xdf,0xf7,0xdf,0xf7,0xbf,0xef,0xbf,0xef,0xbf,0xef,0xbf,0xef,0xbf,0xef,0xbf,0xef,
    0xbf,0xef,0xbf,0xef,0xbf,0xef,0xbf,0xef,0xbf,0xef,0xbf,0xef,0xbf,0xef,0xbf,0xef,
    0xbf,0xef,0xbf,0xef,0xbf,0xef,0xbf,0xef,0xbf,0xef,0xbf,0xef,0xbf,0xef,0xbf,0xef,
    0xbf,0xef,0xbf,0xef,0xbf,0xef,0xbf,0xef,0xbf,0xef,0xbf,0xef,0xbf,0xef,0xbf,0xef,
    0xbf,0xef,0xbf,0xef,0xbf,0xef,0xbf,0xef,0xbf,0xef,0xbf,0xef,0xdf,0xf7,0xdf,0xf7,
    0xdf,0xf7,0xbf,0xef,0xbf,0xef,0x9f,0xe7,0x1e,0xcf,0xde,0xc6,0xfe,0xc6,0xfe,0xce,
    0x5e,0xdf,0xbf,0xef,0xbf,0xef,0xdf,0xf7,0xdf,0xf7,0xbf,0xef,0xbf,0xef,0x9f,0xef,
    0x9f,0xe7,0x9f,0xe7,0x9f,0xe7,0x9f,0xe7,0x9f,0xe7,0x9f,0xe7,0x9f,0xe7,0x9f,0xe7,
    0x9f,0xe7,0x9f,0xe7,0x9f,0xe7,0x9f,0xe7,0x9f,0xe7,0x9f,0xe7,0x9f,0xe7,0x9f,0xe7,
    0x9f,0xe7,0x9f,0xe7,0x9f,0xe7,0x9f,0xe7,0x9f,0xe7,0x9f,0xe7,0x9f,0xe7,0x9f,0xe7,
    0x9f,0xef,0x9f,0xef,0x9f,0xef,0x9f,0xef,0x9f,0xef,0x9f,0xef,0x9f,0xe7,0x9f,0xe7,
    0x9f,0xe7,0x9f,0xef,0x9f,0xef,0xbf,0xef,0xbf,0xef,0xdf,0xf7,0xdf,0xf7,0xbf,0xf7,
    0xbf,0xe7,0x9f,0xe7,0x1e,0xcf,0xde,0xc6,0xfe,0xce,0x9f,0xef,0x9f,0xe7,0xdf,0xf7,
    0xdf,0xf7,0xbf,0xef,0x9f,0xef,0x9f,0xe7,0x9f,0xe7,0x7f,0xe7,0x9f,0xe7,0x7f,0xe7,
    0x7f,0xe7,0x7f,0xe7,0x7f,0xe7,0x7f,0xe7,0x7f,0xe7,0x9f,0xe7,0x9f,0xe7,0x9f,0xe7,
    0x9f,0xe7,0x7f,0xe7,0x7f,0xe7,0x7f,0xe7,0x7f,0xe7,0x7f,0xe7,0x7f,0xe7,0x7f,0xe7,
    0x9f,0xe7,0x9f,0xe7,0x9f,0xe7,0x9f,0xe7,0x9f,0xe7,0x9f,0xe7,0x9f,0xe7,0x9f,0xe7,
    0x9f,0xe7,0x9f,0xe7,0x9f,0xe7,0x9f,0xe7,0x9f,0xe7,0x9f,0xe7,0x9f,0xe7,0x9f,0xe7,
    0x9f,0xe7,0x9f,0xef,0xbf,0xef,0xbf,0xef,0xdf,0xf7,0xbf,0xef,0x9f,0xe7,0x7f,0xe7,
    0xdd,0xc6,0x3e,0xd7,0x9f,0xe7,0xbf,0xef,0xdf,0xf7,0xbf,0xef,0x9f,0xef,0x9f,0xe7,
    0x9f,0xe7,0x7f,0xe7,0x7f,0xe7,0x7f,0xe7,0x7f,0xe7,0x7f,0xe7,0x7f,0xe7,0x7f,0xe7,
    0x7f,0xe7,0x7f,0xe7,0x7f,0xe7,0x7f,0xe7,0x7f,0xe7,0x7f,0xe7,0x7f,0xe7,0x7f,0xe7,
    0x7f,0xe7,0x7f,0xe7,0x7f,0xe7,0x7f,0xe7,0x7f,0xe7,0x7f,0xe7,0x7f,0xe7,0x9f,0xe7,
    0x7f,0xe7,0x7f,0xe7,0x9f,0xe7,0x9f,0xe7,0x9f,0xe7,0x9f,0xe7,0x9f,0xe7,0x9f,0xe7,
    0x9f,0xe7,0x9f,0xe7,0x9f,0xe7,0x9f,0xe7,0x9f,0xe7,0x9f,0xe7,0x9f,0xe7,0x9f,0xe7,
    0xbf,0xef,0xbf,0xef,0xdf,0xf7,0xbf,0xef,0x7f,0xdf,0x1e,0xcf,0x7f,0xdf,0x9f,0xe7,
    0xdf,0xf7,0xdf,0xf7,0xbf,0xef,0x9f,0xe7,0x9f,0xe7,0x7f,0xe7,0x7f,0xe7,0x7f,0xe7,
    0x7f,0xe7,0x7f,0xe7,0x7f,0xe7,0x7f,0xe7,0x7f,0xe7,0x7f,0xe7,0x7f,0xe7,0x7f,0xe7,
    0x7f,0xe7,0x7f,0xe7,0x7f,0xe7,0x7f,0xe7,0x7f,0xe7,0x7f,0xe7,0x7f,0xe7,0x7f,0xe7,
    0x7f,0xe7,0x7f,0xe7,0x7f,0xe7,0x7f,0xe7,0x7f,0xe7,0x7f,0xe7,0x7f,0xe7,0x7f,0xe7,
    0x7f,0xe7,0x9f,0xe7,0x9f,0xe7,0x9f,0xe7,0x9f,0xe7,0x9f,0xe7,0x9f,0xe7,0x9f,0xe7,
    0x9f,0xe7,0x9f,0xe7,0x9f,0xe7,0x9f,0xe7,0x9f,0xe7,0x9f,0xe7,0xbf,0xef,0xdf,0xf7,
    0xdf,0xf7,0x7f,0xdf,0x5f,0xdf,0x7f,0xe7,0x9f,0xe7,0xdf,0xf7,0xbf,0xef,0x9f,0xef,
    0x9f,0xe7,0x7f,0xe7,0x7f,0xe7,0x7f,0xe7,0x7f,0xe7,0x7f,0xe7,0x7f,0xe7,0x7f,0xe7,
    0x7f,0xe7,0x7f,0xe7,0x7f,0xe7,0x7f,0xe7,0x7f,0xe7,0x7f,0xe7,0x7f,0xe7,0x7f,0xe7,
    0x7f,0xe7,0x7f,0xe7,0x7f,0xe7,0x7f,0xe7,0x7f,0xe7,0x7f,0xe7,0x7f,0xe7,0x7f,0xe7,
    0x7f,0xe7,0x7f,0xe7,0x7f,0xe7,0x7f,0xe7,0x7f,0xe7,0x7f,0xe7,0x9f,0xe7,0x9f,0xe7,
    0x9f,0xe7,0x9f,0xe7,0x7f,0xe7,0x9f,0xe7,0x9f,0xe7,0x9f,0xe7,0x9f,0xe7,0x9f,0xe7,
    0x9f,0xe7,0x9f,0xe7,0x9f,0xe7,0x9f,0xef,0xbf,0xef,0xdf,0xf7,0x9f,0xe7,0x7f,0xe7,
    0x9f,0xe7,0x9f,0xe7,0xdf,0xf7,0xbf,0xef,0x9f,0xe7,0x7f,0xe7,0x7f,0xe7,0x7f,0xe7,
    0x7f,0xe7,0x7f,0xe7,0x7f,0xe7,0x7f,0xe7,0x7f,0xe7,0x7f,0xe7,0x7f,0xe7,0x7f,0xe7,
    0x7f,0xe7,0x7f,0xe7,0x7f,0xe7,0x7f,0xe7,0x7f,0xe7,0x7f,0xe7,0x7f,0xe7,0x7f,0xe7,
    0x7f,0xe7,0x7f,0xe7,0x7f,0xe7,0x7f,0xe7,0x7f,0xe7,0x7f,0xe7,0x7f,0xe7,0x7f,0xe7,
    0x7f,0xe7,0x7f,0xe7,0x7f,0xe7,0x7f,0xe7,0x7f,0xe7,0x7f,0xe7,0x7f,0xe7,0x7f,0xe7,
    0x7f,0xe7,0x7f,0xe7,0x7f,0xe7,0x9f,0xe7,0x7f,0xe7,0x9f,0xe7,0x9f,0xe7,0x9f,0xe7,
    0x9f,0xe7,0xbf,0xef,0xdf,0xf7,0xbf,0xe7,0xbf,0xef,0x9f,0xe7,0x9f,0xe7,0xdf,0xf7,
    0x9f,0xef,0x9f,0xe7,0x7f,0xe7,0x7f,0xe7,0x7f,0xe7,0x7f,0xe7,0x7f,0xe7,0x7f,0xe7,
    0x7f,0xe7,0x7f,0xe7,0x7f,0xe7,0x7f,0xe7,0x7f,0xe7,0x7f,0xe7,0x7f,0xe7,0x7f,0xe7,
    0x7f,0xe7,0x7f,0xe7,0x7f,0xe7,0x7f,0xe7,0x7f,0xe7,0x7f,0xe7,0x7f,0xe7,0x7f,0xe7,
    0x7f,0xe7,0x7f,0xe7,0x7f,0xe7,0x7f,0xe7,0x7f,0xe7,0x7f,0xe7,0x7f,0xe7,0x7f,0xe7,
    0x7f,0xe7,0x7f,0xe7,0x9f,0xe7,0x7f,0xe7,0x7f,0xe7,0x7f,0xe7,0x7f,0xe7,0x7f,0xe7,
    0x7f,0xe7,0x7f,0xe7,0x9f,0xe7,0x9f,0xe7,0x9f,0xe7,0x9f,0xe7,0x9f,0xef,0xdf,0xf7,
    0xbf,0xef,0xbf,0xef,0x9f,0xe7,0x9f,0xe7,0xdf,0xf7,0x9f,0xef,0x7f,0xe7,0x7f,0xe7,
    0x7f,0xe7,0x7f,0xe7,0x7f,0xe7,0x7f,0xe7,0x7f,0xe7,0x7f,0xe7,0x7f,0xe7,0x7f,0xe7,
    0x7f,0xe7,0x7f,0xe7,0x7f,0xe7,0x7f,0xe7,0x7f,0xe7,0x7f,0xe7,0x7f,0xe7,0x7f,0xe7,
    0x7f,0xe7,0x7f,0xe7,0x7f,0xe7,0x7f,0xe7,0x7f,0xe7,0x7f,0xe7,0x7f,0xe7,0x7f,0xe7,
    0x7f,0xe7,0x7f,0xe7,0x7f,0xe7,0x7f,0xe7,0x7f,0xe7,0x7f,0xe7,0x7f,0xe7,0x7f,0xe7,
    0x7f,0xe7,0x9f,0xe7,0x7f,0xe7,0x7f,0xe7,0x7f,0xe7,0x7f,0xe7,0x7f,0xe7,0x7f,0xe7,
    0x9f,0xe7,0x9f,0xe7,0x9f,0xe7,0x9f,0xef,0xdf,0xf7,0xbf,0xef,0xbf,0xef,0x9f,0xe7,
    0x9f,0xe7,0xdf,0xf7,0x9f,0xef,0x7f,0xe7,0x7f,0xe7,0x7f,0xe7,0x7f,0xe7,0x7f,0xe7,
    0x7f,0xe7,0x7f,0xe7,0x7f,0xe7,0x7f,0xe7,0x7f,0xe7,0x7f,0xe7,0x7f,0xe7,0x7f,0xe7,
    0x7f,0xe7,0x7f,0xe7,0x7f,0xe7,0x7f,0xe7,0x7f,0xe7,0x7f,0xe7,0x7f,0xe7,0x7f,0xe7,
    0x7f,0xe7,0x7f,0xe7,0x7f,0xe7,0x7f,0xe7,0x7f,0xe7,0x7f,0xe7,0x7f,0xe7,0x7f,0xe7,
    0x7f,0xe7,0x7f,0xe7,0x9f,0xe7,0x9f,0xe7,0x9f,0xe7,0x7f,0xe7,0x7f,0xe7,0x9f,0xe7,
    0x7f,0xe7,0x7f,0xe7,0x7f,0xe7,0x7f,0xe7,0x7f,0xe7,0x7f,0xe7,0x9f,0xe7,0x9f,0xe7,
    0x9f,0xef,0xdf,0xf7,0xbf,0xef,0xbf,0xef,0x9f,0xe7,0x9f,0xe7,0xdf,0xf7,0x9f,0xe7,
    0x7f,0xe7,0x7f,0xe7,0x7f,0xe7,0x7f,0xe7,0x7f,0xe7,0x7f,0xe7,0x7f,0xe7,0x7f,0xe7,
    0x7f,0xe7,0x7f,0xe7,0x7f,0xe7,0x7f,0xe7,0x7f,0xe7,0x7f,0xe7,0x7f,0xe7,0x7f,0xe7,
    0x7f,0xe7,0x7f,0xe7,0x7f,0xe7,0x7f,0xe7,0x7f,0xe7,0x7f,0xe7,0x7f,0xe7,0x7f,0xe7,
    0x7f,0xe7,0x7f,0xe7,0x7f,0xe7,0x7f,0xe7,0x7f,0xe7,0x7f,0xe7,0x7f,0xe7,0x7f,0xe7,
    0x7f,0xe7,0x9f,0xe7,0x7f,0xe7,0x7f,0xe7,0x9f,0xe7,0x7f,0xe7,0x7f,0xe7,0x7f,0xe7,
    0x7f,0xe7,0x7f,0xe7,0x7f,0xe7,0x9f,0xe7,0x9f,0xe7,0x9f,0xef,0xdf,0xf7,0xbf,0xef,
    0xbf,0xef,0x9f,0xe7,0x9f,0xe7,0xbf,0xf7,0x9f,0xe7,0x7f,0xe7,0x7f,0xe7,0x7f,0xe7,
    0x7f,0xe7,0x7f,0xe7,0x7f,0xe7,0x7f,0xe7,0x7f,0xe7,0x7f,0xe7,0x7f,0xe7,0x7f,0xe7,
    0x7f,0xe7,0x7f,0xe7,0x7f,0xe7,0x7f,0xe7,0x7f,0xe7,0x7f,0xe7,0x7f,0xe7,0x7f,0xe7,
    0x7f,0xe7,0x7f,0xe7,0x7f,0xe7,0x7f,0xe7,0x7f,0xe7,0x7f,0xe7,0x7f,0xe7,0x7f,0xe7,
    0x7f,0xe7,0x7f,0xe7,0x7f,0xe7,0x7f,0xe7,0x7f,0xe7,0x7f,0xe7,0x7f,0xe7,0x7f,0xe7,
    0x7f,0xe7,0x9f,0xe7,0x9f,0xe7,0x9f,0xe7,0x9f,0xe7,0x7f,0xe7,0x7f,0xe7,0x7f,0xe7,
    0x7f,0xe7,0x9f,0xe7,0x9f,0xef,0xdf,0xf7,0xbf,0xef,0xbf,0xe7,0x9f,0xe7,0x7f,0xe7,
    0xdf,0xf7,0x9f,0xe7,0x7f,0xe7,0x7f,0xe7,0x7f,0xe7,0x7f,0xe7,0x7f,0xe7,0x7f,0xe7,
    0x7f,0xe7,0x7f,0xe7,0x7f,0xe7,0x7f,0xe7,0x7f,0xe7,0x7f,0xe7,0x7f,0xe7,0x7f,0xe7,
    0x7f,0xe7,0x7f,0xe7,0x7f,0xe7,0x7f,0xe7,0x7f,0xe7,0x7f,0xe7,0x7f,0xe7,0x7f,0xe7,
    0x7f,0xe7,0x7f,0xe7,0x7f,0xe7,0x7f,0xe7,0x7f,0xe7,0x7f,0xe7,0x7f,0xe7,0x7f,0xe7,
    0x7f,0xe7,0x7f,0xe7,0x7f,0xe7,0x7f,0xe7,0x7f,0xe7,0x7f,0xe7,0x9f,0xe7,0x7f,0xe7,
    0x7f,0xe7,0x7f,0xe7,0x7f,0xe7,0x7f,0xe7,0x7f,0xe7,0x7f,0xe7,0x9f,0xe7,0x9f,0xe7,
    0xdf,0xf7,0xbf,0xef,0x9f,0xe7,0x9f,0xe7,0x7f,0xe7,0xdf,0xf7,0x9f,0xe7,0x7f,0xe7,
    0x7f,0xe7,0x7f,0xe7,0x7f,0xe7,0x7f,0xe7,0x7f,0xe7,0x7f,0xe7,0x7f,0xe7,0x7f,0xe7,
    0x7f,0xe7,0x7f,0xe7,0x7f,0xe7,0x7f,0xe7,0x7f,0xe7,0x7f,0xe7,0x7f,0xe7,0x7f,0xe7,
    0x7f,0xe7,0x7f,0xe7,0x7f,0xe7,0x7f,0xe7,0x7f,0xe7,0x7f,0xe7,0x7f,0xe7,0x7f,0xe7,
    0x7f,0xe7,0x7f,0xe7,0x7f,0xe7,0x7f,0xe7,0x7f,0xe7,0x7f,0xe7,0x7f,0xe7,0x7f,0xe7,
    0x7f,0xe7,0x9f,0xe7,0x9f,0xe7,0x9f,0xe7,0x7f,0xe7,0x7f,0xe7,0x7f,0xe7,0x7f,0xe7,
    0x7f,0xe7,0x7f,0xe7,0x7f,0xe7,0x9f,0xe7,0x9f,0xe7,0xdf,0xf7,0x9f,0xe7,0xbf,0xef,
    0x9f,0xe7,0x7f,0xe7,0xdf,0xf7,0x9f,0xe7,0x7f,0xe7,0x7f,0xe7,0x7f,0xe7,0x7f,0xe7,
    0x7f,0xe7,0x7f,0xe7,0x7f,0xe7,0x7f,0xe7,0x7f,0xe7,0x7f,0xe7,0x7f,0xe7,0x7f,0xe7,
    0x7f,0xe7,0x7f,0xe7,0x7f,0xe7,0x7f,0xe7,0x7f,0xe7,0x7f,0xe7,0x7f,0xe7,0x7f,0xe7,
    0x7f,0xe7,0x7f,0xe7,0x7f,0xe7,0x7f,0xe7,0x7f,0xe7,0x7f,0xe7,0x7f,0xe7,0x9f,0xe7,
    0x7f,0xe7,0x7f,0xe7,0x7f,0xe7,0x7f,0xe7,0x7f,0xe7,0x7f,0xe7,0x9f,0xe7,0x9f,0xe7,
    0x9f,0xe7,0x7f,0xe7,0x7f,0xe7,0x9f,0xe7,0x9f,0xe7,0x9f,0xe7,0x9f,0xe7,0x7f,0xe7,
    0x7f,0xe7,0x9f,0xe7,0xdf,0xf7,0x9f,0xe7,0x9f,0xe7,0x9f,0xe7,0x7f,0xe7,0xdf,0xf7,
    0x9f,0xe7,0x7f,0xe7,0x7f,0xe7,0x7f,0xe7,0x7f,0xe7,0x7f,0xe7,0x7f,0xe7,0x7f,0xe7,
    0x7f,0xe7,0x7f,0xe7,0x7f,0xe7,0x7f,0xe7,0x7f,0xe7,0x7f,0xe7,0x7f,0xe7,0x7f,0xe7,
    0x7f,0xe7,0x7f,0xe7,0x7f,0xe7,0x7f,0xe7,0x7f,0xe7,0x7f,0xe7,0x7f,0xe7,0x9f,0xe7,
    0x7f,0xe7,0x7f,0xe7,0x7f,0xe7,0x9f,0xe7,0x9f,0xe7,0x9f,0xe7,0x9f,0xe7,0x9f,0xe7,
    0x9f,0xe7,0x9f,0xe7,0x9f,0xe7,0x9f,0xe7,0x9f,0xe7,0x9f,0xe7,0x9f,0xe7,0x9f,0xe7,
    0x9f,0xe7,0x9f,0xe7,0x9f,0xe7,0x9f,0xe7,0x9f,0xe7,0x9f,0xe7,0x9f,0xe7,0xdf,0xf7,
    0x9f,0xe7,0x9f,0xe7,0x9f,0xe7,0x7f,0xdf,0xdf,0xf7,0x9f,0xe7,0x7f,0xe7,0x7f,0xe7,
    0x7f,0xe7,0x7f,0xe7,0x7f,0xe7,0x7f,0xe7,0x7f,0xe7,0x7f,0xe7,0x7f,0xe7,0x9f,0xe7,
    0x9f,0xe7,0x7f,0xe7,0x7f,0xe7,0x7f,0xe7,0x7f,0xe7,0x7f,0xe7,0x7f,0xe7,0x7f,0xe7,
    0x7f,0xe7,0x7f,0xe7,0x7f,0xe7,0x7f,0xe7,0x9f,0xe7,0x9f,0xe7,0x9f,0xe7,0x9f,0xe7,
    0x9f,0xe7,0x9f,0xe7,0x9f,0xe7,0x9f,0xe7,0x9f,0xe7,0x9f,0xe7,0x9f,0xe7,0x9f,0xe7,
    0x9f,0xe7,0x9f,0xe7,0x9f,0xe7,0x9f,0xe7,0x9f,0xe7,0x9f,0xe7,0x9f,0xe7,0x9f,0xe7,
    0x9f,0xe7,0x9f,0xe7,0x9f,0xe7,0x9f,0xe7,0xdf,0xf7,0x9f,0xe7,0x9f,0xe7,0x9f,0xe7,
    0x7f,0xdf,0xdf,0xf7,0x9f,0xe7,0x7f,0xe7,0x7f,0xe7,0x7f,0xe7,0x7f,0xe7,0x7f,0xe7,
    0x7f,0xe7,0x7f,0xe7,0x7f,0xe7,0x9f,0xe7,0x9f,0xe7,0x7f,0xe7,0x7f,0xe7,0x7f,0xe7,
    0x7f,0xe7,0x7f,0xe7,0x7f,0xe7,0x7f,0xe7,0x7f,0xe7,0x7f,0xe7,0x7f,0xe7,0x7f,0xe7,
    0x7f,0xe7,0x7f,0xe7,0x7f,0xe7,0x9f,0xe7,0x9f,0xe7,0x9f,0xe7,0x9f,0xe7,0x9f,0xe7,
    0x9f,0xe7,0x9f,0xe7,0x9f,0xe7,0x9f,0xe7,0x9f,0xe7,0x9f,0xe7,0x9f,0xe7,0x9f,0xe7,
    0x9f,0xe7,0x9f,0xe7,0x9f,0xe7,0x9f,0xe7,0x9f,0xe7,0x9f,0xe7,0x9f,0xe7,0x9f,0xe7,
    0x9f,0xe7,0xdf,0xf7,0x9f,0xe7,0x9f,0xe7,0x9f,0xe7,0x7f,0xdf,0xdf,0xf7,0x9f,0xe7,
    0x7f,0xe7,0x7f,0xe7,0x7f,0xe7,0x7f,0xe7,0x7f,0xe7,0x7f,0xe7,0x7f,0xe7,0x7f,0xe7,
    0x9f,0xe7,0x9f,0xe7,0x9f,0xe7,0x9f,0xe7,0x9f,0xe7,0x7f,0xe7,0x7f,0xe7,0x7f,0xe7,
    0x7f,0xe7,0x7f,0xdf,0x7f,0xdf,0x7f,0xdf,0x7f,0xdf,0x7f,0xdf,0x7f,0xdf,0x7f,0xdf,
    0x7f,0xdf,0x7f,0xdf,0x7f,0xdf,0x7f,0xdf,0x7f,0xdf,0x7f,0xdf,0x7f,0xdf,0x7f,0xdf,
    0x7f,0xdf,0x7f,0xdf,0x7f,0xdf,0x7f,0xdf,0x7f,0xdf,0x7f,0xdf,0x9f,0xe7,0x9f,0xe7,
    0x9f,0xe7,0x9f,0xe7,0x9f,0xe7,0x9f,0xe7,0x9f,0xe7,0x9f,0xe7,0xdf,0xf7,0x9f,0xe7,
    0x9f,0xe7,0x9f,0xe7,0x7f,0xdf,0xdf,0xf7,0x9f,0xe7,0x7f,0xe7,0x7f,0xe7,0x7f,0xe7,
    0x7f,0xe7,0x7f,0xe7,0x7f,0xe7,0x9f,0xe7,0xbf,0xef,0xdf,0xf7,0xdf,0xf7,0xbf,0xf7,
    0xbf,0xf7,0xbf,0xf7,0xbf,0xf7,0xbf,0xf7,0xbf,0xf7,0xbf,0xf7,0xbf,0xf7,0xbf,0xf7,
    0xbf,0xf7,0xdf,0xf7,0xdf,0xf7,0xdf,0xf7,0xbf,0xf7,0xbf,0xf7,0xbf,0xf7,0xbf,0xf7,
    0xbf,0xf7,0xdf,0xf7,0xdf,0xf7,0xdf,0xf7,0xbf,0xf7,0xbf,0xf7,0xbf,0xf7,0xbf,0xf7,
    0xbf,0xf7,0xdf,0xf7,0xbf,0xef,0x7f,0xdf,0x7f,0xdf,0x9f,0xe7,0x9f,0xe7,0x9f,0xe7,
    0x9f,0xe7,0x9f,0xe7,0x9f,0xe7,0xdf,0xf7,0x9f,0xe7,0x9f,0xe7,0x9f,0xe7,0x7f,0xdf,
    0xdf,0xf7,0x9f,0xe7,0x9f,0xe7,0x7f,0xe7,0x7f,0xe7,0x7f,0xe7,0x7f,0xdf,0xbf,0xef,
    0xdf,0xf7,0xdf,0xf7,0xbf,0xf7,0xbf,0xef,0xbf,0xef,0xbf,0xef,0xbf,0xef,0xbf,0xef,
    0xbf,0xef,0xbf,0xef,0xbf,0xef,0xbf,0xef,0xbf,0xf7,0xbf,0xf7,0xbf,0xf7,0xbf,0xf7,
    0xbf,0xf7,0xbf,0xf7,0xbf,0xf7,0xbf,0xf7,0xbf,0xf7,0xbf,0xf7,0xbf,0xf7,0xbf,0xf7,
    0xbf,0xf7,0xbf,0xf7,0xbf,0xef,0xbf,0xef,0xbf,0xef,0xbf,0xf7,0xbf,0xf7,0xdf,0xf7,
    0xdf,0xf7,0xbf,0xef,0x7f,0xdf,0x9f,0xe7,0x9f,0xe7,0x9f,0xe7,0x9f,0xe7,0x9f,0xe7,
    0xdf,0xf7,0x9f,0xe7,0x9f,0xe7,0x9f,0xe7,0x7f,0xdf,0xdf,0xf7,0x9f,0xe7,0x9f,0xe7,
    0x9f,0xe7,0x7f,0xe7,0x7f,0xdf,0x9f,0xef,0xdf,0xf7,0xbf,0xf7,0xbf,0xef,0xbf,0xef,
    0x9f,0xef,0x9f,0xef,0x9f,0xef,0x9f,0xef,0x9f,0xef,0x9f,0xef,0x9f,0xef,0x9f,0xef,
    0xbf,0xef,0xbf,0xef,0xbf,0xef,0xbf,0xef,0xbf,0xef,0xbf,0xef,0xbf,0xef,0xbf,0xef,
    0xbf,0xef,0xbf,0xef,0xbf,0xef,0xbf,0xef,0xbf,0xef,0xbf,0xef,0xbf,0xef,0xbf,0xef,
    0xbf,0xef,0xbf,0xef,0xbf,0xef,0xbf,0xef,0xbf,0xef,0xdf,0xf7,0xdf,0xf7,0x9f,0xe7,
    0x7f,0xdf,0x9f,0xe7,0x9f,0xe7,0x9f,0xe7,0x9f,0xe7,0xdf,0xf7,0x9f,0xe7,0x9f,0xe7,
    0x9f,0xe7,0x7f,0xe7,0xdf,0xf7,0x9f,0xe7,0x9f,0xe7,0x9f,0xe7,0x7f,0xe7,0x7f,0xe7,
    0xdf,0xf7,0xbf,0xf7,0xbf,0xef,0x9f,0xef,0x9f,0xef,0x9f,0xef,0x9f,0xef,0x9f,0xef,
    0x9f,0xef,0x9f,0xef,0x9f,0xef,0x9f,0xef,0x9f,0xef,0x9f,0xef,0x9f,0xef,0x9f,0xef,
    0x9f,0xef,0x9f,0xef,0x9f,0xef,0x9f,0xef,0x9f,0xef,0x9f,0xef,0x9f,0xef,0x9f,0xef,
    0x9f,0xef,0x9f,0xef,0x9f,0xef,0x9f,0xef,0x9f,0xef,0x9f,0xef,0x9f,0xef,0x9f,0xef,
    0x9f,0xef,0xbf,0xef,0xbf,0xef,0xbf,0xf7,0xdf,0xf7,0x7f,0xdf,0x7f,0xdf,0x9f,0xe7,
    0x9f,0xe7,0x9f,0xe7,0xdf,0xf7,0x9f,0xe7,0x9f,0xe7,0x9f,0xe7,0x7f,0xe7,0xdf,0xf7,
    0x9f,0xe7,0x9f,0xe7,0x9f,0xe7,0x7f,0xe7,0xbf,0xef,0xdf,0xf7,0xbf,0xef,0xbf,0xef,
    0x9f,0xef,0x9f,0xe7,0x9f,0xe7,0x9f,0xe7,0x9f,0xe7,0x9f,0xe7,0x9f,0xe7,0x9f,0xe7,
    0x9f,0xe7,0x9f,0xe7,0x9f,0xe7,0x9f,0xe7,0x9f,0xe7,0x9f,0xe7,0x9f,0xe7,0x9f,0xe7,
    0x9f,0xef,0x9f,0xef,0x9f,0xef,0x9f,0xef,0x9f,0xe7,0x9f,0xe7,0x9f,0xe7,0x9f,0xe7,
    0x9f,0xe7,0x9f,0xe7,0x9f,0xe7,0x9f,0xe7,0x9f,0xe7,0x9f,0xef,0x9f,0xef,0xbf,0xef,
    0xbf,0xef,0xdf,0xf7,0xbf,0xef,0x7f,0xdf,0x7f,0xe7,0x9f,0xe7,0x9f,0xe7,0xdf,0xf7,
    0x9f,0xe7,0x9f,0xe7,0x9f,0xe7,0x7f,0xe7,0xdf,0xf7,0x9f,0xe7,0x9f,0xe7,0x7f,0xe7,
    0x7f,0xdf,0xbf,0xf7,0xbf,0xf7,0xbf,0xef,0x9f,0xef,0x9f,0xe7,0x9f,0xe7,0x7f,0xe7,
    0x7f,0xe7,0x7f,0xe7,0x7f,0xe7,0x7f,0xe7,0x7f,0xe7,0x9f,0xe7,0x9f,0xe7,0x9f,0xe7,
    0x9f,0xe7,0x9f,0xe7,0x9f,0xe7,0x9f,0xe7,0x9f,0xe7,0x9f,0xe7,0x9f,0xe7,0x9f,0xe7,
    0x9f,0xe7,0x9f,0xe7,0x9f,0xe7,0x9f,0xe7,0x9f,0xe7,0x9f,0xe7,0x9f,0xe7,0x9f,0xe7,
    0x9f,0xe7,0x9f,0xe7,0x9f,0xe7,0x9f,0xe7,0x9f,0xef,0xbf,0xef,0xbf,0xf7,0xdf,0xf7,
    0x5f,0xd7,0x7f,0xe7,0x9f,0xe7,0x9f,0xe7,0xdf,0xf7,0x9f,0xe7,0x9f,0xe7,0x9f,0xe7,
    0x9f,0xe7,0xdf,0xf7,0x9f,0xe7,0x7f,0xe7,0x7f,0xe7,0x7f,0xe7,0xdf,0xf7,0xbf,0xef,
    0x9f,0xef,0x9f,0xe7,0x7f,0xe7,0x7f,0xe7,0x7f,0xe7,0x7f,0xe7,0x7f,0xe7,0x7f,0xe7,
    0x7f,0xe7,0x7f,0xe7,0x9f,0xe7,0x9f,0xe7,0x9f,0xe7,0x9f,0xe7,0x9f,0xe7,0x9f,0xe7,
    0x9f,0xe7,0x9f,0xe7,0x9f,0xe7,0x9f,0xe7,0x9f,0xe7,0x9f,0xe7,0x9f,0xe7,0x9f,0xe7,
    0x9f,0xe7,0x9f,0xe7,0x9f,0xe7,0x9f,0xe7,0x9f,0xe7,0x9f,0xe7,0x9f,0xe7,0x9f,0xe7,
    0x9f,0xe7,0x9f,0xe7,0x9f,0xef,0xbf,0xef,0xdf,0xf7,0x7f,0xdf,0x7f,0xdf,0x9f,0xe7,
    0x9f,0xe7,0xdf,0xf7,0x9f,0xe7,0x9f,0xe7,0x9f,0xe7,0x9f,0xe7,0xdf,0xf7,0x9f,0xe7,
    0x7f,0xe7,0x7f,0xdf,0x7f,0xdf,0xbf,0xf7,0xbf,0xef,0x9f,0xef,0x9f,0xe7,0x7f,0xe7,
    0x7f,0xe7,0x7f,0xe7,0x7f,0xe7,0x7f,0xe7,0x7f,0xe7,0x7f,0xe7,0x9f,0xe7,0x9f,0xe7,
    0x9f,0xe7,0x9f,0xe7,0x9f,0xe7,0x9f,0xe7,0x9f,0xe7,0x9f,0xe7,0x9f,0xe7,0x9f,0xe7,
    0x9f,0xe7,0x9f,0xe7,0x9f,0xe7,0x9f,0xe7,0x9f,0xe7,0x9f,0xe7,0x9f,0xe7,0x9f,0xe7,
    0x9f,0xe7,0x9f,0xe7,0x9f,0xe7,0x9f,0xe7,0x9f,0xe7,0x9f,0xe7,0x9f,0xe7,0x9f,0xef,
    0xbf,0xef,0xdf,0xf7,0x7f,0xdf,0x7f,0xdf,0x7f,0xe7,0x9f,0xe7,0xdf,0xf7,0x9f,0xe7,
    0x9f,0xe7,0x9f,0xe7,0x9f,0xe7,0xdf,0xf7,0x9f,0xe7,0x7f,0xe7,0x7f,0xdf,0x7f,0xdf,
    0xdf,0xf7,0xbf,0xef,0x9f,0xef,0x7f,0xe7,0x7f,0xe7,0x7f,0xe7,0x7f,0xe7,0x7f,0xe7,
    0x7f,0xe7,0x7f,0xe7,0x9f,0xe7,0x9f,0xe7,0x9f,0xe7,0x9f,0xe7,0x9f,0xe7,0x9f,0xe7,
    0x9f,0xe7,0x9f,0xe7,0x9f,0xe7,0x9f,0xe7,0x9f,0xe7,0x9f,0xe7,0x9f,0xe7,0x9f,0xe7,
    0x9f,0xe7,0x9f,0xe7,0x9f,0xe7,0x9f,0xe7,0x9f,0xe7,0x9f,0xe7,0x9f,0xe7,0x9f,0xe7,
    0x9f,0xe7,0x9f,0xe7,0x9f,0xe7,0x9f,0xe7,0x9f,0xef,0xbf,0xef,0xdf,0xf7,0x5f,0xd7,
    0x5f,0xdf,0x7f,0xdf,0x9f,0xe7,0xdf,0xf7,0x9f,0xe7,0x9f,0xe7,0x9f,0xe7,0x9f,0xe7,
    0xdf,0xf7,0x9f,0xe7,0x7f,0xe7,0x5f,0xdf,0x5f,0xdf,0xdf,0xf7,0xbf,0xef,0x9f,0xef,
    0x7f,0xe7,0x7f,0xe7,0x7f,0xe7,0x7f,0xe7,0x7f,0xe7,0x7f,0xe7,0x7f,0xe7,0x7f,0xe7,
    0x9f,0xe7,0x9f,0xe7,0x9f,0xe7,0x9f,0xe7,0x9f,0xe7,0x9f,0xe7,0x9f,0xe7,0x9f,0xe7,
    0x9f,0xe7,0x9f,0xe7,0x9f,0xe7,0x9f,0xe7,0x9f,0xe7,0x9f,0xe7,0x9f,0xe7,0x9f,0xe7,
    0x9f,0xe7,0x9f,0xe7,0x9f,0xe7,0x9f,0xe7,0x9f,0xe7,0x9f,0xe7,0x9f,0xe7,0x7f,0xe7,
    0x9f,0xe7,0x9f,0xef,0xbf,0xef,0xdf,0xf7,0x5f,0xd7,0x5f,0xdf,0x7f,0xdf,0x9f,0xe7,
    0xdf,0xf7,0x9f,0xe7,0x9f,0xe7,0x9f,0xe7,0x9f,0xe7,0xdf,0xf7,0x9f,0xe7,0x7f,0xe7,
    0x5f,0xdf,0x5f,0xdf,0xdf,0xf7,0xbf,0xef,0x9f,0xef,0x7f,0xe7,0x7f,0xe7,0x7f,0xe7,
    0x7f,0xe7,0x7f,0xe7,0x7f,0xe7,0x7f,0xe7,0x9f,0xe7,0x9f,0xe7,0x9f,0xe7,0x9f,0xe7,
    0x9f,0xe7,0x9f,0xe7,0x9f,0xe7,0x9f,0xe7,0x9f,0xe7,0x9f,0xe7,0x9f,0xe7,0x9f,0xe7,
    0x9f,0xe7,0x9f,0xe7,0x9f,0xe7,0x9f,0xe7,0x9f,0xe7,0x9f,0xe7,0x9f,0xe7,0x9f,0xe7,
    0x9f,0xe7,0x9f,0xe7,0x9f,0xe7,0x9f,0xe7,0x9f,0xe7,0x9f,0xe7,0x9f,0xef,0xbf,0xef,
    0xdf,0xf7,0x5f,0xd7,0x5f,0xdf,0x7f,0xdf,0x9f,0xe7,0xdf,0xf7,0x9f,0xe7,0x9f,0xe7,
    0x9f,0xe7,0x9f,0xe7,0xdf,0xf7,0x9f,0xe7,0x7f,0xe7,0x5f,0xdf,0x5f,0xdf,0xdf,0xf7,
    0xbf,0xef,0x9f,0xef,0x7f,0xe7,0x7f,0xe7,0x7f,0xe7,0x7f,0xe7,0x7f,0xe7,0x7f,0xe7,
    0x7f,0xe7,0x9f,0xe7,0x9f,0xe7,0x9f,0xe7,0x9f,0xe7,0x9f,0xe7,0x9f,0xe7,0x9f,0xe7,
    0x9f,0xe7,0x9f,0xe7,0x9f,0xe7,0x9f,0xe7,0x9f,0xe7,0x9f,0xe7,0x9f,0xe7,0x9f,0xe7,
    0x9f,0xe7,0x9f,0xe7,0x9f,0xe7,0x9f,0xe7,0x9f,0xe7,0x9f,0xe7,0x9f,0xe7,0x9f,0xe7,
    0x9f,0xe7,0x9f,0xe7,0x9f,0xe7,0x9f,0xef,0xbf,0xef,0xdf,0xf7,0x5f,0xd7,0x5f,0xdf,
    0x7f,0xdf,0x9f,0xe7,0xdf,0xf7,0x9f,0xe7,0x9f,0xe7,0x9f,0xe7,0x9f,0xe7,0xdf,0xf7,
    0x9f,0xe7,0x7f,0xe7,0x5f,0xdf,0x5f,0xdf,0xdf,0xf7,0xbf,0xef,0x9f,0xef,0x7f,0xe7,
    0x7f,0xe7,0x7f,0xe7,0x7f,0xe7,0x7f,0xe7,0x9f,0xe7,0x9f,0xe7,0x9f,0xe7,0x9f,0xe7,
    0x9f,0xe7,0x9f,0xe7,0x9f,0xe7,0x9f,0xe7,0x9f,0xe7,0x9f,0xe7,0x9f,0xe7,0x9f,0xe7,
    0x9f,0xe7,0x9f,0xe7,0x9f,0xe7,0x9f,0xe7,0x9f,0xe7,0x9f,0xe7,0x9f,0xe7,0x9f,0xe7,
    0x9f,0xe7,0x9f,0xe7,0x9f,0xe7,0x9f,0xe7,0x9f,0xe7,0x9f,0xe7,0x9f,0xe7,0x9f,0xe7,
    0x9f,0xef,0xbf,0xef,0xdf,0xf7,0x5f,0xd7,0x5f,0xdf,0x7f,0xdf,0x9f,0xe7,0xdf,0xf7,
    0x9f,0xe7,0x9f,0xe7,0x9f,0xe7,0x9f,0xe7,0xdf,0xf7,0x9f,0xe7,0x7f,0xe7,0x5f,0xdf,
    0x5f,0xdf,0xdf,0xf7,0xbf,0xef,0x9f,0xef,0x9f,0xe7,0x7f,0xe7,0x7f,0xe7,0x7f,0xe7,
    0x7f,0xe7,0x7f,0xe7,0x7f,0xe7,0x9f,0xe7,0x9f,0xe7,0x9f,0xe7,0x7f,0xe7,0x3f,0x96,
    0xdf,0xbe,0x9f,0xe7,0x9f,0xe7,0x9f,0xe7,0x9f,0xef,0x9f,0xe7,0x9f,0xe7,0x9f,0xe7,
    0x9f,0xef,0x9f,0xe7,0x9f,0xe7,0x9f,0xe7,0x9f,0xe7,0x9f,0xe7,0x9f,0xe7,0x9f,0xe7,
    0x9f,0xe7,0x9f,0xe7,0x9f,0xe7,0x9f,0xe7,0x9f,0xe7,0x9f,0xef,0xbf,0xef,0xdf,0xf7,
    0x5f,0xd7,0x5f,0xdf,0x7f,0xdf,0x9f,0xe7,0xdf,0xf7,0x9f,0xe7,0x9f,0xe7,0x9f,0xe7,
    0x9f,0xe7,0xdf,0xf7,0x9f,0xe7,0x7f,0xe7,0x5f,0xdf,0x5f,0xdf,0xdf,0xf7,0xbf,0xef,
    0x9f,0xef,0x9f,0xe7,0x7f,0xe7,0x7f,0xe7,0x7f,0xe7,0x7f,0xe7,0x9f,0xe7,0x7f,0xe7,
    0x9f,0xe7,0x9f,0xe7,0x9f,0xe7,0xdf,0x7d,0xbf,0x3c,0xdf,0x3c,0xff,0x85,0x3f,0xd7,
    0x9f,0xef,0x9f,0xef,0x9f,0xe7,0x9f,0xe7,0x9f,0xe7,0x9f,0xe7,0x9f,0xe7,0x9f,0xe7,
    0x9f,0xe7,0x9f,0xe7,0x9f,0xe7,0x9f,0xe7,0x9f,0xe7,0x9f,0xe7,0x9f,0xe7,0x9f,0xe7,
    0x9f,0xe7,0x9f,0xe7,0x9f,0xef,0xbf,0xef,0xdf,0xf7,0x5f,0xd7,0x5f,0xdf,0x7f,0xe7,
    0x9f,0xe7,0xdf,0xf7,0x9f,0xe7,0x9f,0xe7,0x9f,0xe7,0x9f,0xe7,0xdf,0xf7,0x9f,0xe7,
    0x7f,0xe7,0x5f,0xdf,0x5f,0xd7,0xdf,0xf7,0xbf,0xef,0x9f,0xef,0x9f,0xe7,0x7f,0xe7,
    0x7f,0xe7,0x7f,0xe7,0x7f,0xe7,0x9f,0xe7,0x9f,0xe7,0x9f,0xe7,0x9f,0xe7,0x9f,0xe7,
    0x7f,0x65,0xbf,0x3c,0xdf,0x3c,0xdf,0x3c,0xff,0x44,0x7f,0xa6,0x9f,0xe7,0x9f,0xef,
    0x9f,0xef,0x9f,0xe7,0x9f,0xe7,0x9f,0xe7,0x9f,0xe7,0x9f,0xe7,0x9f,0xe7,0x9f,0xe7,
    0x9f,0xe7,0x9f,0xe7,0x9f,0xe7,0x9f,0xe7,0x9f,0xe7,0x9f,0xe7,0x9f,0xe7,0x9f,0xef,
    0xbf,0xef,0xdf,0xf7,0x5f,0xd7,0x5f,0xdf,0x7f,0xe7,0x9f,0xe7,0xdf,0xf7,0x9f,0xe7,
    0x9f,0xe7,0x9f,0xe7,0x9f,0xe7,0xdf,0xf7,0x9f,0xe7,0x7f,0xe7,0x5f,0xdf,0x5f,0xd7,
    0xdf,0xf7,0xbf,0xef,0x9f,0xef,0x9f,0xe7,0x7f,0xe7,0x7f,0xe7,0x7f,0xe7,0x7f,0xe7,
    0x9f,0xe7,0x9f,0xe7,0x9f,0xe7,0x9f,0xe7,0x9f,0xef,0x7f,0x65,0xbf,0x3c,0xdf,0x3c,
    0xdf,0x3c,0xdf,0x3c,0xdf,0x3c,0x7f,0x5d,0x1f,0xc7,0x9f,0xef,0x9f,0xe7,0x9f,0xe7,
    0x9f,0xe7,0x9f,0xe7,0x9f,0xe7,0x9f,0xe7,0x9f,0xe7,0x9f,0xe7,0x9f,0xe7,0x9f,0xe7,
    0x9f,0xe7,0x9f,0xe7,0x9f,0xe7,0x9f,0xe7,0x9f,0xef,0xbf,0xef,0xdf,0xf7,0x5f,0xd7,
    0x5f,0xdf,0x7f,0xe7,0x9f,0xe7,0xdf,0xf7,0x9f,0xe7,0x9f,0xe7,0x9f,0xef,0x9f,0xe7,
    0xdf,0xf7,0x9f,0xe7,0x7f,0xe7,0x5f,0xdf,0x5f,0xd7,0xdf,0xf7,0xbf,0xef,0x9f,0xef,
    0x9f,0xe7,0x7f,0xe7,0x7f,0xe7,0x7f,0xe7,0x9f,0xe7,0x9f,0xe7,0x9f,0xe7,0x9f,0xe7,
    0x9f,0xe7,0x9f,0xef,0x7f,0x6d,0xdf,0x3c,0xdf,0x3c,0xdf,0x3c,0xdf,0x3c,0xdf,0x3c,
    0xdf,0x3c,0xdf,0x3c,0x1f,0x8e,0x7f,0xe7,0x9f,0xe7,0x9f,0xe7,0x9f,0xe7,0x9f,0xe7,
    0x9f,0xe7,0x9f,0xe7,0x9f,0xe7,0x9f,0xe7,0x9f,0xe7,0x9f,0xe7,0x9f,0xe7,0x9f,0xe7,
    0x9f,0xe7,0x9f,0xef,0xbf,0xef,0xdf,0xf7,0x5f,0xd7,0x5f,0xdf,0x7f,0xdf,0x9f,0xe7,
    0xdf,0xf7,0x9f,0xe7,0x9f,0xe7,0x9f,0xef,0x9f,0xe7,0xdf,0xf7,0x9f,0xe7,0x7f,0xe7,
    0x5f,0xdf,0x5f,0xd7,0xdf,0xf7,0xbf,0xef,0x9f,0xef,0x9f,0xe7,0x7f,0xe7,0x7f,0xe7,
    0x7f,0xe7,0x9f,0xe7,0x9f,0xe7,0x9f,0xe7,0x9f,0xe7,0x9f,0xe7,0x9f,0xef,0x7f,0x65,
    0xbf,0x3c,0xdf,0x3c,0xdf,0x3c,0xdf,0x3c,0xdf,0x3c,0xdf,0x3c,0xdf,0x3c,0xdf,0x3c,
    0x3f,0x55,0x9f,0xae,0x9f,0xef,0x9f,0xe7,0x9f,0xe7,0x9f,0xe7,0x9f,0xe7,0x9f,0xe7,
    0x9f,0xe7,0x9f,0xe7,0x9f,0xe7,0x9f,0xe7,0x9f,0xe7,0x9f,0xe7,0x9f,0xef,0xbf,0xef,
    0xdf,0xf7,0x5f,0xd7,0x5f,0xdf,0x7f,0xdf,0x9f,0xe7,0xdf,0xf7,0x9f,0xe7,0x9f,0xe7,
    0x9f,0xef,0x9f,0xe7,0xdf,0xf7,0x9f,0xe7,0x7f,0xe7,0x5f,0xdf,0x5f,0xdf,0xdf,0xf7,
    0xbf,0xef,0x9f,0xef,0x9f,0xe7,0x7f,0xe7,0x7f,0xe7,0x7f,0xe7,0x9f,0xe7,0x9f,0xe7,
    0x9f,0xe7,0x9f,0xe7,0x9f,0xe7,0x9f,0xef,0x7f,0x65,0xbf,0x3c,0xdf,0x3c,0xdf,0x3c,
    0xdf,0x3c,0xdf,0x3c,0xdf,0x3c,0xdf,0x3c,0xdf,0x3c,0xdf,0x3c,0xdf,0x3c,0xbf,0x75,
    0x5f,0xd7,0x9f,0xef,0x9f,0xe7,0x9f,0xe7,0x9f,0xe7,0x9f,0xe7,0x9f,0xe7,0x9f,0xe7,
    0x9f,0xe7,0x9f,0xe7,0x9f,0xe7,0x9f,0xef,0xbf,0xef,0xdf,0xf7,0x5f,0xd7,0x5f,0xdf,
    0x7f,0xdf,0x9f,0xe7,0xdf,0xf7,0x9f,0xe7,0x9f,0xe7,0x9f,0xef,0x9f,0xe7,0xdf,0xf7,
    0x9f,0xe7,0x7f,0xe7,0x5f,0xdf,0x5f,0xdf,0xdf,0xf7,0xbf,0xef,0x9f,0xef,0x9f,0xe7,
    0x7f,0xe7,0x7f,0xe7,0x7f,0xe7,0x9f,0xe7,0x9f,0xe7,0x9f,0xe7,0x9f,0xe7,0x9f,0xe7,
    0x9f,0xef,0x7f,0x65,0xbf,0x3c,0xdf,0x3c,0xdf,0x3c,0xdf,0x3c,0xdf,0x3c,0xdf,0x3c,
    0xdf,0x3c,0xdf,0x3c,0xdf,0x3c,0xdf,0x3c,0xdf,0x3c,0xdf,0x44,0x5f,0x9e,0x7f,0xe7,
    0x9f,0xe7,0x9f,0xe7,0x9f,0xe7,0x9f,0xe7,0x9f,0xe7,0x9f,0xe7,0x9f,0xe7,0x9f,0xe7,
    0x9f,0xef,0xbf,0xef,0xdf,0xf7,0x5f,0xd7,0x5f,0xdf,0x7f,0xdf,0x9f,0xe7,0xdf,0xf7,
    0x9f,0xe7,0x9f,0xe7,0x9f,0xef,0x9f,0xe7,0xdf,0xf7,0x9f,0xe7,0x7f,0xe7,0x5f,0xdf,
    0x5f,0xdf,0xdf,0xf7,0xbf,0xef,0x9f,0xef,0x9f,0xe7,0x7f,0xe7,0x7f,0xe7,0x7f,0xe7,
    0x9f,0xe7,0x9f,0xe7,0x9f,0xe7,0x9f,0xe7,0x9f,0xe7,0x9f,0xef,0x7f,0x6d,0xbf,0x3c,
    0xdf,0x3c,0xdf,0x3c,0xdf,0x3c,0xdf,0x3c,0xdf,0x3c,0xdf,0x3c,0xdf,0x3c,0xdf,0x3c,
    0xdf,0x3c,0xdf,0x3c,0xdf,0x3c,0xdf,0x3c,0x3f,0x96,0x9f,0xe7,0x9f,0xe7,0x9f,0xe7,
    0x9f,0xe7,0x9f,0xe7,0x9f,0xe7,0x9f,0xe7,0x9f,0xe7,0x9f,0xef,0xbf,0xef,0xdf,0xf7,
    0x5f,0xd7,0x7f,0xdf,0x7f,0xdf,0x9f,0xe7,0xdf,0xf7,0x9f,0xe7,0x9f,0xe7,0x9f,0xef,
    0x9f,0xe7,0xdf,0xf7,0x9f,0xe7,0x7f,0xe7,0x5f,0xdf,0x5f,0xd7,0xdf,0xf7,0xbf,0xef,
    0x9f,0xef,0x9f,0xe7,0x7f,0xe7,0x7f,0xe7,0x7f,0xe7,0x9f,0xe7,0x9f,0xe7,0x9f,0xe7,
    0x9f,0xe7,0x9f,0xef,0x9f,0xef,0x7f,0x6d,0xbf,0x3c,0xdf,0x3c,0xdf,0x3c,0xdf,0x3c,
    0xdf,0x3c,0xdf,0x3c,0xdf,0x3c,0xdf,0x3c,0xdf,0x3c,0xdf,0x3c,0xdf,0x3c,0xdf,0x3c,
    0xdf,0x3c,0x7f,0xa6,0x9f,0xe7,0x9f,0xe7,0x9f,0xe7,0x9f,0xe7,0x9f,0xe7,0x9f,0xe7,
    0x9f,0xe7,0x9f,0xe7,0x9f,0xef,0xbf,0xef,0xdf,0xf7,0x5f,0xd7,0x5f,0xdf,0x7f,0xdf,
    0x9f,0xe7,0xdf,0xf7,0x9f,0xe7,0x9f,0xe7,0x9f,0xef,0x9f,0xe7,0xdf,0xf7,0x9f,0xe7,
    0x7f,0xe7,0x5f,0xdf,0x5f,0xdf,0xdf,0xf7,0xbf,0xef,0x9f,0xef,0x9f,0xe7,0x7f,0xe7,
    0x7f,0xe7,0x9f,0xe7,0x9f,0xe7,0x9f,0xe7,0x9f,0xe7,0x9f,0xe7,0x9f,0xef,0x9f,0xef,
    0x7f,0x6d,0xbf,0x3c,0xdf,0x3c,0xdf,0x3c,0xdf,0x3c,0xdf,0x3c,0xdf,0x3c,0xdf,0x3c,
    0xdf,0x3c,0xdf,0x3c,0xdf,0x3c,0xdf,0x3c,0x3f,0x55,0xbf,0xb6,0x9f,0xe7,0x9f,0xe7,
    0x9f,0xe7,0x9f,0xe7,0x9f,0xe7,0x7f,0xe7,0x9f,0xe7,0x7f,0xe7,0x9f,0xe7,0x9f,0xef,
    0xbf,0xef,0xdf,0xf7,0x5f,0xd7,0x5f,0xdf,0x7f,0xdf,0x9f,0xe7,0xdf,0xf7,0x9f,0xe7,
    0x9f,0xe7,0x9f,0xef,0x9f,0xe7,0xdf,0xf7,0x9f,0xef,0x7f,0xe7,0x5f,0xdf,0x5f,0xdf,
    0xdf,0xf7,0xbf,0xef,0x9f,0xef,0x9f,0xe7,0x7f,0xe7,0x7f,0xe7,0x9f,0xe7,0x9f,0xe7,
    0x9f,0xe7,0x9f,0xe7,0x9f,0xe7,0x9f,0xe7,0x9f,0xef,0x7f,0x6d,0xbf,0x3c,0xdf,0x3c,
    0xdf,0x3c,0xdf,0x3c,0xdf,0x3c,0xdf,0x3c,0xdf,0x3c,0xdf,0x3c,0xdf,0x3c,0xdf,0x44,
    0x5f,0x96,0x9f,0xe7,0x9f,0xe7,0x9f,0xe7,0x9f,0xe7,0x9f,0xe7,0x9f,0xe7,0x9f,0xe7,
    0x9f,0xe7,0x9f,0xe7,0x7f,0xe7,0x9f,0xe7,0x9f,0xef,0xbf,0xef,0xdf,0xf7,0x5f,0xd7,
    0x5f,0xdf,0x7f,0xdf,0x9f,0xe7,0xdf,0xf7,0x9f,0xe7,0x9f,0xe7,0x9f,0xe7,0x9f,0xe7,
    0xdf,0xf7,0x9f,0xef,0x7f,0xe7,0x5f,0xdf,0x5f,0xdf,0xdf,0xf7,0xbf,0xef,0x9f,0xef,
    0x9f,0xe7,0x7f,0xe7,0x7f,0xe7,0x7f,0xe7,0x7f,0xe7,0x7f,0xe7,0x9f,0xe7,0x9f,0xe7,
    0x9f,0xe7,0x9f,0xef,0x7f,0x65,0xbf,0x3c,0xdf,0x3c,0xdf,0x3c,0xdf,0x3c,0xdf,0x3c,
    0xdf,0x3c,0xdf,0x3c,0xdf,0x3c,0xbf,0x75,0x5f,0xd7,0x9f,0xef,0x9f,0xe7,0x9f,0xe7,
    0x9f,0xe7,0x9f,0xe7,0x9f,0xe7,0x9f,0xe7,0x9f,0xe7,0x9f,0xe7,0x9f,0xe7,0x7f,0xe7,
    0x9f,0xe7,0x9f,0xef,0xbf,0xef,0xdf,0xf7,0x5f,0xd7,0x5f,0xdf,0x7f,0xdf,0x9f,0xe7,
    0xdf,0xf7,0x9f,0xe7,0x9f,0xe7,0x9f,0xe7,0x9f,0xe7,0xdf,0xf7,0x9f,0xe7,0x7f,0xe7,
    0x5f,0xdf,0x7f,0xdf,0xdf,0xf7,0xbf,0xef,0x9f,0xef,0x9f,0xe7,0x7f,0xe7,0x7f,0xe7,
    0x7f,0xe7,0x7f,0xe7,0x9f,0xe7,0x9f,0xe7,0x9f,0xe7,0x9f,0xe7,0x9f,0xef,0x7f,0x65,
    0xbf,0x34,0xdf,0x3c,0xdf,0x3c,0xdf,0x3c,0xdf,0x3c,0xdf,0x3c,0x3f,0x55,0xdf,0xbe,
    0x9f,0xe7,0x9f,0xe7,0x9f,0xe7,0x9f,0xe7,0x9f,0xe7,0x9f,0xe7,0x9f,0xe7,0x9f,0xe7,
    0x9f,0xe7,0x9f,0xe7,0x9f,0xe7,0x7f,0xe7,0x7f,0xe7,0x9f,0xe7,0x9f,0xef,0xbf,0xef,
    0xdf,0xf7,0x5f,0xd7,0x5f,0xdf,0x7f,0xdf,0x9f,0xe7,0xdf,0xf7,0x9f,0xe7,0x9f,0xe7,
    0x9f,0xe7,0x9f,0xe7,0xdf,0xf7,0x9f,0xe7,0x7f,0xe7,0x5f,0xdf,0x7f,0xdf,0xdf,0xf7,
    0xbf,0xef,0x9f,0xef,0x9f,0xe7,0x7f,0xe7,0x7f,0xe7,0x7f,0xe7,0x7f,0xe7,0x7f,0xe7,
    0x9f,0xe7,0x9f,0xe7,0x9f,0xe7,0x9f,0xef,0x9f,0x6d,0xdf,0x3c,0xbf,0x3c,0xbf,0x3c,
    0xbf,0x3c,0xff,0x44,0x3f,0x96,0x7f,0xe7,0x9f,0xe7,0x9f,0xe7,0x9f,0xe7,0x9f,0xe7,
    0x9f,0xe7,0x9f,0xe7,0x9f,0xe7,0x9f,0xe7,0x9f,0xe7,0x9f,0xe7,0x9f,0xe7,0x7f,0xe7,
    0x7f,0xe7,0x7f,0xe7,0x9f,0xe7,0x9f,0xef,0xbf,0xef,0xdf,0xf7,0x5f,0xd7,0x5f,0xd7,
    0x7f,0xdf,0x9f,0xe7,0xdf,0xf7,0x9f,0xe7,0x9f,0xe7,0x9f,0xe7,0x9f,0xe7,0xdf,0xf7,
    0x9f,0xe7,0x7f,0xe7,0x5f,0xdf,0x5f,0xdf,0xdf,0xf7,0xbf,0xef,0x9f,0xef,0x7f,0xe7,
    0x7f,0xe7,0x7f,0xe7,0x7f,0xe7,0x7f,0xe7,0x7f,0xe7,0x7f,0xe7,0x9f,0xe7,0x9f,0xe7,
    0x9f,0xef,0x9f,0x6d,0xdf,0x3c,0xdf,0x3c,0xbf,0x3c,0x9f,0x6d,0x3f,0xcf,0x9f,0xe7,
    0x9f,0xe7,0x9f,0xe7,0x9f,0xe7,0x9f,0xe7,0x9f,0xe7,0x9f,0xe7,0x9f,0xe7,0x9f,0xe7,
    0x7f,0xe7,0x9f,0xe7,0x9f,0xe7,0x7f,0xe7,0x7f,0xe7,0x7f,0xe7,0x7f,0xe7,0x9f,0xe7,
    0x9f,0xef,0xbf,0xef,0xdf,0xf7,0x5f,0xd7,0x5f,0xd7,0x7f,0xdf,0x9f,0xe7,0xdf,0xf7,
    0x9f,0xe7,0x9f,0xe7,0x9f,0xe7,0x9f,0xe7,0xdf,0xf7,0x9f,0xe7,0x7f,0xe7,0x5f,0xdf,
    0x5f,0xdf,0xdf,0xf7,0xbf,0xef,0x9f,0xef,0x7f,0xe7,0x7f,0xe7,0x7f,0xe7,0x7f,0xe7,
    0x7f,0xe7,0x7f,0xe7,0x7f,0xe7,0x9f,0xe7,0x9f,0xe7,0x9f,0xe7,0x5f,0x9e,0xdf,0x3c,
    0x1f,0x4d,0xbf,0xae,0x9f,0xe7,0x9f,0xe7,0x9f,0xe7,0x9f,0xe7,0x9f,0xe7,0x9f,0xe7,
    0x9f,0xe7,0x9f,0xe7,0x9f,0xe7,0x7f,0xe7,0x7f,0xe7,0x7f,0xe7,0x7f,0xe7,0x7f,0xe7,
    0x7f,0xe7,0x7f,0xe7,0x7f,0xe7,0x7f,0xe7,0x7f,0xe7,0x9f,0xef,0xbf,0xef,0xdf,0xf7,
    0x5f,0xd7,0x5f,0xdf,0x7f,0xdf,0x9f,0xe7,0xdf,0xf7,0x9f,0xe7,0x9f,0xe7,0x9f,0xe7,
    0x9f,0xe7,0xdf,0xf7,0x9f,0xe7,0x7f,0xe7,0x5f,0xdf,0x5f,0xdf,0xbf,0xf7,0x9f,0xef,
    0x9f,0xe7,0x7f,0xe7,0x7f,0xe7,0x7f,0xe7,0x7f,0xe7,0x7f,0xe7,0x7f,0xe7,0x7f,0xe7,
    0x7f,0xe7,0x7f,0xe7,0x9f,0xe7,0x7f,0xe7,0x1f,0xc7,0x5f,0xdf,0x9f,0xe7,0x9f,0xe7,
    0x9f,0xe7,0x9f,0xe7,0x9f,0xe7,0x9f,0xe7,0x9f,0xe7,0x9f,0xe7,0x9f,0xe7,0x9f,0xe7,
    0x7f,0xe7,0x7f,0xe7,0x7f,0xe7,0x7f,0xe7,0x7f,0xe7,0x7f,0xe7,0x7f,0xe7,0x7f,0xe7,
    0x7f,0xe7,0x7f,0xe7,0x9f,0xe7,0xbf,0xef,0xdf,0xf7,0x5f,0xd7,0x5f,0xdf,0x7f,0xdf,
    0x9f,0xe7,0xdf,0xf7,0x9f,0xe7,0x9f,0xe7,0x9f,0xef,0x9f,0xe7,0xdf,0xf7,0x9f,0xe7,
    0x7f,0xe7,0x5f,0xdf,0x5f,0xdf,0xdf,0xf7,0x9f,0xef,0x9f,0xe7,0x7f,0xe7,0x7f,0xe7,
    0x7f,0xe7,0x7f,0xe7,0x7f,0xe7,0x7f,0xe7,0x7f,0xe7,0x7f,0xe7,0x7f,0xe7,0x7f,0xe7,
    0x7f,0xe7,0x9f,0xe7,0x9f,0xe7,0x9f,0xe7,0x9f,0xe7,0x9f,0xe7,0x9f,0xe7,0x9f,0xe7,
    0x9f,0xe7,0x9f,0xe7,0x7f,0xe7,0x7f,0xe7,0x7f,0xe7,0x7f,0xe7,0x7f,0xe7,0x7f,0xe7,
    0x7f,0xe7,0x7f,0xe7,0x7f,0xe7,0x7f,0xe7,0x7f,0xe7,0x7f,0xe7,0x7f,0xe7,0x9f,0xe7,
    0xbf,0xef,0xdf,0xf7,0x5f,0xd7,0x5f,0xdf,0x7f,0xdf,0x9f,0xe7,0xdf,0xf7,0x9f,0xe7,
    0x9f,0xe7,0x9f,0xe7,0x9f,0xe7,0xdf,0xf7,0x9f,0xe7,0x7f,0xe7,0x5f,0xdf,0x5f,0xdf,
    0xdf,0xf7,0x9f,0xef,0x9f,0xe7,0x7f,0xe7,0x7f,0xe7,0x7f,0xe7,0x7f,0xe7,0x7f,0xe7,
    0x7f,0xe7,0x7f,0xe7,0x7f,0xe7,0x7f,0xe7,0x7f,0xe7,0x7f,0xe7,0x7f,0xe7,0x7f,0xe7,
    0x7f,0xe7,0x9f,0xe7,0x9f,0xe7,0x9f,0xe7,0x9f,0xe7,0x9f,0xe7,0x7f,0xe7,0x7f,0xe7,
    0x7f,0xe7,0x7f,0xe7,0x7f,0xe7,0x7f,0xe7,0x7f,0xe7,0x7f,0xe7,0x7f,0xe7,0x7f,0xe7,
    0x7f,0xe7,0x7f,0xe7,0x7f,0xe7,0x7f,0xe7,0x9f,0xe7,0xbf,0xef,0xdf,0xf7,0x5f,0xd7,
    0x5f,0xdf,0x7f,0xdf,0x9f,0xe7,0xdf,0xf7,0x9f,0xe7,0x9f,0xe7,0x9f,0xef,0x9f,0xe7,
    0xdf,0xf7,0x9f,0xe7,0x7f,0xe7,0x5f,0xdf,0x5f,0xdf,0xdf,0xf7,0x9f,0xef,0x9f,0xe7,
    0x7f,0xe7,0x7f,0xe7,0x7f,0xe7,0x7f,0xe7,0x7f,0xe7,0x7f,0xe7,0x7f,0xe7,0x7f,0xe7,
    0x7f,0xe7,0x7f,0xe7,0x7f,0xe7,0x7f,0xe7,0x7f,0xe7,0x7f,0xe7,0x7f,0xe7,0x7f,0xe7,
    0x7f,0xe7,0x7f,0xe7,0x7f,0xe7,0x7f,0xe7,0x7f,0xe7,0x7f,0xe7,0x7f,0xe7,0x7f,0xe7,
    0x7f,0xe7,0x7f,0xe7,0x7f,0xe7,0x7f,0xe7,0x7f,0xe7,0x7f,0xe7,0x7f,0xe7,0x7f,0xe7,
    0x7f,0xe7,0x9f,0xe7,0xbf,0xef,0xdf,0xf7,0x5f,0xd7,0x5f,0xdf,0x7f,0xdf,0x9f,0xe7,
    0xdf,0xf7,0x9f,0xe7,0xbf,0xe7,0x9f,0xe7,0x9f,0xe7,0xdf,0xf7,0x9f,0xe7,0x7f,0xe7,
    0x5f,0xdf,0x5f,0xdf,0xdf,0xf7,0x9f,0xef,0x9f,0xe7,0x7f,0xe7,0x7f,0xe7,0x7f,0xe7,
    0x7f,0xe7,0x7f,0xe7,0x7f,0xe7,0x7f,0xe7,0x7f,0xe7,0x7f,0xe7,0x7f,0xe7,0x7f,0xe7,
    0x7f,0xe7,0x7f,0xe7,0x7f,0xe7,0x7f,0xe7,0x7f,0xe7,0x7f,0xe7,0x7f,0xe7,0x7f,0xe7,
    0x7f,0xe7,0x7f,0xe7,0x7f,0xe7,0x7f,0xe7,0x7f,0xe7,0x7f,0xe7,0x7f,0xe7,0x7f,0xe7,
    0x7f,0xe7,0x7f,0xe7,0x7f,0xe7,0x7f,0xe7,0x7f,0xe7,0x7f,0xe7,0x9f,0xef,0xbf,0xef,
    0xdf,0xf7,0x5f,0xd7,0x5f,0xdf,0x7f,0xdf,0x9f,0xe7,0xdf,0xf7,0x9f,0xe7,0x9f,0xe7,
    0x9f,0xe7,0x9f,0xe7,0xdf,0xf7,0x9f,0xe7,0x7f,0xe7,0x5f,0xdf,0x7f,0xdf,0xdf,0xf7,
    0x9f,0xef,0x9f,0xe7,0x7f,0xe7,0x7f,0xe7,0x7f,0xe7,0x7f,0xe7,0x7f,0xe7,0x7f,0xe7,
    0x7f,0xe7,0x7f,0xe7,0x7f,0xe7,0x7f,0xe7,0x7f,0xe7,0x7f,0xe7,0x7f,0xe7,0x7f,0xe7,
    0x7f,0xe7,0x7f,0xe7,0x7f,0xe7,0x7f,0xe7,0x7f,0xe7,0x7f,0xe7,0x7f,0xe7,0x7f,0xe7,
    0x7f,0xe7,0x7f,0xe7,0x7f,0xe7,0x7f,0xe7,0x7f,0xe7,0x7f,0xe7,0x7f,0xe7,0x7f,0xe7,
    0x7f,0xe7,0x7f,0xe7,0x7f,0xe7,0x9f,0xe7,0xbf,0xef,0xdf,0xf7,0x5f,0xd7,0x5f,0xdf,
    0x7f,0xdf,0x9f,0xe7,0xdf,0xf7,0x9f,0xe7,0x9f,0xe7,0x9f,0xef,0x9f,0xe7,0xdf,0xf7,
    0x9f,0xe7,0x7f,0xe7,0x5f,0xdf,0x7f,0xdf,0xdf,0xf7,0xbf,0xef,0x9f,0xe7,0x7f,0xe7,
    0x7f,0xe7,0x7f,0xe7,0x7f,0xe7,0x7f,0xe7,0x7f,0xe7,0x7f,0xe7,0x7f,0xe7,0x7f,0xe7,
    0x7f,0xe7,0x7f,0xe7,0x7f,0xe7,0x7f,0xe7,0x7f,0xe7,0x7f,0xe7,0x7f,0xe7,0x7f,0xe7,
    0x7f,0xe7,0x7f,0xe7,0x7f,0xe7,0x7f,0xe7,0x7f,0xe7,0x7f,0xe7,0x7f,0xe7,0x7f,0xe7,
    0x7f,0xe7,0x7f,0xe7,0x7f,0xe7,0x7f,0xe7,0x7f,0xe7,0x7f,0xe7,0x7f,0xe7,0x7f,0xe7,
    0x9f,0xef,0xbf,0xef,0xdf,0xf7,0x7f,0xdf,0x5f,0xdf,0x7f,0xdf,0x9f,0xe7,0xdf,0xf7,
    0x9f,0xe7,0x9f,0xe7,0x9f,0xe7,0x9f,0xe7,0xdf,0xf7,0x9f,0xe7,0x7f,0xe7,0x5f,0xdf,
    0x7f,0xdf,0xdf,0xf7,0xbf,0xef,0x9f,0xef,0x7f,0xe7,0x7f,0xe7,0x7f,0xe7,0x7f,0xe7,
    0x7f,0xe7,0x7f,0xe7,0x7f,0xe7,0x7f,0xe7,0x7f,0xe7,0x7f,0xe7,0x7f,0xe7,0x7f,0xe7,
    0x7f,0xe7,0x7f,0xe7,0x7f,0xe7,0x7f,0xe7,0x7f,0xe7,0x7f,0xe7,0x7f,0xe7,0x7f,0xe7,
    0x7f,0xe7,0x7f,0xe7,0x7f,0xe7,0x7f,0xe7,0x7f,0xe7,0x7f,0xe7,0x7f,0xe7,0x7f,0xe7,
    0x7f,0xe7,0x7f,0xe7,0x7f,0xe7,0x7f,0xe7,0x9f,0xe7,0x9f,0xef,0xbf,0xef,0xdf,0xf7,
    0x7f,0xdf,0x7f,0xdf,0x7f,0xe7,0x9f,0xe7,0xdf,0xf7,0x9f,0xe7,0x9f,0xe7,0x9f,0xe7,
    0x9f,0xe7,0xdf,0xf7,0x9f,0xe7,0x7f,0xe7,0x5f,0xdf,0x5f,0xdf,0xdf,0xf7,0xbf,0xef,
    0x9f,0xef,0x7f,0xe7,0x7f,0xe7,0x7f,0xe7,0x7f,0xe7,0x7f,0xe7,0x7f,0xe7,0x7f,0xe7,
    0x7f,0xe7,0x7f,0xe7,0x7f,0xe7,0x7f,0xe7,0x7f,0xe7,0x7f,0xe7,0x7f,0xe7,0x7f,0xe7,
    0x7f,0xe7,0x7f,0xe7,0x7f,0xe7,0x7f,0xe7,0x7f,0xe7,0x7f,0xe7,0x7f,0xe7,0x7f,0xe7,
    0x7f,0xe7,0x7f,0xe7,0x7f,0xe7,0x7f,0xe7,0x7f,0xe7,0x7f,0xe7,0x7f,0xe7,0x7f,0xe7,
    0x7f,0xe7,0x9f,0xe7,0x9f,0xef,0xbf,0xef,0xdf,0xf7,0x7f,0xdf,0x7f,0xdf,0x7f,0xe7,
    0x9f,0xe7,0xdf,0xf7,0x9f,0xe7,0x9f,0xe7,0x9f,0xe7,0x9f,0xe7,0xdf,0xf7,0x9f,0xe7,
    0x7f,0xe7,0x7f,0xdf,0x5f,0xd7,0xbf,0xef,0xbf,0xf7,0xbf,0xef,0x9f,0xef,0x7f,0xe7,
    0x7f,0xe7,0x7f,0xe7,0x7f,0xe7,0x7f,0xe7,0x7f,0xe7,0x7f,0xe7,0x7f,0xe7,0x7f,0xe7,
    0x7f,0xe7,0x7f,0xe7,0x7f,0xe7,0x7f,0xe7,0x7f,0xe7,0x7f,0xe7,0x7f,0xe7,0x7f,0xe7,
    0x7f,0xe7,0x7f,0xe7,0x7f,0xe7,0x7f,0xe7,0x7f,0xe7,0x7f,0xe7,0x7f,0xe7,0x7f,0xe7,
    0x7f,0xe7,0x7f,0xe7,0x7f,0xe7,0x7f,0xe7,0x7f,0xe7,0x9f,0xe7,0x9f,0xef,0xbf,0xef,
    0xdf,0xf7,0xbf,0xef,0x5f,0xd7,0x7f,0xdf,0x9f,0xe7,0x9f,0xe7,0xdf,0xf7,0x9f,0xe7,
    0x9f,0xe7,0x9f,0xe7,0x9f,0xe7,0xdf,0xf7,0x9f,0xe7,0x7f,0xe7,0x7f,0xdf,0x5f,0xdf,
    0x5f,0xdf,0xdf,0xf7,0xbf,0xf7,0x9f,0xef,0x9f,0xe7,0x9f,0xe7,0x7f,0xe7,0x7f,0xe7,
    0x7f,0xe7,0x7f,0xe7,0x7f,0xe7,0x7f,0xe7,0x7f,0xe7,0x7f,0xe7,0x7f,0xe7,0x7f,0xe7,
    0x7f,0xe7,0x7f,0xe7,0x7f,0xe7,0x7f,0xe7,0x7f,0xe7,0x7f,0xe7,0x7f,0xe7,0x7f,0xe7,
    0x7f,0xe7,0x7f,0xe7,0x7f,0xe7,0x7f,0xe7,0x7f,0xe7,0x7f,0xe7,0x7f,0xe7,0x7f,0xe7,
    0x7f,0xe7,0x9f,0xe7,0x9f,0xef,0xbf,0xef,0xbf,0xf7,0xdf,0xf7,0x7f,0xdf,0x5f,0xdf,
    0x7f,0xdf,0x9f,0xe7,0x9f,0xe7,0xdf,0xf7,0x9f,0xe7,0x9f,0xe7,0x9f,0xe7,0x9f,0xe7,
    0xdf,0xf7,0x9f,0xe7,0x9f,0xe7,0x7f,0xdf,0x5f,0xdf,0x5f,0xd7,0x9f,0xe7,0xdf,0xf7,
    0xbf,0xef,0xbf,0xef,0x9f,0xef,0x9f,0xe7,0x9f,0xe7,0x9f,0xe7,0x9f,0xe7,0x9f,0xe7,
    0x9f,0xe7,0x9f,0xe7,0x9f,0xe7,0x9f,0xe7,0x9f,0xe7,0x9f,0xe7,0x9f,0xe7,0x9f,0xe7,
    0x9f,0xe7,0x9f,0xe7,0x9f,0xe7,0x9f,0xe7,0x9f,0xe7,0x9f,0xe7,0x9f,0xe7,0x9f,0xe7,
    0x9f,0xe7,0x9f,0xe7,0x9f,0xe7,0x9f,0xe7,0x9f,0xe7,0x9f,0xe7,0x9f,0xef,0xbf,0xef,
    0xbf,0xf7,0xdf,0xf7,0x9f,0xe7,0x5f,0xd7,0x7f,0xdf,0x7f,0xdf,0x9f,0xe7,0x9f,0xe7,
    0xdf,0xf7,0x9f,0xe7,0x9f,0xe7,0x9f,0xe7,0x9f,0xe7,0xdf,0xf7,0x9f,0xe7,0x9f,0xe7,
    0x7f,0xe7,0x7f,0xdf,0x5f,0xdf,0x5f,0xd7,0x9f,0xe7,0xdf,0xf7,0xbf,0xf7,0xbf,0xef,
    0xbf,0xef,0xbf,0xef,0xbf,0xef,0xbf,0xef,0x9f,0xef,0x9f,0xef,0x9f,0xef,0x9f,0xef,
    0x9f,0xef,0x9f,0xef,0x9f,0xef,0x9f,0xef,0x9f,0xef,0x9f,0xef,0xbf,0xef,0xbf,0xef,
    0xbf,0xef,0xbf,0xef,0xbf,0xef,0xbf,0xef,0xbf,0xef,0xbf,0xef,0x9f,0xef,0x9f,0xef,
    0xbf,0xef,0x9f,0xef,0xbf,0xef,0xbf,0xef,0xbf,0xf7,0xdf,0xf7,0x9f,0xef,0x5f,0xd7,
    0x5f,0xdf,0x7f,0xdf,0x7f,0xe7,0x9f,0xe7,0x9f,0xe7,0xdf,0xf7,0x9f,0xe7,0x9f,0xe7,
    0x9f,0xe7,0x9f,0xe7,0xdf,0xf7,0x9f,0xe7,0x9f,0xe7,0x7f,0xe7,0x7f,0xdf,0x5f,0xdf,
    0x5f,0xd7,0x5f,0xd7,0x7f,0xdf,0x9f,0xe7,0xdf,0xf7,0xbf,0xf7,0xbf,0xf7,0xbf,0xf7,
    0xbf,0xf7,0xbf,0xf7,0xbf,0xef,0xbf,0xef,0xbf,0xef,0xbf,0xef,0xbf,0xef,0xbf,0xf7,
    0xbf,0xf7,0xbf,0xf7,0xbf,0xf7,0xdf,0xf7,0xbf,0xf7,0xbf,0xf7,0xbf,0xf7,0xbf,0xf7,
    0xbf,0xf7,0xbf,0xf7,0xbf,0xf7,0xbf,0xf7,0xbf,0xf7,0xbf,0xf7,0xbf,0xf7,0xbf,0xf7,
    0xdf,0xf7,0x9f,0xe7,0x7f,0xdf,0x5f,0xd7,0x5f,0xd7,0x5f,0xdf,0x7f,0xdf,0x9f,0xe7,
    0x9f,0xe7,0x9f,0xe7,0xdf,0xf7,0x9f,0xe7,0x9f,0xe7,0x9f,0xe7,0x9f,0xe7,0xdf,0xf7,
    0x9f,0xe7,0x9f,0xe7,0x9f,0xe7,0x7f,0xe7,0x7f,0xdf,0x5f,0xd7,0x3f,0xd7,0x3f,0xcf,
    0x1f,0xcf,0x5f,0xd7,0x5f,0xd7,0x5f,0xd7,0x5f,0xd7,0x5f,0xd7,0x5f,0xd7,0x5f,0xd7,
    0x5f,0xd7,0x5f,0xd7,0x5f,0xd7,0x5f,0xd7,0x5f,0xdf,0x5f,0xd7,0x5f,0xd7,0x5f,0xd7,
    0x5f,0xd7,0x5f,0xd7,0x5f,0xd7,0x5f,0xd7,0x5f,0xd7,0x5f,0xd7,0x7f,0xdf,0x7f,0xdf,
    0x7f,0xdf,0x7f,0xdf,0x5f,0xd7,0x5f,0xd7,0x5f,0xd7,0x3f,0xd7,0x1f,0xc7,0x3f,0xcf,
    0x3f,0xd7,0x5f,0xd7,0x7f,0xdf,0x7f,0xdf,0x9f,0xe7,0x9f,0xe7,0x9f,0xe7,0xdf,0xf7,
    0x9f,0xe7,0x9f,0xe7,0x9f,0xe7,0x9f,0xe7,0xdf,0xf7,0x9f,0xe7,0x9f,0xe7,0x9f,0xe7,
    0x7f,0xe7,0x7f,0xdf,0x5f,0xdf,0x5f,0xd7,0x3f,0xd7,0x1f,0xcf,0x1f,0xcf,0x1f,0xc7,
    0xff,0xc6,0xff,0xc6,0xff,0xc6,0xff,0xc6,0xff,0xc6,0xff,0xc6,0xff,0xc6,0xff,0xc6,
    0xff,0xc6,0xff,0xc6,0x1f,0xc7,0x1f,0xc7,0x1f,0xc7,0x1f,0xc7,0xff,0xc6,0xff,0xc6,
    0x1f,0xc7,0x1f,0xc7,0xff,0xc6,0xff,0xc6,0xff,0xc6,0x1f,0xc7,0x1f,0xc7,0x1f,0xc7,
    0x1f,0xc7,0xff,0xc6,0x1f,0xc7,0x1f,0xcf,0x3f,0xcf,0x5f,0xd7,0x5f,0xdf,0x7f,0xdf,
    0x9f,0xe7,0x9f,0xe7,0x9f,0xe7,0x9f,0xe7,0xdf,0xf7,0x9f,0xe7,0x9f,0xe7,0x9f,0xe7,
    0x9f,0xe7,0xdf,0xf7,0x9f,0xe7,0x9f,0xe7,0x9f,0xe7,0x9f,0xe7,0x7f,0xe7,0x7f,0xdf,
    0x5f,0xdf,0x5f,0xd7,0x3f,0xd7,0x3f,0xd7,0x3f,0xcf,0x1f,0xcf,0x1f,0xcf,0x1f,0xcf,
    0x1f,0xcf,0x1f,0xcf,0x1f,0xcf,0x1f,0xcf,0x1f,0xcf,0x1f,0xcf,0x1f,0xcf,0x1f,0xcf,
    0x1f,0xcf,0x1f,0xcf,0x1f,0xcf,0x1f,0xcf,0x1f,0xcf,0x3f,0xcf,0x1f,0xcf,0x1f,0xcf,
    0x1f,0xcf,0x1f,0xcf,0x3f,0xcf,0x3f,0xcf,0x3f,0xcf,0x1f,0xcf,0x1f,0xcf,0x3f,0xcf,
    0x3f,0xd7,0x5f,0xd7,0x5f,0xdf,0x7f,0xdf,0x7f,0xe7,0x9f,0xe7,0x9f,0xe7,0x9f,0xe7,
    0x9f,0xe7,0xdf,0xf7,0x9f,0xe7,0x9f,0xe7,0x9f,0xe7,0x9f,0xe7,0xdf,0xf7,0x9f,0xe7,
    0x9f,0xe7,0x9f,0xe7,0x7f,0xe7,0x9f,0xe7,0x7f,0xe7,0x7f,0xe7,0x7f,0xdf,0x5f,0xdf,
    0x5f,0xdf,0x5f,0xd7,0x5f,0xd7,0x5f,0xd7,0x5f,0xd7,0x5f,0xd7,0x5f,0xd7,0x5f,0xd7,
    0x5f,0xd7,0x5f,0xd7,0x5f,0xd7,0x5f,0xd7,0x5f,0xd7,0x5f,0xd7,0x5f,0xd7,0x5f,0xd7,
    0x5f,0xd7,0x5f,0xd7,0x5f,0xd7,0x5f,0xd7,0x5f,0xd7,0x5f,0xd7,0x5f,0xd7,0x5f,0xd7,
    0x5f,0xd7,0x5f,0xd7,0x5f,0xd7,0x5f,0xd7,0x5f,0xd7,0x5f,0xdf,0x7f,0xdf,0x7f,0xdf,
    0x7f,0xe7,0x9f,0xe7,0x9f,0xe7,0x9f,0xe7,0x9f,0xe7,0x9f,0xe7,0xdf,0xf7,0x9f,0xe7,
    0x9f,0xef,0x9f,0xe7,0x9f,0xe7,0xdf,0xf7,0x9f,0xef,0x9f,0xe7,0x7f,0xe7,0x7f,0xe7,
    0x7f,0xe7,0x7f,0xe7,0x9f,0xe7,0x7f,0xe7,0x7f,0xe7,0x7f,0xdf,0x7f,0xdf,0x7f,0xdf,
    0x7f,0xdf,0x7f,0xdf,0x7f,0xdf,0x7f,0xdf,0x7f,0xdf,0x7f,0xdf,0x7f,0xdf,0x7f,0xdf,
    0x7f,0xdf,0x7f,0xdf,0x7f,0xdf,0x7f,0xdf,0x7f,0xdf,0x7f,0xdf,0x7f,0xdf,0x7f,0xdf,
    0x7f,0xdf,0x7f,0xdf,0x7f,0xdf,0x7f,0xdf,0x7f,0xdf,0x7f,0xdf,0x7f,0xdf,0x7f,0xdf,
    0x7f,0xdf,0x7f,0xdf,0x7f,0xdf,0x7f,0xe7,0x9f,0xe7,0x9f,0xe7,0x9f,0xe7,0x9f,0xe7,
    0x9f,0xe7,0x9f,0xe7,0x9f,0xe7,0xdf,0xf7,0x9f,0xe7,0x9f,0xe7,0x9f,0xe7,0x9f,0xe7,
    0xdf,0xf7,0x9f,0xef,0x9f,0xe7,0x7f,0xe7,0x7f,0xe7,0x7f,0xe7,0x7f,0xe7,0x9f,0xe7,
    0x9f,0xe7,0x9f,0xe7,0x7f,0xe7,0x7f,0xe7,0x7f,0xe7,0x7f,0xe7,0x7f,0xe7,0x7f,0xe7,
    0x7f,0xe7,0x7f,0xe7,0x7f,0xe7,0x9f,0xe7,0x9f,0xe7,0x9f,0xe7,0x9f,0xe7,0x9f,0xe7,
    0x9f,0xe7,0x9f,0xe7,0x9f,0xe7,0x9f,0xe7,0x9f,0xe7,0x9f,0xe7,0x9f,0xe7,0x9f,0xe7,
    0x7f,0xe7,0x9f,0xe7,0x9f,0xe7,0x9f,0xe7,0x9f,0xe7,0x9f,0xe7,0x9f,0xe7,0x9f,0xe7,
    0x9f,0xe7,0x9f,0xe7,0x9f,0xe7,0x9f,0xe7,0x9f,0xe7,0x9f,0xe7,0x9f,0xe7,0x9f,0xe7,
    0xdf,0xf7,0x9f,0xe7,0xbf,0xe7,0x9f,0xe7,0x9f,0xe7,0xdf,0xf7,0x9f,0xef,0x9f,0xe7,
    0x7f,0xe7,0x7f,0xe7,0x7f,0xe7,0x7f,0xe7,0x9f,0xe7,0x9f,0xe7,0x7f,0xe7,0x9f,0xe7,
    0x9f,0xe7,0x9f,0xe7,0x9f,0xe7,0x9f,0xe7,0x9f,0xe7,0x9f,0xe7,0x9f,0xe7,0x9f,0xe7,
    0x9f,0xe7,0x9f,0xe7,0x9f,0xe7,0x9f,0xe7,0x9f,0xe7,0x9f,0xe7,0x9f,0xe7,0x9f,0xe7,
    0x9f,0xe7,0x9f,0xe7,0x9f,0xe7,0x9f,0xe7,0x9f,0xe7,0x9f,0xe7,0x9f,0xe7,0x9f,0xe7,
    0x9f,0xe7,0x9f,0xe7,0x9f,0xe7,0x9f,0xe7,0x9f,0xe7,0x9f,0xe7,0x9f,0xe7,0x9f,0xe7,
    0x9f,0xe7,0x9f,0xe7,0x9f,0xe7,0x9f,0xe7,0x9f,0xe7,0xdf,0xf7,0x9f,0xe7,0xbf,0xe7,
    0x9f,0xe7,0x9f,0xe7,0xdf,0xf7,0x9f,0xe7,0x9f,0xe7,0x7f,0xe7,0x7f,0xe7,0x7f,0xe7,
    0x7f,0xe7,0x7f,0xe7,0x7f,0xe7,0x7f,0xe7,0x7f,0xe7,0x9f,0xe7,0x9f,0xe7,0x9f,0xe7,
    0x9f,0xe7,0x9f,0xe7,0x9f,0xe7,0x9f,0xe7,0x9f,0xe7,0x9f,0xe7,0x9f,0xe7,0x9f,0xe7,
    0x9f,0xe7,0x9f,0xe7,0x9f,0xe7,0x9f,0xe7,0x9f,0xe7,0x9f,0xe7,0x9f,0xe7,0x9f,0xe7,
    0x9f,0xe7,0x9f,0xe7,0x9f,0xe7,0x9f,0xe7,0x9f,0xe7,0x9f,0xe7,0x9f,0xe7,0x9f,0xe7,
    0x9f,0xe7,0x9f,0xe7,0x9f,0xe7,0x9f,0xe7,0x9f,0xe7,0x9f,0xe7,0x9f,0xe7,0x9f,0xe7,
    0x9f,0xe7,0x9f,0xe7,0xdf,0xf7,0xbf,0xe7,0xbf,0xe7,0x9f,0xe7,0x9f,0xe7,0xdf,0xf7,
    0x9f,0xe7,0x9f,0xe7,0x7f,0xe7,0x7f,0xe7,0x7f,0xe7,0x7f,0xe7,0x7f,0xe7,0x7f,0xe7,
    0x7f,0xe7,0x9f,0xe7,0x9f,0xe7,0x9f,0xe7,0x9f,0xe7,0x9f,0xe7,0x9f,0xe7,0x9f,0xe7,
    0x9f,0xe7,0x9f,0xe7,0x9f,0xe7,0x9f,0xe7,0x9f,0xe7,0x9f,0xe7,0x9f,0xe7,0x9f,0xe7,
    0x9f,0xe7,0x9f,0xe7,0x9f,0xe7,0x9f,0xe7,0x9f,0xe7,0x9f,0xe7,0x9f,0xe7,0x9f,0xe7,
    0x9f,0xe7,0x9f,0xe7,0x9f,0xe7,0x9f,0xe7,0x9f,0xe7,0x9f,0xe7,0x9f,0xe7,0x9f,0xe7,
    0x9f,0xe7,0x9f,0xe7,0x9f,0xe7,0x9f,0xe7,0x9f,0xe7,0x9f,0xe7,0x9f,0xe7,0xdf,0xf7,
    0x9f,0xe7,0x9f,0xe7,0x9f,0xe7,0x9f,0xe7,0xdf,0xf7,0x9f,0xe7,0x9f,0xe7,0x7f,0xe7,
    0x7f,0xe7,0x7f,0xe7,0x7f,0xe7,0x9f,0xe7,0x7f,0xe7,0x9f,0xe7,0x9f,0xe7,0x9f,0xe7,
    0x9f,0xe7,0x9f,0xe7,0x9f,0xe7,0x9f,0xe7,0x9f,0xe7,0x9f,0xe7,0x9f,0xe7,0x9f,0xe7,
    0x9f,0xe7,0x9f,0xe7,0x9f,0xe7,0x9f,0xe7,0x9f,0xe7,0x9f,0xe7,0x9f,0xe7,0x9f,0xe7,
    0x9f,0xe7,0x9f,0xe7,0x9f,0xe7,0x9f,0xe7,0x9f,0xe7,0x9f,0xe7,0x9f,0xe7,0x9f,0xe7,
    0x9f,0xe7,0x9f,0xe7,0x9f,0xe7,0x9f,0xe7,0x9f,0xe7,0x9f,0xe7,0x9f,0xe7,0x9f,0xe7,
    0x9f,0xe7,0x9f,0xe7,0x9f,0xe7,0x9f,0xe7,0xdf,0xf7,0x9f,0xe7,0x9f,0xe7,0x9f,0xe7,
    0x9f,0xe7,0xdf,0xf7,0x9f,0xe7,0x9f,0xe7,0x7f,0xe7,0x7f,0xe7,0x7f,0xe7,0x7f,0xe7,
    0x9f,0xe7,0x9f,0xe7,0x9f,0xe7,0x9f,0xe7,0x9f,0xe7,0x9f,0xe7,0x9f,0xe7,0x9f,0xe7,
    0x9f,0xe7,0x9f,0xe7,0x9f,0xe7,0x9f,0xe7,0x9f,0xe7,0x9f,0xe7,0x9f,0xe7,0x9f,0xe7,
    0x9f,0xe7,0x9f,0xe7,0x9f,0xe7,0x9f,0xe7,0x9f,0xe7,0x9f,0xe7,0x9f,0xe7,0x9f,0xe7,
    0x9f,0xe7,0x9f,0xe7,0x9f,0xe7,0x9f,0xe7,0x9f,0xe7,0x9f,0xe7,0x9f,0xe7,0x9f,0xe7,
    0x9f,0xe7,0x9f,0xe7,0x9f,0xe7,0x9f,0xe7,0x9f,0xe7,0x9f,0xe7,0x9f,0xe7,0x9f,0xe7,
    0x9f,0xe7,0xdf,0xf7,0x9f,0xe7,0x9f,0xe7,0x9f,0xe7,0x9f,0xe7,0xdf,0xf7,0x9f,0xe7,
    0x9f,0xe7,0x7f,0xe7,0x7f,0xe7,0x7f,0xe7,0x7f,0xe7,0x9f,0xe7,0x9f,0xe7,0x9f,0xe7,
    0x9f,0xe7,0x9f,0xe7,0x9f,0xe7,0x9f,0xe7,0x9f,0xe7,0x9f,0xe7,0x9f,0xe7,0x9f,0xe7,
    0x9f,0xe7,0x9f,0xe7,0x9f,0xe7,0x9f,0xe7,0x9f,0xe7,0x9f,0xe7,0x9f,0xdf,0x7f,0xdf,
    0x7f,0xdf,0x7f,0xdf,0x7f,0xdf,0x7f,0xdf,0x7f,0xdf,0x7f,0xdf,0x7f,0xdf,0x7f,0xdf,
    0x7f,0xdf,0x7f,0xdf,0x7f,0xdf,0x7f,0xdf,0x7f,0xdf,0x9f,0xe7,0x9f,0xe7,0x9f,0xe7,
    0x9f,0xe7,0x9f,0xe7,0x9f,0xe7,0x9f,0xe7,0x9f,0xe7,0x9f,0xe7,0xdf,0xf7,0x9f,0xe7,
    0x9f,0xe7,0x9f,0xe7,0x9f,0xe7,0xdf,0xf7,0x9f,0xe7,0x7f,0xe7,0x7f,0xe7,0x7f,0xe7,
    0x7f,0xe7,0x7f,0xe7,0x7f,0xe7,0x9f,0xe7,0xbf,0xef,0xdf,0xf7,0xbf,0xf7,0xbf,0xf7,
    0xbf,0xf7,0xbf,0xf7,0xbf,0xf7,0xbf,0xf7,0xbf,0xf7,0xbf,0xf7,0xbf,0xf7,0xbf,0xf7,
    0xbf,0xf7,0xbf,0xf7,0xdf,0xf7,0xdf,0xf7,0xdf,0xf7,0xbf,0xf7,0xdf,0xf7,0xdf,0xf7,
    0xdf,0xf7,0xdf,0xf7,0xdf,0xf7,0xdf,0xf7,0xdf,0xf7,0xdf,0xf7,0xbf,0xf7,0xbf,0xf7,
    0xdf,0xf7,0xdf,0xf7,0x9f,0xe7,0x7f,0xdf,0x7f,0xdf,0x9f,0xe7,0x9f,0xe7,0x9f,0xe7,
    0x9f,0xe7,0x9f,0xe7,0x9f,0xe7,0xdf,0xf7,0x9f,0xe7,0x9f,0xe7,0x9f,0xe7,0x9f,0xe7,
    0xdf,0xf7,0x9f,0xe7,0x7f,0xe7,0x7f,0xe7,0x7f,0xe7,0x7f,0xe7,0x7f,0xdf,0xbf,0xef,
    0xdf,0xf7,0xdf,0xf7,0xbf,0xf7,0xbf,0xf7,0xbf,0xef,0xbf,0xef,0xbf,0xef,0xbf,0xef,
    0xbf,0xef,0xbf,0xef,0xbf,0xef,0xbf,0xef,0xbf,0xef,0xbf,0xf7,0xbf,0xf7,0xbf,0xf7,
    0xbf,0xf7,0xbf,0xf7,0xbf,0xf7,0xbf,0xf7,0xbf,0xf7,0xbf,0xf7,0xbf,0xf7,0xbf,0xf7,
    0xbf,0xf7,0xbf,0xf7,0xbf,0xf7,0xbf,0xf7,0xbf,0xf7,0xbf,0xf7,0xdf,0xf7,0xdf,0xf7,
    0xdf,0xf7,0xbf,0xef,0x7f,0xdf,0x9f,0xe7,0x9f,0xe7,0x9f,0xe7,0x9f,0xe7,0x9f,0xe7,
    0xdf,0xf7,0x9f,0xe7,0x9f,0xe7,0x9f,0xe7,0x9f,0xe7,0xdf,0xf7,0x9f,0xe7,0x7f,0xe7,
    0x7f,0xe7,0x9f,0xe7,0x7f,0xe7,0xbf,0xef,0xdf,0xf7,0xbf,0xf7,0xbf,0xef,0xbf,0xef,
    0xbf,0xef,0x9f,0xef,0x9f,0xef,0x9f,0xef,0x9f,0xef,0x9f,0xef,0x9f,0xef,0xbf,0xef,
    0xbf,0xef,0xbf,0xef,0xbf,0xef,0xbf,0xef,0xbf,0xef,0xbf,0xef,0xbf,0xef,0xbf,0xef,
    0xbf,0xef,0xbf,0xef,0xbf,0xef,0xbf,0xef,0xbf,0xef,0xbf,0xef,0xbf,0xef,0xbf,0xef,
    0xbf,0xef,0xbf,0xef,0xbf,0xef,0xbf,0xef,0xbf,0xf7,0xdf,0xf7,0xdf,0xf7,0xbf,0xef,
    0x7f,0xdf,0x9f,0xe7,0x9f,0xe7,0x9f,0xe7,0x9f,0xe7,0xdf,0xf7,0x9f,0xe7,0x9f,0xe7,
    0x9f,0xe7,0x9f,0xe7,0xdf,0xf7,0x9f,0xe7,0x7f,0xe7,0x7f,0xe7,0x7f,0xe7,0x7f,0xe7,
    0xdf,0xf7,0xbf,0xf7,0xbf,0xef,0xbf,0xef,0x9f,0xef,0x9f,0xef,0x9f,0xef,0x9f,0xef,
    0x9f,0xef,0x9f,0xef,0x9f,0xef,0x9f,0xef,0x9f,0xef,0x9f,0xef,0x9f,0xef,0x9f,0xef,
    0x9f,0xef,0x9f,0xef,0x9f,0xef,0x9f,0xef,0x9f,0xef,0x9f,0xef,0x9f,0xef,0x9f,0xef,
    0x9f,0xef,0x9f,0xef,0x9f,0xef,0x9f,0xef,0x9f,0xef,0x9f,0xef,0x9f,0xef,0x9f,0xef,
    0xbf,0xef,0xbf,0xef,0xbf,0xef,0xdf,0xf7,0xdf,0xf7,0x7f,0xdf,0x9f,0xe7,0x9f,0xe7,
    0x9f,0xe7,0x9f,0xe7,0xdf,0xf7,0x9f,0xe7,0x9f,0xe7,0x9f,0xe7,0x9f,0xe7,0xdf,0xf7,
    0x9f,0xe7,0x7f,0xe7,0x7f,0xe7,0x7f,0xe7,0xbf,0xef,0xdf,0xf7,0xbf,0xef,0x9f,0xef,
    0x9f,0xef,0x9f,0xe7,0x9f,0xe7,0x9f,0xe7,0x9f,0xe7,0x9f,0xe7,0x9f,0xe7,0x9f,0xe7,
    0x9f,0xe7,0x9f,0xe7,0x9f,0xef,0x9f,0xef,0x9f,0xef,0x9f,0xef,0x9f,0xef,0x9f,0xef,
    0x9f,0xef,0x9f,0xef,0x9f,0xef,0x9f,0xef,0x9f,0xef,0x9f,0xef,0x9f,0xef,0x9f,0xef,
    0x9f,0xe7,0x9f,0xe7,0x9f,0xe7,0x9f,0xe7,0x9f,0xe7,0x9f,0xef,0x9f,0xef,0xbf,0xef,
    0xbf,0xef,0xdf,0xf7,0xbf,0xef,0x7f,0xdf,0x9f,0xe7,0x9f,0xe7,0x9f,0xe7,0xdf,0xf7,
    0x9f,0xe7,0x9f,0xe7,0x9f,0xe7,0x9f,0xe7,0xdf,0xf7,0x9f,0xe7,0x7f,0xe7,0x7f,0xe7,
    0x7f,0xdf,0xdf,0xf7,0xbf,0xf7,0xbf,0xef,0x9f,0xef,0x9f,0xe7,0x7f,0xe7,0x7f,0xe7,
    0x7f,0xe7,0x7f,0xe7,0x7f,0xe7,0x7f,0xe7,0x9f,0xe7,0x9f,0xe7,0x9f,0xe7,0x9f,0xe7,
    0x9f,0xe7,0x9f,0xe7,0x9f,0xe7,0x9f,0xe7,0x9f,0xe7,0x9f,0xe7,0x9f,0xe7,0x9f,0xe7,
    0x9f,0xe7,0x9f,0xe7,0x9f,0xe7,0x9f,0xe7,0x9f,0xe7,0x9f,0xe7,0x9f,0xe7,0x9f,0xe7,
    0x9f,0xe7,0x9f,0xe7,0x9f,0xe7,0x9f,0xef,0x9f,0xef,0xbf,0xef,0xbf,0xf7,0xdf,0xf7,
    0x7f,0xdf,0x9f,0xe7,0x9f,0xe7,0x9f,0xe7,0xdf,0xf7,0x9f,0xe7,0x9f,0xe7,0x9f,0xef,
    0x9f,0xe7,0xdf,0xf7,0x9f,0xe7,0x7f,0xe7,0x7f,0xe7,0x7f,0xe7,0xdf,0xf7,0xbf,0xef,
    0x9f,0xef,0x9f,0xe7,0x7f,0xe7,0x7f,0xe7,0x7f,0xe7,0x7f,0xe7,0x7f,0xe7,0x7f,0xe7,
    0x7f,0xe7,0x9f,0xe7,0x7f,0xe7,0x9f,0xe7,0x9f,0xe7,0x9f,0xe7,0x9f,0xe7,0x9f,0xe7,
    0x9f,0xe7,0x9f,0xe7,0x9f,0xe7,0x9f,0xe7,0x9f,0xe7,0x9f,0xe7,0x9f,0xe7,0x9f,0xe7,
    0x9f,0xe7,0x9f,0xe7,0x9f,0xe7,0x9f,0xe7,0x9f,0xe7,0x9f,0xe7,0x9f,0xe7,0x9f,0xe7,
    0x9f,0xe7,0x9f,0xef,0x9f,0xef,0xbf,0xef,0xdf,0xf7,0x9f,0xe7,0x7f,0xe7,0x9f,0xe7,
    0x9f,0xe7,0xdf,0xf7,0x9f,0xe7,0x9f,0xe7,0xbf,0xef,0x9f,0xe7,0xdf,0xf7,0x9f,0xe7,
    0x7f,0xe7,0x7f,0xdf,0x7f,0xdf,0xdf,0xf7,0xbf,0xef,0x9f,0xef,0x9f,0xe7,0x7f,0xe7,
    0x7f,0xe7,0x7f,0xe7,0x7f,0xe7,0x7f,0xe7,0x7f,0xe7,0x7f,0xe7,0x7f,0xe7,0x7f,0xe7,
    0x9f,0xe7,0x9f,0xe7,0x9f,0xe7,0x9f,0xe7,0x9f,0xe7,0x9f,0xe7,0x9f,0xe7,0x9f,0xe7,
    0x9f,0xe7,0x9f,0xe7,0x9f,0xe7,0x9f,0xe7,0x9f,0xe7,0x9f,0xe7,0x9f,0xe7,0x9f,0xe7,
    0x9f,0xe7,0x9f,0xe7,0x9f,0xe7,0x9f,0xe7,0x9f,0xe7,0x9f,0xe7,0x9f,0xe7,0x9f,0xef,
    0xbf,0xef,0xdf,0xf7,0x7f,0xdf,0x7f,0xdf,0x9f,0xe7,0x9f,0xe7,0xdf,0xf7,0x9f,0xe7,
    0x9f,0xe7,0xbf,0xef,0x9f,0xe7,0xdf,0xf7,0x9f,0xe7,0x7f,0xe7,0x5f,0xdf,0x7f,0xdf,
    0xdf,0xf7,0xbf,0xef,0x9f,0xef,0x9f,0xe7,0x7f,0xe7,0x7f,0xe7,0x7f,0xe7,0x7f,0xe7,
    0x7f,0xe7,0x7f,0xe7,0x9f,0xe7,0x9f,0xe7,0x9f,0xe7,0x9f,0xe7,0x9f,0xe7,0x9f,0xe7,
    0x9f,0xe7,0x9f,0xe7,0x9f,0xe7,0x9f,0xe7,0x9f,0xe7,0x9f,0xe7,0x9f,0xe7,0x9f,0xe7,
    0x9f,0xe7,0x9f,0xe7,0x9f,0xe7,0x9f,0xe7,0x9f,0xe7,0x9f,0xe7,0x9f,0xe7,0x9f,0xe7,
    0x9f,0xe7,0x9f,0xe7,0x7f,0xe7,0x9f,0xe7,0x9f,0xef,0xbf,0xef,0xdf,0xf7,0x7f,0xdf,
    0x7f,0xdf,0x7f,0xe7,0x9f,0xe7,0xdf,0xf7,0x9f,0xe7,0x9f,0xe7,0xbf,0xef,0x9f,0xe7,
    0xdf,0xf7,0x9f,0xe7,0x7f,0xe7,0x5f,0xdf,0x5f,0xdf,0xdf,0xf7,0xbf,0xef,0x9f,0xef,
    0x7f,0xe7,0x7f,0xe7,0x7f,0xe7,0x7f,0xe7,0x7f,0xe7,0x7f,0xe7,0x7f,0xe7,0x9f,0xe7,
    0x9f,0xe7,0x9f,0xe7,0x9f,0xe7,0x9f,0xe7,0x9f,0xe7,0x9f,0xe7,0x9f,0xe7,0x9f,0xe7,
    0x9f,0xe7,0x9f,0xe7,0x9f,0xe7,0x9f,0xe7,0x9f,0xe7,0x9f,0xe7,0x9f,0xe7,0x9f,0xe7,
    0x9f,0xe7,0x9f,0xe7,0x9f,0xe7,0x9f,0xe7,0x9f,0xe7,0x9f,0xe7,0x9f,0xe7,0x7f,0xe7,
    0x9f,0xe7,0x9f,0xef,0xbf,0xef,0xdf,0xf7,0x7f,0xdf,0x5f,0xdf,0x7f,0xdf,0x9f,0xe7,
    0xdf,0xf7,0x9f,0xe7,0x9f,0xe7,0xbf,0xef,0x9f,0xe7,0xdf,0xf7,0x9f,0xe7,0x7f,0xe7,
    0x5f,0xdf,0x5f,0xd7,0xdf,0xf7,0xbf,0xef,0x9f,0xef,0x7f,0xe7,0x7f,0xe7,0x7f,0xe7,
    0x7f,0xe7,0x7f,0xe7,0x7f,0xe7,0x7f,0xe7,0x9f,0xe7,0x9f,0xe7,0x9f,0xe7,0x9f,0xe7,
    0x9f,0xe7,0x9f,0xe7,0x9f,0xe7,0x9f,0xe7,0x9f,0xe7,0x9f,0xe7,0x9f,0xe7,0x9f,0xe7,
    0x9f,0xe7,0x9f,0xe7,0x9f,0xe7,0x9f,0xe7,0x9f,0xe7,0x9f,0xe7,0x9f,0xe7,0x9f,0xe7,
    0x9f,0xe7,0x9f,0xe7,0x9f,0xe7,0x9f,0xe7,0x7f,0xe7,0x9f,0xe7,0x9f,0xef,0xbf,0xef,
    0xdf,0xf7,0x7f,0xdf,0x5f,0xdf,0x7f,0xdf,0x9f,0xe7,0xdf,0xf7,0x9f,0xe7,0x9f,0xe7,
    0x9f,0xef,0x9f,0xe7,0xdf,0xf7,0x9f,0xe7,0x7f,0xe7,0x5f,0xdf,0x5f,0xd7,0xdf,0xf7,
    0xbf,0xef,0x9f,0xef,0x7f,0xe7,0x7f,0xe7,0x7f,0xe7,0x7f,0xe7,0x7f,0xe7,0x7f,0xe7,
    0x7f,0xe7,0x7f,0xe7,0x9f,0xe7,0x9f,0xe7,0x9f,0xe7,0x9f,0xe7,0x9f,0xe7,0x9f,0xe7,
    0x7f,0xe7,0x5f,0xdf,0x5f,0xdf,0x5f,0xdf,0x7f,0xe7,0x9f,0xe7,0x9f,0xe7,0x9f,0xe7,
    0x9f,0xe7,0x9f,0xe7,0x9f,0xe7,0x9f,0xe7,0x9f,0xe7,0x9f,0xe7,0x9f,0xe7,0x9f,0xe7,
    0x9f,0xe7,0x9f,0xe7,0x9f,0xe7,0x9f,0xef,0xbf,0xef,0xdf,0xf7,0x7f,0xdf,0x5f,0xdf,
    0x7f,0xe7,0x9f,0xe7,0xdf,0xf7,0x9f,0xe7,0x9f,0xe7,0x9f,0xef,0x9f,0xe7,0xdf,0xf7,
    0x9f,0xe7,0x7f,0xe7,0x5f,0xdf,0x5f,0xd7,0xdf,0xf7,0xbf,0xef,0x9f,0xef,0x7f,0xe7,
    0x7f,0xe7,0x7f,0xe7,0x7f,0xe7,0x7f,0xe7,0x7f,0xe7,0x7f,0xe7,0x7f,0xe7,0x9f,0xe7,
    0x9f,0xe7,0x9f,0xe7,0x9f,0xe7,0x9f,0xe7,0x9f,0xe7,0x7f,0x6d,0xff,0x44,0xff,0x44,
    0xff,0x44,0x1f,0x4d,0x1f,0xcf,0x9f,0xe7,0x9f,0xe7,0x9f,0xe7,0x9f,0xe7,0x9f,0xe7,
    0x9f,0xe7,0x9f,0xe7,0x9f,0xe7,0x9f,0xe7,0x9f,0xe7,0x9f,0xe7,0x9f,0xe7,0x9f,0xe7,
    0x9f,0xef,0xbf,0xef,0xdf,0xf7,0x7f,0xdf,0x7f,0xdf,0x7f,0xe7,0x9f,0xe7,0xdf,0xf7,
    0x9f,0xe7,0x9f,0xe7,0x9f,0xef,0x9f,0xe7,0xdf,0xf7,0x9f,0xe7,0x7f,0xe7,0x5f,0xdf,
    0x5f,0xd7,0xbf,0xf7,0xbf,0xef,0x9f,0xef,0x9f,0xe7,0x7f,0xe7,0x7f,0xe7,0x7f,0xe7,
    0x7f,0xe7,0x7f,0xe7,0x7f,0xe7,0x7f,0xe7,0x9f,0xe7,0x9f,0xe7,0x5f,0xdf,0x9f,0xe7,
    0x9f,0xe7,0x7f,0xdf,0x3f,0x55,0xbf,0xef,0x9f,0xef,0x9f,0xef,0xff,0x85,0xbf,0xae,
    0x9f,0xe7,0x9f,0xe7,0x7f,0xdf,0x7f,0xe7,0x9f,0xe7,0x9f,0xe7,0x9f,0xe7,0x9f,0xe7,
    0x9f,0xe7,0x9f,0xe7,0x9f,0xe7,0x9f,0xe7,0x9f,0xe7,0x9f,0xef,0xbf,0xef,0xdf,0xf7,
    0x7f,0xdf,0x7f,0xdf,0x7f,0xe7,0x9f,0xe7,0xdf,0xf7,0x9f,0xe7,0x9f,0xe7,0x9f,0xef,
    0x9f,0xe7,0xdf,0xf7,0x9f,0xe7,0x7f,0xe7,0x5f,0xdf,0x5f,0xd7,0xbf,0xf7,0xbf,0xef,
    0x9f,0xef,0x9f,0xe7,0x7f,0xe7,0x7f,0xe7,0x7f,0xe7,0x7f,0xe7,0x7f,0xe7,0x7f,0xe7,
    0x7f,0xe7,0x7f,0xe7,0xbf,0xb6,0xdf,0x44,0xff,0x85,0x7f,0xdf,0x3f,0xd7,0x1f,0x4d,
    0x9f,0xef,0x9f,0xef,0x9f,0xef,0xff,0x85,0x5f,0x9e,0x9f,0xe7,0x1f,0xcf,0x1f,0x4d,
    0x7f,0x5d,0x7f,0xe7,0x9f,0xe7,0x9f,0xe7,0x9f,0xe7,0x9f,0xe7,0x9f,0xe7,0x9f,0xe7,
    0x9f,0xe7,0x9f,0xe7,0x9f,0xef,0xbf,0xef,0xdf,0xf7,0x7f,0xdf,0x7f,0xdf,0x7f,0xe7,
    0x9f,0xe7,0xdf,0xf7,0x9f,0xe7,0xbf,0xe7,0x9f,0xef,0x9f,0xe7,0xdf,0xf7,0x9f,0xe7,
    0x7f,0xe7,0x5f,0xdf,0x5f,0xd7,0xbf,0xf7,0xbf,0xef,0x9f,0xef,0x9f,0xe7,0x7f,0xe7,
    0x7f,0xe7,0x7f,0xe7,0x7f,0xe7,0x9f,0xe7,0x9f,0xe7,0x7f,0xe7,0xdf,0xbe,0x1f,0x55,
    0x1f,0xc7,0x1f,0x8e,0x1f,0x55,0xff,0x44,0xff,0x85,0x9f,0xe7,0x9f,0xef,0x9f,0xef,
    0x9f,0xae,0x3f,0x55,0x7f,0x65,0x1f,0x4d,0xff,0xbe,0xdf,0x7d,0x9f,0x6d,0x7f,0xe7,
    0x9f,0xe7,0x9f,0xe7,0x9f,0xe7,0x9f,0xe7,0x9f,0xe7,0x9f,0xe7,0x9f,0xe7,0x9f,0xef,
    0xbf,0xef,0xdf,0xf7,0x7f,0xdf,0x7f,0xdf,0x7f,0xe7,0x9f,0xe7,0xdf,0xf7,0xbf,0xe7,
    0xbf,0xe7,0x9f,0xef,0x9f,0xe7,0xdf,0xf7,0x9f,0xe7,0x7f,0xe7,0x5f,0xdf,0x5f,0xdf,
    0xdf,0xf7,0xbf,0xef,0x9f,0xef,0x9f,0xe7,0x7f,0xe7,0x7f,0xe7,0x7f,0xe7,0x7f,0xe7,
    0x9f,0xe7,0x9f,0xe7,0xff,0xc6,0x1f,0x4d,0x1f,0xc7,0x9f,0xe7,0x9f,0xef,0xdf,0xbe,
    0x7f,0xdf,0x9f,0xef,0x9f,0xe7,0x9f,0xe7,0x9f,0xef,0x9f,0xe7,0x9f,0xe7,0xdf,0xb6,
    0x5f,0xd7,0x9f,0xe7,0x9f,0xe7,0xbf,0x75,0xbf,0x75,0x7f,0xe7,0x9f,0xe7,0x9f,0xe7,
    0x9f,0xe7,0x9f,0xe7,0x9f,0xe7,0x9f,0xe7,0x9f,0xef,0xbf,0xef,0xdf,0xf7,0x7f,0xdf,
    0x7f,0xdf,0x7f,0xe7,0x9f,0xe7,0xdf,0xf7,0xbf,0xe7,0xbf,0xe7,0x9f,0xef,0x9f,0xe7,
    0xdf,0xf7,0x9f,0xe7,0x7f,0xe7,0x5f,0xdf,0x5f,0xdf,0xdf,0xf7,0xbf,0xef,0x9f,0xef,
    0x9f,0xe7,0x7f,0xe7,0x7f,0xe7,0x7f,0xe7,0x7f,0xe7,0x9f,0xe7,0x9f,0xe7,0x7f,0x65,
    0x5f,0x9e,0x9f,0xe7,0x9f,0xef,0x9f,0xef,0x9f,0xe7,0x9f,0xe7,0x9f,0xef,0x9f,0xe7,
    0x9f,0xe7,0x9f,0xe7,0x9f,0xe7,0x9f,0xe7,0x9f,0xef,0x9f,0xe7,0x9f,0xe7,0x9f,0xef,
    0x9f,0xe7,0x1f,0x4d,0xdf,0xbe,0x9f,0xe7,0x9f,0xe7,0x9f,0xe7,0x9f,0xe7,0x9f,0xe7,
    0x9f,0xe7,0x9f,0xef,0xbf,0xef,0xdf,0xf7,0x7f,0xdf,0x7f,0xdf,0x7f,0xe7,0x9f,0xe7,
    0xdf,0xf7,0xbf,0xe7,0xbf,0xe7,0xbf,0xef,0x9f,0xe7,0xdf,0xf7,0x9f,0xe7,0x7f,0xe7,
    0x5f,0xdf,0x7f,0xdf,0xdf,0xf7,0xbf,0xef,0x9f,0xef,0x9f,0xe7,0x7f,0xe7,0x7f,0xe7,
    0x7f,0xe7,0x9f,0xe7,0x9f,0xe7,0x9f,0xe7,0x1f,0xc7,0x1f,0x4d,0x3f,0xcf,0x9f,0xef,
    0x9f,0xef,0x9f,0xef,0x9f,0xe7,0x9f,0xef,0x9f,0xe7,0x9f,0xe7,0x9f,0xe7,0x9f,0xef,
    0x9f,0xe7,0x9f,0xe7,0x9f,0xe7,0x9f,0xe7,0x9f,0xef,0x7f,0xa6,0x9f,0x6d,0x9f,0xe7,
    0x9f,0xe7,0x9f,0xe7,0x9f,0xe7,0x9f,0xe7,0x9f,0xe7,0x9f,0xe7,0x9f,0xef,0xbf,0xef,
    0xdf,0xf7,0x7f,0xdf,0x7f,0xdf,0x7f,0xe7,0x9f,0xe7,0xdf,0xf7,0x9f,0xe7,0xbf,0xef,
    0xbf,0xef,0x9f,0xe7,0xdf,0xf7,0x9f,0xe7,0x7f,0xe7,0x5f,0xdf,0x7f,0xdf,0xdf,0xf7,
    0xbf,0xef,0x9f,0xef,0x9f,0xe7,0x7f,0xe7,0x7f,0xe7,0x7f,0xe7,0x9f,0xe7,0x9f,0xe7,
    0x9f,0xe7,0x9f,0xe7,0x3f,0x96,0x7f,0x6d,0x9f,0xef,0x9f,0xef,0x9f,0xef,0x9f,0xe7,
    0x7f,0xdf,0x9f,0xae,0x3f,0x96,0x5f,0x9e,0x7f,0xdf,0x9f,0xe7,0x9f,0xe7,0x9f,0xe7,
    0x9f,0xe7,0x3f,0xd7,0x1f,0x4d,0x5f,0xd7,0x9f,0xe7,0x9f,0xe7,0x9f,0xe7,0x9f,0xe7,
    0x9f,0xe7,0x9f,0xe7,0x9f,0xe7,0x9f,0xef,0xbf,0xef,0xdf,0xf7,0x7f,0xdf,0x7f,0xdf,
    0x9f,0xe7,0x9f,0xe7,0xdf,0xf7,0x9f,0xe7,0xbf,0xef,0xbf,0xef,0x9f,0xe7,0xdf,0xf7,
    0x9f,0xe7,0x7f,0xe7,0x5f,0xdf,0x7f,0xdf,0xdf,0xf7,0xbf,0xef,0x9f,0xef,0x9f,0xe7,
    0x7f,0xe7,0x7f,0xe7,0x9f,0xe7,0x9f,0xe7,0x9f,0xe7,0x9f,0xe7,0x3f,0xd7,0xbf,0x75,
    0x7f,0xa6,0x9f,0xef,0x9f,0xef,0x9f,0xef,0x3f,0xcf,0x1f,0x55,0x9f,0x6d,0x3f,0x8e,
    0xdf,0x7d,0x1f,0x4d,0x9f,0xa6,0x9f,0xe7,0x9f,0xef,0x9f,0xef,0x9f,0xef,0x5f,0x5d,
    0xff,0xc6,0x7f,0xdf,0x9f,0xe7,0x9f,0xe7,0x9f,0xe7,0x9f,0xe7,0x9f,0xe7,0x9f,0xe7,
    0x9f,0xef,0xbf,0xef,0xdf,0xf7,0x7f,0xdf,0x7f,0xdf,0x9f,0xe7,0x9f,0xef,0xdf,0xf7,
    0x9f,0xe7,0xbf,0xe7,0xbf,0xef,0x9f,0xe7,0xdf,0xf7,0x9f,0xe7,0x7f,0xe7,0x5f,0xdf,
    0x7f,0xdf,0xdf,0xf7,0xbf,0xef,0x9f,0xef,0x9f,0xe7,0x7f,0xe7,0x7f,0xe7,0x9f,0xe7,
    0x9f,0xe7,0x7f,0xa6,0xdf,0x44,0x3f,0x55,0x7f,0x65,0x7f,0xdf,0x9f,0xef,0x9f,0xef,
    0x7f,0xe7,0x3f,0x55,0x5f,0x9e,0x9f,0xe7,0x9f,0xe7,0x9f,0xe7,0x1f,0xc7,0xff,0x4c,
    0xff,0xbe,0x9f,0xef,0x9f,0xe7,0x9f,0xef,0x9f,0xa6,0x5f,0x5d,0xff,0x44,0x7f,0x65,
    0x9f,0xe7,0x9f,0xe7,0x9f,0xe7,0x9f,0xe7,0x9f,0xe7,0x9f,0xef,0xbf,0xef,0xdf,0xf7,
    0x7f,0xdf,0x7f,0xdf,0x9f,0xe7,0x9f,0xef,0xdf,0xf7,0x9f,0xe7,0xbf,0xe7,0x9f,0xef,
    0x9f,0xe7,0xdf,0xf7,0x9f,0xe7,0x7f,0xe7,0x5f,0xdf,0x7f,0xdf,0xdf,0xf7,0xbf,0xef,
    0x9f,0xef,0x9f,0xe7,0x7f,0xe7,0x7f,0xe7,0x9f,0xe7,0x9f,0xe7,0xbf,0x75,0x9f,0xae,
    0x9f,0xef,0x9f,0xe7,0x9f,0xef,0x9f,0xef,0x9f,0xef,0xbf,0xb6,0x3f,0x5d,0x9f,0xe7,
    0x9f,0xe7,0x9f,0xe7,0x9f,0xe7,0x9f,0xe7,0x5f,0x9e,0xbf,0x75,0x9f,0xe7,0x9f,0xe7,
    0x9f,0xe7,0x9f,0xef,0x9f,0xe7,0x9f,0xef,0xdf,0x44,0x7f,0xdf,0x9f,0xe7,0x9f,0xe7,
    0x9f,0xe7,0x9f,0xe7,0x9f,0xef,0xbf,0xef,0xdf,0xf7,0x7f,0xdf,0x7f,0xdf,0x9f,0xe7,
    0x9f,0xef,0xdf,0xf7,0x9f,0xe7,0x9f,0xe7,0x9f,0xef,0x9f,0xe7,0xdf,0xf7,0x9f,0xe7,
    0x7f,0xe7,0x5f,0xdf,0x7f,0xdf,0xdf,0xf7,0xbf,0xef,0x9f,0xef,0x9f,0xe7,0x7f,0xe7,
    0x9f,0xe7,0x9f,0xe7,0x9f,0xe7,0xbf,0x75,0x7f,0xa6,0x9f,0xef,0x9f,0xe7,0x9f,0xef,
    0x9f,0xef,0x9f,0xef,0x7f,0xa6,0xbf,0x75,0x9f,0xe7,0x9f,0xe7,0x9f,0xe7,0x9f,0xe7,
    0x9f,0xe7,0x1f,0xc7,0x1f,0x4d,0x9f,0xe7,0x9f,0xe7,0x9f,0xe7,0x9f,0xe7,0x9f,0xe7,
    0x9f,0xe7,0xdf,0x44,0x7f,0xdf,0x9f,0xe7,0x9f,0xe7,0x9f,0xe7,0x9f,0xe7,0x9f,0xef,
    0xbf,0xef,0xdf,0xf7,0x7f,0xdf,0x7f,0xdf,0x7f,0xe7,0x9f,0xe7,0xdf,0xf7,0x9f,0xe7,
    0x9f,0xe7,0x9f,0xef,0x9f,0xe7,0xdf,0xf7,0x9f,0xe7,0x7f,0xe7,0x5f,0xdf,0x5f,0xdf,
    0xdf,0xf7,0xbf,0xef,0x9f,0xef,0x9f,0xe7,0x9f,0xe7,0x7f,0xe7,0x9f,0xe7,0x9f,0xe7,
    0x9f,0x75,0x7f,0xa6,0x9f,0xe7,0x9f,0xef,0x9f,0xef,0x9f,0xef,0x9f,0xef,0x9f,0xae,
    0x7f,0x65,0x9f,0xe7,0x9f,0xe7,0x9f,0xe7,0x9f,0xe7,0x9f,0xe7,0xdf,0xb6,0x3f,0x5d,
    0x9f,0xef,0x9f,0xe7,0x9f,0xe7,0x9f,0xe7,0x9f,0xe7,0x9f,0xe7,0xdf,0x3c,0x7f,0xdf,
    0x9f,0xe7,0x9f,0xe7,0x9f,0xe7,0x9f,0xe7,0x9f,0xef,0xbf,0xef,0xdf,0xf7,0x7f,0xdf,
    0x7f,0xdf,0x7f,0xe7,0x9f,0xe7,0xdf,0xf7,0x9f,0xe7,0xbf,0xe7,0x9f,0xef,0x9f,0xe7,
    0xdf,0xf7,0x9f,0xe7,0x7f,0xe7,0x5f,0xdf,0x5f,0xdf,0xdf,0xf7,0xbf,0xef,0x9f,0xef,
    0x9f,0xe7,0x9f,0xe7,0x7f,0xe7,0x9f,0xe7,0x9f,0xe7,0x9f,0x75,0xdf,0x7d,0x9f,0xae,
    0xbf,0xb6,0x9f,0xe7,0x9f,0xef,0x9f,0xe7,0x5f,0xdf,0x1f,0x4d,0xff,0xbe,0x9f,0xe7,
    0x9f,0xe7,0x9f,0xe7,0x9f,0xe7,0x7f,0x65,0x5f,0x9e,0x9f,0xe7,0x9f,0xe7,0x9f,0xe7,
    0x3f,0xd7,0x9f,0xae,0x9f,0xa6,0xdf,0x3c,0x9f,0xe7,0x9f,0xe7,0x9f,0xe7,0x9f,0xe7,
    0x9f,0xe7,0x9f,0xef,0xbf,0xef,0xdf,0xf7,0x7f,0xdf,0x7f,0xdf,0x7f,0xe7,0x9f,0xe7,
    0xdf,0xf7,0x9f,0xe7,0xbf,0xe7,0x9f,0xef,0x9f,0xe7,0xdf,0xf7,0x9f,0xe7,0x7f,0xe7,
    0x5f,0xdf,0x5f,0xdf,0xdf,0xf7,0xbf,0xef,0x9f,0xef,0x9f,0xe7,0x7f,0xe7,0x7f,0xe7,
    0x9f,0xe7,0x9f,0xe7,0x1f,0xcf,0xdf,0x7d,0xbf,0x75,0x1f,0x4d,0x1f,0xc7,0x9f,0xe7,
    0x9f,0xe7,0x9f,0xe7,0xbf,0xae,0xff,0x44,0x3f,0x96,0xdf,0xbe,0x9f,0xae,0x5f,0x5d,
    0xbf,0x75,0x9f,0xe7,0x9f,0xe7,0x9f,0xe7,0x9f,0xe7,0xbf,0x75,0xbf,0x6d,0xdf,0x7d,
    0x7f,0xa6,0x9f,0xe7,0x9f,0xe7,0x9f,0xe7,0x9f,0xe7,0x9f,0xe7,0x9f,0xef,0xbf,0xef,
    0xdf,0xf7,0x7f,0xdf,0x7f,0xdf,0x7f,0xe7,0x9f,0xe7,0xdf,0xf7,0x9f,0xe7,0xbf,0xe7,
    0x9f,0xe7,0x9f,0xe7,0xdf,0xf7,0x9f,0xe7,0x7f,0xe7,0x5f,0xdf,0x5f,0xdf,0xdf,0xf7,
    0xbf,0xef,0x9f,0xef,0x9f,0xe7,0x7f,0xe7,0x7f,0xe7,0x7f,0xe7,0x9f,0xe7,0x9f,0xe7,
    0x9f,0xe7,0x9f,0xe7,0x3f,0x96,0x1f,0x8e,0x9f,0xe7,0x9f,0xe7,0x9f,0xe7,0x9f,0xe7,
    0x1f,0xc7,0xff,0x85,0x5f,0x5d,0x9f,0x6d,0x9f,0xae,0x9f,0xe7,0x9f,0xe7,0x9f,0xe7,
    0x9f,0xe7,0x5f,0xdf,0xff,0x44,0x7f,0xdf,0x9f,0xe7,0x9f,0xe7,0x9f,0xe7,0x9f,0xe7,
    0x9f,0xe7,0x9f,0xe7,0x9f,0xe7,0x9f,0xef,0xbf,0xef,0xdf,0xf7,0x5f,0xdf,0x5f,0xdf,
    0x7f,0xe7,0x9f,0xe7,0xdf,0xf7,0x9f,0xe7,0xbf,0xe7,0x9f,0xe7,0x9f,0xe7,0xdf,0xf7,
    0x9f,0xe7,0x7f,0xe7,0x5f,0xdf,0x5f,0xdf,0xdf,0xf7,0xbf,0xef,0x9f,0xef,0x9f,0xe7,
    0x7f,0xe7,0x7f,0xe7,0x7f,0xe7,0x7f,0xe7,0x9f,0xe7,0x9f,0xe7,0x9f,0xe7,0x9f,0x6d,
    0x1f,0x8e,0x9f,0xe7,0x9f,0xe7,0x9f,0xe7,0x9f,0xe7,0x9f,0xe7,0x9f,0xe7,0x9f,0xe7,
    0x9f,0xe7,0x9f,0xe7,0x9f,0xe7,0x9f,0xe7,0x9f,0xe7,0x9f,0xe7,0x3f,0xd7,0x1f,0x4d,
    0xff,0xc6,0x9f,0xe7,0x9f,0xe7,0x9f,0xe7,0x9f,0xe7,0x9f,0xe7,0x9f,0xe7,0x9f,0xe7,
    0x9f,0xef,0xbf,0xef,0xdf,0xf7,0x7f,0xdf,0x5f,0xdf,0x7f,0xdf,0x9f,0xe7,0xdf,0xf7,
    0x9f,0xe7,0xbf,0xef,0x9f,0xef,0x9f,0xe7,0xdf,0xf7,0x9f,0xe7,0x7f,0xe7,0x5f,0xdf,
    0x5f,0xdf,0xbf,0xf7,0x9f,0xef,0x9f,0xef,0x9f,0xe7,0x7f,0xe7,0x7f,0xe7,0x7f,0xe7,
    0x7f,0xe7,0x9f,0xe7,0x9f,0xe7,0x5f,0x9e,0x9f,0x6d,0x9f,0xe7,0x9f,0xe7,0x9f,0xe7,
    0x9f,0xe7,0x9f,0xe7,0x9f,0xe7,0x9f,0xe7,0x9f,0xe7,0x9f,0xe7,0x9f,0xe7,0x9f,0xe7,
    0x9f,0xe7,0x9f,0xe7,0x9f,0xe7,0x9f,0xe7,0xbf,0xb6,0x3f,0x55,0x7f,0xdf,0x9f,0xe7,
    0x9f,0xe7,0x9f,0xe7,0x9f,0xe7,0x9f,0xe7,0x9f,0xe7,0x9f,0xef,0xbf,0xef,0xdf,0xf7,
    0x7f,0xdf,0x5f,0xdf,0x7f,0xdf,0x9f,0xe7,0xdf,0xf7,0xbf,0xe7,0xbf,0xef,0xbf,0xef,
    0x9f,0xe7,0xdf,0xf7,0x9f,0xe7,0x7f,0xdf,0x5f,0xd7,0x5f,0xdf,0xbf,0xf7,0x9f,0xef,
    0x9f,0xe7,0x7f,0xe7,0x7f,0xe7,0x7f,0xe7,0x7f,0xe7,0x7f,0xe7,0x7f,0xe7,0x9f,0xe7,
    0x9f,0x6d,0xff,0x85,0x9f,0xe7,0x9f,0xe7,0x9f,0xe7,0x9f,0xe7,0x9f,0xe7,0x9f,0xe7,
    0x9f,0xe7,0x9f,0xe7,0x9f,0xe7,0x9f,0xe7,0x9f,0xe7,0x9f,0xe7,0x9f,0xe7,0x9f,0xe7,
    0x9f,0xe7,0x1f,0xc7,0x1f,0x4d,0x1f,0xc7,0x9f,0xe7,0x9f,0xe7,0x9f,0xe7,0x9f,0xe7,
    0x7f,0xe7,0x9f,0xe7,0x9f,0xef,0xbf,0xef,0xdf,0xf7,0x7f,0xdf,0x5f,0xdf,0x7f,0xe7,
    0x9f,0xe7,0xdf,0xf7,0x9f,0xe7,0xbf,0xef,0x9f,0xef,0x9f,0xe7,0xdf,0xf7,0x9f,0xe7,
    0x7f,0xdf,0x5f,0xdf,0x5f,0xdf,0xbf,0xf7,0x9f,0xef,0x9f,0xe7,0x7f,0xe7,0x7f,0xe7,
    0x7f,0xe7,0x7f,0xe7,0x7f,0xe7,0x7f,0xe7,0x7f,0xe7,0x5f,0xdf,0x5f,0x5d,0x3f,0x96,
    0x9f,0xe7,0x9f,0xae,0x1f,0x55,0x3f,0x96,0x3f,0xcf,0x9f,0xe7,0x9f,0xe7,0x9f,0xe7,
    0x5f,0xd7,0x7f,0xa6,0x3f,0x55,0x1f,0x8e,0x7f,0xe7,0x1f,0xc7,0x1f,0x55,0xdf,0xbe,
    0x9f,0xe7,0x9f,0xe7,0x7f,0xe7,0x7f,0xe7,0x7f,0xe7,0x7f,0xe7,0x9f,0xe7,0x9f,0xef,
    0xbf,0xef,0xdf,0xf7,0x7f,0xdf,0x5f,0xdf,0x7f,0xdf,0x9f,0xe7,0xdf,0xf7,0x9f,0xe7,
    0x9f,0xe7,0x9f,0xef,0x9f,0xe7,0xdf,0xf7,0x9f,0xe7,0x7f,0xdf,0x5f,0xdf,0x5f,0xdf,
    0xbf,0xf7,0x9f,0xef,0x9f,0xe7,0x7f,0xe7,0x7f,0xe7,0x7f,0xe7,0x7f,0xe7,0x7f,0xe7,
    0x7f,0xe7,0x7f,0xe7,0x7f,0xe7,0x5f,0xd7,0x3f,0x5d,0x9f,0x75,0xff,0x4c,0x9f,0xae,
    0xdf,0x7d,0x5f,0x5d,0x9f,0xe7,0x9f,0xe7,0x9f,0xe7,0xdf,0x7d,0x7f,0x6d,0xbf,0xb6,
    0x7f,0x6d,0x9f,0x6d,0x1f,0x4d,0xdf,0xbe,0x7f,0xe7,0x7f,0xe7,0x7f,0xe7,0x7f,0xe7,
    0x7f,0xe7,0x7f,0xe7,0x7f,0xe7,0x9f,0xe7,0x9f,0xef,0xbf,0xef,0xdf,0xf7,0x7f,0xdf,
    0x5f,0xdf,0x7f,0xdf,0x9f,0xe7,0xdf,0xf7,0x9f,0xe7,0x9f,0xe7,0x9f,0xef,0x9f,0xe7,
    0xdf,0xf7,0x9f,0xe7,0x7f,0xdf,0x5f,0xd7,0x5f,0xdf,0xbf,0xf7,0x9f,0xef,0x9f,0xe7,
    0x7f,0xe7,0x7f,0xe7,0x7f,0xe7,0x7f,0xe7,0x7f,0xe7,0x7f,0xe7,0x7f,0xe7,0x7f,0xe7,
    0x7f,0xe7,0x5f,0xd7,0x1f,0x8e,0x3f,0xd7,0x7f,0xe7,0x1f,0xcf,0xff,0x44,0x9f,0xef,
    0x9f,0xe7,0x9f,0xe7,0xff,0x85,0x9f,0xae,0x9f,0xe7,0x7f,0xe7,0x3f,0x96,0xdf,0xbe,
    0x7f,0xe7,0x7f,0xe7,0x7f,0xe7,0x7f,0xe7,0x7f,0xe7,0x7f,0xe7,0x7f,0xe7,0x7f,0xe7,
    0x9f,0xe7,0x9f,0xef,0xbf,0xef,0xdf,0xf7,0x7f,0xdf,0x5f,0xdf,0x7f,0xdf,0x9f,0xe7,
    0xdf,0xf7,0x9f,0xe7,0x9f,0xe7,0x9f,0xef,0x9f,0xe7,0xdf,0xf7,0x9f,0xe7,0x7f,0xdf,
    0x5f,0xd7,0x5f,0xdf,0xbf,0xf7,0x9f,0xef,0x9f,0xe7,0x7f,0xe7,0x7f,0xe7,0x7f,0xe7,
    0x7f,0xe7,0x7f,0xe7,0x7f,0xe7,0x7f,0xe7,0x7f,0xe7,0x7f,0xe7,0x7f,0xe7,0x9f,0xe7,
    0x7f,0xe7,0x7f,0xe7,0x7f,0xdf,0xdf,0x44,0x5f,0x9e,0x5f,0x9e,0x5f,0x96,0x5f,0x5d,
    0xbf,0xae,0x9f,0xe7,0x7f,0xe7,0x9f,0xe7,0x7f,0xe7,0x7f,0xe7,0x7f,0xe7,0x7f,0xe7,
    0x7f,0xe7,0x7f,0xe7,0x7f,0xe7,0x7f,0xe7,0x7f,0xe7,0x7f,0xe7,0x9f,0xef,0xbf,0xef,
    0xdf,0xf7,0x7f,0xdf,0x5f,0xdf,0x7f,0xdf,0x9f,0xe7,0xdf,0xf7,0x9f,0xe7,0x9f,0xe7,
    0x9f,0xef,0x9f,0xe7,0xdf,0xf7,0x9f,0xe7,0x7f,0xdf,0x5f,0xd7,0x5f,0xdf,0xbf,0xf7,
    0x9f,0xef,0x9f,0xe7,0x7f,0xe7,0x7f,0xe7,0x7f,0xe7,0x7f,0xe7,0x7f,0xe7,0x7f,0xe7,
    0x7f,0xe7,0x7f,0xe7,0x7f,0xe7,0x7f,0xe7,0x7f,0xe7,0x7f,0xe7,0x7f,0xe7,0x7f,0xe7,
    0x9f,0xae,0x1f,0x86,0xff,0x85,0xff,0x85,0x3f,0x96,0x7f,0xe7,0x7f,0xe7,0x7f,0xe7,
    0x7f,0xe7,0x7f,0xe7,0x7f,0xe7,0x7f,0xe7,0x7f,0xe7,0x7f,0xe7,0x7f,0xe7,0x7f,0xe7,
    0x7f,0xe7,0x7f,0xe7,0x7f,0xe7,0x9f,0xe7,0xbf,0xef,0xdf,0xf7,0x7f,0xdf,0x5f,0xdf,
    0x7f,0xdf,0x9f,0xe7,0xdf,0xf7,0x9f,0xe7,0x9f,0xe7,0x9f,0xef,0x9f,0xe7,0xdf,0xf7,
    0x9f,0xe7,0x7f,0xdf,0x5f,0xd7,0x5f,0xdf,0xbf,0xf7,0x9f,0xef,0x9f,0xe7,0x7f,0xe7,
    0x7f,0xe7,0x7f,0xe7,0x7f,0xe7,0x7f,0xe7,0x7f,0xe7,0x7f,0xe7,0x7f,0xe7,0x7f,0xe7,
    0x7f,0xe7,0x7f,0xe7,0x7f,0xe7,0x7f,0xe7,0x7f,0xe7,0x7f,0xe7,0x7f,0xe7,0x7f,0xe7,
    0x7f,0xe7,0x7f,0xe7,0x7f,0xe7,0x7f,0xe7,0x7f,0xe7,0x7f,0xe7,0x7f,0xe7,0x7f,0xe7,
    0x7f,0xe7,0x7f,0xe7,0x7f,0xe7,0x7f,0xe7,0x7f,0xe7,0x7f,0xe7,0x7f,0xe7,0x7f,0xe7,
    0x9f,0xe7,0xbf,0xef,0xdf,0xf7,0x7f,0xdf,0x5f,0xdf,0x7f,0xdf,0x9f,0xe7,0xdf,0xf7,
    0x9f,0xe7,0x9f,0xe7,0x9f,0xef,0x9f,0xe7,0xdf,0xf7,0x9f,0xe7,0x7f,0xdf,0x5f,0xd7,
    0x5f,0xdf,0xdf,0xf7,0xbf,0xef,0x9f,0xe7,0x7f,0xe7,0x7f,0xe7,0x7f,0xe7,0x7f,0xe7,
    0x7f,0xe7,0x7f,0xe7,0x7f,0xe7,0x7f,0xe7,0x7f,0xe7,0x7f,0xe7,0x7f,0xe7,0x7f,0xe7,
    0x7f,0xe7,0x7f,0xe7,0x7f,0xe7,0x7f,0xe7,0x7f,0xe7,0x7f,0xe7,0x7f,0xe7,0x7f,0xe7,
    0x7f,0xe7,0x7f,0xe7,0x7f,0xe7,0x7f,0xe7,0x7f,0xe7,0x7f,0xe7,0x7f,0xe7,0x7f,0xe7,
    0x7f,0xe7,0x7f,0xe7,0x7f,0xe7,0x7f,0xe7,0x7f,0xe7,0x9f,0xe7,0xbf,0xef,0xdf,0xf7,
    0x7f,0xdf,0x5f,0xdf,0x7f,0xdf,0x9f,0xe7,0xdf,0xf7,0x9f,0xe7,0x9f,0xe7,0x9f,0xe7,
    0x9f,0xe7,0xdf,0xf7,0x9f,0xe7,0x7f,0xe7,0x5f,0xdf,0x5f,0xdf,0xdf,0xf7,0xbf,0xef,
    0x9f,0xe7,0x7f,0xe7,0x7f,0xe7,0x7f,0xe7,0x7f,0xe7,0x7f,0xe7,0x7f,0xe7,0x7f,0xe7,
    0x7f,0xe7,0x7f,0xe7,0x7f,0xe7,0x7f,0xe7,0x7f,0xe7,0x7f,0xe7,0x7f,0xe7,0x7f,0xe7,
    0x7f,0xe7,0x7f,0xe7,0x7f,0xe7,0x7f,0xe7,0x7f,0xe7,0x7f,0xe7,0x7f,0xe7,0x7f,0xe7,
    0x7f,0xe7,0x7f,0xe7,0x7f,0xe7,0x7f,0xe7,0x7f,0xe7,0x7f,0xe7,0x7f,0xe7,0x7f,0xe7,
    0x7f,0xe7,0x7f,0xe7,0x9f,0xe7,0xbf,0xef,0xdf,0xf7,0x7f,0xdf,0x5f,0xdf,0x7f,0xdf,
    0x9f,0xe7,0xdf,0xf7,0x9f,0xe7,0x9f,0xe7,0x9f,0xe7,0x9f,0xe7,0xdf,0xf7,0x9f,0xe7,
    0x7f,0xe7,0x5f,0xdf,0x7f,0xdf,0xdf,0xf7,0xbf,0xef,0x9f,0xef,0x7f,0xe7,0x7f,0xe7,
    0x7f,0xe7,0x7f,0xe7,0x7f,0xe7,0x7f,0xe7,0x7f,0xe7,0x7f,0xe7,0x7f,0xe7,0x7f,0xe7,
    0x7f,0xe7,0x7f,0xe7,0x7f,0xe7,0x7f,0xe7,0x7f,0xe7,0x7f,0xe7,0x7f,0xe7,0x7f,0xe7,
    0x7f,0xe7,0x7f,0xe7,0x7f,0xe7,0x7f,0xe7,0x7f,0xe7,0x7f,0xe7,0x7f,0xe7,0x7f,0xe7,
    0x7f,0xe7,0x7f,0xe7,0x7f,0xe7,0x7f,0xe7,0x7f,0xe7,0x7f,0xe7,0x7f,0xe7,0x9f,0xef,
    0xbf,0xef,0xdf,0xf7,0x7f,0xdf,0x5f,0xdf,0x7f,0xe7,0x9f,0xe7,0xdf,0xf7,0x9f,0xe7,
    0x9f,0xe7,0x9f,0xef,0x9f,0xe7,0xdf,0xf7,0x9f,0xe7,0x7f,0xe7,0x5f,0xdf,0x7f,0xdf,
    0xdf,0xf7,0xbf,0xef,0x9f,0xef,0x7f,0xe7,0x7f,0xe7,0x7f,0xe7,0x7f,0xe7,0x7f,0xe7,
    0x7f,0xe7,0x7f,0xe7,0x7f,0xe7,0x7f,0xe7,0x7f,0xe7,0x7f,0xe7,0x7f,0xe7,0x7f,0xe7,
    0x7f,0xe7,0x7f,0xe7,0x7f,0xe7,0x7f,0xe7,0x7f,0xe7,0x7f,0xe7,0x7f,0xe7,0x7f,0xe7,
    0x7f,0xe7,0x7f,0xe7,0x7f,0xe7,0x7f,0xe7,0x7f,0xe7,0x7f,0xe7,0x7f,0xe7,0x7f,0xe7,
    0x7f,0xe7,0x7f,0xe7,0x7f,0xe7,0x7f,0xe7,0x9f,0xef,0xbf,0xef,0xdf,0xf7,0x7f,0xdf,
    0x7f,0xdf,0x7f,0xe7,0x9f,0xe7,0xdf,0xf7,0x9f,0xe7,0x9f,0xe7,0x9f,0xef,0x9f,0xe7,
    0xdf,0xf7,0x9f,0xe7,0x7f,0xe7,0x7f,0xdf,0x7f,0xdf,0xdf,0xf7,0xbf,0xef,0x9f,0xef,
    0x7f,0xe7,0x7f,0xe7,0x7f,0xe7,0x7f,0xe7,0x7f,0xe7,0x7f,0xe7,0x7f,0xe7,0x7f,0xe7,
    0x7f,0xe7,0x7f,0xe7,0x7f,0xe7,0x7f,0xe7,0x7f,0xe7,0x7f,0xe7,0x7f,0xe7,0x7f,0xe7,
    0x7f,0xe7,0x7f,0xe7,0x7f,0xe7,0x7f,0xe7,0x7f,0xe7,0x7f,0xe7,0x7f,0xe7,0x7f,0xe7,
    0x7f,0xe7,0x7f,0xe7,0x7f,0xe7,0x7f,0xe7,0x7f,0xe7,0x7f,0xe7,0x7f,0xe7,0x7f,0xe7,
    0x9f,0xe7,0x9f,0xef,0xbf,0xef,0xdf,0xf7,0x7f,0xdf,0x7f,0xdf,0x7f,0xe7,0x9f,0xe7,
    0xdf,0xf7,0x9f,0xe7,0x9f,0xe7,0x9f,0xef,0x9f,0xe7,0xdf,0xf7,0x9f,0xe7,0x7f,0xe7,
    0x7f,0xdf,0x5f,0xd7,0xbf,0xef,0xbf,0xf7,0x9f,0xef,0x9f,0xe7,0x7f,0xe7,0x7f,0xe7,
    0x7f,0xe7,0x7f,0xe7,0x7f,0xe7,0x7f,0xe7,0x7f,0xe7,0x7f,0xe7,0x7f,0xe7,0x7f,0xe7,
    0x7f,0xe7,0x7f,0xe7,0x7f,0xe7,0x7f,0xe7,0x7f,0xe7,0x7f,0xe7,0x7f,0xe7,0x7f,0xe7,
    0x7f,0xe7,0x7f,0xe7,0x7f,0xe7,0x7f,0xe7,0x7f,0xe7,0x7f,0xe7,0x7f,0xe7,0x7f,0xe7,
    0x7f,0xe7,0x7f,0xe7,0x7f,0xe7,0x7f,0xe7,0x9f,0xe7,0x9f,0xef,0xbf,0xef,0xbf,0xf7,
    0xbf,0xf7,0x5f,0xd7,0x7f,0xdf,0x7f,0xe7,0x9f,0xe7,0xdf,0xf7,0x9f,0xe7,0x9f,0xe7,
    0x9f,0xef,0x9f,0xe7,0xdf,0xf7,0x9f,0xe7,0x9f,0xe7,0x7f,0xe7,0x5f,0xdf,0x7f,0xe7,
    0xdf,0xf7,0xbf,0xef,0x9f,0xef,0x9f,0xe7,0x7f,0xe7,0x7f,0xe7,0x7f,0xe7,0x7f,0xe7,
    0x7f,0xe7,0x7f,0xe7,0x7f,0xe7,0x7f,0xe7,0x7f,0xe7,0x7f,0xe7,0x7f,0xe7,0x7f,0xe7,
    0x7f,0xe7,0x7f,0xe7,0x7f,0xe7,0x7f,0xe7,0x7f,0xe7,0x7f,0xe7,0x7f,0xe7,0x7f,0xe7,
    0x7f,0xe7,0x7f,0xe7,0x7f,0xe7,0x7f,0xe7,0x7f,0xe7,0x7f,0xe7,0x7f,0xe7,0x7f,0xe7,
    0x9f,0xe7,0x9f,0xef,0xbf,0xef,0xbf,0xef,0xdf,0xf7,0x9f,0xe7,0x7f,0xdf,0x7f,0xdf,
    0x9f,0xe7,0x9f,0xe7,0xdf,0xf7,0x9f,0xe7,0x9f,0xe7,0xbf,0xef,0x9f,0xe7,0xdf,0xf7,
    0x9f,0xe7,0x9f,0xe7,0x7f,0xe7,0x7f,0xdf,0x5f,0xd7,0xbf,0xf7,0xdf,0xf7,0xbf,0xef,
    0x9f,0xef,0x9f,0xef,0x9f,0xe7,0x9f,0xe7,0x9f,0xe7,0x9f,0xe7,0x9f,0xe7,0x9f,0xe7,
    0x7f,0xe7,0x9f,0xe7,0x7f,0xe7,0x9f,0xe7,0x9f,0xe7,0x7f,0xe7,0x9f,0xe7,0x9f,0xe7,
    0x9f,0xe7,0x9f,0xe7,0x9f,0xe7,0x9f,0xe7,0x9f,0xe7,0x9f,0xe7,0x9f,0xe7,0x9f,0xe7,
    0x9f,0xe7,0x9f,0xe7,0x9f,0xe7,0x9f,0xe7,0x9f,0xe7,0x9f,0xef,0x9f,0xef,0xbf,0xef,
    0xdf,0xf7,0xdf,0xf7,0x5f,0xd7,0x7f,0xdf,0x7f,0xdf,0x9f,0xe7,0x9f,0xe7,0xdf,0xf7,
    0x9f,0xe7,0x9f,0xe7,0x9f,0xef,0x9f,0xe7,0xdf,0xf7,0x9f,0xef,0x9f,0xe7,0x7f,0xe7,
    0x7f,0xdf,0x5f,0xdf,0x7f,0xdf,0xdf,0xf7,0xdf,0xf7,0xbf,0xf7,0xbf,0xef,0x9f,0xef,
    0x9f,0xef,0x9f,0xef,0x9f,0xef,0x9f,0xef,0x9f,0xef,0x9f,0xef,0x9f,0xef,0x9f,0xef,
    0x9f,0xef,0x9f,0xef,0x9f,0xef,0x9f,0xef,0x9f,0xef,0x9f,0xef,0x9f,0xef,0x9f,0xef,
    0x9f,0xef,0x9f,0xef,0x9f,0xef,0x9f,0xef,0x9f,0xef,0x9f,0xef,0x9f,0xef,0x9f,0xef,
    0x9f,0xef,0xbf,0xef,0xbf,0xef,0xbf,0xf7,0xdf,0xf7,0xdf,0xf7,0x5f,0xd7,0x5f,0xdf,
    0x7f,0xdf,0x7f,0xe7,0x9f,0xe7,0x9f,0xef,0xdf,0xf7,0x9f,0xe7,0x9f,0xe7,0xbf,0xef,
    0x9f,0xe7,0xdf,0xf7,0x9f,0xef,0x9f,0xe7,0x9f,0xe7,0x7f,0xdf,0x5f,0xdf,0x5f,0xd7,
    0x5f,0xd7,0x9f,0xe7,0xdf,0xf7,0xdf,0xf7,0xbf,0xf7,0xbf,0xf7,0xbf,0xf7,0xbf,0xef,
    0xbf,0xef,0xbf,0xef,0xbf,0xef,0xbf,0xef,0xbf,0xef,0xbf,0xef,0xbf,0xef,0xbf,0xf7,
    0xbf,0xf7,0xbf,0xf7,0xbf,0xf7,0xbf,0xf7,0xbf,0xf7,0xbf,0xf7,0xbf,0xf7,0xbf,0xf7,
    0xbf,0xef,0xbf,0xef,0xbf,0xef,0xbf,0xef,0xbf,0xef,0xbf,0xef,0xbf,0xf7,0xdf,0xf7,
    0xdf,0xf7,0xbf,0xef,0x5f,0xd7,0x5f,0xd7,0x7f,0xdf,0x7f,0xdf,0x9f,0xe7,0x9f,0xe7,
    0x9f,0xef,0xdf,0xf7,0x9f,0xe7,0x9f,0xe7,0xbf,0xef,0x9f,0xe7,0xdf,0xf7,0x9f,0xef,
    0x9f,0xe7,0x9f,0xe7,0x7f,0xe7,0x7f,0xdf,0x5f,0xdf,0x3f,0xd7,0x3f,0xd7,0x3f,0xcf,
    0x9f,0xe7,0x9f,0xe7,0x9f,0xe7,0x9f,0xe7,0x9f,0xe7,0x9f,0xe7,0x9f,0xe7,0x9f,0xe7,
    0x9f,0xe7,0x9f,0xe7,0x9f,0xe7,0x9f,0xe7,0x9f,0xef,0xbf,0xef,0x9f,0xe7,0xbf,0xef,
    0xbf,0xef,0xbf,0xef,0x9f,0xe7,0x9f,0xe7,0x9f,0xe7,0x9f,0xe7,0x9f,0xe7,0x9f,0xe7,
    0x9f,0xe7,0x9f,0xe7,0x9f,0xe7,0x9f,0xe7,0x9f,0xe7,0x3f,0xc7,0x3f,0xcf,0x3f,0xd7,
    0x5f,0xd7,0x7f,0xdf,0x7f,0xe7,0x9f,0xe7,0x9f,0xe7,0x9f,0xe7,0xdf,0xf7,0x9f,0xe7,
    0x9f,0xe7,0xbf,0xef,0x9f,0xe7,0xdf,0xf7,0x9f,0xef,0x9f,0xe7,0x9f,0xe7,0x9f,0xe7,
    0x7f,0xdf,0x5f,0xdf,0x5f,0xd7,0x3f,0xd7,0x3f,0xcf,0x1f,0xcf,0x1f,0xcf,0x1f,0xc7,
    0x1f,0xc7,0x1f,0xc7,0x1f,0xc7,0x1f,0xc7,0x1f,0xc7,0x1f,0xc7,0x1f,0xc7,0x1f,0xc7,
    0x1f,0xc7,0x1f,0xc7,0x1f,0xc7,0x1f,0xc7,0x1f,0xc7,0x1f,0xc7,0x1f,0xc7,0x1f,0xc7,
    0x1f,0xc7,0x1f,0xc7,0x1f,0xc7,0x1f,0xc7,0x1f,0xc7,0x1f,0xc7,0x1f,0xc7,0x1f,0xc7,
    0x1f,0xc7,0x1f,0xcf,0x1f,0xcf,0x3f,0xcf,0x3f,0xd7,0x5f,0xdf,0x7f,0xdf,0x7f,0xe7,
    0x9f,0xe7,0x9f,0xe7,0x9f,0xe7,0xdf,0xf7,0x9f,0xe7,0x9f,0xe7,0xbf,0xef,0x9f,0xe7,
    0xdf,0xf7,0x9f,0xef,0x9f,0xe7,0x9f,0xe7,0x9f,0xe7,0x7f,0xe7,0x7f,0xdf,0x5f,0xdf,
    0x5f,0xd7,0x3f,0xd7,0x3f,0xcf,0x1f,0xcf,0x1f,0xcf,0x1f,0xcf,0x1f,0xcf,0x1f,0xcf,
    0x1f,0xcf,0x1f,0xcf,0x1f,0xcf,0x1f,0xcf,0x1f,0xcf,0x1f,0xcf,0x1f,0xcf,0x1f,0xcf,
    0x1f,0xcf,0x1f,0xcf,0x1f,0xcf,0x1f,0xcf,0x1f,0xc7,0x1f,0xc7,0x1f,0xcf,0x1f,0xcf,
    0x1f,0xcf,0x1f,0xcf,0x1f,0xcf,0x1f,0xcf,0x1f,0xcf,0x1f,0xcf,0x1f,0xcf,0x3f,0xcf,
    0x3f,0xd7,0x5f,0xd7,0x7f,0xdf,0x7f,0xe7,0x9f,0xe7,0x9f,0xe7,0x9f,0xe7,0x9f,0xe7,
    0xdf,0xf7,0x9f,0xe7,0x9f,0xe7,0xbf,0xef,0x9f,0xe7,0xdf,0xf7,0x9f,0xef,0x9f,0xe7,
    0x9f,0xe7,0x9f,0xe7,0x9f,0xe7,0x7f,0xe7,0x7f,0xdf,0x7f,0xdf,0x5f,0xdf,0x5f,0xd7,
    0x3f,0xd7,0x3f,0xd7,0x3f,0xd7,0x3f,0xd7,0x3f,0xd7,0x3f,0xd7,0x3f,0xd7,0x3f,0xd7,
    0x3f,0xd7,0x3f,0xd7,0x3f,0xd7,0x3f,0xd7,0x3f,0xd7,0x3f,0xd7,0x3f,0xcf,0x3f,0xcf,
    0x3f,0xcf,0x3f,0xcf,0x3f,0xcf,0x3f,0xd7,0x3f,0xd7,0x3f,0xd7,0x3f,0xd7,0x3f,0xd7,
    0x3f,0xd7,0x3f,0xd7,0x3f,0xd7,0x5f,0xd7,0x5f,0xd7,0x5f,0xdf,0x7f,0xdf,0x7f,0xdf,
    0x9f,0xe7,0x9f,0xe7,0x9f,0xe7,0x9f,0xe7,0x9f,0xe7,0xdf,0xf7,0x9f,0xe7,0xbf,0xe7,
    0xbf,0xef,0x9f,0xe7,0xdf,0xf7,0x9f,0xef,0x9f,0xe7,0x9f,0xe7,0x9f,0xe7,0x9f,0xe7,
    0x9f,0xe7,0x9f,0xe7,0x7f,0xe7,0x7f,0xdf,0x7f,0xdf,0x7f,0xdf,0x7f,0xdf,0x7f,0xdf,
    0x7f,0xdf,0x7f,0xdf,0x7f,0xdf,0x7f,0xdf,0x5f,0xdf,0x5f,0xdf,0x5f,0xdf,0x5f,0xdf,
    0x5f,0xdf,0x5f,0xdf,0x5f,0xdf,0x5f,0xdf,0x5f,0xdf,0x5f,0xdf,0x5f,0xdf,0x5f,0xdf,
    0x5f,0xdf,0x5f,0xdf,0x5f,0xdf,0x5f,0xdf,0x5f,0xdf,0x5f,0xdf,0x5f,0xdf,0x5f,0xdf,
    0x7f,0xdf,0x7f,0xdf,0x7f,0xdf,0x9f,0xe7,0x9f,0xe7,0x9f,0xe7,0x9f,0xe7,0x9f,0xe7,
    0x9f,0xe7,0x9f,0xe7,0xdf,0xf7,0x9f,0xe7,0xbf,0xef,0xbf,0xef,0x9f,0xe7,0xdf,0xf7,
    0x9f,0xef,0x9f,0xe7,0x9f,0xe7,0x9f,0xe7,0x9f,0xe7,0x9f,0xe7,0x9f,0xe7,0x9f,0xe7,
    0x9f,0xe7,0x9f,0xe7,0x7f,0xe7,0x7f,0xe7,0x9f,0xe7,0x9f,0xe7,0x7f,0xe7,0x7f,0xe7,
    0x7f,0xdf,0x7f,0xdf,0x7f,0xdf,0x7f,0xdf,0x7f,0xdf,0x7f,0xdf,0x7f,0xdf,0x7f,0xdf,
    0x7f,0xdf,0x7f,0xdf,0x7f,0xdf,0x7f,0xdf,0x7f,0xdf,0x7f,0xdf,0x7f,0xdf,0x7f,0xdf,
    0x7f,0xdf,0x7f,0xdf,0x7f,0xe7,0x7f,0xe7,0x7f,0xdf,0x7f,0xe7,0x7f,0xe7,0x9f,0xe7,
    0x9f,0xe7,0x9f,0xe7,0x9f,0xe7,0x9f,0xe7,0x9f,0xe7,0x9f,0xe7,0x9f,0xe7,0xdf,0xf7,
    0x9f,0xe7,0xbf,0xef,0xbf,0xef,0x9f,0xe7,0xdf,0xf7,0x9f,0xef,0x9f,0xe7,0x9f,0xe7,
    0x9f,0xe7,0x9f,0xe7,0x9f,0xe7,0x9f,0xe7,0x9f,0xe7,0x9f,0xe7,0x9f,0xe7,0x9f,0xe7,
    0x9f,0xe7,0x9f,0xe7,0x9f,0xe7,0x9f,0xe7,0x9f,0xe7,0x9f,0xe7,0x9f,0xe7,0x9f,0xe7,
    0x9f,0xe7,0x9f,0xe7,0x9f,0xe7,0x9f,0xe7,0x9f,0xe7,0x9f,0xe7,0x9f,0xe7,0x9f,0xe7,
    0x9f,0xe7,0x9f,0xe7,0x9f,0xe7,0x9f,0xe7,0x9f,0xe7,0x9f,0xe7,0x9f,0xe7,0x9f,0xe7,
    0x9f,0xe7,0x9f,0xe7,0x9f,0xe7,0x9f,0xe7,0x9f,0xe7,0x9f,0xe7,0x9f,0xe7,0x9f,0xe7,
    0x9f,0xe7,0x9f,0xe7,0x9f,0xe7,0x9f,0xe7,0xdf,0xf7,0x9f,0xe7,0xbf,0xef,0xbf,0xef,
    0x9f,0xe7,0xdf,0xf7,0x9f,0xef,0x9f,0xe7,0x9f,0xe7,0x9f,0xe7,0x9f,0xe7,0x9f,0xe7,
    0x9f,0xe7,0x9f,0xe7,0x9f,0xe7,0x9f,0xe7,0x9f,0xe7,0x9f,0xe7,0x9f,0xe7,0x9f,0xe7,
    0x9f,0xe7,0x9f,0xe7,0x9f,0xe7,0x9f,0xe7,0x9f,0xe7,0x9f,0xe7,0x9f,0xe7,0x9f,0xe7,
    0x9f,0xe7,0x9f,0xe7,0x9f,0xe7,0x9f,0xe7,0x9f,0xe7,0x9f,0xe7,0x9f,0xe7,0x9f,0xe7,
    0x9f,0xe7,0x9f,0xe7,0x9f,0xe7,0x9f,0xe7,0x9f,0xe7,0x9f,0xe7,0x9f,0xe7,0x9f,0xe7,
    0x9f,0xe7,0x9f,0xe7,0x9f,0xe7,0x9f,0xe7,0x9f,0xe7,0x9f,0xe7,0x9f,0xe7,0x9f,0xe7,
    0x9f,0xe7,0xdf,0xf7,0x9f,0xe7,0xbf,0xef,0xbf,0xef,0x9f,0xe7,0xdf,0xf7,0x9f,0xef,
    0x9f,0xe7,0x9f,0xe7,0x9f,0xe7,0x9f,0xe7,0x9f,0xe7,0x9f,0xe7,0x9f,0xe7,0x9f,0xe7,
    0x9f,0xe7,0x9f,0xe7,0x9f,0xe7,0x9f,0xe7,0x9f,0xe7,0x9f,0xe7,0x9f,0xe7,0x9f,0xe7,
    0x9f,0xe7,0x9f,0xe7,0x9f,0xe7,0x9f,0xe7,0x9f,0xe7,0x9f,0xe7,0x9f,0xe7,0x9f,0xe7,
    0x9f,0xe7,0x9f,0xe7,0x9f,0xe7,0x9f,0xe7,0x9f,0xe7,0x9f,0xe7,0x9f,0xe7,0x9f,0xe7,
    0x9f,0xe7,0x9f,0xe7,0x9f,0xe7,0x9f,0xe7,0x9f,0xe7,0x9f,0xe7,0x9f,0xe7,0x9f,0xe7,
    0x9f,0xe7,0x9f,0xe7,0x9f,0xe7,0x9f,0xe7,0x9f,0xe7,0x9f,0xe7,0xdf,0xf7,0x9f,0xe7,
    0xbf,0xef,0xbf,0xef,0x9f,0xe7,0xdf,0xf7,0x9f,0xef,0x9f,0xe7,0x9f,0xe7,0x9f,0xe7,
    0x9f,0xe7,0x9f,0xe7,0x9f,0xe7,0x9f,0xe7,0x9f,0xe7,0x9f,0xe7,0x9f,0xe7,0x9f,0xe7,
    0x9f,0xe7,0x9f,0xe7,0x9f,0xe7,0x9f,0xe7,0x9f,0xe7,0x9f,0xe7,0x9f,0xe7,0x9f,0xe7,
    0x9f,0xe7,0x9f,0xe7,0x9f,0xe7,0x9f,0xe7,0x9f,0xe7,0x9f,0xe7,0x9f,0xe7,0x9f,0xe7,
    0x9f,0xe7,0x9f,0xe7,0x9f,0xe7,0x9f,0xe7,0x9f,0xe7,0x9f,0xe7,0x9f,0xe7,0x9f,0xe7,
    0x9f,0xe7,0x9f,0xe7,0x9f,0xe7,0x9f,0xe7,0x9f,0xe7,0x9f,0xe7,0x9f,0xe7,0x9f,0xe7,
    0x9f,0xe7,0x9f,0xe7,0x9f,0xe7,0xdf,0xf7,0x9f,0xe7,0x9f,0xe7,0xbf,0xef,0x9f,0xe7,
    0xdf,0xf7,0x9f,0xef,0x9f,0xe7,0x9f,0xe7,0x9f,0xe7,0x9f,0xe7,0x9f,0xe7,0x9f,0xe7,
    0x9f,0xe7,0x9f,0xe7,0x9f,0xe7,0x9f,0xe7,0x9f,0xe7,0x9f,0xe7,0x9f,0xe7,0x9f,0xe7,
    0x9f,0xe7,0x9f,0xe7,0x9f,0xe7,0x9f,0xe7,0x9f,0xe7,0x9f,0xe7,0x9f,0xe7,0x9f,0xe7,
    0x9f,0xe7,0x9f,0xe7,0x9f,0xe7,0x9f,0xe7,0x9f,0xe7,0x9f,0xe7,0x9f,0xe7,0x9f,0xe7,
    0x9f,0xe7,0x9f,0xe7,0x9f,0xe7,0x9f,0xe7,0x9f,0xe7,0x9f,0xe7,0x9f,0xe7,0x9f,0xe7,
    0x9f,0xe7,0x9f,0xe7,0x9f,0xe7,0x9f,0xe7,0x9f,0xe7,0x9f,0xe7,0x9f,0xe7,0x9f,0xe7,
    0xdf,0xf7,0x9f,0xe7,0xbf,0xe7,0xbf,0xef,0x9f,0xe7,0xdf,0xf7,0x9f,0xef,0x9f,0xe7,
    0x9f,0xe7,0x9f,0xe7,0x9f,0xe7,0x9f,0xe7,0x9f,0xe7,0x9f,0xe7,0x9f,0xe7,0x9f,0xe7,
    0x9f,0xe7,0x9f,0xe7,0x9f,0xe7,0x9f,0xe7,0x9f,0xe7,0x9f,0xe7,0x9f,0xe7,0x9f,0xe7,
    0x9f,0xe7,0x9f,0xe7,0x9f,0xe7,0x9f,0xe7,0x9f,0xe7,0x9f,0xe7,0x9f,0xe7,0x9f,0xe7,
    0x9f,0xe7,0x9f,0xe7,0x9f,0xe7,0x9f,0xe7,0x9f,0xe7,0x9f,0xe7,0x9f,0xe7,0x9f,0xe7,
    0x9f,0xe7,0x9f,0xe7,0x9f,0xe7,0x9f,0xe7,0x9f,0xe7,0x9f,0xe7,0x9f,0xe7,0x9f,0xe7,
    0x9f,0xe7,0x9f,0xe7,0x9f,0xe7,0x9f,0xe7,0x9f,0xe7,0xdf,0xf7,0x9f,0xe7,0x9f,0xe7,
    0xbf,0xef,0x9f,0xe7,0xdf,0xf7,0x9f,0xef,0x9f,0xe7,0x9f,0xe7,0x9f,0xe7,0x9f,0xe7,
    0x9f,0xe7,0x9f,0xe7,0x9f,0xe7,0x9f,0xe7,0x9f,0xe7,0x9f,0xe7,0x9f,0xe7,0x9f,0xe7,
    0x9f,0xe7,0x9f,0xe7,0x9f,0xe7,0x9f,0xe7,0x9f,0xe7,0x9f,0xe7,0x9f,0xe7,0x9f,0xe7,
    0x9f,0xe7,0x9f,0xe7,0x9f,0xe7,0x9f,0xe7,0x9f,0xe7,0x9f,0xe7,0x9f,0xe7,0x9f,0xe7,
    0x9f,0xe7,0x9f,0xdf,0x7f,0xdf,0x9f,0xdf,0x7f,0xdf,0x7f,0xdf,0x7f,0xdf,0x9f,0xdf,
    0x9f,0xdf,0x7f,0xdf,0x9f,0xe7,0x9f,0xe7,0x9f,0xe7,0x9f,0xe7,0x9f,0xe7,0x9f,0xe7,
    0x9f,0xe7,0x9f,0xe7,0xdf,0xf7,0x9f,0xe7,0x9f,0xe7,0xbf,0xef,0x9f,0xe7,0xdf,0xf7,
    0x9f,0xef,0x9f,0xe7,0x9f,0xe7,0x9f,0xe7,0x9f,0xe7,0x9f,0xe7,0x9f,0xe7,0x9f,0xe7,
    0xbf,0xf7,0xdf,0xf7,0xbf,0xf7,0xbf,0xf7,0xbf,0xf7,0xbf,0xf7,0xbf,0xf7,0xbf,0xf7,
    0xbf,0xf7,0xbf,0xf7,0xbf,0xf7,0xbf,0xf7,0xbf,0xf7,0xbf,0xf7,0xbf,0xf7,0xbf,0xf7,
    0xbf,0xf7,0xbf,0xf7,0xbf,0xf7,0xdf,0xf7,0xdf,0xf7,0xdf,0xf7,0xdf,0xf7,0xdf,0xf7,
    0xdf,0xf7,0xbf,0xf7,0xbf,0xf7,0xbf,0xf7,0xdf,0xf7,0xdf,0xf7,0xbf,0xef,0x9f,0xdf,
    0x7f,0xdf,0x9f,0xe7,0x9f,0xe7,0x9f,0xe7,0x9f,0xe7,0x9f,0xe7,0x9f,0xe7,0xdf,0xf7,
    0x9f,0xe7,0x9f,0xe7,0xbf,0xef,0x9f,0xe7,0xdf,0xf7,0x9f,0xef,0x9f,0xe7,0x9f,0xe7,
    0x9f,0xe7,0x9f,0xe7,0x9f,0xe7,0xbf,0xef,0xdf,0xf7,0xdf,0xf7,0xbf,0xf7,0xbf,0xef,
    0xbf,0xef,0xbf,0xef,0xbf,0xef,0xbf,0xef,0xbf,0xef,0xbf,0xef,0xbf,0xef,0xbf,0xef,
    0xbf,0xef,0xbf,0xef,0xbf,0xef,0xbf,0xef,0xbf,0xef,0xbf,0xf7,0xbf,0xf7,0xbf,0xf7,
    0xbf,0xf7,0xbf,0xf7,0xbf,0xf7,0xbf,0xf7,0xbf,0xf7,0xbf,0xf7,0xbf,0xef,0xbf,0xef,
    0xbf,0xf7,0xbf,0xf7,0xbf,0xf7,0xdf,0xf7,0xdf,0xf7,0xbf,0xef,0x7f,0xdf,0x9f,0xe7,
    0x9f,0xe7,0x9f,0xe7,0x9f,0xe7,0x9f,0xe7,0xdf,0xf7,0x9f,0xe7,0x9f,0xe7,0xbf,0xef,
    0x9f,0xef,0xdf,0xf7,0x9f,0xef,0x9f,0xe7,0x9f,0xe7,0x9f,0xe7,0x9f,0xe7,0xbf,0xef,
    0xdf,0xf7,0xbf,0xf7,0xbf,0xef,0xbf,0xef,0x9f,0xef,0x9f,0xef,0x9f,0xef,0x9f,0xef,
    0x9f,0xef,0x9f,0xef,0xbf,0xef,0x9f,0xef,0x9f,0xef,0xbf,0xef,0xbf,0xef,0xbf,0xef,
    0xbf,0xef,0xbf,0xef,0xbf,0xef,0xbf,0xef,0xbf,0xef,0xbf,0xef,0xbf,0xef,0xbf,0xef,
    0xbf,0xef,0xbf,0xef,0xbf,0xef,0xbf,0xef,0x9f,0xef,0x9f,0xef,0xbf,0xef,0xbf,0xef,
    0xbf,0xef,0xdf,0xf7,0xdf,0xf7,0xbf,0xef,0x7f,0xdf,0x9f,0xe7,0x9f,0xe7,0x9f,0xe7,
    0x9f,0xe7,0xdf,0xf7,0x9f,0xe7,0x9f,0xe7,0xbf,0xef,0x9f,0xe7,0xdf,0xf7,0x9f,0xef,
    0x9f,0xe7,0x9f,0xe7,0x9f,0xe7,0x9f,0xe7,0xdf,0xf7,0xbf,0xf7,0xbf,0xef,0xbf,0xef,
    0x9f,0xef,0x9f,0xef,0x9f,0xef,0x9f,0xef,0x9f,0xef,0x9f,0xef,0x9f,0xef,0x9f,0xef,
    0x9f,0xef,0x9f,0xef,0x9f,0xef,0x9f,0xef,0x9f,0xef,0x9f,0xef,0x9f,0xef,0x9f,0xef,
    0x9f,0xef,0x9f,0xef,0x9f,0xef,0x9f,0xef,0x9f,0xef,0x9f,0xef,0x9f,0xef,0x9f,0xef,
    0x9f,0xef,0x9f,0xef,0x9f,0xef,0x9f,0xef,0x9f,0xef,0xbf,0xef,0xbf,0xef,0xbf,0xf7,
    0xdf,0xf7,0x7f,0xdf,0x9f,0xe7,0x9f,0xe7,0x9f,0xe7,0x9f,0xe7,0xdf,0xf7,0x9f,0xe7,
    0x9f,0xe7,0xbf,0xef,0x9f,0xe7,0xdf,0xf7,0x9f,0xef,0x9f,0xe7,0x9f,0xe7,0x7f,0xe7,
    0xbf,0xef,0xdf,0xf7,0xbf,0xef,0xbf,0xef,0x9f,0xef,0x9f,0xe7,0x9f,0xe7,0x9f,0xe7,
    0x9f,0xe7,0x9f,0xe7,0x9f,0xe7,0x9f,0xe7,0x9f,0xe7,0x9f,0xe7,0x9f,0xe7,0x9f,0xe7,
    0x9f,0xef,0x9f,0xe7,0x9f,0xef,0x9f,0xef,0x9f,0xef,0x9f,0xef,0x9f,0xef,0x9f,0xe7,
    0x9f,0xe7,0x9f,0xe7,0x9f,0xe7,0x9f,0xe7,0x9f,0xe7,0x9f,0xe7,0x9f,0xe7,0x9f,0xe7,
    0x9f,0xe7,0x9f,0xe7,0x9f,0xef,0xbf,0xef,0xbf,0xef,0xdf,0xf7,0xbf,0xef,0x7f,0xdf,
    0x9f,0xe7,0x9f,0xe7,0x9f,0xe7,0xdf,0xf7,0x9f,0xe7,0x9f,0xe7,0xbf,0xef,0x9f,0xe7,
    0xdf,0xf7,0x9f,0xef,0x9f,0xe7,0x9f,0xe7,0x7f,0xdf,0xdf,0xf7,0xbf,0xf7,0xbf,0xef,
    0x9f,0xef,0x9f,0xe7,0x9f,0xe7,0x7f,0xe7,0x7f,0xe7,0x9f,0xe7,0x9f,0xe7,0x9f,0xe7,
    0x9f,0xe7,0x9f,0xe7,0x9f,0xe7,0x9f,0xe7,0x9f,0xe7,0x9f,0xe7,0x9f,0xe7,0x9f,0xe7,
    0x9f,0xe7,0x9f,0xe7,0x9f,0xe7,0x9f,0xe7,0x9f,0xe7,0x9f,0xe7,0x9f,0xe7,0x9f,0xe7,
    0x9f,0xe7,0x9f,0xe7,0x9f,0xe7,0x9f,0xe7,0x9f,0xe7,0x9f,0xe7,0x9f,0xe7,0x9f,0xe7,
    0x9f,0xef,0xbf,0xef,0xbf,0xf7,0xbf,0xf7,0x7f,0xdf,0x9f,0xe7,0x9f,0xe7,0x9f,0xe7,
    0xdf,0xf7,0x9f,0xe7,0x9f,0xe7,0xbf,0xef,0x9f,0xe7,0xdf,0xf7,0x9f,0xef,0x9f,0xe7,
    0x7f,0xe7,0x7f,0xe7,0xdf,0xf7,0xbf,0xef,0x9f,0xef,0x9f,0xe7,0x9f,0xe7,0x7f,0xe7,
    0x7f,0xe7,0x7f,0xe7,0x7f,0xe7,0x7f,0xe7,0x7f,0xe7,0x7f,0xe7,0x7f,0xe7,0x9f,0xe7,
    0x9f,0xe7,0x9f,0xe7,0x9f,0xe7,0x9f,0xe7,0x9f,0xe7,0x9f,0xe7,0x9f,0xe7,0x9f,0xe7,
    0x9f,0xe7,0x9f,0xe7,0x9f,0xe7,0x9f,0xe7,0x9f,0xe7,0x9f,0xe7,0x9f,0xe7,0x9f,0xe7,
    0x9f,0xe7,0x9f,0xe7,0x9f,0xe7,0x9f,0xe7,0x9f,0xe7,0x9f,0xe7,0x9f,0xef,0xbf,0xef,
    0xdf,0xf7,0x7f,0xdf,0x7f,0xdf,0x7f,0xe7,0x9f,0xe7,0xdf,0xf7,0x9f,0xe7,0x9f,0xe7,
    0xbf,0xef,0x9f,0xe7,0xdf,0xf7,0x9f,0xef,0x9f,0xe7,0x7f,0xdf,0x7f,0xdf,0xdf,0xf7,
    0xbf,0xef,0x9f,0xef,0x9f,0xe7,0x7f,0xe7,0x7f,0xe7,0x7f,0xe7,0x7f,0xe7,0x7f,0xe7,
    0x7f,0xe7,0x7f,0xe7,0x7f,0xe7,0x9f,0xe7,0x9f,0xe7,0x9f,0xe7,0x9f,0xe7,0x9f,0xe7,
    0x9f,0xe7,0x9f,0xe7,0x9f,0xe7,0x9f,0xe7,0x9f,0xe7,0x9f,0xe7,0x9f,0xe7,0x9f,0xe7,
    0x9f,0xe7,0x9f,0xe7,0x9f,0xe7,0x9f,0xe7,0x9f,0xe7,0x9f,0xe7,0x9f,0xe7,0x9f,0xe7,
    0x9f,0xe7,0x9f,0xe7,0x9f,0xe7,0x9f,0xef,0xbf,0xef,0xdf,0xf7,0x7f,0xdf,0x7f,0xdf,
    0x7f,0xe7,0x9f,0xe7,0xdf,0xf7,0x9f,0xe7,0x9f,0xe7,0x9f,0xef,0x9f,0xe7,0xdf,0xf7,
    0x9f,0xe7,0x9f,0xe7,0x7f,0xdf,0x7f,0xdf,0xdf,0xf7,0xbf,0xef,0x9f,0xef,0x7f,0xe7,
    0x7f,0xe7,0x7f,0xe7,0x7f,0xe7,0x7f,0xe7,0x7f,0xe7,0x9f,0xe7,0x9f,0xe7,0x9f,0xe7,
    0x9f,0xe7,0x9f,0xe7,0x9f,0xe7,0x9f,0xe7,0x9f,0xe7,0x9f,0xe7,0x9f,0xe7,0x9f,0xe7,
    0x9f,0xe7,0x9f,0xe7,0x9f,0xe7,0x9f,0xe7,0x9f,0xe7,0x9f,0xe7,0x9f,0xe7,0x9f,0xe7,
    0x9f,0xe7,0x9f,0xe7,0x9f,0xe7,0x9f,0xe7,0x9f,0xe7,0x9f,0xe7,0x9f,0xe7,0x9f,0xe7,
    0x9f,0xef,0xbf,0xef,0xdf,0xf7,0x7f,0xdf,0x7f,0xdf,0x7f,0xe7,0x9f,0xe7,0xdf,0xf7,
    0x9f,0xe7,0x9f,0xe7,0x9f,0xef,0x9f,0xe7,0xdf,0xf7,0x9f,0xe7,0x7f,0xe7,0x5f,0xdf,
    0x5f,0xdf,0xdf,0xf7,0xbf,0xef,0x9f,0xef,0x7f,0xe7,0x7f,0xe7,0x7f,0xe7,0x7f,0xe7,
    0x7f,0xe7,0x7f,0xe7,0x9f,0xe7,0x9f,0xe7,0x9f,0xe7,0x9f,0xe7,0x9f,0xe7,0x9f,0xe7,
    0x9f,0xe7,0x9f,0xe7,0x9f,0xe7,0x9f,0xe7,0x9f,0xe7,0x9f,0xe7,0x9f,0xe7,0x9f,0xe7,
    0x9f,0xe7,0x9f,0xe7,0x9f,0xe7,0x9f,0xe7,0x9f,0xe7,0x9f,0xe7,0x9f,0xe7,0x9f,0xe7,
    0x9f,0xe7,0x9f,0xe7,0x9f,0xe7,0x9f,0xe7,0x9f,0xe7,0x9f,0xef,0xbf,0xef,0xdf,0xf7,
    0x5f,0xdf,0x7f,0xdf,0x7f,0xe7,0x9f,0xe7,0xdf,0xf7,0x9f,0xe7,0x9f,0xe7,0x9f,0xef,
    0x9f,0xe7,0xdf,0xf7,0x9f,0xe7,0x7f,0xe7,0x5f,0xdf,0x5f,0xdf,0xdf,0xf7,0xbf,0xef,
    0x9f,0xef,0x7f,0xe7,0x7f,0xe7,0x7f,0xe7,0x7f,0xe7,0x7f,0xe7,0x7f,0xe7,0x9f,0xe7,
    0x9f,0xe7,0x9f,0xe7,0x9f,0xe7,0x9f,0xe7,0x9f,0xe7,0x9f,0xe7,0x9f,0xe7,0x9f,0xe7,
    0x9f,0xe7,0x5f,0x9e,0x7f,0xe7,0x9f,0xe7,0x9f,0xe7,0x9f,0xe7,0x9f,0xe7,0x9f,0xe7,
    0x9f,0xe7,0x9f,0xe7,0x9f,0xe7,0x9f,0xe7,0x9f,0xe7,0x9f,0xe7,0x9f,0xe7,0x9f,0xe7,
    0x9f,0xe7,0x9f,0xe7,0x9f,0xef,0xbf,0xef,0xdf,0xf7,0x5f,0xd7,0x7f,0xdf,0x7f,0xe7,
    0x9f,0xe7,0xdf,0xf7,0x9f,0xe7,0x9f,0xe7,0x9f,0xef,0x9f,0xe7,0xdf,0xf7,0x9f,0xe7,
    0x7f,0xe7,0x5f,0xdf,0x5f,0xd7,0xdf,0xf7,0xbf,0xef,0x9f,0xef,0x7f,0xe7,0x7f,0xe7,
    0x7f,0xe7,0x7f,0xe7,0x7f,0xe7,0x7f,0xe7,0x7f,0xe7,0x9f,0xe7,0x9f,0xe7,0x9f,0xe7,
    0x9f,0xe7,0x9f,0xe7,0x9f,0xe7,0x9f,0xe7,0x9f,0xe7,0x9f,0xe7,0x3f,0x55,0x5f,0xdf,
    0x9f,0xe7,0x9f,0xe7,0x9f,0xe7,0x9f,0xe7,0x9f,0xe7,0x9f,0xe7,0x9f,0xe7,0x9f,0xe7,
    0x9f,0xe7,0x9f,0xe7,0x9f,0xe7,0x9f,0xe7,0x9f,0xe7,0x9f,0xe7,0x9f,0xe7,0x9f,0xef,
    0xbf,0xef,0xdf,0xf7,0x7f,0xdf,0x5f,0xdf,0x7f,0xe7,0x9f,0xe7,0xdf,0xf7,0x9f,0xe7,
    0x9f,0xe7,0xbf,0xef,0x9f,0xe7,0xdf,0xf7,0x9f,0xe7,0x7f,0xe7,0x5f,0xdf,0x5f,0xd7,
    0xdf,0xf7,0xbf,0xef,0x9f,0xef,0x7f,0xe7,0x7f,0xe7,0x7f,0xe7,0x7f,0xe7,0x7f,0xe7,
    0x7f,0xe7,0x7f,0xe7,0x7f,0xe7,0x9f,0xe7,0x9f,0xe7,0x9f,0xe7,0x9f,0xe7,0x9f,0xe7,
    0x9f,0xe7,0x9f,0xe7,0x9f,0xef,0x3f,0x55,0x5f,0xd7,0x9f,0xe7,0x9f,0xe7,0x9f,0xe7,
    0x9f,0xe7,0x9f,0xe7,0x9f,0xe7,0x9f,0xe7,0x9f,0xe7,0x9f,0xe7,0x9f,0xe7,0x9f,0xe7,
    0x9f,0xe7,0x9f,0xe7,0x9f,0xe7,0x9f,0xe7,0x9f,0xef,0xbf,0xef,0xdf,0xf7,0x5f,0xdf,
    0x5f,0xdf,0x7f,0xe7,0x9f,0xe7,0xdf,0xf7,0x9f,0xe7,0x9f,0xef,0xbf,0xef,0x9f,0xe7,
    0xdf,0xf7,0x9f,0xe7,0x7f,0xe7,0x5f,0xdf,0x5f,0xd7,0xdf,0xf7,0xbf,0xef,0x9f,0xef,
    0x7f,0xe7,0x7f,0xe7,0x7f,0xe7,0x7f,0xe7,0x7f,0xe7,0x9f,0xe7,0x9f,0xe7,0x9f,0xe7,
    0x9f,0xe7,0x9f,0xe7,0x9f,0xe7,0x9f,0xe7,0x9f,0xe7,0x7f,0xe7,0xbf,0xae,0x9f,0xae,
    0x1f,0x4d,0x5f,0x9e,0xbf,0xb6,0x7f,0xe7,0x9f,0xe7,0x9f,0xe7,0x9f,0xe7,0x9f,0xe7,
    0x9f,0xe7,0x9f,0xe7,0x9f,0xe7,0x9f,0xe7,0x9f,0xe7,0x9f,0xe7,0x9f,0xe7,0x9f,0xe7,
    0x9f,0xe7,0x9f,0xef,0xbf,0xef,0xdf,0xf7,0x5f,0xdf,0x5f,0xdf,0x7f,0xe7,0x9f,0xe7,
    0xdf,0xf7,0x9f,0xe7,0xbf,0xef,0xbf,0xef,0x9f,0xe7,0xdf,0xf7,0x9f,0xe7,0x7f,0xe7,
    0x5f,0xdf,0x5f,0xd7,0xdf,0xf7,0xbf,0xef,0x9f,0xef,0x7f,0xe7,0x7f,0xe7,0x7f,0xe7,
    0x7f,0xe7,0x9f,0xe7,0x9f,0xe7,0x9f,0xe7,0x9f,0xe7,0x9f,0xe7,0x9f,0xe7,0x9f,0xe7,
    0x5f,0xdf,0xff,0x85,0xff,0x4c,0x5f,0x65,0xdf,0x7d,0xff,0x44,0xbf,0x75,0x7f,0x65,
    0x1f,0x4d,0xdf,0x7d,0x3f,0xd7,0x9f,0xe7,0x9f,0xe7,0x9f,0xe7,0x9f,0xe7,0x9f,0xe7,
    0x9f,0xe7,0x9f,0xe7,0x9f,0xe7,0x9f,0xe7,0x9f,0xe7,0x9f,0xe7,0x9f,0xef,0xbf,0xef,
    0xdf,0xf7,0x7f,0xdf,0x7f,0xdf,0x7f,0xe7,0x9f,0xe7,0xdf,0xf7,0x9f,0xe7,0x9f,0xe7,
    0xbf,0xef,0x9f,0xe7,0xdf,0xf7,0x9f,0xef,0x7f,0xe7,0x5f,0xdf,0x5f,0xdf,0xdf,0xf7,
    0xbf,0xef,0x9f,0xef,0x9f,0xe7,0x7f,0xe7,0x7f,0xe7,0x7f,0xe7,0x9f,0xe7,0x9f,0xe7,
    0x9f,0xe7,0x9f,0xe7,0x9f,0xe7,0x9f,0xe7,0xdf,0xbe,0xff,0x4c,0xbf,0x75,0x1f,0xc7,
    0x9f,0xe7,0x9f,0xe7,0x3f,0x55,0x5f,0xd7,0x9f,0xef,0x3f,0xd7,0x1f,0x8e,0x1f,0x55,
    0x9f,0xae,0x9f,0xe7,0x9f,0xe7,0x9f,0xe7,0x9f,0xe7,0x9f,0xe7,0x9f,0xe7,0x9f,0xe7,
    0x9f,0xe7,0x9f,0xe7,0x9f,0xe7,0x9f,0xef,0xbf,0xef,0xdf,0xf7,0x7f,0xdf,0x7f,0xdf,
    0x7f,0xe7,0x9f,0xe7,0xdf,0xf7,0x9f,0xe7,0x9f,0xe7,0xbf,0xef,0x9f,0xe7,0xdf,0xf7,
    0x9f,0xef,0x7f,0xe7,0x5f,0xdf,0x5f,0xdf,0xdf,0xf7,0xbf,0xef,0x9f,0xef,0x9f,0xe7,
    0x7f,0xe7,0x7f,0xe7,0x7f,0xe7,0x7f,0xe7,0x9f,0xe7,0x9f,0xe7,0x9f,0xe7,0x9f,0xe7,
    0x9f,0xb6,0xdf,0x4c,0xbf,0xb6,0x9f,0xe7,0x9f,0xe7,0x9f,0xe7,0x9f,0xe7,0x3f,0x55,
    0x5f,0xd7,0x9f,0xe7,0x9f,0xe7,0x9f,0xe7,0x1f,0xc7,0x3f,0x55,0x7f,0xa6,0x9f,0xe7,
    0x9f,0xe7,0x9f,0xe7,0x9f,0xe7,0x9f,0xe7,0x9f,0xe7,0x9f,0xe7,0x9f,0xe7,0x9f,0xe7,
    0x9f,0xef,0xbf,0xef,0xdf,0xf7,0x7f,0xdf,0x7f,0xdf,0x7f,0xe7,0x9f,0xe7,0xdf,0xf7,
    0x9f,0xe7,0x9f,0xe7,0xbf,0xef,0x9f,0xe7,0xdf,0xf7,0x9f,0xef,0x7f,0xe7,0x5f,0xdf,
    0x7f,0xdf,0xdf,0xf7,0xbf,0xef,0x9f,0xef,0x9f,0xe7,0x9f,0xe7,0x7f,0xe7,0x7f,0xe7,
    0x7f,0xe7,0x9f,0xe7,0x9f,0xe7,0x9f,0xe7,0x1f,0xc7,0xff,0x4c,0xff,0xbe,0x9f,0xe7,
    0x9f,0xe7,0x9f,0xe7,0x9f,0xe7,0x9f,0xe7,0xdf,0xbe,0x9f,0xe7,0x9f,0xe7,0x9f,0xe7,
    0x9f,0xe7,0x9f,0xe7,0x3f,0xd7,0xff,0x4c,0xdf,0xbe,0x9f,0xe7,0x9f,0xe7,0x9f,0xe7,
    0x9f,0xe7,0x9f,0xe7,0x9f,0xe7,0x9f,0xe7,0x9f,0xe7,0x9f,0xef,0xbf,0xef,0xdf,0xf7,
    0x7f,0xdf,0x7f,0xdf,0x7f,0xe7,0x9f,0xe7,0xdf,0xf7,0x9f,0xe7,0x9f,0xe7,0xbf,0xef,
    0x9f,0xe7,0xdf,0xf7,0x9f,0xef,0x9f,0xe7,0x7f,0xdf,0x7f,0xdf,0xdf,0xf7,0xbf,0xef,
    0x9f,0xef,0x9f,0xe7,0x9f,0xe7,0x7f,0xe7,0x9f,0xe7,0x9f,0xe7,0x9f,0xe7,0x9f,0xe7,
    0x7f,0xe7,0x5f,0x5d,0x7f,0x9e,0x9f,0xe7,0x9f,0xe7,0x9f,0xe7,0x9f,0xe7,0x9f,0xe7,
    0x9f,0xef,0x9f,0xe7,0x9f,0xe7,0x9f,0xef,0x9f,0xe7,0x9f,0xe7,0x9f,0xe7,0x9f,0xe7,
    0xbf,0xb6,0x3f,0x55,0x7f,0xe7,0x9f,0xe7,0x9f,0xe7,0x9f,0xe7,0x9f,0xe7,0x9f,0xe7,
    0x9f,0xe7,0x9f,0xe7,0x9f,0xef,0xbf,0xef,0xdf,0xf7,0x7f,0xdf,0x7f,0xdf,0x7f,0xe7,
    0x9f,0xe7,0xdf,0xf7,0x9f,0xe7,0x9f,0xe7,0xbf,0xef,0x9f,0xe7,0xdf,0xf7,0x9f,0xef,
    0x9f,0xe7,0x7f,0xdf,0x7f,0xdf,0xdf,0xf7,0xbf,0xef,0x9f,0xef,0x9f,0xe7,0x9f,0xe7,
    0x9f,0xe7,0x9f,0xe7,0x9f,0xe7,0x9f,0xe7,0x9f,0xe7,0xbf,0xb6,0x5f,0x5d,0x9f,0xe7,
    0x9f,0xe7,0x9f,0xe7,0x9f,0xe7,0x9f,0xe7,0x9f,0xe7,0xbf,0xef,0x9f,0xe7,0x9f,0xef,
    0x9f,0xe7,0x9f,0xe7,0x9f,0xe7,0x9f,0xe7,0x9f,0xe7,0x9f,0xe7,0x9f,0x6d,0x5f,0x96,
    0x9f,0xe7,0x9f,0xe7,0x9f,0xe7,0x9f,0xe7,0x9f,0xe7,0x9f,0xe7,0x9f,0xe7,0x9f,0xef,
    0xbf,0xef,0xdf,0xf7,0x7f,0xdf,0x7f,0xdf,0x7f,0xe7,0x9f,0xe7,0xdf,0xf7,0x9f,0xe7,
    0x9f,0xe7,0xbf,0xef,0x9f,0xe7,0xdf,0xf7,0x9f,0xef,0x9f,0xe7,0x7f,0xdf,0x7f,0xdf,
    0xdf,0xf7,0xbf,0xef,0x9f,0xef,0x9f,0xef,0x9f,0xe7,0x9f,0xe7,0x9f,0xe7,0x9f,0xe7,
    0x9f,0xe7,0x9f,0xe7,0x7f,0x6d,0x7f,0xa6,0x9f,0xe7,0x9f,0xef,0x9f,0xe7,0x9f,0xe7,
    0x9f,0xe7,0x5f,0xd7,0x1f,0x8e,0x7f,0x65,0xff,0x85,0x3f,0xcf,0x9f,0xe7,0x9f,0xe7,
    0x9f,0xe7,0x9f,0xe7,0x9f,0xe7,0xbf,0xae,0x1f,0x55,0x9f,0xe7,0x9f,0xe7,0x9f,0xe7,
    0x9f,0xe7,0x9f,0xe7,0x9f,0xe7,0x9f,0xef,0x9f,0xef,0xbf,0xef,0xdf,0xf7,0x7f,0xdf,
    0x7f,0xdf,0x7f,0xe7,0x9f,0xe7,0xdf,0xf7,0x9f,0xe7,0x9f,0xe7,0x9f,0xef,0x9f,0xe7,
    0xdf,0xf7,0x9f,0xef,0x9f,0xe7,0x7f,0xdf,0x7f,0xdf,0xdf,0xf7,0xbf,0xef,0x9f,0xef,
    0x9f,0xef,0x9f,0xe7,0x9f,0xe7,0x9f,0xe7,0x9f,0xe7,0x9f,0xe7,0x9f,0xe7,0x1f,0x4d,
    0x3f,0xd7,0x9f,0xe7,0x9f,0xe7,0x9f,0xe7,0x9f,0xe7,0x7f,0xdf,0x1f,0x55,0xff,0x85,
    0x9f,0xae,0x5f,0x96,0x1f,0x55,0x1f,0xcf,0x9f,0xe7,0x9f,0xe7,0x9f,0xe7,0x9f,0xe7,
    0x7f,0xdf,0xff,0x44,0x5f,0xdf,0x9f,0xe7,0x9f,0xe7,0x9f,0xe7,0x9f,0xe7,0x9f,0xe7,
    0x9f,0xef,0x9f,0xef,0xbf,0xef,0xdf,0xf7,0x7f,0xdf,0x5f,0xdf,0x7f,0xe7,0x9f,0xe7,
    0xdf,0xf7,0x9f,0xe7,0x9f,0xe7,0x9f,0xef,0x9f,0xe7,0xdf,0xf7,0x9f,0xef,0x9f,0xe7,
    0x7f,0xdf,0x7f,0xdf,0xdf,0xf7,0xbf,0xef,0x9f,0xef,0x9f,0xef,0x9f,0xe7,0x9f,0xe7,
    0x9f,0xe7,0x7f,0xe7,0x9f,0xe7,0x5f,0xd7,0x1f,0x45,0x9f,0xe7,0x9f,0xe7,0x9f,0xe7,
    0x9f,0xe7,0x9f,0xe7,0x3f,0x96,0xff,0x85,0x9f,0xe7,0x9f,0xe7,0x9f,0xe7,0x5f,0x9e,
    0xbf,0x75,0x9f,0xef,0x9f,0xef,0x9f,0xef,0x9f,0xe7,0x9f,0xe7,0x7f,0x65,0xdf,0xb6,
    0x9f,0xe7,0x9f,0xe7,0x9f,0xe7,0x9f,0xe7,0x9f,0xe7,0x9f,0xef,0x9f,0xef,0xbf,0xef,
    0xdf,0xf7,0x7f,0xdf,0x5f,0xdf,0x7f,0xe7,0x9f,0xe7,0xdf,0xf7,0x9f,0xe7,0x9f,0xe7,
    0xbf,0xef,0x9f,0xe7,0xdf,0xf7,0x9f,0xef,0x9f,0xe7,0x7f,0xdf,0x7f,0xdf,0xdf,0xf7,
    0xbf,0xef,0x9f,0xef,0x9f,0xef,0x9f,0xe7,0x9f,0xe7,0x1f,0xcf,0xdf,0x44,0xdf,0x44,
    0xdf,0x44,0xdf,0x3c,0xff,0x44,0xdf,0x44,0x3f,0x96,0x9f,0xe7,0x9f,0xe7,0x7f,0x6d,
    0xbf,0xb6,0x9f,0xe7,0x9f,0xe7,0x9f,0xe7,0x3f,0xd7,0xff,0x4c,0xbf,0xef,0x9f,0xef,
    0xbf,0xb6,0xdf,0x3c,0xdf,0x44,0xdf,0x3c,0xdf,0x44,0xdf,0x44,0xdf,0x44,0xff,0xc6,
    0x9f,0xe7,0x9f,0xe7,0x9f,0xef,0x9f,0xef,0xbf,0xef,0xdf,0xf7,0x7f,0xdf,0x7f,0xdf,
    0x7f,0xe7,0x9f,0xe7,0xdf,0xf7,0x9f,0xe7,0x9f,0xe7,0xbf,0xef,0x9f,0xe7,0xdf,0xf7,
    0x9f,0xef,0x9f,0xe7,0x7f,0xdf,0x7f,0xdf,0xdf,0xf7,0xbf,0xef,0x9f,0xef,0x9f,0xef,
    0x9f,0xe7,0x9f,0xe7,0x9f,0xe7,0x9f,0xe7,0x9f,0xe7,0x7f,0xdf,0xff,0x44,0x9f,0xef,
    0x9f,0xef,0x9f,0xef,0x9f,0xe7,0x9f,0xe7,0x1f,0x86,0xff,0x85,0x9f,0xe7,0x9f,0xe7,
    0x9f,0xe7,0xbf,0xb6,0x7f,0x6d,0x9f,0xef,0x9f,0xef,0x9f,0xe7,0x9f,0xef,0x9f,0xe7,
    0x9f,0x6d,0xdf,0xbe,0x9f,0xe7,0x9f,0xe7,0x9f,0xe7,0x9f,0xe7,0x9f,0xe7,0x9f,0xef,
    0x9f,0xef,0xbf,0xef,0xdf,0xf7,0x7f,0xdf,0x7f,0xdf,0x7f,0xe7,0x9f,0xe7,0xdf,0xf7,
    0x9f,0xe7,0x9f,0xe7,0xbf,0xef,0x9f,0xe7,0xdf,0xf7,0x9f,0xef,0x9f,0xe7,0x7f,0xdf,
    0x7f,0xdf,0xdf,0xf7,0xbf,0xef,0x9f,0xef,0x9f,0xe7,0x9f,0xe7,0x9f,0xe7,0x9f,0xe7,
    0x9f,0xe7,0x9f,0xe7,0x9f,0xe7,0xff,0x44,0x5f,0xd7,0x9f,0xe7,0x9f,0xe7,0x9f,0xe7,
    0x9f,0xe7,0x5f,0xd7,0xff,0x44,0x7f,0xa6,0x3f,0xcf,0xdf,0xb6,0x1f,0x4d,0xdf,0xbe,
    0x9f,0xef,0x9f,0xef,0x9f,0xe7,0x9f,0xe7,0x7f,0xdf,0x1f,0x4d,0x5f,0xd7,0x9f,0xe7,
    0x9f,0xe7,0x9f,0xe7,0x9f,0xe7,0x9f,0xe7,0x9f,0xef,0x9f,0xef,0xbf,0xef,0xdf,0xf7,
    0x7f,0xdf,0x7f,0xdf,0x7f,0xe7,0x9f,0xe7,0xdf,0xf7,0x9f,0xe7,0x9f,0xe7,0xbf,0xef,
    0x9f,0xe7,0xdf,0xf7,0x9f,0xef,0x9f,0xe7,0x7f,0xdf,0x7f,0xdf,0xdf,0xf7,0xbf,0xef,
    0x9f,0xef,0x9f,0xe7,0x7f,0xe7,0x7f,0xe7,0x7f,0xe7,0x9f,0xe7,0x9f,0xe7,0x9f,0xe7,
    0x9f,0x6d,0x5f,0x9e,0x9f,0xe7,0x9f,0xe7,0x9f,0xe7,0x9f,0xe7,0x9f,0xef,0xff,0xc6,
    0xbf,0x75,0xff,0x44,0x5f,0x65,0xdf,0xb6,0x9f,0xef,0x9f,0xe7,0x9f,0xe7,0x9f,0xe7,
    0x9f,0xe7,0xff,0xbe,0x3f,0x55,0x9f,0xe7,0x9f,0xe7,0x9f,0xe7,0x9f,0xe7,0x9f,0xe7,
    0x9f,0xe7,0x9f,0xef,0x9f,0xef,0xbf,0xef,0xdf,0xf7,0x7f,0xdf,0x7f,0xdf,0x7f,0xe7,
    0x9f,0xe7,0xdf,0xf7,0x9f,0xe7,0x9f,0xe7,0xbf,0xef,0x9f,0xe7,0xdf,0xf7,0x9f,0xef,
    0x9f,0xe7,0x7f,0xdf,0x7f,0xdf,0xdf,0xf7,0xbf,0xef,0x9f,0xef,0x9f,0xe7,0x7f,0xe7,
    0x7f,0xe7,0x7f,0xe7,0x7f,0xe7,0x9f,0xe7,0x9f,0xe7,0xdf,0xb6,0x3f,0x55,0x9f,0xe7,
    0x9f,0xe7,0x9f,0xe7,0x9f,0xe7,0x9f,0xe7,0x9f,0xe7,0x9f,0xef,0x9f,0xe7,0x9f,0xe7,
    0x9f,0xe7,0x9f,0xe7,0x9f,0xe7,0x9f,0xe7,0x9f,0xe7,0x9f,0xe7,0xbf,0x75,0x5f,0x9e,
    0x9f,0xe7,0x9f,0xe7,0x9f,0xe7,0x9f,0xe7,0x9f,0xe7,0x9f,0xe7,0x9f,0xe7,0x9f,0xef,
    0xbf,0xef,0xdf,0xf7,0x7f,0xdf,0x7f,0xdf,0x7f,0xe7,0x9f,0xe7,0xdf,0xf7,0x9f,0xe7,
    0x9f,0xe7,0x9f,0xef,0x9f,0xe7,0xdf,0xf7,0x9f,0xef,0x7f,0xe7,0x7f,0xdf,0x7f,0xdf,
    0xdf,0xf7,0xbf,0xef,0x9f,0xef,0x9f,0xe7,0x7f,0xe7,0x7f,0xe7,0x7f,0xe7,0x7f,0xe7,
    0x7f,0xe7,0x9f,0xe7,0x7f,0xe7,0x5f,0x5d,0x9f,0xa6,0x9f,0xe7,0x9f,0xe7,0x9f,0xe7,
    0x9f,0xe7,0x9f,0xe7,0x9f,0xe7,0x9f,0xe7,0x9f,0xe7,0x9f,0xe7,0x9f,0xe7,0x9f,0xe7,
    0x9f,0xe7,0x9f,0xe7,0xbf,0xb6,0x3f,0x55,0x5f,0xdf,0x9f,0xe7,0x9f,0xe7,0x9f,0xe7,
    0x9f,0xe7,0x9f,0xe7,0x9f,0xe7,0x9f,0xe7,0x9f,0xef,0xbf,0xef,0xdf,0xf7,0x7f,0xdf,
    0x7f,0xdf,0x7f,0xe7,0x9f,0xe7,0xdf,0xf7,0x9f,0xe7,0x9f,0xe7,0x9f,0xef,0x9f,0xe7,
    0xdf,0xf7,0x9f,0xe7,0x7f,0xe7,0x7f,0xdf,0x7f,0xdf,0xdf,0xf7,0xbf,0xef,0x9f,0xef,
    0x7f,0xe7,0x7f,0xe7,0x7f,0xe7,0x7f,0xe7,0x7f,0xe7,0x7f,0xe7,0x7f,0xe7,0x7f,0xe7,
    0x1f,0xc7,0x1f,0x4d,0xff,0xc6,0x9f,0xe7,0x9f,0xe7,0x9f,0xe7,0x9f,0xef,0x9f,0xe7,
    0xdf,0xbe,0x9f,0xe7,0x9f,0xef,0x9f,0xe7,0x9f,0xe7,0x9f,0xe7,0x1f,0xcf,0xff,0x4c,
    0xff,0xbe,0x9f,0xe7,0x9f,0xe7,0x9f,0xe7,0x9f,0xe7,0x9f,0xe7,0x9f,0xe7,0x9f,0xe7,
    0x9f,0xe7,0x9f,0xef,0xbf,0xef,0xdf,0xf7,0x7f,0xdf,0x5f,0xdf,0x7f,0xe7,0x9f,0xe7,
    0xdf,0xf7,0x9f,0xe7,0x9f,0xe7,0x9f,0xef,0x9f,0xe7,0xdf,0xf7,0x9f,0xe7,0x7f,0xe7,
    0x7f,0xdf,0x7f,0xdf,0xdf,0xf7,0xbf,0xef,0x9f,0xef,0x7f,0xe7,0x7f,0xe7,0x7f,0xe7,
    0x7f,0xe7,0x7f,0xe7,0x7f,0xe7,0x7f,0xe7,0x7f,0xe7,0x9f,0xe7,0x9f,0xae,0x1f,0x4d,
    0xdf,0xb6,0x9f,0xe7,0x9f,0xe7,0x9f,0xe7,0x9f,0xe7,0x3f,0x55,0x7f,0xdf,0x9f,0xef,
    0x9f,0xe7,0x9f,0xe7,0xdf,0xbe,0x1f,0x4d,0x7f,0xa6,0x9f,0xe7,0x9f,0xe7,0x9f,0xe7,
    0x9f,0xe7,0x7f,0xe7,0x9f,0xe7,0x9f,0xe7,0x9f,0xe7,0x9f,0xe7,0x9f,0xef,0xbf,0xef,
    0xdf,0xf7,0x7f,0xdf,0x5f,0xdf,0x7f,0xe7,0x9f,0xe7,0xdf,0xf7,0x9f,0xe7,0x9f,0xe7,
    0xbf,0xef,0x9f,0xe7,0xdf,0xf7,0x9f,0xe7,0x7f,0xe7,0x7f,0xdf,0x7f,0xdf,0xdf,0xf7,
    0xbf,0xef,0x9f,0xef,0x7f,0xe7,0x7f,0xe7,0x7f,0xe7,0x7f,0xe7,0x7f,0xe7,0x7f,0xe7,
    0x7f,0xe7,0x9f,0xe7,0x9f,0xe7,0x7f,0xe7,0xdf,0xb6,0x1f,0x4d,0xff,0x85,0x3f,0xcf,
    0x9f,0xef,0x9f,0xe7,0x3f,0x55,0x5f,0xd7,0x9f,0xef,0x3f,0xd7,0xdf,0x7d,0xff,0x4c,
    0xbf,0xb6,0x9f,0xe7,0x9f,0xe7,0x9f,0xe7,0x9f,0xe7,0x9f,0xe7,0x7f,0xe7,0x9f,0xe7,
    0x7f,0xe7,0x9f,0xe7,0x9f,0xe7,0x9f,0xef,0xbf,0xef,0xdf,0xf7,0x7f,0xdf,0x5f,0xdf,
    0x7f,0xe7,0x9f,0xe7,0xdf,0xf7,0x9f,0xe7,0x9f,0xef,0xbf,0xef,0x9f,0xe7,0xdf,0xf7,
    0x9f,0xe7,0x7f,0xe7,0x5f,0xdf,0x7f,0xdf,0xdf,0xf7,0xbf,0xef,0x9f,0xef,0x7f,0xe7,
    0x7f,0xe7,0x7f,0xe7,0x7f,0xe7,0x7f,0xe7,0x7f,0xe7,0x7f,0xe7,0x7f,0xe7,0x7f,0xe7,
    0x7f,0xe7,0x9f,0xe7,0x5f,0xd7,0x1f,0x8e,0xdf,0x3c,0x7f,0x65,0x3f,0x8e,0xff,0x44,
    0xff,0x7d,0x7f,0x65,0xdf,0x44,0xff,0x85,0x5f,0xdf,0x9f,0xe7,0x9f,0xe7,0x9f,0xe7,
    0x9f,0xe7,0x9f,0xe7,0x7f,0xe7,0x7f,0xe7,0x7f,0xe7,0x7f,0xe7,0x7f,0xe7,0x9f,0xe7,
    0x9f,0xef,0xbf,0xef,0xdf,0xf7,0x5f,0xd7,0x5f,0xdf,0x7f,0xdf,0x9f,0xe7,0xdf,0xf7,
    0x9f,0xe7,0x9f,0xe7,0xbf,0xef,0x9f,0xe7,0xdf,0xf7,0x9f,0xe7,0x7f,0xe7,0x5f,0xdf,
    0x5f,0xdf,0xdf,0xf7,0xbf,0xef,0x9f,0xe7,0x7f,0xe7,0x7f,0xe7,0x7f,0xe7,0x7f,0xe7,
    0x7f,0xe7,0x7f,0xe7,0x7f,0xe7,0x7f,0xe7,0x7f,0xe7,0x7f,0xe7,0x7f,0xe7,0x9f,0xe7,
    0x7f,0xe7,0x7f,0xdf,0x9f,0xa6,0x5f,0x9e,0xff,0x44,0x3f,0x8e,0x7f,0xa6,0x7f,0xe7,
    0x9f,0xe7,0x7f,0xe7,0x7f,0xe7,0x7f,0xe7,0x9f,0xe7,0x7f,0xe7,0x7f,0xe7,0x7f,0xe7,
    0x7f,0xe7,0x7f,0xe7,0x7f,0xe7,0x7f,0xe7,0x9f,0xe7,0x9f,0xef,0xbf,0xef,0xdf,0xf7,
    0x5f,0xd7,0x5f,0xdf,0x7f,0xdf,0x9f,0xe7,0xdf,0xf7,0x9f,0xe7,0x9f,0xe7,0xbf,0xef,
    0x9f,0xe7,0xdf,0xf7,0x9f,0xe7,0x7f,0xe7,0x5f,0xdf,0x5f,0xdf,0xdf,0xf7,0xbf,0xef,
    0x9f,0xe7,0x7f,0xe7,0x7f,0xe7,0x7f,0xe7,0x7f,0xe7,0x7f,0xe7,0x7f,0xe7,0x7f,0xe7,
    0x7f,0xe7,0x7f,0xe7,0x7f,0xe7,0x7f,0xe7,0x7f,0xe7,0x7f,0xe7,0x7f,0xe7,0x9f,0xe7,
    0x9f,0xe7,0x3f,0x55,0x5f,0xd7,0x9f,0xe7,0x9f,0xe7,0x7f,0xe7,0x7f,0xe7,0x7f,0xe7,
    0x7f,0xe7,0x7f,0xe7,0x7f,0xe7,0x7f,0xe7,0x7f,0xe7,0x7f,0xe7,0x7f,0xe7,0x7f,0xe7,
    0x7f,0xe7,0x7f,0xe7,0x9f,0xef,0xbf,0xef,0xdf,0xf7,0x5f,0xd7,0x5f,0xdf,0x7f,0xdf,
    0x9f,0xe7,0xdf,0xf7,0x9f,0xe7,0x9f,0xe7,0xbf,0xef,0x9f,0xe7,0xdf,0xf7,0x9f,0xe7,
    0x7f,0xe7,0x5f,0xdf,0x5f,0xdf,0xdf,0xf7,0xbf,0xef,0x9f,0xe7,0x7f,0xe7,0x7f,0xe7,
    0x7f,0xe7,0x7f,0xe7,0x7f,0xe7,0x7f,0xe7,0x7f,0xe7,0x7f,0xe7,0x7f,0xe7,0x7f,0xe7,
    0x7f,0xe7,0x7f,0xe7,0x7f,0xe7,0x7f,0xe7,0x7f,0xe7,0x9f,0xe7,0x3f,0x55,0x5f,0xdf,
    0x9f,0xe7,0x7f,0xe7,0x7f,0xe7,0x7f,0xe7,0x7f,0xe7,0x7f,0xe7,0x7f,0xe7,0x7f,0xe7,
    0x7f,0xe7,0x7f,0xe7,0x7f,0xe7,0x7f,0xe7,0x7f,0xe7,0x7f,0xe7,0x7f,0xe7,0x9f,0xef,
    0xbf,0xef,0xdf,0xf7,0x5f,0xd7,0x5f,0xdf,0x7f,0xe7,0x9f,0xe7,0xdf,0xf7,0x9f,0xe7,
    0x9f,0xe7,0xbf,0xef,0x9f,0xe7,0xdf,0xf7,0x9f,0xe7,0x7f,0xe7,0x5f,0xdf,0x5f,0xdf,
    0xdf,0xf7,0xbf,0xef,0x9f,0xe7,0x7f,0xe7,0x7f,0xe7,0x7f,0xe7,0x7f,0xe7,0x7f,0xe7,
    0x7f,0xe7,0x7f,0xe7,0x7f,0xe7,0x7f,0xe7,0x7f,0xe7,0x7f,0xe7,0x7f,0xe7,0x7f,0xe7,
    0x7f,0xe7,0x7f,0xe7,0x7f,0xe7,0x9f,0xae,0x7f,0xe7,0x7f,0xe7,0x7f,0xe7,0x7f,0xe7,
    0x7f,0xe7,0x7f,0xe7,0x7f,0xe7,0x7f,0xe7,0x7f,0xe7,0x7f,0xe7,0x7f,0xe7,0x7f,0xe7,
    0x7f,0xe7,0x7f,0xe7,0x7f,0xe7,0x7f,0xe7,0x9f,0xe7,0xbf,0xef,0xdf,0xf7,0x5f,0xdf,
    0x5f,0xdf,0x7f,0xe7,0x9f,0xe7,0xdf,0xf7,0x9f,0xe7,0x9f,0xe7,0xbf,0xef,0x9f,0xe7,
    0xdf,0xf7,0x9f,0xe7,0x7f,0xe7,0x5f,0xdf,0x7f,0xdf,0xdf,0xf7,0xbf,0xef,0x9f,0xe7,
    0x7f,0xe7,0x7f,0xe7,0x7f,0xe7,0x7f,0xe7,0x7f,0xe7,0x7f,0xe7,0x7f,0xe7,0x7f,0xe7,
    0x7f,0xe7,0x7f,0xe7,0x7f,0xe7,0x7f,0xe7,0x7f,0xe7,0x7f,0xe7,0x7f,0xe7,0x7f,0xe7,
    0x7f,0xe7,0x7f,0xe7,0x7f,0xe7,0x7f,0xe7,0x7f,0xe7,0x7f,0xe7,0x7f,0xe7,0x7f,0xe7,
    0x7f,0xe7,0x7f,0xe7,0x7f,0xe7,0x7f,0xe7,0x7f,0xe7,0x7f,0xe7,0x7f,0xe7,0x7f,0xe7,
    0x7f,0xe7,0x9f,0xef,0xbf,0xef,0xdf,0xf7,0x7f,0xdf,0x5f,0xdf,0x7f,0xe7,0x9f,0xe7,
    0xdf,0xf7,0x9f,0xe7,0x9f,0xe7,0xbf,0xef,0x9f,0xe7,0xdf,0xf7,0x9f,0xef,0x7f,0xe7,
    0x5f,0xdf,0x7f,0xdf,0xdf,0xf7,0xbf,0xef,0x9f,0xef,0x7f,0xe7,0x7f,0xe7,0x7f,0xe7,
    0x7f,0xe7,0x7f,0xe7,0x7f,0xe7,0x7f,0xe7,0x7f,0xe7,0x7f,0xe7,0x7f,0xe7,0x7f,0xe7,
    0x7f,0xe7,0x7f,0xe7,0x7f,0xe7,0x7f,0xe7,0x7f,0xe7,0x7f,0xe7,0x7f,0xe7,0x7f,0xe7,
    0x7f,0xe7,0x7f,0xe7,0x7f,0xe7,0x7f,0xe7,0x7f,0xe7,0x7f,0xe7,0x7f,0xe7,0x7f,0xe7,
    0x7f,0xe7,0x7f,0xe7,0x7f,0xe7,0x7f,0xe7,0x7f,0xe7,0x7f,0xe7,0x9f,0xef,0xbf,0xef,
    0xdf,0xf7,0x7f,0xdf,0x5f,0xdf,0x7f,0xe7,0x9f,0xe7,0xdf,0xf7,0x9f,0xe7,0x9f,0xe7,
    0xbf,0xef,0x9f,0xe7,0xdf,0xf7,0x9f,0xef,0x7f,0xe7,0x7f,0xdf,0x7f,0xdf,0xdf,0xf7,
    0xbf,0xef,0x9f,0xef,0x7f,0xe7,0x7f,0xe7,0x7f,0xe7,0x7f,0xe7,0x7f,0xe7,0x7f,0xe7,
    0x7f,0xe7,0x7f,0xe7,0x7f,0xe7,0x7f,0xe7,0x7f,0xe7,0x7f,0xe7,0x7f,0xe7,0x7f,0xe7,
    0x7f,0xe7,0x7f,0xe7,0x7f,0xe7,0x7f,0xe7,0x7f,0xe7,0x7f,0xe7,0x7f,0xe7,0x7f,0xe7,
    0x7f,0xe7,0x7f,0xe7,0x7f,0xe7,0x7f,0xe7,0x7f,0xe7,0x7f,0xe7,0x7f,0xe7,0x7f,0xe7,
    0x7f,0xe7,0x7f,0xe7,0x7f,0xe7,0x9f,0xef,0xbf,0xef,0xdf,0xf7,0x7f,0xdf,0x7f,0xdf,
    0x7f,0xe7,0x9f,0xe7,0xdf,0xf7,0x9f,0xe7,0x9f,0xe7,0xbf,0xef,0x9f,0xe7,0xdf,0xf7,
    0x9f,0xef,0x9f,0xe7,0x7f,0xdf,0x7f,0xdf,0xdf,0xf7,0xbf,0xef,0x9f,0xef,0x9f,0xe7,
    0x7f,0xe7,0x7f,0xe7,0x7f,0xe7,0x7f,0xe7,0x7f,0xe7,0x7f,0xe7,0x7f,0xe7,0x7f,0xe7,
    0x7f,0xe7,0x7f,0xe7,0x7f,0xe7,0x7f,0xe7,0x7f,0xe7,0x7f,0xe7,0x7f,0xe7,0x7f,0xe7,
    0x7f,0xe7,0x7f,0xe7,0x7f,0xe7,0x7f,0xe7,0x7f,0xe7,0x7f,0xe7,0x7f,0xe7,0x7f,0xe7,
    0x7f,0xe7,0x7f,0xe7,0x7f,0xe7,0x7f,0xe7,0x7f,0xe7,0x7f,0xe7,0x7f,0xe7,0x9f,0xe7,
    0x9f,0xef,0xbf,0xef,0xdf,0xf7,0x7f,0xdf,0x7f,0xdf,0x7f,0xe7,0x9f,0xe7,0xdf,0xf7,
    0x9f,0xe7,0x9f,0xe7,0xbf,0xef,0x9f,0xe7,0xdf,0xf7,0x9f,0xef,0x9f,0xe7,0x7f,0xdf,
    0x5f,0xd7,0xbf,0xf7,0xbf,0xf7,0xbf,0xef,0x9f,0xe7,0x7f,0xe7,0x7f,0xe7,0x7f,0xe7,
    0x7f,0xe7,0x7f,0xe7,0x7f,0xe7,0x7f,0xe7,0x7f,0xe7,0x7f,0xe7,0x7f,0xe7,0x7f,0xe7,
    0x7f,0xe7,0x7f,0xe7,0x7f,0xe7,0x7f,0xe7,0x7f,0xe7,0x7f,0xe7,0x7f,0xe7,0x7f,0xe7,
    0x7f,0xe7,0x7f,0xe7,0x7f,0xe7,0x7f,0xe7,0x7f,0xe7,0x7f,0xe7,0x7f,0xe7,0x7f,0xe7,
    0x7f,0xe7,0x7f,0xe7,0x7f,0xe7,0x7f,0xe7,0x9f,0xef,0xbf,0xef,0xbf,0xf7,0xbf,0xef,
    0x5f,0xd7,0x7f,0xdf,0x7f,0xe7,0x9f,0xe7,0xdf,0xf7,0x9f,0xe7,0x9f,0xe7,0xbf,0xef,
    0x9f,0xef,0xdf,0xf7,0x9f,0xef,0x9f,0xe7,0x7f,0xe7,0x7f,0xdf,0x9f,0xe7,0xdf,0xf7,
    0xbf,0xef,0x9f,0xef,0x9f,0xe7,0x7f,0xe7,0x7f,0xe7,0x7f,0xe7,0x7f,0xe7,0x7f,0xe7,
    0x7f,0xe7,0x7f,0xe7,0x7f,0xe7,0x7f,0xe7,0x7f,0xe7,0x7f,0xe7,0x7f,0xe7,0x7f,0xe7,
    0x7f,0xe7,0x7f,0xe7,0x7f,0xe7,0x7f,0xe7,0x7f,0xe7,0x7f,0xe7,0x7f,0xe7,0x7f,0xe7,
    0x7f,0xe7,0x7f,0xe7,0x7f,0xe7,0x7f,0xe7,0x7f,0xe7,0x7f,0xe7,0x7f,0xe7,0x7f,0xe7,
    0x9f,0xe7,0x9f,0xef,0xbf,0xef,0xdf,0xf7,0x9f,0xe7,0x5f,0xdf,0x7f,0xdf,0x9f,0xe7,
    0x9f,0xe7,0xdf,0xf7,0x9f,0xe7,0x9f,0xe7,0xbf,0xef,0xbf,0xef,0xdf,0xf7,0x9f,0xef,
    0x9f,0xe7,0x7f,0xe7,0x7f,0xdf,0x5f,0xd7,0xdf,0xf7,0xbf,0xf7,0xbf,0xef,0x9f,0xef,
    0x9f,0xef,0x9f,0xe7,0x9f,0xe7,0x9f,0xe7,0x9f,0xe7,0x9f,0xe7,0x9f,0xe7,0x9f,0xe7,
    0x9f,0xe7,0x7f,0xe7,0x7f,0xe7,0x7f,0xe7,0x7f,0xe7,0x9f,0xe7,0x9f,0xe7,0x9f,0xe7,
    0x9f,0xe7,0x9f,0xe7,0x9f,0xe7,0x9f,0xe7,0x9f,0xe7,0x9f,0xe7,0x9f,0xe7,0x9f,0xe7,
    0x9f,0xe7,0x9f,0xe7,0x9f,0xe7,0x9f,0xe7,0x9f,0xef,0x9f,0xef,0xbf,0xef,0xdf,0xf7,
    0xdf,0xf7,0x5f,0xd7,0x7f,0xdf,0x7f,0xe7,0x9f,0xe7,0x9f,0xe7,0xdf,0xf7,0x9f,0xe7,
    0x9f,0xe7,0xbf,0xef,0xbf,0xef,0xdf,0xf7,0x9f,0xef,0x9f,0xe7,0x9f,0xe7,0x7f,0xdf,
    0x5f,0xdf,0x7f,0xdf,0xdf,0xf7,0xbf,0xf7,0xbf,0xef,0xbf,0xef,0x9f,0xef,0x9f,0xef,
    0x9f,0xef,0x9f,0xef,0x9f,0xef,0x9f,0xef,0x9f,0xef,0x9f,0xef,0x9f,0xef,0x9f,0xef,
    0x9f,0xef,0x9f,0xef,0x9f,0xef,0x9f,0xef,0x9f,0xef,0x9f,0xef,0x9f,0xef,0x9f,0xef,
    0x9f,0xef,0x9f,0xef,0x9f,0xef,0x9f,0xef,0x9f,0xef,0x9f,0xef,0x9f,0xef,0x9f,0xef,
    0x9f,0xef,0xbf,0xef,0xbf,0xef,0xdf,0xf7,0xdf,0xf7,0x7f,0xdf,0x5f,0xdf,0x7f,0xdf,
    0x7f,0xe7,0x9f,0xe7,0x9f,0xe7,0xdf,0xf7,0x9f,0xe7,0x9f,0xe7,0xbf,0xef,0xbf,0xef,
    0xdf,0xf7,0xbf,0xef,0x9f,0xe7,0x9f,0xe7,0x7f,0xe7,0x7f,0xdf,0x5f,0xd7,0x7f,0xdf,
    0xdf,0xf7,0xdf,0xf7,0xdf,0xf7,0xbf,0xef,0xbf,0xef,0xbf,0xef,0xbf,0xef,0xbf,0xef,
    0xbf,0xef,0xbf,0xef,0xbf,0xef,0xbf,0xef,0xbf,0xef,0xbf,0xef,0xbf,0xef,0xbf,0xef,
    0xbf,0xef,0xbf,0xef,0xbf,0xef,0xbf,0xef,0xbf,0xef,0xbf,0xef,0xbf,0xef,0xbf,0xef,
    0xbf,0xef,0xbf,0xef,0xbf,0xef,0xbf,0xef,0xbf,0xef,0xbf,0xef,0xbf,0xf7,0xdf,0xf7,
    0xbf,0xf7,0x7f,0xdf,0x5f,0xd7,0x5f,0xdf,0x7f,0xdf,0x9f,0xe7,0x9f,0xe7,0x9f,0xef,
    0xdf,0xf7,0x9f,0xe7,0x9f,0xe7,0xbf,0xef,0x9f,0xef,0xdf,0xf7,0xbf,0xef,0x9f,0xe7,
    0x9f,0xe7,0x7f,0xe7,0x7f,0xdf,0x5f,0xdf,0x5f,0xd7,0x5f,0xd7,0x7f,0xdf,0xbf,0xef,
    0xbf,0xef,0xbf,0xf7,0xbf,0xf7,0xbf,0xf7,0xbf,0xf7,0xbf,0xf7,0xbf,0xf7,0xbf,0xef,
    0xbf,0xef,0xbf,0xef,0xbf,0xef,0xbf,0xf7,0xdf,0xf7,0xdf,0xf7,0xdf,0xf7,0xdf,0xf7,
    0xdf,0xf7,0xbf,0xf7,0xbf,0xf7,0xbf,0xf7,0xbf,0xf7,0xbf,0xef,0xbf,0xef,0xbf,0xef,
    0xbf,0xef,0xbf,0xef,0xbf,0xef,0xbf,0xef,0x5f,0xd7,0x5f,0xd7,0x5f,0xd7,0x5f,0xd7,
    0x7f,0xdf,0x7f,0xdf,0x9f,0xe7,0x9f,0xe7,0x9f,0xef,0xdf,0xf7,0x9f,0xe7,0x9f,0xe7,
    0xbf,0xef,0x9f,0xe7,0xdf,0xf7,0x9f,0xef,0x9f,0xe7,0x9f,0xe7,0x9f,0xe7,0x7f,0xdf,
    0x5f,0xdf,0x5f,0xd7,0x3f,0xd7,0x3f,0xcf,0x3f,0xcf,0x1f,0xcf,0x1f,0xc7,0x1f,0xc7,
    0x1f,0xc7,0x1f,0xc7,0x1f,0xc7,0x1f,0xc7,0x1f,0xc7,0x1f,0xc7,0x1f,0xc7,0x1f,0xc7,
    0x1f,0xc7,0x1f,0xc7,0xff,0xc6,0x1f,0xc7,0xff,0xc6,0x1f,0xc7,0x1f,0xcf,0x3f,0xcf,
    0x3f,0xcf,0x1f,0xcf,0x1f,0xc7,0x3f,0xcf,0x3f,0xc7,0x1f,0xc7,0x1f,0xc7,0x1f,0xc7,
    0x1f,0xcf,0x3f,0xcf,0x3f,0xcf,0x3f,0xd7,0x5f,0xd7,0x7f,0xdf,0x7f,0xe7,0x9f,0xe7,
    0x9f,0xe7,0x9f,0xe7,0xdf,0xf7,0x9f,0xe7,0x9f,0xe7,0xbf,0xef,0x9f,0xe7,0xdf,0xf7,
    0x9f,0xef,0x9f,0xe7,0x9f,0xe7,0x9f,0xe7,0x7f,0xe7,0x7f,0xdf,0x5f,0xdf,0x5f,0xd7,
    0x3f,0xd7,0x1f,0xcf,0x1f,0xcf,0x1f,0xcf,0x1f,0xcf,0x1f,0xcf,0x1f,0xcf,0x1f,0xcf,
    0x1f,0xc7,0x1f,0xc7,0x1f,0xc7,0x1f,0xc7,0x1f,0xcf,0x1f,0xcf,0x1f,0xcf,0x1f,0xcf,
    0x1f,0xc7,0x1f,0xc7,0x1f,0xc7,0x1f,0xc7,0x1f,0xcf,0x1f,0xcf,0x1f,0xc7,0x1f,0xc7,
    0x1f,0xcf,0x1f,0xcf,0x1f,0xc7,0x1f,0xc7,0x1f,0xc7,0x1f,0xcf,0x1f,0xcf,0x3f,0xd7,
    0x5f,0xd7,0x5f,0xdf,0x7f,0xdf,0x9f,0xe7,0x9f,0xe7,0x9f,0xe7,0x9f,0xe7,0xdf,0xf7,
    0x9f,0xe7,0x9f,0xe7,0xbf,0xef,0x9f,0xe7,0xdf,0xf7,0x9f,0xef,0x9f,0xe7,0x9f,0xe7,
    0x9f,0xe7,0x9f,0xe7,0x7f,0xe7,0x7f,0xdf,0x5f,0xdf,0x5f,0xd7,0x3f,0xd7,0x3f,0xd7,
    0x3f,0xcf,0x3f,0xcf,0x3f,0xcf,0x3f,0xcf,0x3f,0xcf,0x3f,0xcf,0x3f,0xcf,0x3f,0xcf,
    0x3f,0xcf,0x3f,0xcf,0x3f,0xcf,0x3f,0xcf,0x3f,0xcf,0x3f,0xcf,0x3f,0xcf,0x3f,0xcf,
    0x3f,0xcf,0x3f,0xcf,0x3f,0xcf,0x3f,0xcf,0x3f,0xcf,0x3f,0xcf,0x3f,0xcf,0x3f,0xcf,
    0x3f,0xcf,0x3f,0xcf,0x3f,0xd7,0x5f,0xd7,0x5f,0xd7,0x7f,0xdf,0x7f,0xdf,0x9f,0xe7,
    0x9f,0xe7,0x9f,0xe7,0x9f,0xe7,0x9f,0xe7,0xdf,0xf7,0x9f,0xe7,0x9f,0xe7,0xbf,0xef,
    0x9f,0xe7,0xdf,0xf7,0x9f,0xef,0x9f,0xe7,0x9f,0xe7,0x9f,0xe7,0x9f,0xe7,0x9f,0xe7,
    0x9f,0xe7,0x7f,0xe7,0x7f,0xdf,0x7f,0xdf,0x5f,0xdf,0x5f,0xdf,0x5f,0xdf,0x5f,0xdf,
    0x5f,0xdf,0x5f,0xdf,0x5f,0xd7,0x5f,0xd7,0x5f,0xd7,0x5f,0xd7,0x5f,0xd7,0x5f,0xd7,
    0x5f,0xd7,0x5f,0xd7,0x5f,0xd7,0x5f,0xd7,0x5f,0xd7,0x5f,0xd7,0x5f,0xd7,0x5f,0xd7,
    0x5f,0xd7,0x5f,0xd7,0x5f,0xd7,0x5f,0xd7,0x5f,0xd7,0x5f,0xd7,0x5f,0xd7,0x5f,0xdf,
    0x5f,0xdf,0x7f,0xdf,0x7f,0xdf,0x9f,0xe7,0x9f,0xe7,0x9f,0xe7,0x9f,0xe7,0x9f,0xe7,
    0x9f,0xe7,0xdf,0xf7,0xbf,0xe7,0x9f,0xe7,0xbf,0xef,0x9f,0xe7,0xdf,0xf7,0x9f,0xef,
    0x9f,0xe7,0x9f,0xe7,0x9f,0xe7,0x9f,0xe7,0x9f,0xe7,0x9f,0xe7,0x9f,0xe7,0x9f,0xe7,
    0x7f,0xe7,0x7f,0xe7,0x7f,0xdf,0x7f,0xdf,0x7f,0xdf,0x7f,0xdf,0x7f,0xdf,0x7f,0xdf,
    0x7f,0xdf,0x7f,0xdf,0x7f,0xdf,0x7f,0xdf,0x7f,0xdf,0x7f,0xdf,0x7f,0xdf,0x7f,0xdf,
    0x7f,0xdf,0x7f,0xdf,0x7f,0xdf,0x7f,0xdf,0x7f,0xdf,0x7f,0xdf,0x7f,0xdf,0x7f,0xdf,
    0x7f,0xdf,0x7f,0xdf,0x7f,0xdf,0x7f,0xdf,0x7f,0xdf,0x7f,0xdf,0x9f,0xe7,0x9f,0xe7,
    0x9f,0xe7,0x9f,0xe7,0x9f,0xe7,0x9f,0xe7,0x9f,0xe7,0x9f,0xe7,0xdf,0xf7,0xbf,0xe7,
    0x9f,0xe7,0xbf,0xef,0x9f,0xe7,0xdf,0xf7,0x9f,0xef,0x9f,0xe7,0x9f,0xe7,0x9f,0xe7,
    0x9f,0xe7,0x9f,0xe7,0x9f,0xe7,0x9f,0xe7,0x9f,0xe7,0x9f,0xe7,0x9f,0xe7,0x9f,0xe7,
    0x9f,0xe7,0x9f,0xe7,0x9f,0xe7,0x9f,0xe7,0x9f,0xe7,0x9f,0xe7,0x9f,0xe7,0x9f,0xe7,
    0x9f,0xe7,0x7f,0xe7,0x9f,0xe7,0x7f,0xe7,0x7f,0xe7,0x7f,0xe7,0x7f,0xe7,0x7f,0xe7,
    0x7f,0xe7,0x7f,0xe7,0x7f,0xe7,0x7f,0xe7,0x9f,0xe7,0x9f,0xe7,0x9f,0xe7,0x9f,0xe7,
    0x9f,0xe7,0x9f,0xe7,0x9f,0xe7,0x9f,0xe7,0x9f,0xe7,0x9f,0xe7,0x9f,0xe7,0x9f,0xe7,
    0x9f,0xe7,0x9f,0xe7,0x9f,0xe7,0xdf,0xf7,0x9f,0xe7,0x9f,0xe7,0xbf,0xef,0x9f,0xe7,
    0xdf,0xf7,0x9f,0xef,0x9f,0xe7,0x9f,0xe7,0x9f,0xe7,0x9f,0xe7,0x9f,0xe7,0x9f,0xe7,
    0x9f,0xe7,0x9f,0xe7,0x9f,0xe7,0x9f,0xe7,0x9f,0xe7,0x9f,0xe7,0x9f,0xe7,0x9f,0xe7,
    0x9f,0xe7,0x9f,0xe7,0x9f,0xe7,0x9f,0xe7,0x9f,0xe7,0x9f,0xe7,0x9f,0xe7,0x9f,0xe7,
    0x9f,0xe7,0x9f,0xe7,0x9f,0xe7,0x9f,0xe7,0x9f,0xe7,0x9f,0xe7,0x9f,0xe7,0x9f,0xe7,
    0x9f,0xe7,0x9f,0xe7,0x9f,0xe7,0x9f,0xe7,0x9f,0xe7,0x9f,0xe7,0x9f,0xe7,0x9f,0xe7,
    0x9f,0xe7,0x9f,0xe7,0x9f,0xe7,0x9f,0xe7,0x9f,0xe7,0x9f,0xe7,0x9f,0xe7,0x9f,0xe7,
    0xdf,0xf7,0x9f,0xe7,0x9f,0xe7,0xbf,0xef,0x9f,0xe7,0xdf,0xf7,0x9f,0xef,0x9f,0xe7,
    0x9f,0xe7,0x9f,0xe7,0x9f,0xe7,0x9f,0xe7,0x9f,0xe7,0x9f,0xe7,0x9f,0xe7,0x9f,0xe7,
    0x9f,0xe7,0x9f,0xe7,0x9f,0xe7,0x9f,0xe7,0x9f,0xe7,0x9f,0xe7,0x9f,0xe7,0x9f,0xe7,
    0x9f,0xe7,0x9f,0xe7,0x9f,0xe7,0x9f,0xe7,0x9f,0xe7,0x9f,0xe7,0x9f,0xe7,0x9f,0xe7,
    0x9f,0xe7,0x9f,0xe7,0x9f,0xe7,0x9f,0xe7,0x9f,0xe7,0x9f,0xe7,0x9f,0xe7,0x9f,0xe7,
    0x9f,0xe7,0x9f,0xe7,0x9f,0xe7,0x9f,0xe7,0x9f,0xe7,0x9f,0xe7,0x9f,0xe7,0x9f,0xe7,
    0x9f,0xe7,0x9f,0xe7,0x9f,0xe7,0x9f,0xe7,0x9f,0xe7,0xdf,0xf7,0x9f,0xe7,0x9f,0xe7,
    0xbf,0xef,0x9f,0xe7,0xdf,0xf7,0x9f,0xef,0x9f,0xe7,0x9f,0xe7,0x9f,0xe7,0x9f,0xe7,
    0x9f,0xe7,0x9f,0xe7,0x9f,0xe7,0x9f,0xe7,0x9f,0xe7,0x9f,0xe7,0x9f,0xe7,0x9f,0xe7,
    0x9f,0xe7,0x9f,0xe7,0x9f,0xe7,0x9f,0xe7,0x9f,0xe7,0x9f,0xe7,0x9f,0xe7,0x9f,0xe7,
    0x9f,0xe7,0x9f,0xe7,0x9f,0xe7,0x9f,0xe7,0x9f,0xe7,0x9f,0xe7,0x9f,0xe7,0x9f,0xe7,
    0x9f,0xe7,0x9f,0xe7,0x9f,0xe7,0x9f,0xe7,0x9f,0xe7,0x9f,0xe7,0x9f,0xe7,0x9f,0xe7,
    0x9f,0xe7,0x9f,0xe7,0x9f,0xe7,0x9f,0xe7,0x9f,0xe7,0x9f,0xe7,0x9f,0xe7,0x9f,0xe7,
    0x9f,0xe7,0x9f,0xe7,0xdf,0xf7,0x9f,0xe7,0x9f,0xe7,0xbf,0xef,0x9f,0xe7,0xdf,0xf7,
    0x9f,0xef,0x9f,0xe7,0x9f,0xe7,0x9f,0xe7,0x9f,0xe7,0x9f,0xe7,0x9f,0xe7,0x9f,0xe7,
    0x9f,0xe7,0x9f,0xe7,0x9f,0xe7,0x9f,0xe7,0x9f,0xe7,0x9f,0xe7,0x9f,0xe7,0xbf,0xe7,
    0xbf,0xe7,0xbf,0xe7,0xbf,0xe7,0xbf,0xe7,0xbf,0xe7,0xbf,0xe7,0xbf,0xe7,0xbf,0xe7,
    0xbf,0xe7,0xbf,0xe7,0x9f,0xe7,0x9f,0xe7,0x9f,0xe7,0x9f,0xe7,0x9f,0xe7,0x9f,0xe7,
    0x9f,0xe7,0x9f,0xe7,0x9f,0xe7,0x9f,0xe7,0x9f,0xe7,0x9f,0xe7,0x9f,0xe7,0x9f,0xe7,
    0x9f,0xe7,0x9f,0xe7,0x9f,0xe7,0x9f,0xe7,0x9f,0xe7,0x9f,0xe7,0x9f,0xe7,0xdf,0xf7,
    0xbf,0xe7,0x9f,0xe7,0xbf,0xef,0x9f,0xe7,0xdf,0xf7,0x9f,0xef,0x9f,0xe7,0x9f,0xe7,
    0x9f,0xe7,0x9f,0xe7,0x9f,0xe7,0x9f,0xe7,0x9f,0xe7,0xbf,0xe7,0xbf,0xe7,0xbf,0xe7,
    0xbf,0xe7,0xbf,0xe7,0xbf,0xe7,0xbf,0xe7,0xbf,0xe7,0xbf,0xe7,0xbf,0xe7,0xbf,0xe7,
    0xbf,0xe7,0xbf,0xe7,0xbf,0xe7,0xbf,0xe7,0xbf,0xe7,0xbf,0xe7,0xbf,0xe7,0xbf,0xe7,
    0xbf,0xe7,0xbf,0xe7,0xbf,0xe7,0xbf,0xe7,0xbf,0xe7,0xbf,0xe7,0xbf,0xe7,0xbf,0xdf,
    0xbf,0xdf,0xbf,0xdf,0x9f,0xe7,0x9f,0xe7,0x9f,0xe7,0x9f,0xe7,0x9f,0xe7,0x9f,0xe7,
    0x9f,0xe7,0x9f,0xe7,0x9f,0xe7,0x9f,0xe7,0xdf,0xf7,0x9f,0xe7,0x9f,0xe7,0xbf,0xef,
    0x9f,0xe7,0xdf,0xf7,0x9f,0xef,0x9f,0xe7,0x9f,0xe7,0x9f,0xe7,0x9f,0xe7,0x9f,0xe7,
    0x9f,0xe7,0xbf,0xe7,0xbf,0xe7,0xbf,0xdf,0xbf,0xdf,0xdf,0xe7,0xdf,0xe7,0xdf,0xe7,
    0xdf,0xe7,0xdf,0xe7,0xdf,0xe7,0xdf,0xe7,0xdf,0xe7,0xdf,0xe7,0xbf,0xe7,0xdf,0xe7,
    0xdf,0xdf,0xbf,0xe7,0xbf,0xe7,0xbf,0xe7,0xbf,0xe7,0xbf,0xdf,0xbf,0xdf,0xbf,0xdf,
    0xbf,0xe7,0xbf,0xdf,0xbf,0xdf,0xbf,0xdf,0xbf,0xdf,0xbf,0xdf,0xbf,0xdf,0xbf,0xe7,
    0xbf,0xe7,0xbf,0xe7,0x9f,0xe7,0x9f,0xe7,0x9f,0xe7,0x9f,0xe7,0x9f,0xe7,0x9f,0xe7,
    0x9f,0xe7,0xdf,0xf7,0x9f,0xe7,0x9f,0xe7,0xbf,0xef,0x9f,0xe7,0xdf,0xf7,0x9f,0xef,
    0x9f,0xe7,0x9f,0xe7,0x9f,0xe7,0x9f,0xe7,0x9f,0xe7,0xbf,0xe7,0xbf,0xdf,0xbf,0xdf,
    0xdf,0xd7,0xdf,0xd7,0xdf,0xd7,0xdf,0xcf,0xdf,0xcf,0xdf,0xcf,0xdf,0xcf,0xdf,0xcf,
    0xdf,0xd7,0xdf,0xd7,0xdf,0xdf,0xdf,0xdf,0xdf,0xe7,0xdf,0xe7,0xdf,0xdf,0xdf,0xdf,
    0xdf,0xdf,0xdf,0xd7,0xdf,0xd7,0xdf,0xcf,0xdf,0xcf,0xdf,0xcf,0xdf,0xc7,0xdf,0xc7,
    0xdf,0xc7,0xdf,0xc7,0xdf,0xbf,0xdf,0xc7,0xdf,0xd7,0xbf,0xdf,0xbf,0xdf,0xbf,0xdf,
    0x9f,0xdf,0x9f,0xe7,0x9f,0xe7,0x9f,0xe7,0x9f,0xe7,0x9f,0xe7,0xdf,0xf7,0x9f,0xe7,
    0x9f,0xe7,0xbf,0xef,0x9f,0xe7,0xdf,0xf7,0x9f,0xef,0x9f,0xe7,0x9f,0xe7,0x9f,0xe7,
    0xbf,0xe7,0xbf,0xdf,0xbf,0xdf,0xdf,0xd7,0xdf,0xcf,0xff,0xc7,0xff,0xbf,0xff,0xb7,
    0xfe,0xaf,0xfe,0xa7,0xfe,0xa7,0xfe,0xaf,0xfe,0xaf,0xff,0xb7,0xff,0xbf,0xff,0xbf,
    0xff,0xc7,0xff,0xc7,0xff,0xc7,0xff,0xbf,0xff,0xb7,0xff,0xb7,0xff,0xb7,0xff,0xb7,
    0xff,0xb7,0xff,0xb7,0xff,0xaf,0xff,0xaf,0xff,0xaf,0xff,0xa7,0xfe,0xa7,0xfe,0xa7,
    0xfe,0xaf,0xff,0xb7,0xde,0xbf,0xbe,0xb7,0xbf,0xdf,0xbf,0xdf,0x9f,0xe7,0x9f,0xe7,
    0x9f,0xe7,0x9f,0xe7,0x9f,0xe7,0xdf,0xf7,0xbf,0xe7,0x9f,0xe7,0xbf,0xef,0x9f,0xe7,
    0xdf,0xf7,0x9f,0xe7,0x9f,0xe7,0x9f,0xe7,0x9f,0xe7,0xbf,0xdf,0xbf,0xdf,0xdf,0xdf,
    0xff,0xcf,0xfe,0xb7,0xfe,0xaf,0xfd,0xaf,0xfd,0xaf,0xfd,0xaf,0xfd,0xaf,0xfd,0xaf,
    0xfd,0xaf,0xfd,0xaf,0xfd,0xaf,0xfe,0xaf,0xfe,0xaf,0xfd,0xaf,0xfd,0xaf,0xfd,0xaf,
    0xfd,0xaf,0xfd,0xaf,0xfd,0xaf,0xfd,0xaf,0xfd,0xaf,0xfe,0xaf,0xfe,0xaf,0xfe,0xaf,
    0xfe,0xaf,0xfe,0xaf,0xfd,0xaf,0xfd,0xaf,0xfd,0xaf,0xfd,0xaf,0xfe,0xaf,0xfe,0xb7,
    0xff,0xcf,0xde,0xc7,0xbf,0xd7,0xbf,0xdf,0x9f,0xe7,0x9f,0xe7,0x9f,0xe7,0x9f,0xe7,
    0xdf,0xf7,0x9f,0xe7,0x9f,0xe7,0xbf,0xef,0x9f,0xe7,0xdf,0xf7,0x9f,0xe7,0x9f,0xe7,
    0x9f,0xe7,0xbf,0xdf,0xbf,0xdf,0xdf,0xc7,0xfe,0xc7,0xfe,0xaf,0xfd,0xa7,0xdd,0xa7,
    0xdc,0xa7,0xdc,0xa7,0xdc,0xa7,0xdc,0xa7,0xdc,0xa7,0xdc,0xa7,0xdc,0xa7,0xdd,0xa7,
    0xdd,0xa7,0xdd,0xa7,0xdd,0xa7,0xdd,0xa7,0xdc,0xa7,0xdc,0xa7,0xdc,0xa7,0xdd,0xa7,
    0xdd,0xa7,0xdd,0xa7,0xdc,0xa7,0xdc,0xa7,0xdc,0xa7,0xdc,0xa7,0xdc,0xa7,0xdc,0xa7,
    0xdc,0xa7,0xdc,0xa7,0xdc,0xa7,0xdd,0xa7,0xfd,0xa7,0xfe,0xaf,0xfe,0xbf,0xde,0xbf,
    0xbf,0xd7,0x9f,0xe7,0x9f,0xe7,0x9f,0xe7,0x9f,0xe7,0xdf,0xf7,0x9f,0xe7,0x9f,0xe7,
    0xbf,0xef,0xbf,0xe7,0xdf,0xf7,0x9f,0xe7,0x9f,0xe7,0x9f,0xe7,0xbf,0xdf,0xdf,0xd7,
    0xff,0xcf,0xfe,0xaf,0xdd,0xa7,0xdc,0xa7,0xbc,0xa7,0xbc,0xa7,0xbc,0xa7,0x9c,0xa7,
    0x9c,0xa7,0x9c,0xa7,0x9c,0xa7,0xbc,0xa7,0xbc,0xa7,0xbc,0xa7,0xbc,0xa7,0xbc,0xa7,
    0xbc,0xa7,0xbc,0xa7,0xbc,0xa7,0xbc,0xa7,0xbc,0xa7,0xbc,0xa7,0xbc,0xa7,0xbc,0xa7,
    0xbc,0xa7,0xbc,0xa7,0xbc,0xa7,0xbc,0xa7,0xbc,0xa7,0xbc,0xa7,0xbc,0xa7,0xbc,0xa7,
    0xbc,0xa7,0xdc,0xa7,0xdd,0xa7,0xfd,0xa7,0xfe,0xc7,0xdf,0xcf,0xbf,0xdf,0x9f,0xdf,
    0x9f,0xdf,0x9f,0xe7,0xdf,0xf7,0x9f,0xe7,0x9f,0xe7,0xbf,0xef,0xbf,0xef,0xdf,0xf7,
    0xbf,0xe7,0x9f,0xe7,0xbf,0xdf,0xbf,0xdf,0xff,0xcf,0xfe,0xaf,0xdd,0xa7,0xdc,0xa7,
    0xbc,0xa7,0x9c,0x9f,0x9c,0x9f,0x9c,0xa7,0x9c,0xa7,0x9c,0xa7,0x9c,0xa7,0x9c,0xa7,
    0x9c,0xa7,0x9c,0xa7,0x9c,0xa7,0x9c,0xa7,0x9c,0xa7,0x9c,0xa7,0x9c,0xa7,0x9c,0xa7,
    0x9c,0xa7,0x9c,0xa7,0x9c,0xa7,0x9c,0xa7,0x9c,0xa7,0x9c,0xa7,0x9c,0xa7,0x9c,0xa7,
    0x9c,0xa7,0x9c,0xa7,0x9c,0xa7,0x9c,0x9f,0x9c,0x9f,0x9c,0x9f,0xbc,0xa7,0xbc,0xa7,
    0xdd,0xa7,0xfe,0xa7,0xff,0xcf,0xbf,0xd7,0x9f,0xdf,0x9f,0xdf,0x9f,0xe7,0xdf,0xf7,
    0x9f,0xe7,0xbf,0xe7,0xbf,0xef,0xbf,0xef,0xdf,0xf7,0xbf,0xe7,0x9f,0xe7,0xbf,0xdf,
    0xdf,0xcf,0xff,0xcf,0xfd,0xa7,0xdd,0xa7,0xbc,0xa7,0x9c,0x9f,0x9c,0x9f,0x7c,0x9f,
    0x7c,0x9f,0x7c,0x9f,0x7b,0x9f,0x7b,0x9f,0x7b,0x9f,0x7b,0x9f,0x7b,0xa7,0x7b,0xa7,
    0x7b,0xa7,0x7b,0xa7,0x7b,0xa7,0x9b,0xa7,0x7b,0xa7,0x9c,0xa7,0x9c,0xa7,0x9c,0xa7,
    0x9c,0xa7,0x9c,0xa7,0x9c,0xa7,0x7c,0xa7,0x7c,0xa7,0x7c,0xa7,0x7c,0xa7,0x9c,0xa7,
    0x9c,0x9f,0x9c,0x9f,0x9c,0x9f,0x9c,0x9f,0xbc,0x9f,0xdc,0x9f,0xfd,0xa7,0xfe,0xaf,
    0xbe,0xbf,0x9f,0xdf,0x9f,0xdf,0x9f,0xe7,0xdf,0xf7,0x9f,0xe7,0xbf,0xe7,0xbf,0xef,
    0xbf,0xef,0xdf,0xf7,0xbf,0xe7,0xbf,0xdf,0xbf,0xdf,0xdf,0xd7,0xfe,0xb7,0xfd,0xa7,
    0xdc,0xa7,0x9c,0xa7,0x9c,0x9f,0x7b,0x9f,0x7b,0x9f,0x7b,0x9f,0x7b,0x9f,0x7b,0x9f,
    0x7b,0x9f,0x7b,0x9f,0x7b,0x9f,0x7b,0x9f,0x7b,0x9f,0x7b,0x9f,0x7b,0xa7,0x7b,0x9f,
    0x7b,0xa7,0x7b,0xa7,0x7b,0xa7,0x7b,0xa7,0x7b,0xa7,0x7b,0xa7,0x7c,0xa7,0x7c,0xa7,
    0x7c,0xa7,0x7c,0xa7,0x7c,0xa7,0x7c,0xa7,0x7c,0xa7,0x7c,0xa7,0x7c,0x9f,0x9c,0x9f,
    0x9c,0x9f,0x9c,0x9f,0xbc,0x9f,0xdd,0x9f,0xfe,0xa7,0xde,0xbf,0xbf,0xd7,0x9f,0xdf,
    0x9f,0xe7,0xdf,0xf7,0x9f,0xe7,0x9f,0xe7,0xbf,0xef,0xbf,0xe7,0xdf,0xf7,0xbf,0xe7,
    0xbf,0xdf,0xbf,0xdf,0xdf,0xcf,0xfe,0xaf,0xfd,0xa7,0xbc,0xa7,0x9c,0xa7,0x7c,0xa7,
    0x7b,0x9f,0x7b,0x9f,0x7b,0x9f,0x7b,0x9f,0x7b,0x9f,0x7b,0x9f,0x7b,0x9f,0x7b,0x9f,
    0x7b,0x9f,0x7b,0x9f,0x7b,0x9f,0x7b,0x9f,0x7b,0x9f,0x7b,0x9f,0x7b,0xa7,0x7b,0xa7,
    0x7b,0xa7,0x7b,0xa7,0x7b,0xa7,0x7b,0xa7,0x7b,0xa7,0x7b,0xa7,0x7b,0xa7,0x7b,0xa7,
    0x7c,0xa7,0x7b,0xa7,0x7b,0xa7,0x7b,0x9f,0x7b,0x9f,0x7c,0x9f,0x9c,0x9f,0xbc,0x9f,
    0xdd,0x9f,0xfe,0xa7,0xde,0xbf,0xbf,0xd7,0x9f,0xdf,0x9f,0xe7,0xdf,0xf7,0x9f,0xe7,
    0x9f,0xe7,0xbf,0xef,0xbf,0xe7,0xdf,0xf7,0xbf,0xe7,0xbf,0xdf,0xbf,0xd7,0xdf,0xcf,
    0xfe,0xaf,0xdd,0xa7,0xbc,0xa7,0x9c,0xa7,0x7c,0xa7,0x7b,0xa7,0x7b,0x9f,0x7b,0x9f,
    0x7b,0x9f,0x7b,0x9f,0x7b,0x9f,0x7b,0x9f,0x7b,0x9f,0x7b,0x9f,0x7b,0x9f,0x7b,0x9f,
    0x7b,0x9f,0x7b,0x9f,0x7b,0x9f,0x7b,0x9f,0x7b,0x9f,0x7b,0x9f,0x7b,0x9f,0x7b,0xa7,
    0x7b,0xa7,0x7b,0xa7,0x7b,0xa7,0x7b,0xa7,0x7b,0xa7,0x7b,0xa7,0x7b,0xa7,0x7b,0x9f,
    0x7b,0x9f,0x7b,0x9f,0x7c,0x9f,0x9c,0x9f,0xbc,0x9f,0xdd,0xa7,0xfe,0xa7,0xde,0xb7,
    0xbf,0xd7,0x9f,0xd7,0x9f,0xe7,0xdf,0xf7,0x9f,0xe7,0x9f,0xe7,0xbf,0xef,0xbf,0xe7,
    0xdf,0xf7,0xbf,0xe7,0xbf,0xdf,0xbf,0xd7,0xde,0xc7,0xfe,0xaf,0xdd,0xa7,0xbc,0xa7,
    0x9c,0xa7,0x7b,0x9f,0x7b,0x9f,0x7b,0x9f,0x7b,0x9f,0x7b,0x9f,0x7b,0x9f,0x7b,0x9f,
    0x7b,0x9f,0x7b,0x9f,0x7b,0x9f,0x7b,0x9f,0x7b,0x9f,0x7b,0x9f,0x7b,0x9f,0x7b,0x9f,
    0x7b,0x9f,0x7b,0x9f,0x7b,0x9f,0x7b,0x9f,0x7b,0x9f,0x7b,0xa7,0x7b,0xa7,0x7b,0xa7,
    0x7b,0xa7,0x7b,0xa7,0x7b,0x9f,0x7b,0x9f,0x7b,0x9f,0x7b,0x9f,0x7b,0x9f,0x7b,0x9f,
    0x9c,0x9f,0xbc,0x9f,0xdd,0xa7,0xfe,0xaf,0xde,0xb7,0xbf,0xcf,0x9f,0xd7,0x9f,0xdf,
    0xdf,0xef,0x9f,0xe7,0x9f,0xe7,0xbf,0xef,0x9f,0xe7,0xdf,0xf7,0xbf,0xe7,0xbf,0xdf,
    0xbf,0xd7,0xde,0xbf,0xff,0xb7,0xfd,0xaf,0xbc,0xa7,0x9c,0xa7,0x7c,0x9f,0x7b,0x9f,
    0x7b,0x9f,0x7b,0x9f,0x7b,0x9f,0x7b,0x9f,0x7b,0x9f,0x7b,0x9f,0x7b,0x9f,0x7b,0x9f,
    0x7b,0x9f,0x7b,0x9f,0x7b,0x9f,0x7b,0x9f,0x7b,0x9f,0x7b,0x9f,0x7b,0x9f,0x7b,0x9f,
    0x7b,0x9f,0x7b,0x9f,0x7b,0x9f,0x7b,0xa7,0x7b,0x9f,0x7b,0x9f,0x7b,0x9f,0x7b,0x9f,
    0x7b,0x9f,0x7b,0x9f,0x7b,0x9f,0x7b,0x9f,0x7b,0x9f,0x9c,0x9f,0xbc,0x9f,0xdd,0xa7,
    0xfe,0xaf,0xbe,0xb7,0xbe,0xcf,0x9f,0xd7,0x9f,0xdf,0xdf,0xef,0x9f,0xe7,0x9f,0xe7,
    0xbf,0xef,0x9f,0xe7,0xdf,0xf7,0xbf,0xe7,0xbf,0xd7,0xbe,0xcf,0xbe,0xbf,0xff,0xb7,
    0xfd,0xaf,0xbc,0xa7,0x9c,0xa7,0x7b,0x9f,0x7b,0x9f,0x7b,0x9f,0x7b,0x9f,0x7b,0x9f,
    0x7b,0x9f,0x7b,0x9f,0x7b,0x9f,0x7b,0x9f,0x7b,0x9f,0x7b,0x9f,0x7b,0x9f,0x7b,0x9f,
    0x7b,0x9f,0x7b,0x9f,0x7b,0x9f,0x7b,0x9f,0x7b,0x9f,0x7b,0x9f,0x7b,0x9f,0x7b,0x9f,
    0x7b,0x9f,0x7b,0x9f,0x7b,0x9f,0x7b,0x9f,0x7b,0x9f,0x7b,0x9f,0x7b,0x9f,0x7b,0x9f,
    0x7b,0x9f,0x7b,0x9f,0x9c,0x9f,0xbc,0x9f,0xdd,0xa7,0xfe,0xb7,0xbe,0xaf,0x9e,0xcf,
    0x9f,0xd7,0xbf,0xdf,0xdf,0xef,0x9f,0xe7,0x9f,0xe7,0xbf,0xef,0x9f,0xe7,0xdf,0xf7,
    0xbf,0xdf,0xbf,0xd7,0xbe,0xcf,0xbe,0xbf,0xff,0xb7,0xfd,0xaf,0xbc,0xa7,0x9c,0x9f,
    0x7b,0x9f,0x7b,0x9f,0x7b,0x9f,0x7b,0x9f,0x7b,0x9f,0x7b,0x9f,0x7b,0x9f,0x7b,0x9f,
    0x7b,0x9f,0x7b,0x9f,0x7b,0x9f,0x7b,0x9f,0x7b,0x9f,0x7b,0x9f,0x7b,0x9f,0x7b,0x9f,
    0x7b,0x9f,0x7b,0x9f,0x7b,0x9f,0x7b,0x9f,0x7b,0x9f,0x7b,0x9f,0x7b,0x9f,0x7b,0x9f,
    0x7b,0x9f,0x7b,0x9f,0x7b,0x9f,0x7b,0x9f,0x7b,0x9f,0x7b,0x9f,0x7b,0x9f,0x9c,0x9f,
    0xbc,0x9f,0xdd,0xa7,0xff,0xb7,0xbe,0xb7,0x9e,0xcf,0x9f,0xd7,0xbf,0xdf,0xdf,0xef,
    0x9f,0xe7,0xbf,0xe7,0xbf,0xef,0x9f,0xe7,0xdf,0xf7,0xbf,0xdf,0xbf,0xd7,0x9e,0xcf,
    0xbe,0xb7,0xff,0xbf,0xfd,0xaf,0xbc,0xa7,0x9c,0x9f,0x7b,0x9f,0x7b,0x9f,0x7b,0x9f,
    0x7b,0x9f,0x7b,0x9f,0x7b,0x9f,0x7b,0x9f,0x7b,0x9f,0x7b,0x9f,0x5b,0x97,0x53,0x75,
    0x33,0x6d,0x33,0x6d,0x33,0x6d,0xd5,0x7d,0x7b,0x9f,0x7b,0x9f,0x7b,0x9f,0x7b,0x9f,
    0x7b,0x9f,0x7b,0x9f,0x7b,0x9f,0x7b,0x9f,0x7b,0x9f,0x7b,0x9f,0x7b,0x9f,0x7b,0x9f,
    0x7b,0x9f,0x7b,0x9f,0x7b,0x9f,0x7b,0x9f,0x7c,0x9f,0xbc,0x9f,0xdd,0xa7,0xff,0xb7,
    0xbe,0xb7,0x9e,0xcf,0x9f,0xd7,0xbf,0xdf,0xdf,0xef,0x9f,0xe7,0xbf,0xe7,0xbf,0xef,
    0x9f,0xe7,0xdf,0xf7,0xbf,0xdf,0x9f,0xd7,0x9e,0xcf,0xbe,0xb7,0xff,0xc7,0xdd,0xaf,
    0xbc,0xa7,0x9c,0x9f,0x7b,0x9f,0x7b,0x9f,0x7b,0x9f,0x7b,0x9f,0x7b,0x9f,0x7b,0x9f,
    0x7b,0x9f,0x57,0x86,0xeb,0x3a,0xa2,0x08,0x41,0x00,0x61,0x08,0x61,0x08,0x61,0x08,
    0x41,0x00,0xc3,0x10,0x4c,0x43,0x98,0x8e,0x7b,0x9f,0x7b,0x9f,0x7b,0x9f,0x7b,0x9f,
    0x7b,0x9f,0x7b,0x9f,0x7b,0x9f,0x7b,0x9f,0x7b,0x9f,0x7b,0x9f,0x7b,0x9f,0x7b,0x9f,
    0x7b,0x9f,0x7c,0x9f,0xbc,0x9f,0xdd,0xa7,0xff,0xb7,0xbe,0xb7,0xbe,0xcf,0x9f,0xd7,
    0xbf,0xdf,0xdf,0xef,0x9f,0xe7,0xbf,0xe7,0xbf,0xef,0x9f,0xe7,0xdf,0xf7,0xbf,0xdf,
    0xbf,0xd7,0x9e,0xcf,0xbe,0xbf,0xff,0xc7,0xdd,0xaf,0xbc,0xa7,0x9c,0x9f,0x7b,0x9f,
    0x7b,0x9f,0x7b,0x9f,0x7b,0x9f,0x7b,0x9f,0x5b,0x9f,0xee,0x53,0x41,0x00,0x65,0x19,
    0x50,0x5c,0xf9,0x8e,0x5b,0x9f,0x5b,0x9f,0x5b,0x9f,0x98,0x8e,0x50,0x5c,0x44,0x19,
    0x82,0x08,0xb1,0x64,0x7b,0x9f,0x7b,0x9f,0x7b,0x9f,0x7b,0x9f,0x7b,0x9f,0x7b,0x9f,
    0x7b,0x9f,0x7b,0x9f,0x7b,0x9f,0x7b,0x9f,0x7b,0x9f,0x7b,0x9f,0x7c,0x9f,0xbc,0x9f,
    0xdd,0xa7,0xff,0xbf,0xbe,0xbf,0xbe,0xcf,0xbf,0xd7,0xbf,0xdf,0xdf,0xef,0x9f,0xe7,
    0xbf,0xe7,0xbf,0xef,0x9f,0xe7,0xdf,0xf7,0xbf,0xdf,0xbf,0xd7,0x9e,0xcf,0xbe,0xbf,
    0xff,0xcf,0xfd,0xaf,0xbc,0xa7,0x9c,0xa7,0x7b,0x9f,0x7b,0x9f,0x7b,0x9f,0x7b,0x9f,
    0x7b,0x9f,0xeb,0x3a,0x41,0x00,0x4f,0x5c,0x5b,0x97,0x7b,0x9f,0x7b,0x9f,0x7b,0x9f,
    0x7b,0x9f,0x7b,0x9f,0x7b,0x9f,0x7b,0x9f,0x5b,0x97,0x0f,0x54,0x41,0x00,0xad,0x4b,
    0x7b,0x9f,0x7b,0x9f,0x7b,0x9f,0x7b,0x9f,0x7b,0x9f,0x7b,0x9f,0x7b,0x9f,0x7b,0x9f,
    0x7b,0x9f,0x7b,0x9f,0x7b,0x9f,0x9c,0x9f,0xbc,0x9f,0xdd,0xa7,0xff,0xbf,0xbe,0xbf,
    0x9e,0xcf,0x9f,0xd7,0xbf,0xdf,0xdf,0xef,0xbf,0xe7,0xbf,0xe7,0xbf,0xef,0xbf,0xe7,
    0xdf,0xf7,0xbf,0xdf,0xbe,0xd7,0x9e,0xcf,0xbe,0xbf,0xff,0xcf,0xfd,0xaf,0xbc,0xa7,
    0x9c,0xa7,0x7b,0x9f,0x7b,0x9f,0x7b,0x9f,0x7b,0x9f,0x2f,0x54,0x40,0x00,0x33,0x6d,
    0x7b,0x9f,0x7b,0x9f,0x7b,0x9f,0x7b,0x9f,0x7b,0x9f,0x7b,0x9f,0x7b,0x9f,0x7b,0x9f,
    0x7b,0x9f,0x7b,0x9f,0x7b,0x9f,0x32,0x6d,0x41,0x00,0xb1,0x64,0x7b,0x9f,0x7b,0x9f,
    0x7b,0x9f,0x7b,0x9f,0x7b,0x9f,0xf9,0x96,0x1a,0x9f,0x7b,0x9f,0x7b,0x9f,0x7b,0x9f,
    0x9c,0x9f,0xbc,0x9f,0xdd,0xa7,0xff,0xbf,0xbe,0xbf,0x9e,0xcf,0x9f,0xd7,0xbf,0xdf,
    0xdf,0xef,0x9f,0xe7,0x9f,0xe7,0xbf,0xef,0xbf,0xe7,0xdf,0xf7,0xbf,0xe7,0xbf,0xd7,
    0xbe,0xcf,0xbe,0xbf,0xff,0xcf,0xdd,0xaf,0xbc,0xa7,0x9c,0xa7,0x7b,0x9f,0x7b,0x9f,
    0x7b,0x9f,0x98,0x8e,0x41,0x00,0xee,0x53,0x7b,0x9f,0x7b,0x9f,0x7b,0x9f,0x7b,0x9f,
    0x7b,0x9f,0x7b,0x9f,0x7b,0x9f,0x7b,0x9f,0x7b,0x9f,0x7b,0x9f,0x7b,0x9f,0x7b,0x9f,
    0x7b,0x9f,0x8d,0x4b,0xa2,0x08,0xd9,0x8e,0x7b,0x9f,0x7b,0x9f,0x7b,0x9f,0x7b,0x9f,
    0x48,0x32,0x89,0x32,0x7b,0x9f,0x7b,0x9f,0x7b,0x9f,0x9c,0x9f,0xbc,0x9f,0xdd,0xa7,
    0xff,0xbf,0xbe,0xbf,0x9e,0xcf,0x9f,0xd7,0xbf,0xe7,0xdf,0xef,0x9f,0xe7,0xbf,0xe7,
    0xbf,0xef,0xbf,0xe7,0xdf,0xf7,0xbf,0xe7,0xbf,0xd7,0x9e,0xcf,0xbe,0xbf,0xff,0xcf,
    0xfd,0xaf,0xbc,0xa7,0x9c,0xa7,0x7b,0x9f,0x7b,0x9f,0x7b,0x9f,0x2b,0x43,0x24,0x19,
    0x5a,0x97,0x7b,0x9f,0x7b,0x9f,0x7b,0x9f,0x3a,0x97,0x5b,0x9f,0x7b,0x9f,0x7b,0x9f,
    0x7b,0x9f,0x5b,0x9f,0x3a,0x9f,0x7b,0x9f,0x7b,0x9f,0x7b,0x9f,0x1a,0x8f,0xe3,0x10,
    0xce,0x4b,0x7b,0x9f,0x7b,0x9f,0x1a,0x97,0x5b,0x97,0x16,0x7e,0x41,0x00,0x94,0x75,
    0x7b,0x9f,0x7b,0x9f,0x9c,0x9f,0xbc,0x9f,0xdd,0xa7,0xff,0xbf,0xbe,0xc7,0x9e,0xcf,
    0x9f,0xd7,0xbf,0xdf,0xdf,0xf7,0xbf,0xe7,0xbf,0xe7,0xbf,0xef,0xbf,0xe7,0xdf,0xf7,
    0xbf,0xe7,0xbf,0xd7,0x9e,0xcf,0xbe,0xc7,0xff,0xcf,0xdd,0xaf,0xbc,0xa7,0x9c,0xa7,
    0x7b,0xa7,0x7b,0x9f,0x3a,0x9f,0xa2,0x08,0x50,0x5c,0x7b,0x9f,0x7b,0x9f,0x7b,0x9f,
    0x7b,0x9f,0xc6,0x21,0xaa,0x3a,0x7b,0x9f,0x7b,0x9f,0x7b,0x9f,0x6c,0x43,0x24,0x19,
    0x3a,0x9f,0x7b,0x9f,0x7b,0x9f,0x7b,0x9f,0x8c,0x43,0x65,0x19,0x5b,0x97,0x1a,0x97,
    0xc2,0x08,0x53,0x6d,0x5b,0x97,0x89,0x32,0x89,0x32,0x7b,0x9f,0x7b,0x9f,0x9c,0x9f,
    0xbc,0x9f,0xdd,0xa7,0xff,0xbf,0xbe,0xc7,0x9e,0xcf,0x9f,0xd7,0xbf,0xdf,0xdf,0xf7,
    0x9f,0xe7,0xbf,0xef,0xbf,0xef,0xbf,0xe7,0xdf,0xf7,0xbf,0xe7,0xbf,0xd7,0x9e,0xcf,
    0xbe,0xc7,0xff,0xd7,0xfd,0xaf,0xbc,0xa7,0x9c,0xa7,0x7b,0x9f,0x7b,0x9f,0x98,0x8e,
    0x00,0x00,0x16,0x7e,0x7b,0x9f,0x7b,0x9f,0x7b,0x9f,0x7b,0x9f,0x03,0x11,0x07,0x2a,
    0x7b,0x9f,0x7b,0x9f,0x7b,0x9f,0x89,0x32,0x41,0x08,0x1a,0x97,0x7b,0x9f,0x7b,0x9f,
    0x7b,0x9f,0x94,0x75,0x20,0x00,0x98,0x86,0x7b,0x9f,0xaa,0x32,0x28,0x2a,0x7b,0x97,
    0xf2,0x64,0xa2,0x08,0xf9,0x8e,0x7b,0x9f,0x9c,0x9f,0xbc,0x9f,0xdd,0xa7,0xff,0xbf,
    0xbe,0xbf,0x9e,0xcf,0x9f,0xd7,0xbf,0xdf,0xdf,0xf7,0xbf,0xe7,0xbf,0xe7,0xbf,0xef,
    0xbf,0xef,0xdf,0xf7,0xbf,0xe7,0xbf,0xd7,0x9e,0xcf,0xbe,0xc7,0xff,0xd7,0xfd,0xaf,
    0xbc,0xa7,0x9c,0xa7,0x7b,0x9f,0x7b,0x9f,0x53,0x75,0x41,0x00,0x5b,0x9f,0x7b,0x9f,
    0x7b,0x9f,0x7b,0x9f,0x7b,0x9f,0x16,0x7e,0xb9,0x8e,0x7b,0x9f,0x7b,0x9f,0x7b,0x9f,
    0xb8,0x8e,0xb5,0x7d,0x7b,0x9f,0x7b,0x9f,0x7b,0x9f,0x7b,0x9f,0x77,0x86,0x00,0x00,
    0x77,0x86,0x7b,0x9f,0x53,0x6d,0x41,0x00,0x3a,0x97,0xf9,0x8e,0x00,0x00,0x37,0x86,
    0x7b,0x9f,0x9c,0x9f,0xbc,0x9f,0xdd,0xa7,0xff,0xc7,0xbe,0xbf,0x9e,0xcf,0x9f,0xd7,
    0xbf,0xdf,0xdf,0xef,0x9f,0xe7,0xbf,0xe7,0xbf,0xef,0xbf,0xe7,0xdf,0xf7,0xbf,0xe7,
    0xbf,0xd7,0x9e,0xcf,0xbe,0xc7,0xff,0xcf,0xdd,0xaf,0xbc,0xa7,0x9c,0xa7,0x7b,0x9f,
    0x7b,0x9f,0x53,0x6d,0x40,0x00,0x5b,0x9f,0x7b,0x9f,0x7b,0x9f,0x7b,0x9f,0x7b,0x9f,
    0x7b,0x9f,0x7b,0x9f,0x7b,0x9f,0x7b,0x9f,0x7b,0x9f,0x7b,0x9f,0x7b,0x9f,0x7b,0x9f,
    0x7b,0x9f,0x7b,0x9f,0x7b,0x9f,0x98,0x86,0x00,0x00,0x77,0x86,0x7b,0x9f,0x36,0x7e,
    0x00,0x00,0xd9,0x8e,0x19,0x8f,0x00,0x00,0x57,0x86,0x7b,0x9f,0x9c,0x9f,0xbc,0x9f,
    0xdd,0xa7,0xff,0xc7,0xbe,0xbf,0x9e,0xcf,0x9f,0xd7,0xbf,0xdf,0xdf,0xef,0x9f,0xe7,
    0xbf,0xe7,0xbf,0xef,0x9f,0xe7,0xdf,0xf7,0xbf,0xe7,0xbf,0xdf,0x9e,0xcf,0xbe,0xc7,
    0xff,0xcf,0xdd,0xaf,0xbc,0xa7,0x9b,0xa7,0x7b,0xa7,0x7b,0x9f,0x94,0x75,0x20,0x00,
    0xd9,0x8e,0x7b,0x9f,0x7b,0x9f,0x7b,0x9f,0x3a,0x97,0x6c,0x4b,0x1a,0x97,0x7b,0x9f,
    0x7b,0x9f,0x7b,0x9f,0x77,0x86,0x0f,0x54,0x5b,0x9f,0x7b,0x9f,0x7b,0x9f,0x7b,0x9f,
    0x36,0x7e,0x00,0x00,0xb8,0x8e,0x7b,0x9f,0x53,0x6d,0x61,0x08,0x5b,0x97,0x98,0x86,
    0x00,0x00,0x57,0x86,0x7b,0x9f,0x9c,0x9f,0xbc,0x9f,0xdd,0xa7,0xff,0xc7,0xbe,0xbf,
    0x9e,0xc7,0x9f,0xd7,0xbf,0xdf,0xdf,0xef,0x9f,0xe7,0xbf,0xe7,0xbf,0xef,0x9f,0xe7,
    0xdf,0xf7,0xbf,0xe7,0xbf,0xdf,0x9e,0xcf,0xbe,0xc7,0xff,0xd7,0xdd,0xaf,0xbc,0xa7,
    0x9c,0xa7,0x7b,0xa7,0x7b,0x9f,0x3a,0x97,0x20,0x00,0x12,0x6d,0x7b,0x9f,0x7b,0x9f,
    0x7b,0x9f,0x1a,0x97,0xe3,0x10,0x6c,0x43,0x7b,0x9f,0x7b,0x9f,0x3a,0x97,0x28,0x2a,
    0x85,0x19,0x5b,0x9f,0x7b,0x9f,0x7b,0x9f,0x7b,0x9f,0xad,0x4b,0x24,0x19,0x7b,0x9f,
    0x7b,0x9f,0x69,0x32,0xeb,0x3a,0x7b,0x9f,0x91,0x64,0x24,0x19,0x5b,0x97,0x7b,0x9f,
    0x9c,0x9f,0xbc,0x9f,0xdd,0xa7,0xff,0xc7,0xbe,0xc7,0x9e,0xc7,0x9e,0xd7,0xbf,0xdf,
    0xdf,0xef,0xbf,0xe7,0xbf,0xe7,0xbf,0xef,0x9f,0xe7,0xdf,0xf7,0xbf,0xe7,0xbf,0xdf,
    0x9e,0xcf,0xbe,0xbf,0xff,0xd7,0xfd,0xaf,0xbc,0xa7,0x9b,0xa7,0x7b,0x9f,0x7b,0x9f,
    0x7b,0x9f,0x27,0x2a,0x48,0x2a,0x7b,0x9f,0x7b,0x9f,0x5b,0x9f,0x5b,0x9f,0x94,0x75,
    0xa2,0x08,0x65,0x19,0xca,0x3a,0x04,0x11,0x24,0x11,0x78,0x86,0x7b,0x9f,0x7b,0x9f,
    0x7b,0x9f,0x1a,0x97,0x03,0x11,0x8d,0x4b,0x7b,0x9f,0xb8,0x8e,0x82,0x08,0x77,0x86,
    0x5b,0x9f,0x48,0x2a,0xea,0x3a,0x7b,0x9f,0x7b,0x9f,0x9c,0x9f,0xbc,0x9f,0xdd,0xa7,
    0xff,0xc7,0xbe,0xc7,0x9e,0xc7,0x9e,0xd7,0xbf,0xdf,0xdf,0xef,0xbf,0xe7,0xbf,0xef,
    0xbf,0xef,0xbf,0xe7,0xdf,0xf7,0xbf,0xe7,0xbf,0xd7,0x9e,0xcf,0xbe,0xbf,0xff,0xd7,
    0xfd,0xaf,0xbc,0xa7,0x9b,0x9f,0x7b,0x9f,0x7b,0x9f,0x7b,0x9f,0xb4,0x75,0x20,0x00,
    0x94,0x75,0x5b,0x9f,0x5b,0x9f,0x5b,0x9f,0x5b,0x9f,0x98,0x86,0x8d,0x4b,0xca,0x3a,
    0x0f,0x54,0x1a,0x97,0x7b,0x9f,0x7b,0x9f,0x7b,0x9f,0x7b,0x9f,0xad,0x4b,0x61,0x08,
    0xb8,0x8e,0x7b,0x9f,0x7b,0x9f,0xf9,0x96,0x5b,0x9f,0xd5,0x7d,0x20,0x00,0xd5,0x7d,
    0x7b,0x9f,0x7c,0x9f,0x9c,0x9f,0xbc,0x9f,0xdd,0xa7,0xff,0xc7,0xbe,0xbf,0x9e,0xc7,
    0x9e,0xd7,0xbf,0xdf,0xdf,0xef,0xbf,0xe7,0xbf,0xef,0xbf,0xef,0xbf,0xe7,0xdf,0xf7,
    0xbf,0xe7,0x9f,0xd7,0x9e,0xcf,0xbe,0xbf,0xff,0xcf,0xfd,0xaf,0xbc,0xa7,0x7b,0x9f,
    0x7b,0x9f,0x7b,0x9f,0x7b,0x9f,0x7b,0x9f,0x6c,0x43,0x65,0x19,0x7b,0x9f,0x5b,0x9f,
    0x5b,0x9f,0x7b,0x9f,0x7b,0x9f,0x5b,0x97,0x7b,0x9f,0x7b,0x9f,0x7b,0x9f,0x7b,0x9f,
    0x7b,0x9f,0x7b,0x9f,0xd1,0x5c,0x40,0x00,0x70,0x5c,0x7b,0x9f,0x7b,0x9f,0x7b,0x9f,
    0x7b,0x9f,0x5b,0x9f,0x68,0x32,0x89,0x32,0x7b,0x9f,0x7b,0x9f,0x7b,0x9f,0x9c,0x9f,
    0xbc,0x9f,0xdd,0xa7,0xff,0xc7,0xbe,0xbf,0x9e,0xc7,0x9e,0xd7,0xbf,0xdf,0xdf,0xef,
    0xbf,0xe7,0xbf,0xef,0xbf,0xef,0xbf,0xe7,0xdf,0xf7,0xbf,0xe7,0x9f,0xd7,0x9e,0xcf,
    0xbe,0xbf,0xff,0xcf,0xfd,0xaf,0xbc,0xa7,0x7b,0x9f,0x7b,0x9f,0x7b,0x9f,0x7b,0x9f,
    0x7b,0x9f,0x12,0x65,0xe3,0x10,0x7b,0x9f,0x7b,0x9f,0x7b,0x9f,0x7b,0x9f,0x7b,0x9f,
    0x7b,0x9f,0x7b,0x9f,0x7b,0x9f,0x7b,0x9f,0x7b,0x9f,0x3a,0x97,0xee,0x53,0x20,0x00,
    0x6c,0x4b,0x5b,0x9f,0x7b,0x9f,0x7b,0x9f,0x7b,0x9f,0x7b,0x9f,0x5b,0x9f,0xf9,0x8e,
    0x1a,0x97,0x7b,0x9f,0x7b,0x9f,0x7b,0x9f,0x9c,0x9f,0xbc,0xa7,0xdd,0xa7,0xff,0xbf,
    0xbe,0xbf,0x9e,0xc7,0x9e,0xd7,0xbf,0xdf,0xdf,0xef,0xbf,0xe7,0xbf,0xe7,0xbf,0xef,
    0x9f,0xe7,0xdf,0xf7,0xbf,0xe7,0x9f,0xd7,0x9e,0xcf,0xbe,0xbf,0xff,0xcf,0xdd,0xaf,
    0xbc,0xa7,0x7c,0x9f,0x7b,0x9f,0x7b,0x9f,0x7b,0x9f,0x7b,0x9f,0x12,0x65,0xe3,0x10,
    0x7b,0x9f,0x7b,0x9f,0xd9,0x8e,0x53,0x6d,0x98,0x86,0x5a,0x9f,0x5b,0x97,0x7b,0x9f,
    0x77,0x86,0x90,0x5c,0x65,0x19,0x61,0x08,0x2f,0x5c,0x5b,0x9f,0x7b,0x9f,0x7b,0x9f,
    0x7b,0x9f,0x7b,0x9f,0x7b,0x9f,0x7b,0x9f,0x7b,0x9f,0x7b,0x9f,0x7b,0x9f,0x7b,0x9f,
    0x7b,0x9f,0x9c,0x9f,0xbc,0xa7,0xdd,0xa7,0xff,0xc7,0xbe,0xbf,0x9e,0xc7,0x9f,0xd7,
    0xbf,0xdf,0xdf,0xef,0xbf,0xe7,0xbf,0xe7,0xbf,0xef,0x9f,0xe7,0xdf,0xf7,0xbf,0xe7,
    0x9f,0xd7,0x9e,0xcf,0xbe,0xbf,0xff,0xcf,0xdd,0xaf,0xbc,0xa7,0x7c,0xa7,0x7b,0x9f,
    0x7b,0x9f,0x7b,0x9f,0x7b,0x9f,0x12,0x65,0xa2,0x08,0x13,0x6d,0x69,0x32,0x82,0x08,
    0x41,0x00,0x20,0x00,0xe3,0x10,0x65,0x19,0x44,0x19,0x40,0x00,0xe3,0x10,0xeb,0x3a,
    0x77,0x86,0x7b,0x9f,0x7b,0x9f,0x7b,0x9f,0x7b,0x9f,0x7b,0x9f,0x7b,0x9f,0x7b,0x9f,
    0x7b,0x9f,0x7b,0x9f,0x7b,0x9f,0x7b,0x9f,0x7b,0x9f,0x7b,0x9f,0x9c,0x9f,0xbc,0x9f,
    0xfd,0xa7,0xff,0xc7,0xbe,0xbf,0x9e,0xc7,0x9f,0xd7,0x9f,0xdf,0xdf,0xef,0x9f,0xe7,
    0xbf,0xe7,0xbf,0xef,0x9f,0xe7,0xdf,0xef,0xbf,0xdf,0x9f,0xd7,0x9e,0xcf,0xbe,0xbf,
    0xff,0xc7,0xdd,0xaf,0xbc,0xa7,0x7c,0xa7,0x7b,0x9f,0x7b,0x9f,0x7b,0x9f,0x7b,0x9f,
    0x70,0x5c,0x00,0x00,0x41,0x00,0x69,0x32,0xf2,0x64,0xf9,0x8e,0x77,0x86,0x12,0x65,
    0x50,0x5c,0x50,0x5c,0x16,0x7e,0x3a,0x97,0x7b,0x9f,0x7b,0x9f,0x7b,0x9f,0x7b,0x9f,
    0x7b,0x9f,0x7b,0x9f,0x7b,0x9f,0x7b,0x9f,0x7b,0x9f,0x7b,0x9f,0x7b,0x9f,0x7b,0x9f,
    0x7b,0x9f,0x7b,0x9f,0x7b,0x9f,0x9c,0x9f,0xbc,0x9f,0xfd,0xa7,0xff,0xc7,0xbe,0xb7,
    0x9e,0xc7,0x9e,0xd7,0xbf,0xdf,0xdf,0xef,0x9f,0xe7,0xbf,0xe7,0xbf,0xef,0x9f,0xe7,
    0xdf,0xef,0xbf,0xe7,0x9f,0xd7,0x9e,0xcf,0xbe,0xbf,0xff,0xc7,0xfd,0xaf,0xbc,0xa7,
    0x7c,0x9f,0x7b,0x9f,0x7b,0x9f,0x7b,0x9f,0x7b,0x9f,0xd9,0x8e,0xd1,0x64,0xb8,0x8e,
    0x7b,0x9f,0x7b,0x9f,0x7b,0x9f,0x7b,0x9f,0x7b,0x9f,0x7b,0x9f,0x7b,0x9f,0x7b,0x9f,
    0x7b,0x9f,0x7b,0x9f,0x7b,0x9f,0x7b,0x9f,0x7b,0x9f,0x7b,0x9f,0x7b,0x9f,0x7b,0x9f,
    0x7b,0x9f,0x7b,0x9f,0x7b,0x9f,0x7b,0x9f,0x7b,0x9f,0x7b,0x9f,0x7b,0x9f,0x7b,0x9f,
    0x9c,0x9f,0xbc,0x9f,0xdd,0xa7,0xff,0xbf,0xbe,0xb7,0x9e,0xc7,0x9e,0xd7,0xbf,0xdf,
    0xdf,0xef,0x9f,0xe7,0xbf,0xe7,0xbf,0xef,0x9f,0xe7,0xdf,0xf7,0xbf,0xe7,0x9f,0xd7,
    0x9e,0xcf,0xbe,0xbf,0xff,0xbf,0xfd,0xaf,0xbc,0xa7,0x7c,0x9f,0x7b,0x9f,0x7b,0x9f,
    0x7b,0x9f,0x7b,0x9f,0x7b,0x9f,0x7b,0x9f,0x7b,0x9f,0x7b,0x9f,0x7b,0x9f,0x7b,0x9f,
    0x7b,0x9f,0x7b,0x9f,0x7b,0x9f,0x7b,0x9f,0x7b,0x9f,0x7b,0x9f,0x7b,0x9f,0x7b,0x9f,
    0x7b,0x9f,0x7b,0x9f,0x7b,0x9f,0x7b,0x9f,0x7b,0x9f,0x7b,0x9f,0x7b,0x9f,0x7b,0x9f,
    0x7b,0x9f,0x7b,0x9f,0x7b,0x9f,0x7b,0x9f,0x7b,0x9f,0x7b,0x9f,0xbc,0x9f,0xdd,0xa7,
    0xff,0xbf,0xbe,0xb7,0x9e,0xc7,0x9e,0xd7,0xbf,0xdf,0xdf,0xef,0x9f,0xe7,0x9f,0xe7,
    0xbf,0xef,0x9f,0xe7,0xdf,0xf7,0xbf,0xe7,0x9f,0xd7,0x9e,0xcf,0xbe,0xbf,0xff,0xbf,
    0xfd,0xaf,0xbc,0xa7,0x7c,0xa7,0x7b,0x9f,0x7b,0x9f,0x7b,0x9f,0x7b,0x9f,0x7b,0x9f,
    0x7b,0x9f,0x7b,0x9f,0x7b,0x9f,0x7b,0x9f,0x7b,0x9f,0x7b,0x9f,0x7b,0x9f,0x7b,0x9f,
    0x7b,0x9f,0x7b,0x9f,0x7b,0x9f,0x7b,0x9f,0x7b,0x9f,0x7b,0x9f,0x7b,0x9f,0x7b,0x9f,
    0x7b,0x9f,0x7b,0x9f,0x7b,0x9f,0x7b,0x9f,0x7b,0x9f,0x7b,0x9f,0x7b,0x9f,0x7b,0x9f,
    0x7b,0x9f,0x7b,0x9f,0x7b,0x9f,0x9c,0x9f,0xdd,0xa7,0xfe,0xb7,0xbe,0xb7,0x9e,0xc7,
    0x9e,0xd7,0xbf,0xdf,0xdf,0xef,0x9f,0xe7,0x9f,0xe7,0xbf,0xef,0x9f,0xe7,0xdf,0xf7,
    0xbf,0xe7,0x9f,0xd7,0x9e,0xcf,0xbe,0xbf,0xff,0xb7,0xfd,0xaf,0xbc,0xa7,0x7c,0xa7,
    0x7b,0x9f,0x7b,0x9f,0x7b,0x9f,0x7b,0x9f,0x7b,0x9f,0x7b,0x9f,0x7b,0x9f,0x7b,0x9f,
    0x7b,0x9f,0x7b,0x9f,0x7b,0x9f,0x7b,0x9f,0x7b,0x9f,0x7b,0x9f,0x7b,0x9f,0x7b,0x9f,
    0x7b,0x9f,0x7b,0x9f,0x7b,0x9f,0x7b,0x9f,0x7b,0x9f,0x7b,0x9f,0x7b,0x9f,0x7b,0x9f,
    0x7b,0x9f,0x7b,0x9f,0x7b,0x9f,0x7b,0x9f,0x7b,0x9f,0x7b,0x9f,0x7b,0x9f,0x7b,0x9f,
    0x9c,0x9f,0xdd,0xa7,0xfe,0xaf,0xbe,0xbf,0x9e,0xcf,0x9e,0xd7,0x9f,0xdf,0xdf,0xef,
    0x9f,0xe7,0x9f,0xe7,0xbf,0xef,0x9f,0xe7,0xdf,0xf7,0xbf,0xe7,0x9f,0xd7,0xbe,0xcf,
    0xbe,0xc7,0xfe,0xb7,0xfd,0xaf,0xbc,0xa7,0x7c,0xa7,0x7b,0x9f,0x7b,0x9f,0x7b,0x9f,
    0x7b,0x9f,0x7b,0x9f,0x7b,0x9f,0x7b,0x9f,0x7b,0x9f,0x7b,0x9f,0x7b,0x9f,0x7b,0x9f,
    0x7b,0x9f,0x7b,0x9f,0x7b,0x9f,0x7b,0x9f,0x7b,0x9f,0x7b,0x9f,0x7b,0x9f,0x7b,0x9f,
    0x7b,0x9f,0x7b,0x9f,0x7b,0x9f,0x7b,0x9f,0x7b,0x9f,0x7b,0x9f,0x7b,0x9f,0x7b,0x9f,
    0x7b,0x9f,0x7b,0x9f,0x7b,0x9f,0x7b,0x9f,0x9c,0x9f,0xbc,0x9f,0xdd,0xa7,0xfe,0xa7,
    0xbe,0xbf,0x9e,0xcf,0x9e,0xd7,0x9f,0xdf,0xdf,0xef,0x9f,0xe7,0x9f,0xe7,0xbf,0xef,
    0x9f,0xe7,0xdf,0xf7,0xbf,0xe7,0x9f,0xd7,0xbe,0xcf,0xbe,0xc7,0xfe,0xb7,0xfd,0xa7,
    0xbc,0xa7,0x7c,0xa7,0x7b,0x9f,0x7b,0x9f,0x7b,0x9f,0x7b,0x9f,0x7b,0x9f,0x7b,0x9f,
    0x7b,0x9f,0x7b,0x9f,0x7b,0x9f,0x7b,0x9f,0x7b,0x9f,0x7b,0x9f,0x7b,0x9f,0x7b,0x9f,
    0x7b,0x9f,0x7b,0x9f,0x7b,0x9f,0x7b,0x9f,0x7b,0x9f,0x7b,0x9f,0x7b,0x9f,0x7b,0x9f,
    0x7b,0x9f,0x7b,0x9f,0x7b,0x9f,0x7b,0x9f,0x7b,0x9f,0x7b,0x9f,0x7b,0x9f,0x7b,0x9f,
    0x7b,0x9f,0x9c,0x9f,0xbc,0x9f,0xdd,0xa7,0xfe,0xaf,0xbe,0xbf,0x9e,0xcf,0x9e,0xd7,
    0x9f,0xdf,0xdf,0xef,0x9f,0xe7,0x9f,0xe7,0xbf,0xef,0x9f,0xe7,0xdf,0xf7,0xbf,0xe7,
    0xbf,0xdf,0xbe,0xcf,0xbe,0xcf,0xff,0xc7,0xfd,0xa7,0xbc,0xa7,0x7c,0xa7,0x7b,0xa7,
    0x7b,0x9f,0x7b,0x9f,0x7b,0x9f,0x7b,0x9f,0x7b,0x9f,0x7b,0x9f,0x7b,0x9f,0x7b,0x9f,
    0x7b,0x9f,0x7b,0x9f,0x7b,0x9f,0x7b,0x9f,0x7b,0x9f,0x7b,0x9f,0x7b,0x9f,0x7b,0x9f,
    0x7b,0x9f,0x7b,0x9f,0x7b,0x9f,0x7b,0x9f,0x7b,0x9f,0x7b,0x9f,0x7b,0x9f,0x7b,0x9f,
    0x7b,0x9f,0x7b,0x9f,0x7b,0x9f,0x7b,0x9f,0x7b,0x9f,0x7b,0x9f,0x9c,0x9f,0xbc,0x9f,
    0xdd,0x9f,0xfe,0xb7,0xde,0xc7,0x9e,0xcf,0x9e,0xd7,0x9f,0xdf,0xdf,0xef,0x9f,0xe7,
    0x9f,0xe7,0xbf,0xef,0x9f,0xe7,0xdf,0xf7,0xbf,0xe7,0xbf,0xdf,0xbe,0xcf,0xbe,0xbf,
    0xff,0xcf,0xfe,0xaf,0xdc,0xa7,0x9c,0xa7,0x7c,0xa7,0x7b,0x9f,0x7b,0x9f,0x7b,0x9f,
    0x7b,0x9f,0x7b,0x9f,0x7b,0x9f,0x7b,0x9f,0x7b,0x9f,0x7b,0x9f,0x7b,0x9f,0x7b,0x9f,
    0x7b,0x9f,0x7b,0x9f,0x7b,0x9f,0x7b,0x9f,0x7b,0x9f,0x7b,0x9f,0x7b,0x9f,0x7b,0x9f,
    0x7b,0x9f,0x7b,0x9f,0x7b,0x9f,0x7b,0x9f,0x7b,0x9f,0x7b,0x9f,0x7b,0x9f,0x7b,0x9f,
    0x7b,0x9f,0x7b,0x9f,0x7c,0x9f,0x9c,0x9f,0xdc,0x9f,0xfd,0xa7,0xfe,0xbf,0xbe,0xbf,
    0x9e,0xcf,0x9e,0xd7,0x9f,0xdf,0xdf,0xef,0x9f,0xe7,0x9f,0xe7,0xbf,0xef,0x9f,0xe7,
    0xdf,0xf7,0xbf,0xe7,0xbf,0xdf,0xbe,0xd7,0xbe,0xbf,0xfe,0xd7,0xfe,0xaf,0xdd,0xa7,
    0xbc,0xa7,0x9c,0xa7,0x7b,0x9f,0x7b,0x9f,0x7b,0x9f,0x7b,0x9f,0x7b,0x9f,0x7b,0x9f,
    0x7b,0x9f,0x7b,0x9f,0x7b,0x9f,0x7b,0x9f,0x7b,0x9f,0x7b,0x9f,0x7b,0x9f,0x7b,0x9f,
    0x7b,0x9f,0x7b,0x9f,0x7b,0x9f,0x7b,0x9f,0x7b,0x9f,0x7b,0x9f,0x7b,0x9f,0x7b,0x9f,
    0x7b,0x9f,0x7b,0x9f,0x7b,0x9f,0x7b,0x9f,0x7b,0x9f,0x7b,0x9f,0x7b,0x9f,0x9c,0x9f,
    0xbc,0x9f,0xdd,0x9f,0xfe,0xa7,0xfe,0xc7,0x9e,0xbf,0x9e,0xcf,0x9f,0xd7,0x9f,0xdf,
    0xdf,0xef,0x9f,0xe7,0x9f,0xe7,0xbf,0xef,0x9f,0xe7,0xdf,0xf7,0xbf,0xe7,0x9f,0xdf,
    0xbe,0xd7,0xbe,0xcf,0xdd,0xaf,0xfe,0xc7,0xfd,0xa7,0xdd,0xa7,0xbc,0xa7,0x9c,0xa7,
    0x9c,0xa7,0x9c,0x9f,0x9b,0x9f,0x9b,0x9f,0x9b,0x9f,0x9b,0x9f,0x9b,0x9f,0x9b,0x9f,
    0x9c,0x9f,0x9c,0x9f,0x9c,0x9f,0x9c,0x9f,0x9c,0x9f,0x9b,0x9f,0x9b,0x9f,0x9b,0x9f,
    0x9c,0x9f,0x9b,0x9f,0x9b,0x9f,0x9b,0x9f,0x9b,0x9f,0x9b,0x9f,0x9b,0x9f,0x9b,0x9f,
    0x7b,0x9f,0x7b,0x9f,0x9c,0x9f,0x9c,0x9f,0xbc,0x9f,0xdc,0xa7,0xfd,0xa7,0xfe,0xbf,
    0xde,0xaf,0x9e,0xc7,0x9e,0xcf,0x9f,0xd7,0x9f,0xdf,0xdf,0xef,0x9f,0xe7,0xbf,0xe7,
    0xbf,0xef,0x9f,0xe7,0xdf,0xf7,0xbf,0xe7,0x9f,0xdf,0xbf,0xd7,0xbe,0xcf,0xbd,0xaf,
    0xde,0xaf,0xfe,0xb7,0xfd,0xaf,0xdd,0xa7,0xdc,0xa7,0xbc,0xa7,0xbc,0xa7,0xbc,0xa7,
    0xbc,0xa7,0xbc,0x9f,0xbc,0x9f,0xbc,0x9f,0xbc,0xa7,0xbc,0xa7,0xbc,0xa7,0xbc,0xa7,
    0xbc,0xa7,0xbc,0xa7,0xbc,0x9f,0xbc,0x9f,0xbc,0x9f,0xbc,0xa7,0xbc,0x9f,0xbc,0x9f,
    0xbc,0x9f,0xbc,0x9f,0xbc,0x9f,0xbc,0x9f,0xbc,0x9f,0xbc,0x9f,0xbc,0x9f,0xbc,0x9f,
    0xdc,0xa7,0xdd,0xa7,0xfd,0xa7,0xfe,0xb7,0xde,0xbf,0xbd,0xaf,0xbe,0xcf,0x9e,0xd7,
    0x9f,0xd7,0x9f,0xe7,0xdf,0xef,0x9f,0xe7,0xbf,0xe7,0xbf,0xef,0x9f,0xe7,0xdf,0xf7,
    0xbf,0xe7,0x9f,0xdf,0x9f,0xd7,0xbe,0xcf,0xbe,0xc7,0xdd,0xa7,0xfe,0xbf,0xfe,0xbf,
    0xfe,0xaf,0xfd,0xaf,0xdd,0xa7,0xdd,0xa7,0xdd,0xa7,0xdd,0xa7,0xdd,0xa7,0xdd,0xa7,
    0xdd,0xa7,0xdd,0xa7,0xdd,0xa7,0xdd,0xa7,0xdd,0xa7,0xdd,0xa7,0xdd,0xa7,0xdd,0xa7,
    0xdd,0xa7,0xdd,0xa7,0xdd,0xa7,0xdd,0xa7,0xdd,0xa7,0xdd,0xa7,0xdd,0xa7,0xdd,0xa7,
    0xdd,0x9f,0xdd,0xa7,0xdd,0xa7,0xdd,0xa7,0xdd,0xa7,0xfd,0xa7,0xfe,0xa7,0xfe,0xbf,
    0xde,0xaf,0xbd,0xaf,0xbe,0xc7,0x9e,0xcf,0xbe,0xd7,0x9f,0xdf,0xbf,0xe7,0xdf,0xef,
    0x9f,0xe7,0xbf,0xe7,0xbf,0xef,0x9f,0xe7,0xdf,0xf7,0xbf,0xe7,0x9f,0xdf,0x9f,0xdf,
    0xbe,0xd7,0xbe,0xcf,0xbe,0xc7,0xbd,0xa7,0xdd,0x97,0xdd,0x97,0xfe,0xbf,0xfe,0xaf,
    0xfe,0xaf,0xfe,0xaf,0xfe,0xaf,0xfe,0xa7,0xfe,0xa7,0xfe,0xa7,0xfe,0xaf,0xfe,0xaf,
    0xfe,0xaf,0xfe,0xaf,0xfe,0xaf,0xfe,0xaf,0xfe,0xaf,0xfe,0xaf,0xfe,0xaf,0xfe,0xa7,
    0xfe,0xa7,0xfe,0xa7,0xfe,0xa7,0xfe,0xa7,0xfe,0xa7,0xfe,0xa7,0xfe,0xa7,0xfd,0xa7,
    0xfd,0xa7,0xfe,0xa7,0xfe,0xbf,0xdd,0x9f,0xdd,0x87,0xbd,0x97,0x9e,0xbf,0x9e,0xc7,
    0x9e,0xcf,0x9f,0xd7,0x9f,0xdf,0x9f,0xe7,0xdf,0xf7,0x9f,0xe7,0x9f,0xe7,0xbf,0xef,
    0x9f,0xe7,0xdf,0xf7,0x9f,0xe7,0x9f,0xdf,0x9f,0xdf,0x9f,0xd7,0x9e,0xcf,0xbe,0xc7,
    0xbe,0xc7,0xbd,0xb7,0xbd,0x9f,0xde,0xbf,0xde,0xaf,0xde,0xaf,0xde,0xb7,0xde,0xb7,
    0xde,0xb7,0xde,0xb7,0xde,0xb7,0xde,0xb7,0xde,0xbf,0xde,0xc7,0xde,0xcf,0xde,0xc7,
    0xde,0xb7,0xde,0xb7,0xde,0xc7,0xde,0xcf,0xde,0xc7,0xde,0xc7,0xde,0xbf,0xde,0xb7,
    0xde,0xaf,0xde,0xaf,0xde,0xaf,0xde,0xaf,0xde,0xaf,0xde,0xa7,0xdd,0xa7,0xbd,0xaf,
    0x9d,0x97,0x9d,0xb7,0x9e,0xbf,0x9e,0xc7,0x9e,0xcf,0x9f,0xd7,0x9f,0xdf,0x9f,0xdf,
    0x9f,0xe7,0xdf,0xf7,0x9f,0xe7,0x9f,0xe7,0xbf,0xef,0x9f,0xe7,0xdf,0xf7,0x9f,0xe7,
    0x9f,0xe7,0x9f,0xdf,0x9f,0xdf,0x9e,0xd7,0x9e,0xcf,0xbe,0xc7,0x9e,0xbf,0x9e,0xbf,
    0x9d,0xb7,0x9d,0xb7,0x9d,0xaf,0x9d,0xaf,0x9d,0xaf,0x9d,0xaf,0x9d,0xaf,0x9d,0xaf,
    0x9d,0xaf,0x9d,0xaf,0x9d,0xaf,0x9d,0xb7,0x9d,0xaf,0x9d,0xb7,0x9d,0xb7,0x9d,0xaf,
    0x9d,0xaf,0x9d,0xaf,0x9d,0xaf,0x9d,0xaf,0x9d,0xaf,0x9d,0xb7,0x9d,0xaf,0x9d,0xaf,
    0x9d,0xaf,0x9d,0xaf,0x9d,0xaf,0x9d,0xaf,0x9d,0xb7,0x9d,0xb7,0x9e,0xbf,0x9e,0xbf,
    0x9e,0xc7,0x9e,0xcf,0x9f,0xd7,0x9f,0xdf,0x9f,0xdf,0x9f,0xe7,0xdf,0xf7,0xbf,0xe7,
    0x9f,0xe7,0xbf,0xef,0x9f,0xef,0xdf,0xf7,0x9f,0xe7,0x9f,0xe7,0x9f,0xe7,0x9f,0xdf,
    0x9f,0xd7,0x9e,0xd7,0x9e,0xcf,0x9e,0xc7,0x9e,0xc7,0x9e,0xbf,0x9d,0xbf,0x9d,0xb7,
    0x9d,0xb7,0x9d,0xb7,0x9d,0xb7,0x9d,0xb7,0x9d,0xb7,0x9d,0xb7,0x9d,0xb7,0x9d,0xb7,
    0x9d,0xb7,0x9d,0xb7,0x9d,0xb7,0x9d,0xb7,0x9d,0xb7,0x9d,0xb7,0x9d,0xb7,0x9d,0xb7,
    0x9d,0xb7,0x9d,0xb7,0x9d,0xb7,0x9d,0xb7,0x9d,0xb7,0x9d,0xb7,0x9d,0xb7,0x9d,0xb7,
    0x9d,0xb7,0x9d,0xbf,0x9e,0xbf,0x9e,0xc7,0x9e,0xc7,0x9e,0xcf,0x9f,0xd7,0x9f,0xdf,
    0x9f,0xdf,0x9f,0xdf,0x9f,0xe7,0xdf,0xf7,0xbf,0xe7,0x9f,0xe7,0xbf,0xef,0x9f,0xef,
    0xdf,0xf7,0x9f,0xe7,0x9f,0xe7,0x7f,0xe7,0x9f,0xe7,0x9f,0xdf,0x9f,0xdf,0x9e,0xd7,
    0x9e,0xcf,0x9e,0xcf,0x9e,0xc7,0x9e,0xc7,0x9e,0xc7,0x9e,0xc7,0x9e,0xc7,0x9e,0xc7,
    0x9e,0xc7,0x9e,0xc7,0x9e,0xc7,0x9e,0xc7,0x9e,0xbf,0x9e,0xbf,0x9e,0xbf,0x9e,0xbf,
    0x9e,0xbf,0x9e,0xbf,0x9e,0xbf,0x9e,0xbf,0x9e,0xbf,0x9e,0xbf,0x9e,0xbf,0x9e,0xbf,
    0x9e,0xbf,0x9e,0xbf,0x9e,0xbf,0x9e,0xbf,0x9e,0xbf,0x9e,0xc7,0x9e,0xc7,0x9e,0xc7,
    0x9e,0xcf,0x9e,0xcf,0x9f,0xd7,0x9f,0xdf,0x9f,0xdf,0x9f,0xdf,0x9f,0xe7,0x9f,0xe7,
    0xdf,0xf7,0xbf,0xe7,0x9f,0xe7,0xbf,0xef,0x9f,0xe7,0xdf,0xf7,0x9f,0xe7,0x9f,0xe7,
    0x7f,0xe7,0x7f,0xe7,0x9f,0xe7,0x9f,0xdf,0x9f,0xdf,0x9f,0xd7,0x9f,0xd7,0x9e,0xd7,
    0x9e,0xcf,0x9e,0xcf,0x9e,0xcf,0x9e,0xcf,0x9e,0xcf,0x9e,0xcf,0x9e,0xcf,0x9e,0xcf,
    0x9e,0xcf,0x9e,0xcf,0x9e,0xcf,0x9e,0xcf,0x9e,0xcf,0x9e,0xcf,0x9e,0xcf,0x9e,0xcf,
    0x9e,0xcf,0x9e,0xcf,0x9e,0xcf,0x9e,0xcf,0x9e,0xcf,0x9e,0xcf,0x9e,0xcf,0x9e,0xcf,
    0x9e,0xcf,0x9e,0xcf,0x9e,0xcf,0x9f,0xcf,0x9f,0xd7,0x9f,0xd7,0x9f,0xdf,0x9f,0xdf,
    0x9f,0xdf,0x9f,0xdf,0x9f,0xdf,0x9f,0xe7,0x9f,0xe7,0xdf,0xf7,0x9f,0xe7,0x9f,0xe7,
    0xbf,0xef,0x9f,0xe7,0xdf,0xf7,0x9f,0xe7,0x9f,0xe7,0x7f,0xe7,0x7f,0xe7,0x7f,0xe7,
    0x9f,0xe7,0x9f,0xdf,0x9f,0xdf,0x9f,0xdf,0x9f,0xdf,0x9f,0xd7,0x9f,0xd7,0x9f,0xd7,
    0x9f,0xd7,0x9f,0xd7,0x9f,0xd7,0x9f,0xd7,0x9f,0xd7,0x9f,0xd7,0x9f,0xd7,0x9f,0xd7,
    0x9f,0xd7,0x9f,0xd7,0x9f,0xd7,0x9f,0xd7,0x9f,0xd7,0x9f,0xd7,0x9f,0xd7,0x9f,0xd7,
    0x9f,0xd7,0x9f,0xd7,0x9f,0xd7,0x9f,0xd7,0x9f,0xd7,0x9f,0xd7,0x9f,0xd7,0x9f,0xd7,
    0x9f,0xd7,0x9f,0xdf,0x9f,0xdf,0x9f,0xdf,0x9f,0xdf,0x9f,0xdf,0x9f,0xdf,0x9f,0xe7,
    0x9f,0xe7,0x9f,0xe7,0xdf,0xf7,0x9f,0xe7,0x9f,0xe7,0xbf,0xef,0x9f,0xe7,0xdf,0xf7,
    0x9f,0xef,0x9f,0xe7,0x7f,0xe7,0x7f,0xe7,0x7f,0xe7,0x7f,0xe7,0x7f,0xe7,0x9f,0xe7,
    0x9f,0xdf,0x9f,0xdf,0x9f,0xdf,0x9f,0xdf,0x9f,0xdf,0x9f,0xdf,0x9f,0xdf,0x9f,0xdf,
    0x9f,0xdf,0x9f,0xdf,0x9f,0xdf,0x9f,0xdf,0x9f,0xdf,0x9f,0xdf,0x9f,0xdf,0x9f,0xdf,
    0x9f,0xdf,0x9f,0xdf,0x9f,0xdf,0x9f,0xdf,0x9f,0xdf,0x9f,0xdf,0x9f,0xdf,0x9f,0xdf,
    0x9f,0xdf,0x9f,0xdf,0x9f,0xdf,0x9f,0xdf,0x9f,0xdf,0x9f,0xdf,0x9f,0xdf,0x9f,0xdf,
    0x9f,0xdf,0x9f,0xe7,0x9f,0xe7,0x9f,0xdf,0x9f,0xe7,0x9f,0xe7,0x9f,0xe7,0xdf,0xf7,
    0x9f,0xe7,0x9f,0xe7,0x9f,0xe7,0x9f,0xe7,0xdf,0xf7,0xbf,0xef,0x9f,0xe7,0x9f,0xe7,
    0x7f,0xe7,0x7f,0xe7,0x7f,0xe7,0x7f,0xe7,0x7f,0xe7,0x9f,0xe7,0x9f,0xe7,0x9f,0xe7,
    0x9f,0xe7,0x9f,0xe7,0x9f,0xe7,0x9f,0xe7,0x9f,0xe7,0x9f,0xe7,0x9f,0xe7,0x9f,0xe7,
    0x9f,0xe7,0x9f,0xe7,0x9f,0xe7,0x9f,0xe7,0x9f,0xe7,0x9f,0xe7,0x9f,0xe7,0x9f,0xe7,
    0x9f,0xe7,0x9f,0xe7,0x9f,0xe7,0x9f,0xe7,0x9f,0xe7,0x9f,0xe7,0x9f,0xe7,0x9f,0xe7,
    0x9f,0xe7,0x9f,0xe7,0x9f,0xe7,0x9f,0xe7,0x9f,0xe7,0x9f,0xe7,0x9f,0xe7,0x9f,0xe7,
    0x9f,0xdf,0x9f,0xe7,0x9f,0xe7,0xbf,0xe7,0xdf,0xf7,0x7f,0xdf,0x9f,0xe7,0x9f,0xe7,
    0x9f,0xe7,0xdf,0xf7,0xbf,0xef,0x9f,0xe7,0x9f,0xe7,0x9f,0xe7,0x9f,0xe7,0x7f,0xe7,
    0x7f,0xe7,0x9f,0xe7,0x9f,0xe7,0x9f,0xe7,0x9f,0xe7,0x9f,0xe7,0x9f,0xe7,0x9f,0xe7,
    0x9f,0xe7,0x9f,0xe7,0x9f,0xe7,0x9f,0xe7,0x9f,0xe7,0x9f,0xe7,0x9f,0xe7,0x9f,0xe7,
    0x9f,0xe7,0x9f,0xe7,0x9f,0xe7,0x9f,0xe7,0x9f,0xe7,0x9f,0xe7,0x9f,0xe7,0x9f,0xe7,
    0x9f,0xe7,0x9f,0xe7,0x9f,0xe7,0x9f,0xe7,0x9f,0xe7,0x9f,0xe7,0x9f,0xe7,0x9f,0xe7,
    0x9f,0xe7,0x9f,0xe7,0x9f,0xe7,0x9f,0xe7,0x9f,0xdf,0x9f,0xdf,0x9f,0xe7,0x9f,0xe7,
    0xbf,0xef,0xdf,0xf7,0x7f,0xdf,0x9f,0xe7,0xbf,0xef,0x9f,0xe7,0xdf,0xf7,0xdf,0xf7,
    0xbf,0xef,0x9f,0xe7,0x9f,0xe7,0x9f,0xe7,0x9f,0xe7,0x9f,0xe7,0x9f,0xe7,0x9f,0xe7,
    0x9f,0xe7,0x9f,0xe7,0x9f,0xe7,0x9f,0xe7,0x9f,0xe7,0x9f,0xe7,0x9f,0xe7,0x9f,0xe7,
    0x9f,0xe7,0x9f,0xe7,0x9f,0xe7,0x9f,0xe7,0x9f,0xe7,0x9f,0xe7,0x9f,0xe7,0x9f,0xe7,
    0x9f,0xe7,0x9f,0xe7,0x9f,0xe7,0x9f,0xe7,0x9f,0xe7,0x9f,0xe7,0x9f,0xe7,0x9f,0xe7,
    0x9f,0xe7,0x9f,0xe7,0x9f,0xe7,0x9f,0xe7,0x9f,0xe7,0x9f,0xe7,0x9f,0xe7,0x9f,0xe7,
    0x9f,0xe7,0x9f,0xdf,0x9f,0xe7,0x9f,0xe7,0xbf,0xef,0xdf,0xef,0xbf,0xef,0x7f,0xdf,
    0x9f,0xe7,0xbf,0xef,0x9f,0xe7,0xbf,0xef,0xdf,0xf7,0xbf,0xef,0xbf,0xef,0x9f,0xe7,
    0x9f,0xe7,0x9f,0xe7,0x9f,0xe7,0x9f,0xe7,0x9f,0xe7,0x9f,0xe7,0x9f,0xe7,0x9f,0xe7,
    0x9f,0xe7,0x9f,0xe7,0x9f,0xe7,0x9f,0xe7,0x9f,0xe7,0x9f,0xe7,0x9f,0xe7,0x9f,0xe7,
    0x9f,0xe7,0x9f,0xe7,0x9f,0xe7,0x9f,0xe7,0x9f,0xe7,0x9f,0xe7,0x9f,0xe7,0x9f,0xe7,
    0x9f,0xe7,0x9f,0xe7,0x9f,0xe7,0x9f,0xe7,0x9f,0xe7,0x9f,0xe7,0x9f,0xe7,0x9f,0xe7,
    0x9f,0xe7,0x9f,0xe7,0x9f,0xe7,0x9f,0xe7,0x9f,0xe7,0x9f,0xe7,0x9f,0xe7,0x9f,0xe7,
    0xbf,0xe7,0xbf,0xef,0xdf,0xf7,0xbf,0xef,0x9f,0xe7,0xbf,0xef,0xbf,0xef,0x9f,0xe7,
    0xbf,0xef,0xdf,0xf7,0xdf,0xf7,0xbf,0xef,0xbf,0xef,0x9f,0xe7,0x9f,0xe7,0x9f,0xe7,
    0x9f,0xe7,0x9f,0xe7,0x9f,0xe7,0x9f,0xe7,0x9f,0xe7,0x9f,0xe7,0x9f,0xe7,0x9f,0xe7,
    0x9f,0xe7,0x9f,0xe7,0x9f,0xe7,0x9f,0xe7,0x9f,0xe7,0x9f,0xe7,0x9f,0xe7,0x9f,0xe7,
    0x9f,0xe7,0x9f,0xe7,0x9f,0xe7,0x9f,0xe7,0x9f,0xe7,0x9f,0xe7,0x9f,0xe7,0x9f,0xe7,
    0x9f,0xe7,0x9f,0xe7,0x9f,0xe7,0x9f,0xe7,0x9f,0xe7,0x9f,0xe7,0x9f,0xe7,0x9f,0xe7,
    0x9f,0xe7,0x9f,0xe7,0x9f,0xe7,0x9f,0xe7,0xbf,0xe7,0xbf,0xef,0xdf,0xf7,0xbf,0xef,
    0xbf,0xef,0x7f,0xe7,0xbf,0xf7,0xdf,0xf7,0x7f,0xe7,0xbf,0xef,0xbf,0xe7,0xdf,0xf7,
    0xdf,0xf7,0xdf,0xef,0xbf,0xef,0xbf,0xef,0x9f,0xe7,0x9f,0xe7,0x9f,0xe7,0x9f,0xe7,
    0x9f,0xe7,0x9f,0xe7,0x9f,0xe7,0x9f,0xe7,0x9f,0xe7,0x9f,0xe7,0x9f,0xe7,0x9f,0xe7,
    0x9f,0xe7,0x9f,0xe7,0x9f,0xe7,0x9f,0xe7,0x9f,0xe7,0x9f,0xe7,0x9f,0xe7,0x9f,0xe7,
    0x9f,0xe7,0x9f,0xe7,0x9f,0xe7,0x9f,0xe7,0x9f,0xe7,0x9f,0xe7,0x9f,0xe7,0x9f,0xe7,
    0x9f,0xe7,0x9f,0xe7,0x9f,0xe7,0x9f,0xe7,0x9f,0xe7,0x9f,0xe7,0x9f,0xe7,0x9f,0xe7,
    0xbf,0xef,0xbf,0xef,0xdf,0xf7,0xbf,0xef,0xbf,0xe7,0xbf,0xef,0x9f,0xe7,0xdf,0xf7,
    0xdf,0xf7,0xbf,0xef,0x5f,0xdf,0xbf,0xef,0x9f,0xe7,0xdf,0xef,0xdf,0xf7,0xdf,0xf7,
    0xbf,0xef,0xbf,0xef,0xbf,0xef,0xbf,0xef,0xbf,0xef,0xbf,0xef,0xbf,0xef,0xbf,0xef,
    0xbf,0xef,0xbf,0xef,0xbf,0xef,0xbf,0xef,0xbf,0xef,0xbf,0xef,0xbf,0xef,0xbf,0xef,
    0xbf,0xef,0xbf,0xef,0xbf,0xef,0xbf,0xef,0xbf,0xef,0xbf,0xef,0xbf,0xef,0xbf,0xef,
    0xbf,0xef,0xbf,0xef,0xbf,0xef,0xbf,0xef,0xbf,0xef,0xbf,0xef,0xbf,0xef,0xbf,0xef,
    0xbf,0xef,0xbf,0xef,0xbf,0xef,0xbf,0xef,0xbf,0xef,0xdf,0xf7,0xdf,0xf7,0x9f,0xe7,
    0x9f,0xe7,0xbf,0xef,0x7f,0xe7,0xbf,0xf7,0xdf,0xf7,0xdf,0xf7,0xdf,0xf7,0x9f,0xef,
    0x5f,0xdf,0xbf,0xef,0xbf,0xef,0xbf,0xe7,0xbf,0xef,0xdf,0xf7,0xdf,0xf7,0xdf,0xf7,
    0xdf,0xf7,0xdf,0xf7,0xdf,0xf7,0xdf,0xf7,0xdf,0xf7,0xdf,0xf7,0xdf,0xf7,0xdf,0xf7,
    0xdf,0xf7,0xdf,0xf7,0xdf,0xf7,0xdf,0xf7,0xdf,0xf7,0xdf,0xf7,0xdf,0xf7,0xdf,0xf7,
    0xdf,0xf7,0xdf,0xf7,0xdf,0xf7,0xdf,0xf7,0xdf,0xf7,0xdf,0xf7,0xdf,0xf7,0xdf,0xf7,
    0xdf,0xf7,0xdf,0xf7,0xdf,0xf7,0xdf,0xf7,0xdf,0xf7,0xdf,0xef,0xdf,0xef,0xdf,0xef,
    0xdf,0xef,0xbf,0xef,0x9f,0xe7,0x7f,0xdf,0xbf,0xe7,0x9f,0xef,0x5f,0xdf,0xbf,0xef,
    0xdf,0xf7,0xdf,0xf7,0xdf,0xf7,0xdf,0xf7,0xbf,0xf7,0x9f,0xef,0x5f,0xdf,0x7f,0xe7,
    0xbf,0xef,0xbf,0xef,0x9f,0xe7,0x9f,0xe7,0x9f,0xe7,0x9f,0xe7,0x9f,0xdf,0x9f,0xdf,
    0x7f,0xdf,0x7f,0xdf,0x7f,0xdf,0x7f,0xdf,0x7f,0xdf,0x7f,0xdf,0x7f,0xdf,0x7f,0xdf,
    0x7f,0xdf,0x7f,0xdf,0x7f,0xdf,0x7f,0xdf,0x7f,0xdf,0x7f,0xdf,0x9f,0xdf,0x9f,0xdf,
    0x9f,0xdf,0x9f,0xdf,0x9f,0xdf,0x9f,0xdf,0x9f,0xdf,0x9f,0xdf,0x9f,0xdf,0x7f,0xdf,
    0x7f,0xdf,0x7f,0xdf,0x7f,0xdf,0x7f,0xdf,0x7f,0xdf,0x7f,0xdf,0x9f,0xdf,0x9f,0xe7,
    0x9f,0xe7,0x5f,0xdf,0x5f,0xdf,0xbf,0xef,0xdf,0xf7,0xdf,0xf7,0xdf,0xf7,0xdf,0xf7,
    0xdf,0xf7,0xdf,0xf7,0xdf,0xf7,0xbf,0xef,0x7f,0xe7,0x5f,0xdf,0x5f,0xd7,0x5f,0xdf,
    0x7f,0xdf,0x9f,0xe7,0x9f,0xe7,0x9f,0xe7,0x9f,0xe7,0x9f,0xe7,0x9f,0xe7,0x9f,0xe7,
    0x9f,0xe7,0x9f,0xe7,0x9f,0xe7,0x9f,0xe7,0x9f,0xe7,0x9f,0xe7,0x9f,0xe7,0x9f,0xe7,
    0x9f,0xe7,0x9f,0xe7,0x9f,0xe7,0x9f,0xe7,0x9f,0xe7,0x9f,0xe7,0x9f,0xe7,0x9f,0xe7,
    0x9f,0xe7,0x9f,0xe7,0x7f,0xe7,0x9f,0xe7,0x9f,0xe7,0x9f,0xe7,0x9f,0xe7,0x9f,0xe7,
    0x7f,0xdf,0x7f,0xdf,0x7f,0xdf,0x5f,0xd7,0x5f,0xd7,0x5f,0xdf,0x9f,0xe7,0xbf,0xef,
    0xdf,0xf7,0xdf,0xf7,0xdf,0xf7,0xdf,0xf7,0xff,0xff,0xff,0xff,0xff,0xff,0xff,0xff,
    0xff,0xff,0xff,0xff,0xff,0xff,0xff,0xff,0xff,0xff,0xff,0xff,0xff,0xff,0xff,0xff,
    0xff,0xff,0xff,0xff,0xff,0xff,0xff,0xff,0xff,0xff,0xff,0xff,0xff,0xff,0xff,0xff,
    0xff,0xff,0xff,0xff,0xff,0xff,0xff,0xff,0xff,0xff,0xff,0xff,0xff,0xff,0xff,0xff,
    0xff,0xff,0xff,0xff,0xff,0xff,0xff,0xff,0xff,0xff,0xff,0xff,0xff,0xff,0xff,0xff,
    0xff,0xff,0xff,0xff,0xff,0xff,0xff,0xff,0xff,0xff,0xff,0xff,0xff,0xff,0xff,0xff,
    0xff,0xff,0xff,0xff,0xff,0xff,0xff,0xff,0xff,0xff,0xff,0xff,0xff,0xff,0xff,0xff,
    0xff,0xff,0xff,0xff,0xff,0xff,0xff,0xff,0xff,0xff,0xff,0xff,0xff,0xff,0xff,0xff,
    0xff,0xff,0xff,0xff,0xff,0xff,0xff,0xff,0xff,0xff,0xff,0xff,0xff,0xff,0xff,0xff,
    0xff,0xff,0xff,0xff,0xff,0xff,0xff,0xff,0xff,0xff,0xff,0xff,0xff,0xff,0xff,0xff,
    0xff,0xff,0xff,0xff,0xff,0xff,0xff,0xff,0xff,0xff,0xff,0xff,0xff,0xff,0xff,0xff,
    0xff,0xff,0xff,0xff,0xff,0xff,0xff,0xff,0xff,0xff,0xff,0xff,0xff,0xff,0xff,0xff,
    0xff,0xff,0xff,0xff,0xff,0xff,0xff,0xff,0xff,0xff,0xff,0xff,0xff,0xff,0xff,0xff,
    0xff,0xff,0xff,0xff,0xff,0xff,0xff,0xff,0xff,0xff,0xff,0xff,0xff,0xff,0xff,0xff,
    0xff,0xff,0xff,0xff,0xff,0xff,0xff,0xff,0xff,0xff,0xff,0xff,0xff,0xff,0xff,0xff,
    0xff,0xff,0xff,0xff,0xff,0xff,0xff,0xff,0xff,0xff,0xff,0xff,0xff,0xff,0xff,0xff,
    0xff,0xff,0xff,0xff,0xff,0xff,0xff,0xff,0xff,0xff,0xff,0xff,0xff,0xff,0xff,0xff,
    0xff,0xff,0xff,0xff,0xff,0xff,0xff,0xff,0xff,0xff,0xff,0xff,0xff,0xff,0xff,0xff,
    0xff,0xff,0xff,0xff,0xff,0xff,0xff,0xff,0xff,0xff,0xff,0xff,0xff,0xff,0xff,0xff,
    0xff,0xff,0xff,0xff,0xff,0xff,0xff,0xff,0xff,0xff,0xff,0xff,0xff,0xff,0xff,0xff,
    0xff,0xff,0xff,0xff,0xff,0xff,0xff,0xff,0xff,0xff,0xff,0xff,0xff,0xff,0xff,0xff,
    0xff,0xff,0xff,0xff,0xff,0xff,0xff,0xff,0xff,0xff,0xff,0xff,0xff,0xff,0xff,0xff,
    0xff,0xff,0xff,0xff,0xff,0xff,0xff,0xff,0xff,0xff,0xff,0xff,0xff,0xff,0xff,0xff,
    0xff,0xff,0xff,0xff,0xff,0xff,0xff,0xff,0xff,0xff,0xff,0xff,0xff,0xff,0xff,0xff,
    0xff,0xff,0xff,0xff,0xff,0xff,0xff,0xff,0xff,0xff,0xff,0xff,0xff,0xff,0xff,0xff,
    0xff,0xff,0xff,0xff,0xff,0xff,0xff,0xff,0xff,0xff,0xff,0xff,0xff,0xff,0xff,0xff,
    0xff,0xff,0xff,0xff,0xff,0xff,0xff,0xff,0xff,0xff,0xff,0xff,0xff,0xff,0xff,0xff,
    0xff,0xff,0xff,0xff,0xff,0xff,0xff,0xff,0xff,0xff,0xff,0xff,0xff,0xff,0xff,0xff,
    0xff,0xff,0xff,0xff,0xff,0xff,0xff,0xff,0xff,0xff,0xff,0xff,0xff,0xff,0xff,0xff,
    0xff,0xff,0xff,0xff,0xff,0xff,0xff,0xff,0xff,0xff,0xff,0xff,0xff,0xff,0xff,0xff,
    0xff,0xff,0xff,0xff,0xff,0xff,0xff,0xff,0xff,0xff,0xff,0xff,0xff,0xff,0xff,0xff,
    0xff,0xff,0xff,0xff,0xff,0xff,0xff,0xff,0xff,0xff,0xff,0xff,0xff,0xff,0xff,0xff,
    0xff,0xff,0xff,0xff,0xff,0xff,0xff,0xff,0xff,0xff,0xff,0xff,0xff,0xff,0xff,0xff,
    0xff,0xff,0xff,0xff,0xff,0xff,0xff,0xff,0xff,0xff,0xff,0xff,0xff,0xff,0xff,0xff,
    0xff,0xff,0xff,0xff,0xff,0xff,0xff,0xff,0xff,0xff,0xff,0xff,0xff,0xff,0xff,0xff,
    0xff,0xff,0xff,0xff,0xff,0xff,0xff,0xff,0xff,0xff,0xff,0xff,0xff,0xff,0xff,0xff,
    0xff,0xff,0xff,0xff,0xff,0xff,0xff,0xff,0xff,0xff,0xff,0xff,0xff,0xff,0xff,0xff,
    0xff,0xff,0xff,0xff,0xff,0xff,0xff,0xff,0xff,0xff,0xff,0xff,0xff,0xff,0xff,0xff,
    0xff,0xff,0xff,0xff,0xff,0xff,0xff,0xff,0xff,0xff,0xff,0xff,0xff,0xff,0xff,0xff,
    0xff,0xff,0xff,0xff,0xff,0xff,0xff,0xff,0xff,0xff,0xff,0xff,0xff,0xff,0xff,0xff,
    0xff,0xff,0xff,0xff,0xff,0xff,0xff,0xff,0xff,0xff,0xff,0xff,0xff,0xff,0xff,0xff,
    0xff,0xff,0xff,0xff,0xff,0xff,0xff,0xff,0xff,0xff,0xff,0xff,0xff,0xff,0xff,0xff,
    0xff,0xff,0xff,0xff,0xff,0xff,0xff,0xff,0xff,0xff,0xff,0xff,0xff,0xff,0xff,0xff,
    0xff,0xff,0xff,0xff,0xff,0xff,0xff,0xff,0xff,0xff,0xff,0xff,0xff,0xff,0xff,0xff,
    0xff,0xff,0xff,0xff,0xff,0xff,0xff,0xff,0xff,0xff,0xff,0xff,0xff,0xff,0xff,0xff,
    0xff,0xff,0xff,0xff,0xff,0xff,0xff,0xff,0xff,0xff,0xff,0xff,0xff,0xff,0xff,0xff,
    0xff,0xff,0xff,0xff,0xff,0xff,0xff,0xff,0xff,0xff,0xff,0xff,0xff,0xff,0xff,0xff,
    0xff,0xff,0xff,0xff,0xff,0xff,0xff,0xff,0xff,0xff,0xff,0xff,0xff,0xff,0xff,0xff,
    0xff,0xff,0xff,0xff,0xff,0xff,0xff,0xff,0xff,0xff,0xff,0xff,0xff,0xff,0xff,0xff,
    0xff,0xff,0xff,0xff,0xff,0xff,0xff,0xff,0xff,0xff,0xff,0xff,0xff,0xff,0xff,0xff,
    0xff,0xff,0xff,0xff,0xff,0xff,0xff,0xff,0xff,0xff,0xff,0xff,0xff,0xff,0xff,0xff,
    0xff,0xff,0xff,0xff,0xff,0xff,0xff,0xff,0xff,0xff,0xff,0xff,0xff,0xff,0xff,0xff,
    0xff,0xff,0xff,0xff,0xff,0xff,0xff,0xff,0xff,0xff,0xff,0xff,0xff,0xff,0xff,0xff,
    0xff,0xff,0xff,0xff,0xff,0xff,0xff,0xff,0xff,0xff,0xff,0xff,0xff,0xff,0xff,0xff,
    0xff,0xff,0xff,0xff,0xff,0xff,0xff,0xff,0xff,0xff,0xff,0xff,0xff,0xff,0xff,0xff,
    0xff,0xff,0xff,0xff,0xff,0xff,0xff,0xff,0xff,0xff,0xff,0xff,0xff,0xff,0xff,0xff,
    0xff,0xff,0xff,0xff,0xff,0xff,0xff,0xff,0xff,0xff,0xff,0xff,0xff,0xff,0xff,0xff,
    0xff,0xff,0xff,0xff,0xff,0xff,0xff,0xff,0xff,0xff,0xff,0xff,0xff,0xff,0xff,0xff,
    0xff,0xff,0xff,0xff,0xff,0xff,0xff,0xff,0xff,0xff,0xff,0xff,0xff,0xff,0xff,0xff,
    0xff,0xff,0xff,0xff,0xff,0xff,0xff,0xff,0xff,0xff,0xff,0xff,0xff,0xff,0xff,0xff,
    0xff,0xff,0xff,0xff,0xff,0xff,0xff,0xff,0xff,0xff,0xff,0xff,0xff,0xff,0xff,0xff,
    0xff,0xff,0xff,0xff,0xff,0xff,0xff,0xff,0xff,0xff,0xff,0xff,0xff,0xff,0xff,0xff,
    0xff,0xff,0xff,0xff,0xff,0xff,0xff,0xff,0xff,0xff,0xff,0xff,0xff,0xff,0xff,0xff,
    0xff,0xff,0xff,0xff,0xff,0xff,0xff,0xff,0xff,0xff,0xff,0xff,0xff,0xff,0xff,0xff,
    0xff,0xff,0xff,0xff,0xff,0xff,0xff,0xff,0xff,0xff,0xff,0xff,0xff,0xff,0xff,0xff,
    0xff,0xff,0xff,0xff,0xff,0xff,0xff,0xff,0xff,0xff,0xff,0xff,0xff,0xff,0xff,0xff,
    0xff,0xff,0xff,0xff,0xff,0xff,0xff,0xff,0xff,0xff,0xff,0xff,0xff,0xff,0xff,0xff,
    0xff,0xff,0xff,0xff,0xff,0xff,0xff,0xff,0xff,0xff,0xff,0xff,0xff,0xff,0xff,0xff,
    0xff,0xff,0xff,0xff,0xff,0xff,0xff,0xff,0xff,0xff,0xff,0xff,0xff,0xff,0xff,0xff,
    0xff,0xff,0xff,0xff,0xff,0xff,0xff,0xff,0xff,0xff,0xff,0xff,0xff,0xff,0xff,0xff,
    0xff,0xff,0xff,0xff,0xff,0xff,0xff,0xff,0xff,0xff,0xff,0xff,0xff,0xff,0xff,0xff,
    0xff,0xff,0xff,0xff,0xff,0xff,0xff,0xff,0xff,0xff,0xff,0xff,0xff,0xff,0xff,0xff,
    0xff,0xff,0xff,0xff,0xff,0xff,0xff,0xff,0xff,0xff,0xff,0xff,0xff,0xff,0xff,0xff,
    0xff,0xff,0xff,0xff,0xff,0xff,0xff,0xff,0xff,0xff,0xff,0xff,0xff,0xff,0xff,0xff,
    0xff,0xff,0xff,0xff,0xff,0xff,0xff,0xff,0xff,0xff,0xff,0xff,0xff,0xff,0xff,0xff,
    0xff,0xff,0xff,0xff,0xff,0xff,0xff,0xff,0xff,0xff,0xff,0xff,0xff,0xff,0xff,0xff,
    0xff,0xff,0xff,0xff,0xff,0xff,0xff,0xff,0xff,0xff,0xff,0xff,0xff,0xff,0xff,0xff,
    0xff,0xff,0xff,0xff,0xff,0xff,0xff,0xff,0xff,0xff,0xff,0xff,0xff,0xff,0xff,0xff,
    0xff,0xff,0xff,0xff,0xff,0xff,0xff,0xff,0xff,0xff,0xff,0xff,0xff,0xff,0xff,0xff,
    0xff,0xff,0xff,0xff,0xff,0xff,0xff,0xff,0xff,0xff,0xff,0xff,0xff,0xff,0xff,0xff,
    0xff,0xff,0xff,0xff,0xff,0xff,0xff,0xff,0xff,0xff,0xff,0xff,0xff,0xff,0xff,0xff,
    0xff,0xff,0xff,0xff,0xff,0xff,0xff,0xff,0xff,0xff,0xff,0xff,0xff,0xff,0xff,0xff,
    0xff,0xff,0xff,0xff,0xff,0xff,0xff,0xff,0xff,0xff,0xff,0xff,0xff,0xff,0xff,0xff,
    0xff,0xff,0xff,0xff,0xff,0xff,0xff,0xff,0xff,0xff,0xff,0xff,0xff,0xff,0xff,0xff,
    0xff,0xff,0xff,0xff,0xff,0xff,0xff,0xff,0xff,0xff,0xff,0xff,0xff,0xff,0xff,0xff,
    0xff,0xff,0xff,0xff,0xff,0xff,0xff,0xff,0xff,0xff,0xff,0xff,0xff,0xff,0xff,0xff,
    0xff,0xff,0xff,0xff,0xff,0xff,0xff,0xff,0xff,0xff,0xff,0xff,0xff,0xff,0xff,0xff,
    0xff,0xff,0xff,0xff,0xff,0xff,0xff,0xff,0xff,0xff,0xff,0xff,0xff,0xff,0xff,0xff,
    0xff,0xff,0xff,0xff,0xff,0xff,0xff,0xff,0xff,0xff,0xff,0xff,0xff,0xff,0xff,0xff,
    0xff,0xff,0xff,0xff,0xff,0xff,0xff,0xff,0xff,0xff,0xff,0xff,0xff,0xff,0xff,0xff,
    0xff,0xff,0xff,0xff,0xff,0xff,0xff,0xff,0xff,0xff,0xff,0xff,0xff,0xff,0xff,0xff,
    0xff,0xff,0xff,0xff,0xff,0xff,0xff,0xff,0xff,0xff,0xff,0xff,0xff,0xff,0xff,0xff,
    0xff,0xff,0xff,0xff,0xff,0xff,0xff,0xff,0xff,0xff,0xff,0xff,0xff,0xff,0xff,0xff,
    0xff,0xff,0xff,0xff,0xff,0xff,0xff,0xff,0xff,0xff,0xff,0xff,0xff,0xff,0xff,0xff,
    0xff,0xff,0xff,0xff,0xff,0xff,0xff,0xff,0xff,0xff,0xff,0xff,0xff,0xff,0xff,0xff,
    0xff,0xff,0xff,0xff,0xff,0xff,0xff,0xff,0xff,0xff,0xff,0xff,0xff,0xff,0xff,0xff,
    0xff,0xff,0xff,0xff,0xff,0xff,0xff,0xff,0xff,0xff,0xff,0xff,0xff,0xff,0xff,0xff,
    0xff,0xff,0xff,0xff,0xff,0xff,0xff,0xff,0xff,0xff,0xff,0xff,0xff,0xff,0xff,0xff,
    0xff,0xff,0xff,0xff,0xff,0xff,0xff,0xff,0xff,0xff,0xff,0xff,0xff,0xff,0xff,0xff,
    0xff,0xff,0xff,0xff,0xff,0xff,0xff,0xff,0xff,0xff,0xff,0xff,0xff,0xff,0xff,0xff,
    0xff,0xff,0xff,0xff,0xff,0xff,0xff,0xff,0xff,0xff,0xff,0xff,0xff,0xff,0xff,0xff,
    0xff,0xff,0xff,0xff,0xff,0xff,0xff,0xff,0xff,0xff,0xff,0xff,0xff,0xff,0xff,0xff,
    0xff,0xff,0xff,0xff,0xff,0xff,0xff,0xff,0xff,0xff,0xff,0xff,0xff,0xff,0xff,0xff,
    0xff,0xff,0xff,0xff,0xff,0xff,0xff,0xff,0xff,0xff,0xff,0xff,0xff,0xff,0xff,0xff,
    0xff,0xff,0xff,0xff,0xff,0xff,0xff,0xff,0xff,0xff,0xff,0xff,0xff,0xff,0xff,0xff,
    0xff,0xff,0xff,0xff,0xff,0xff,0xff,0xff,0xff,0xff,0xff,0xff,0xff,0xff,0xff,0xff,
    0xff,0xff,0xff,0xff,0xff,0xff,0xff,0xff,0xff,0xff,0xff,0xff,0xff,0xff,0xff,0xff,
    0xff,0xff,0xff,0xff,0xff,0xff,0xff,0xff,0xff,0xff,0xff,0xff,0xff,0xff,0xff,0xff,
    0xff,0xff,0xff,0xff,0xff,0xff,0xff,0xff,0xff,0xff,0xff,0xff,0xff,0xff,0xff,0xff,
    0xff,0xff,0xff,0xff,0xff,0xff,0xff,0xff,0xff,0xff,0xff,0xff,0xff,0xff,0xff,0xff,
    0xff,0xff,0xff,0xff,0xff,0xff,0xff,0xff,0xff,0xff,0xff,0xff,0xff,0xff,0xff,0xff,
    0xff,0xff,0xff,0xff,0xff,0xff,0xff,0xff,0xff,0xff,0xff,0xff,0xff,0xff,0xff,0xff,
    0xff,0xff,0xff,0xff,0xff,0xff,0xff,0xff,0xff,0xff,0xff,0xff,0xff,0xff,0xff,0xff,
    0xff,0xff,0xff,0xff,0xff,0xff,0xff,0xff,0xff,0xff,0xff,0xff,0xff,0xff,0xff,0xff,
    0xff,0xff,0xff,0xff,0xff,0xff,0xff,0xff,0xff,0xff,0xff,0xff,0xff,0xff,0xff,0xff,
    0xff,0xff,0xff,0xff,0xff,0xff,0xff,0xff,0xff,0xff,0xff,0xff,0xff,0xff,0xff,0xff,
    0xff,0xff,0xff,0xff,0xff,0xff,0xff,0xff,0xff,0xff,0xff,0xff,0xff,0xff,0xff,0xff,
    0xff,0xff,0xff,0xff,0xff,0xff,0xff,0xff,0xff,0xff,0xff,0xff,0xff,0xff,0xff,0xff,
    0xff,0xff,0xff,0xff,0xff,0xff,0xff,0xff,0xff,0xff,0xff,0xff,0xff,0xff,0xff,0xff,
    0xff,0xff,0xff,0xff,0xff,0xff,0xff,0xff,0xff,0xff,0xff,0xff,0xff,0xff,0xff,0xff,
    0xff,0xff,0xff,0xff,0xff,0xff,0xff,0xff,0xff,0xff,0xff,0xff,0xff,0xff,0xff,0xff,
    0xff,0xff,0xff,0xff,0xff,0xff,0xff,0xff,0xff,0xff,0xff,0xff,0xff,0xff,0xff,0xff,
    0xff,0xff,0xff,0xff,0xff,0xff,0xff,0xff,0xff,0xff,0xff,0xff,0xff,0xff,0xff,0xff,
    0xff,0xff,0xff,0xff,0xff,0xff,0xff,0xff,0xff,0xff,0xff,0xff,0xff,0xff,0xff,0xff,
    0xff,0xff,0xff,0xff,0xff,0xff,0xff,0xff,0xff,0xff,0xff,0xff,0xff,0xff,0xff,0xff,
    0xff,0xff,0xff,0xff,0xff,0xff,0xff,0xff,0xff,0xff,0xff,0xff,0xff,0xff,0xff,0xff,
    0xff,0xff,0xff,0xff,0xff,0xff,0xff,0xff,0xff,0xff,0xff,0xff,0xff,0xff,0xff,0xff,
    0xff,0xff,0xff,0xff,0xff,0xff,0xff,0xff,0xff,0xff,0xff,0xff,0xff,0xff,0xff,0xff,
    0xff,0xff,0xff,0xff,0xff,0xff,0xff,0xff,0xff,0xff,0xff,0xff,0xff,0xff,0xff,0xff,
    0xff,0xff,0xff,0xff,0xff,0xff,0xff,0xff,0xff,0xff,0xff,0xff,0xff,0xff,0xff,0xff,
    0xff,0xff,0xff,0xff,0xff,0xff,0xff,0xff,0xff,0xff,0xff,0xff,0xff,0xff,0xff,0xff,
    0xff,0xff,0xff,0xff,0xff,0xff,0xff,0xff,0xff,0xff,0xff,0xff,0xff,0xff,0xff,0xff,
    0xff,0xff,0xff,0xff,0xff,0xff,0xff,0xff,0xff,0xff,0xff,0xff,0xff,0xff,0xff,0xff,
    0xff,0xff,0xff,0xff,0xff,0xff,0xff,0xff,0xff,0xff,0xff,0xff,0xff,0xff,0xff,0xff,
    0xff,0xff,0xff,0xff,0xff,0xff,0xff,0xff,0xff,0xff,0xff,0xff,0xff,0xff,0xff,0xff,
    0xff,0xff,0xff,0xff,0xff,0xff,0xff,0xff,0xff,0xff,0xff,0xff,0xff,0xff,0xff,0xff,
    0xff,0xff,0xff,0xff,0xff,0xff,0xff,0xff,0xff,0xff,0xff,0xff,0xff,0xff,0xff,0xff,
    0xff,0xff,0xff,0xff,0xff,0xff,0xff,0xff,0xff,0xff,0xff,0xff,0xff,0xff,0xff,0xff,
    0xff,0xff,0xff,0xff,0xff,0xff,0xff,0xff,0xff,0xff,0xff,0xff,0xff,0xff,0xff,0xff,
    0xff,0xff,0xff,0xff,0xff,0xff,0xff,0xff,0xff,0xff,0xff,0xff,0xff,0xff,0xff,0xff,
    0xff,0xff,0xff,0xff,0xff,0xff,0xff,0xff,0xff,0xff,0xff,0xff,0xff,0xff,0xff,0xff,
    0xff,0xff,0xff,0xff,0xff,0xff,0xff,0xff,0xff,0xff,0xff,0xff,0xff,0xff,0xff,0xff,
    0xff,0xff,0xff,0xff,0xff,0xff,0xff,0xff,0xff,0xff,0xff,0xff,0xff,0xff,0xff,0xff,
    0xff,0xff,0xff,0xff,0xff,0xff,0xff,0xff,0xff,0xff,0xff,0xff,0xff,0xff,0xff,0xff,
    0xff,0xff,0xff,0xff,0xff,0xff,0xff,0xff,0xff,0xff,0xff,0xff,0xff,0xff,0xff,0xff,
    0xff,0xff,0xff,0xff,0xff,0xff,0xff,0xff,0xff,0xff,0xff,0xff,0xff,0xff,0xff,0xff,
    0xff,0xff,0xff,0xff,0xff,0xff,0xff,0xff,0xff,0xff,0xff,0xff,0xff,0xff,0xff,0xff,
    0xff,0xff,0xff,0xff,0xff,0xff,0xff,0xff,0xff,0xff,0xff,0xff,0xff,0xff,0xff,0xff,
    0xff,0xff,0xff,0xff,0xff,0xff,0xff,0xff,0xff,0xff,0xff,0xff,0xff,0xff,0xff,0xff,
    0xff,0xff,0xff,0xff,0xff,0xff,0xff,0xff,0xff,0xff,0xff,0xff,0xff,0xff,0xff,0xff,
    0xff,0xff,0xff,0xff,0xff,0xff,0xff,0xff,0xff,0xff,0xff,0xff,0xff,0xff,0xff,0xff,
    0xff,0xff,0xff,0xff,0xff,0xff,0xff,0xff,0xff,0xff,0xff,0xff,0xff,0xff,0xff,0xff,
    0xff,0xff,0xff,0xff,0xff,0xff,0xff,0xff,0xff,0xff,0xff,0xff,0xff,0xff,0xff,0xff,
    0xff,0xff,0xff,0xff,0xff,0xff,0xff,0xff,0xff,0xff,0xff,0xff,0xff,0xff,0xff,0xff,
    0xff,0xff,0xff,0xff,0xff,0xff,0xff,0xff,0xff,0xff,0xff,0xff,0xff,0xff,0xff,0xff,
    0xff,0xff,0xff,0xff,0xff,0xff,0xff,0xff,0xff,0xff,0xff,0xff,0xff,0xff,0xff,0xff,
    0xff,0xff,0xff,0xff,0xff,0xff,0xff,0xff,0xff,0xff,0xff,0xff,0xff,0xff,0xff,0xff,
    0xff,0xff,0xff,0xff,0xff,0xff,0xff,0xff,0xff,0xff,0xff,0xff,0xff,0xff,0xff,0xff,
    0xff,0xff,0xff,0xff,0xff,0xff,0xff,0xff,0xff,0xff,0xff,0xff,0xff,0xff,0xff,0xff,
    0xff,0xff,0xff,0xff,0xff,0xff,0xff,0xff,0xff,0xff,0xff,0xff,0xff,0xff,0xff,0xff,
    0xff,0xff,0xff,0xff,0xff,0xff,0xff,0xff,0xff,0xff,0xff,0xff,0xff,0xff,0xff,0xff,
    0xff,0xff,0xff,0xff,0xff,0xff,0xff,0xff,0xff,0xff,0xff,0xff,0xff,0xff,0xff,0xff,
    0xff,0xff,0xff,0xff,0xff,0xff,0xff,0xff,0xff,0xff,0xff,0xff,0xff,0xff,0xff,0xff,
    0xff,0xff,0xff,0xff,0xff,0xff,0xff,0xff,0xff,0xff,0xff,0xff,0xff,0xff,0xff,0xff,
    0xff,0xff,0xff,0xff,0xff,0xff,0xff,0xff,0xff,0xff,0xff,0xff,0xff,0xff,0xff,0xff,
    0xff,0xff,0xff,0xff,0xff,0xff,0xff,0xff,0xff,0xff,0xff,0xff,0xff,0xff,0xff,0xff,
    0xff,0xff,0xff,0xff,0xff,0xff,0xff,0xff,0xff,0xff,0xff,0xff,0xff,0xff,0xff,0xff,
    0xff,0xff,0xff,0xff,0xff,0xff,0xff,0xff,0xff,0xff,0xff,0xff,0xff,0xff,0xff,0xff,
    0xff,0xff,0xff,0xff,0xff,0xff,0xff,0xff,0xff,0xff,0xff,0xff,0xff,0xff,0xff,0xff,
    0xff,0xff,0xff,0xff,0xff,0xff,0xff,0xff,0xff,0xff,0xff,0xff,0xff,0xff,0xff,0xff,
    0xff,0xff,0xff,0xff,0xff,0xff,0xff,0xff,0xff,0xff,0xff,0xff,0xff,0xff,0xff,0xff,
    0xff,0xff,0xff,0xff,0xff,0xff,0xff,0xff,0xff,0xff,0xff,0xff,0xff,0xff,0xff,0xff,
    0xff,0xff,0xff,0xff,0xff,0xff,0xff,0xff,0xff,0xff,0xff,0xff,0xff,0xff,0xff,0xff,
    0xff,0xff,0xff,0xff,0xff,0xff,0xff,0xff,0xff,0xff,0xff,0xff,0xff,0xff,0xff,0xff,
    0xff,0xff,0xff,0xff,0xff,0xff,0xff,0xff,0xff,0xff,0xff,0xff,0xff,0xff,0xff,0xff,
    0xff,0xff,0xff,0xff,0xff,0xff,0xff,0xff,0xff,0xff,0xff,0xff,0xff,0xff,0xff,0xff,
    0xff,0xff,0xff,0xff,0xff,0xff,0xff,0xff,0xff,0xff,0xff,0xff,0xff,0xff,0xff,0xff,
    0xff,0xff,0xff,0xff,0xff,0xff,0xff,0xff,0xff,0xff,0xff,0xff,0xff,0xff,0xff,0xff,
    0xff,0xff,0xff,0xff,0xff,0xff,0xff,0xff,0xff,0xff,0xff,0xff,0xff,0xff,0xff,0xff,
    0xff,0xff,0xff,0xff,0xff,0xff,0xff,0xff,0xff,0xff,0xff,0xff,0xff,0xff,0xff,0xff,
    0xff,0xff,0xff,0xff,0xff,0xff,0xff,0xff,0xff,0xff,0xff,0xff,0xff,0xff,0xff,0xff,
    0xff,0xff,0xff,0xff,0xff,0xff,0xff,0xff,0xff,0xff,0xff,0xff,0xff,0xff,0xff,0xff,
    0xff,0xff,0xff,0xff,0xff,0xff,0xff,0xff,0xff,0xff,0xff,0xff,0xff,0xff,0xff,0xff,
    0xff,0xff,0xff,0xff,0xff,0xff,0xff,0xff,0xff,0xff,0xff,0xff,0xff,0xff,0xff,0xff,
    0xff,0xff,0xff,0xff,0xff,0xff,0xff,0xff,0xff,0xff,0xff,0xff,0xff,0xff,0xff,0xff,
    0xff,0xff,0xff,0xff,0xff,0xff,0xff,0xff,0xff,0xff,0xff,0xff,0xff,0xff,0xff,0xff,
    0xff,0xff,0xff,0xff,0xff,0xff,0xff,0xff,0xff,0xff,0xff,0xff,0xff,0xff,0xff,0xff,
    0xff,0xff,0xff,0xff,0xff,0xff,0xff,0xff,0xff,0xff,0xff,0xff,0xff,0xff,0xff,0xff,
    0xff,0xff,0xff,0xff,0xff,0xff,0xff,0xff,0xff,0xff,0xff,0xff,0xff,0xff,0xff,0xff,
    0xff,0xff,0xff,0xff,0xff,0xff,0xff,0xff,0xff,0xff,0xff,0xff,0xff,0xff,0xff,0xff,
    0xff,0xff,0xff,0xff,0xff,0xff,0xff,0xff,0xff,0xff,0xff,0xff,0xff,0xff,0xff,0xff,
    0xff,0xff,0xff,0xff,0xff,0xff,0xff,0xff,0xff,0xff,0xff,0xff,0xff,0xff,0xff,0xff,
    0xff,0xff,0xff,0xff,0xff,0xff,0xff,0xff,0xff,0xff,0xff,0xff,0xff,0xff,0xff,0xff,
    0xff,0xff,0xff,0xff,0xff,0xff,0xff,0xff,0xff,0xff,0xff,0xff,0xff,0xff,0xff,0xff,
    0xff,0xff,0xff,0xff,0xff,0xff,0xff,0xff,0xff,0xff,0xff,0xff,0xff,0xff,0xff,0xff,
    0xff,0xff,0xff,0xff,0xff,0xff,0xff,0xff,0xff,0xff,0xff,0xff,0xff,0xff,0xff,0xff,
    0xff,0xff,0xff,0xff,0xff,0xff,0xff,0xff,0xff,0xff,0xff,0xff,0xff,0xff,0xff,0xff,
    0xff,0xff,0xff,0xff,0xff,0xff,0xff,0xff,0xff,0xff,0xff,0xff,0xff,0xff,0xff,0xff,
    0xff,0xff,0xff,0xff,0xff,0xff,0xff,0xff,0xff,0xff,0xff,0xff,0xff,0xff,0xff,0xff,
    0xff,0xff,0xff,0xff,0xff,0xff,0xff,0xff,0xff,0xff,0xff,0xff,0xff,0xff,0xff,0xff,
    0xff,0xff,0xff,0xff,0xff,0xff,0xff,0xff,0xff,0xff,0xff,0xff,0xff,0xff,0xff,0xff,
    0xff,0xff,0xff,0xff,0xff,0xff,0xff,0xff,0xff,0xff,0xff,0xff,0xff,0xff,0xff,0xff,
    0xff,0xff,0xff,0xff,0xff,0xff,0xff,0xff,0xff,0xff,0xff,0xff,0xff,0xff,0xff,0xff,
    0xff,0xff,0xff,0xff,0xff,0xff,0xff,0xff,0xff,0xff,0xff,0xff,0xff,0xff,0xff,0xff,
    0xff,0xff,0xff,0xff,0xff,0xff,0xff,0xff,0xff,0xff,0xff,0xff,0xff,0xff,0xff,0xff,
    0xff,0xff,0xff,0xff,0xff,0xff,0xff,0xff,0xff,0xff,0xff,0xff,0xff,0xff,0xff,0xff,
    0xff,0xff,0xff,0xff,0xff,0xff,0xff,0xff,0xff,0xff,0xff,0xff,0xff,0xff,0xff,0xff,
    0xff,0xff,0xff,0xff,0xff,0xff,0xff,0xff,0xff,0xff,0xff,0xff,0xff,0xff,0xff,0xff,
    0xff,0xff,0xff,0xff,0xff,0xff,0xff,0xff,0xff,0xff,0xff,0xff,0xff,0xff,0xff,0xff,
    0xff,0xff,0xff,0xff,0xff,0xff,0xff,0xff,0xff,0xff,0xff,0xff,0xff,0xff,0xff,0xff,
    0xff,0xff,0xff,0xff,0xff,0xff,0xff,0xff,0xff,0xff,0xff,0xff,0xff,0xff,0xff,0xff,
    0xff,0xff,0xff,0xff,0xff,0xff,0xff,0xff,0xff,0xff,0xff,0xff,0xff,0xff,0xff,0xff,
    0xff,0xff,0xff,0xff,0xff,0xff,0xff,0xff,0xff,0xff,0xff,0xff,0xff,0xff,0xff,0xff,
    0xff,0xff,0xff,0xff,0xff,0xff,0xff,0xff,0xff,0xff,0xff,0xff,0xff,0xff,0xff,0xff,
    0xff,0xff,0xff,0xff,0xff,0xff,0xff,0xff,0xff,0xff,0xff,0xff,0xff,0xff,0xff,0xff,
    0xff,0xff,0xff,0xff,0xff,0xff,0xff,0xff,0xff,0xff,0xff,0xff,0xff,0xff,0xff,0xff,
    0xff,0xff,0xff,0xff,0xff,0xff,0xff,0xff,0xff,0xff,0xff,0xff,0xff,0xff,0xff,0xff,
    0xff,0xff,0xff,0xff,0xff,0xff,0xff,0xff,0xff,0xff,0xff,0xff,0xff,0xff,0xff,0xff,
    0xff,0xff,0xff,0xff,0xff,0xff,0xff,0xff,0xff,0xff,0xff,0xff,0xff,0xff,0xff,0xff,
    0xff,0xff,0xff,0xff,0xff,0xff,0xff,0xff,0xff,0xff,0xff,0xff,0xff,0xff,0xff,0xff,
    0xff,0xff,0xff,0xff,0xff,0xff,0xff,0xff,0xff,0xff,0xff,0xff,0xff,0xff,0xff,0xff,
    0xff,0xff,0xff,0xff,0xff,0xff,0xff,0xff,0xff,0xff,0xff,0xff,0xff,0xff,0xff,0xff,
    0xff,0xff,0xff,0xff,0xff,0xff,0xff,0xff,0xff,0xff,0xff,0xff,0xff,0xff,0xff,0xff,
    0xff,0xff,0xff,0xff,0xff,0xff,0xff,0xff,0xff,0xff,0xff,0xff,0xff,0xff,0xff,0xff,
    0xff,0xff,0xff,0xff,0xff,0xff,0xff,0xff,0xff,0xff,0xff,0xff,0xff,0xff,0xff,0xff,
    0xff,0xff,0xff,0xff,0xff,0xff,0xff,0xff,0xff,0xff,0xff,0xff,0xff,0xff,0xff,0xff,
    0xff,0xff,0xff,0xff,0xff,0xff,0xff,0xff,0xff,0xff,0xff,0xff,0xff,0xff,0xff,0xff,
    0xff,0xff,0xff,0xff,0xff,0xff,0xff,0xff,0xff,0xff,0xff,0xff,0xff,0xff,0xff,0xff,
    0xff,0xff,0xff,0xff,0xff,0xff,0xff,0xff,0xff,0xff,0xff,0xff,0xff,0xff,0xff,0xff,
    0xff,0xff,0xff,0xff,0xff,0xff,0xff,0xff,0xff,0xff,0xff,0xff,0xff,0xff,0xff,0xff,
    0xff,0xff,0xff,0xff,0xff,0xff,0xff,0xff,0xff,0xff,0xff,0xff,0xff,0xff,0xff,0xff,
    0xff,0xff,0xff,0xff,0xff,0xff,0xff,0xff,0xff,0xff,0xff,0xff,0xff,0xff,0xff,0xff,
    0xff,0xff,0xff,0xff,0xff,0xff,0xff,0xff,0xff,0xff,0xff,0xff,0xff,0xff,0xff,0xff,
    0xff,0xff,0xff,0xff,0xff,0xff,0xff,0xff,0xff,0xff,0xff,0xff,0xff,0xff,0xff,0xff,
    0xff,0xff,0xff,0xff,0xff,0xff,0xff,0xff,0xff,0xff,0xff,0xff,0xff,0xff,0xff,0xff,
    0xff,0xff,0xff,0xff,0xff,0xff,0xff,0xff,0xff,0xff,0xff,0xff,0xff,0xff,0xff,0xff,
    0xff,0xff,0xff,0xff,0xff,0xff,0xff,0xff,0xff,0xff,0xff,0xff,0xff,0xff,0xff,0xff,
    0xff,0xff,0xff,0xff,0xff,0xff,0xff,0xff,0xff,0xff,0xff,0xff,0xff,0xff,0xff,0xff,
    0xff,0xff,0xff,0xff,0xff,0xff,0xff,0xff,0xff,0xff,0xff,0xff,0xff,0xff,0xff,0xff,
    0xff,0xff,0xff,0xff,0xff,0xff,0xff,0xff,0xff,0xff,0xff,0xff,0xff,0xff,0xff,0xff,
    0xff,0xff,0xff,0xff,0xff,0xff,0xff,0xff,0xff,0xff,0xff,0xff,0xff,0xff,0xff,0xff,
    0xff,0xff,0xff,0xff,0xff,0xff,0xff,0xff,0xff,0xff,0xff,0xff,0xff,0xff,0xff,0xff,
    0xff,0xff,0xff,0xff,0xff,0xff,0xff,0xff,0xff,0xff,0xff,0xff,0xff,0xff,0xff,0xff,
    0xff,0xff,0xff,0xff,0xff,0xff,0xff,0xff,0xff,0xff,0xff,0xff,0xff,0xff,0xff,0xff,
    0xff,0xff,0xff,0xff,0xff,0xff,0xff,0xff,0xff,0xff,0xff,0xff,0xff,0xff,0xff,0xff,
    0xff,0xff,0xff,0xff,0xff,0xff,0xff,0xff,0xff,0xff,0xff,0xff,0xff,0xff,0xff,0xff,
    0xff,0xff,0xff,0xff,0xff,0xff,0xff,0xff,0xff,0xff,0xff,0xff,0xff,0xff,0xff,0xff,
    0xff,0xff,0xff,0xff,0xff,0xff,0xff,0xff,0xff,0xff,0xff,0xff,0xff,0xff,0xff,0xff,
    0xff,0xff,0xff,0xff,0xff,0xff,0xff,0xff,0xff,0xff,0xff,0xff,0xff,0xff,0xff,0xff,
    0xff,0xff,0xff,0xff,0xff,0xff,0xff,0xff,0xff,0xff,0xff,0xff,0xff,0xff,0xff,0xff,
    0xff,0xff,0xff,0xff,0xff,0xff,0xff,0xff,0xff,0xff,0xff,0xff,0xff,0xff,0xff,0xff,
    0xff,0xff,0xff,0xff,0xff,0xff,0xff,0xff,0xff,0xff,0xff,0xff,0xff,0xff,0xff,0xff,
    0xff,0xff,0xff,0xff,0xff,0xff,0xff,0xff,0xff,0xff,0xff,0xff,0xff,0xff,0xff,0xff,
    0xff,0xff,0xff,0xff,0xff,0xff,0xff,0xff,0xff,0xff,0xff,0xff,0xff,0xff,0xff,0xff,
    0xff,0xff,0xff,0xff,0xff,0xff,0xff,0xff,0xff,0xff,0xff,0xff,0xff,0xff,0xff,0xff,
    0xff,0xff,0xff,0xff,0xff,0xff,0xff,0xff,0xff,0xff,0xff,0xff,0xff,0xff,0xff,0xff,
    0xff,0xff,0xff,0xff,0xff,0xff,0xff,0xff,0xff,0xff,0xff,0xff,0xff,0xff,0xff,0xff,
    0xff,0xff,0xff,0xff,0xff,0xff,0xff,0xff,0xff,0xff,0xff,0xff,0xff,0xff,0xff,0xff,
    0xff,0xff,0xff,0xff,0xff,0xff,0xff,0xff,0xff,0xff,0xff,0xff,0xff,0xff,0xff,0xff,
    0xff,0xff,0xff,0xff,0xff,0xff,0xff,0xff,0xff,0xff,0xff,0xff,0xff,0xff,0xff,0xff,
    0xff,0xff,0xff,0xff,0xff,0xff,0xff,0xff,0xff,0xff,0xff,0xff,0xff,0xff,0xff,0xff,
    0xff,0xff,0xff,0xff,0xff,0xff,0xff,0xff,0xff,0xff,0xff,0xff,0xff,0xff,0xff,0xff,
    0xff,0xff,0xff,0xff,0xff,0xff,0xff,0xff,0xff,0xff,0xff,0xff,0xff,0xff,0xff,0xff,
    0xff,0xff,0xff,0xff,0xff,0xff,0xff,0xff,0xff,0xff,0xff,0xff,0xff,0xff,0xff,0xff,
    0xff,0xff,0xff,0xff,0xff,0xff,0xff,0xff,0xff,0xff,0xff,0xff,0xff,0xff,0xff,0xff,
    0xff,0xff,0xff,0xff,0xff,0xff,0xff,0xff,0xff,0xff,0xff,0xff,0xff,0xff,0xff,0xff,
    0xff,0xff,0xff,0xff,0xff,0xff,0xff,0xff,0xff,0xff,0xff,0xff,0xff,0xff,0xff,0xff,
    0xff,0xff,0xff,0xff,0xff,0xff,0xff,0xff,0xff,0xff,0xff,0xff,0xff,0xff,0xff,0xff,
    0xff,0xff,0xff,0xff,0xff,0xff,0xff,0xff,0xff,0xff,0xff,0xff,0xff,0xff,0xff,0xff,
    0xff,0xff,0xff,0xff,0xff,0xff,0xff,0xff,0xff,0xff,0xff,0xff,0xff,0xff,0xff,0xff,
    0xff,0xff,0xff,0xff,0xff,0xff,0xff,0xff,0xff,0xff,0xff,0xff,0xff,0xff,0xff,0xff,
    0xff,0xff,0xff,0xff,0xff,0xff,0xff,0xff,0xff,0xff,0xff,0xff,0xff,0xff,0xff,0xff,
    0xff,0xff,0xff,0xff,0xff,0xff,0xff,0xff,0xff,0xff,0xff,0xff,0xff,0xff,0xff,0xff,
    0xff,0xff,0xff,0xff,0xff,0xff,0xff,0xff,0xff,0xff,0xff,0xff,0xff,0xff,0xff,0xff,
    0xff,0xff,0xff,0xff,0xff,0xff,0xff,0xff,0xff,0xff,0xff,0xff,0xff,0xff,0xff,0xff,
    0xff,0xff,0xff,0xff,0xff,0xff,0xff,0xff,0xff,0xff,0xff,0xff,0xff,0xff,0xff,0xff,
    0xff,0xff,0xff,0xff,0xff,0xff,0xff,0xff,0xff,0xff,0xff,0xff,0xff,0xff,0xff,0xff,
    0xff,0xff,0xff,0xff,0xff,0xff,0xff,0xff,0xff,0xff,0xff,0xff,0xff,0xff,0xff,0xff,
    0xff,0xff,0xff,0xff,0xff,0xff,0xff,0xff,0xff,0xff,0xff,0xff,0xff,0xff,0xff,0xff,
    0xff,0xff,0xff,0xff,0xff,0xff,0xff,0xff,0xff,0xff,0xff,0xff,0xff,0xff,0xff,0xff,
    0xff,0xff,0xff,0xff,0xff,0xff,0xff,0xff,0xff,0xff,0xff,0xff,0xff,0xff,0xff,0xff,
    0xff,0xff,0xff,0xff,0xff,0xff,0xff,0xff,0xff,0xff,0xff,0xff,0xff,0xff,0xff,0xff,
    0xff,0xff,0xff,0xff,0xff,0xff,0xff,0xff,0xff,0xff,0xff,0xff,0xff,0xff,0xff,0xff,
    0xff,0xff,0xff,0xff,0xff,0xff,0xff,0xff,0xff,0xff,0xff,0xff,0xff,0xff,0xff,0xff,
    0xff,0xff,0xff,0xff,0xff,0xff,0xff,0xff,0xff,0xff,0xff,0xff,0xff,0xff,0xff,0xff,
    0xff,0xff,0xff,0xff,0xff,0xff,0xff,0xff,0xff,0xff,0xff,0xff,0xff,0xff,0xff,0xff,
    0xff,0xff,0xff,0xff,0xff,0xff,0xff,0xff,0xff,0xff,0xff,0xff,0xff,0xff,0xff,0xff,
    0xff,0xff,0xff,0xff,0xff,0xff,0xff,0xff,0xff,0xff,0xff,0xff,0xff,0xff,0xff,0xff,
    0xff,0xff,0xff,0xff,0xff,0xff,0xff,0xff,0xff,0xff,0xff,0xff,0xff,0xff,0xff,0xff,
    0xff,0xff,0xff,0xff,0xff,0xff,0xff,0xff,0xff,0xff,0xff,0xff,0xff,0xff,0xff,0xff,
    0xff,0xff,0xff,0xff,0xff,0xff,0xff,0xff,0xff,0xff,0xff,0xff,0xff,0xff,0xff,0xff,
    0xff,0xff,0xff,0xff,0xff,0xff,0xff,0xff,0xff,0xff,0xff,0xff,0xff,0xff,0xff,0xff,
    0xff,0xff,0xff,0xff,0xff,0xff,0xff,0xff,0xff,0xff,0xff,0xff,0xff,0xff,0xff,0xff,
    0xff,0xff,0xff,0xff,0xff,0xff,0xff,0xff,0xff,0xff,0xff,0xff,0xff,0xff,0xff,0xff,
    0xff,0xff,0xff,0xff,0xff,0xff,0xff,0xff,0xff,0xff,0xff,0xff,0xff,0xff,0xff,0xff,
    0xff,0xff,0xff,0xff,0xff,0xff,0xff,0xff,0xff,0xff,0xff,0xff,0xff,0xff,0xff,0xff,
    0xff,0xff,0xff,0xff,0xff,0xff,0xff,0xff,0xff,0xff,0xff,0xff,0xff,0xff,0xff,0xff,
    0xff,0xff,0xff,0xff,0xff,0xff,0xff,0xff,0xff,0xff,0xff,0xff,0xff,0xff,0xff,0xff,
    0xff,0xff,0xff,0xff,0xff,0xff,0xff,0xff,0xff,0xff,0xff,0xff,0xff,0xff,0xff,0xff,
    0xff,0xff,0xff,0xff,0xff,0xff,0xff,0xff,0xff,0xff,0xff,0xff,0xff,0xff,0xff,0xff,
    0xff,0xff,0xff,0xff,0xff,0xff,0xff,0xff,0xff,0xff,0xff,0xff,0xff,0xff,0xff,0xff,
    0xff,0xff,0xff,0xff,0xff,0xff,0xff,0xff,0xff,0xff,0xff,0xff,0xff,0xff,0xff,0xff,
    0xff,0xff,0xff,0xff,0xff,0xff,0xff,0xff,0xff,0xff,0xff,0xff,0xff,0xff,0xff,0xff,
    0xff,0xff,0xff,0xff,0xff,0xff,0xff,0xff,0xff,0xff,0xff,0xff,0xff,0xff,0xff,0xff,
    0xff,0xff,0xff,0xff,0xff,0xff,0xff,0xff,0xff,0xff,0xff,0xff,0xff,0xff,0xff,0xff,
    0xff,0xff,0xff,0xff,0xff,0xff,0xff,0xff,0xff,0xff,0xff,0xff,0xff,0xff,0xff,0xff,
    0xff,0xff,0xff,0xff,0xff,0xff,0xff,0xff,0xff,0xff,0xff,0xff,0xff,0xff,0xff,0xff,
    0xff,0xff,0xff,0xff,0xff,0xff,0xff,0xff,0xff,0xff,0xff,0xff,0xff,0xff,0xff,0xff,
    0xff,0xff,0xff,0xff,0xff,0xff,0xff,0xff,0xff,0xff,0xff,0xff,0xff,0xff,0xff,0xff,
    0xff,0xff,0xff,0xff,0xff,0xff,0xff,0xff,0xff,0xff,0xff,0xff,0xff,0xff,0xff,0xff,
    0xff,0xff,0xff,0xff,0xff,0xff,0xff,0xff,0xff,0xff,0xff,0xff,0xff,0xff,0xff,0xff,
    0xff,0xff,0xff,0xff,0xff,0xff,0xff,0xff,0xff,0xff,0xff,0xff,0xff,0xff,0xff,0xff,
    0xff,0xff,0xff,0xff,0xff,0xff,0xff,0xff,0xff,0xff,0xff,0xff,0xff,0xff,0xff,0xff,
    0xff,0xff,0xff,0xff,0xff,0xff,0xff,0xff,0xff,0xff,0xff,0xff,0xff,0xff,0xff,0xff,
    0xff,0xff,0xff,0xff,0xff,0xff,0xff,0xff,0xff,0xff,0xff,0xff,0xff,0xff,0xff,0xff,
    0xff,0xff,0xff,0xff,0xff,0xff,0xff,0xff,0xff,0xff,0xff,0xff,0xff,0xff,0xff,0xff,
    0xff,0xff,0xff,0xff,0xff,0xff,0xff,0xff,0xff,0xff,0xff,0xff,0xff,0xff,0xff,0xff,
    0xff,0xff,0xff,0xff,0xff,0xff,0xff,0xff,0xff,0xff,0xff,0xff,0xff,0xff,0xff,0xff,
    0xff,0xff,0xff,0xff,0xff,0xff,0xff,0xff,0xff,0xff,0xff,0xff,0xff,0xff,0xff,0xff,
    0xff,0xff,0xff,0xff,0xff,0xff,0xff,0xff,0xff,0xff,0xff,0xff,0xff,0xff,0xff,0xff,
    0xff,0xff,0xff,0xff,0xff,0xff,0xff,0xff,0xff,0xff,0xff,0xff,0xff,0xff,0xff,0xff,
    0xff,0xff,0xff,0xff,0xff,0xff,0xff,0xff,0xff,0xff,0xff,0xff,0xff,0xff,0xff,0xff,
    0xff,0xff,0xff,0xff,0xff,0xff,0xff,0xff,0xff,0xff,0xff,0xff,0xff,0xff,0xff,0xff,
    0xff,0xff,0xff,0xff,0xff,0xff,0xff,0xff,0xff,0xff,0xff,0xff,0xff,0xff,0xff,0xff,
    0xff,0xff,0xff,0xff,0xff,0xff,0xff,0xff,0xff,0xff,0xff,0xff,0xff,0xff,0xff,0xff,
    0xff,0xff,0xff,0xff,0xff,0xff,0xff,0xff,0xff,0xff,0xff,0xff,0xff,0xff,0xff,0xff,
    0xff,0xff,0xff,0xff,0xff,0xff,0xff,0xff,0xff,0xff,0xff,0xff,0xff,0xff,0xff,0xff,
    0xff,0xff,0xff,0xff,0xff,0xff,0xff,0xff,0xff,0xff,0xff,0xff,0xff,0xff,0xff,0xff,
    0xff,0xff,0xff,0xff,0xff,0xff,0xff,0xff,0xff,0xff,0xff,0xff,0xff,0xff,0xff,0xff,
    0xff,0xff,0xff,0xff,0xff,0xff,0xff,0xff,0xff,0xff,0xff,0xff,0xff,0xff,0xff,0xff,
    0xff,0xff,0xff,0xff,0xff,0xff,0xff,0xff,0xff,0xff,0xff,0xff,0xff,0xff,0xff,0xff,
    0xff,0xff,0xff,0xff,0xff,0xff,0xff,0xff,0xff,0xff,0xff,0xff,0xff,0xff,0xff,0xff,
    0xff,0xff,0xff,0xff,0xff,0xff,0xff,0xff,0xff,0xff,0xff,0xff,0xff,0xff,0xff,0xff,
    0xff,0xff,0xff,0xff,0xff,0xff,0xff,0xff,0xff,0xff,0xff,0xff,0xff,0xff,0xff,0xff,
    0xff,0xff,0xff,0xff,0xff,0xff,0xff,0xff,0xff,0xff,0xff,0xff,0xff,0xff,0xff,0xff,
    0xff,0xff,0xff,0xff,0xff,0xff,0xff,0xff,0xff,0xff,0xff,0xff,0xff,0xff,0xff,0xff,
    0xff,0xff,0xff,0xff,0xff,0xff,0xff,0xff,0xff,0xff,0xff,0xff,0xff,0xff,0xff,0xff,
    0xff,0xff,0xff,0xff,0xff,0xff,0xff,0xff,0xff,0xff,0xff,0xff,0xff,0xff,0xff,0xff,
    0xff,0xff,0xff,0xff,0xff,0xff,0xff,0xff,0xff,0xff,0xff,0xff,0xff,0xff,0xff,0xff,
    0xff,0xff,0xff,0xff,0xff,0xff,0xff,0xff,0xff,0xff,0xff,0xff,0xff,0xff,0xff,0xff,
    0xff,0xff,0xff,0xff,0xff,0xff,0xff,0xff,0xff,0xff,0xff,0xff,0xff,0xff,0xff,0xff,
    0xff,0xff,0xff,0xff,0xff,0xff,0xff,0xff,0xff,0xff,0xff,0xff,0xff,0xff,0xff,0xff,
    0xff,0xff,0xff,0xff,0xff,0xff,0xff,0xff,0xff,0xff,0xff,0xff,0xff,0xff,0xff,0xff,
    0xff,0xff,0xff,0xff,0xff,0xff,0xff,0xff,0xff,0xff,0xff,0xff,0xff,0xff,0xff,0xff,
    0xff,0xff,0xff,0xff,0xff,0xff,0xff,0xff,0xff,0xff,0xff,0xff,0xff,0xff,0xff,0xff,
    0xff,0xff,0xff,0xff,0xff,0xff,0xff,0xff,0xff,0xff,0xff,0xff,0xff,0xff,0xff,0xff,
    0xff,0xff,0xff,0xff,0xff,0xff,0xff,0xff,0xff,0xff,0xff,0xff,0xff,0xff,0xff,0xff,
    0xff,0xff,0xff,0xff,0xff,0xff,0xff,0xff,0xff,0xff,0xff,0xff,0xff,0xff,0xff,0xff,
    0xff,0xff,0xff,0xff,0xff,0xff,0xff,0xff,0xff,0xff,0xff,0xff,0xff,0xff,0xff,0xff,
    0xff,0xff,0xff,0xff,0xff,0xff,0xff,0xff,0xff,0xff,0xff,0xff,0xff,0xff,0xff,0xff,
    0xff,0xff,0xff,0xff,0xff,0xff,0xff,0xff,0xff,0xff,0xff,0xff,0xff,0xff,0xff,0xff,
    0xff,0xff,0xff,0xff,0xff,0xff,0xff,0xff,0xff,0xff,0xff,0xff,0xff,0xff,0xff,0xff,
    0xff,0xff,0xff,0xff,0xff,0xff,0xff,0xff,0xff,0xff,0xff,0xff,0xff,0xff,0xff,0xff,
    0xff,0xff,0xff,0xff,0xff,0xff,0xff,0xff,0xff,0xff,0xff,0xff,0xff,0xff,0xff,0xff,
    0xff,0xff,0xff,0xff,0xff,0xff,0xff,0xff,0xff,0xff,0xff,0xff,0xff,0xff,0xff,0xff,
    0xff,0xff,0xff,0xff,0xff,0xff,0xff,0xff,0xff,0xff,0xff,0xff,0xff,0xff,0xff,0xff,
    0xff,0xff,0xff,0xff,0xff,0xff,0xff,0xff,0xff,0xff,0xff,0xff,0xff,0xff,0xff,0xff,
    0xff,0xff,0xff,0xff,0xff,0xff,0xff,0xff,0xff,0xff,0xff,0xff,0xff,0xff,0xff,0xff,
    0xff,0xff,0xff,0xff,0xff,0xff,0xff,0xff,0xff,0xff,0xff,0xff,0xff,0xff,0xff,0xff,
    0xff,0xff,0xff,0xff,0xff,0xff,0xff,0xff,0xff,0xff,0xff,0xff,0xff,0xff,0xff,0xff,
    0xff,0xff,0xff,0xff,0xff,0xff,0xff,0xff,0xff,0xff,0xff,0xff,0xff,0xff,0xff,0xff,
    0xff,0xff,0xff,0xff,0xff,0xff,0xff,0xff,0xff,0xff,0xff,0xff,0xff,0xff,0xff,0xff,
    0xff,0xff,0xff,0xff,0xff,0xff,0xff,0xff,0xff,0xff,0xff,0xff,0xff,0xff,0xff,0xff,
    0xff,0xff,0xff,0xff,0xff,0xff,0xff,0xff,0xff,0xff,0xff,0xff,0xff,0xff,0xff,0xff,
    0xff,0xff,0xff,0xff,0xff,0xff,0xff,0xff,0xff,0xff,0xff,0xff,0xff,0xff,0xff,0xff,
    0xff,0xff,0xff,0xff,0xff,0xff,0xff,0xff,0xff,0xff,0xff,0xff,0xff,0xff,0xff,0xff,
    0xff,0xff,0xff,0xff,0xff,0xff,0xff,0xff,0xff,0xff,0xff,0xff,0xff,0xff,0xff,0xff,
    0xff,0xff,0xff,0xff,0xff,0xff,0xff,0xff,0xff,0xff,0xff,0xff,0xff,0xff,0xff,0xff,
    0xff,0xff,0xff,0xff,0xff,0xff,0xff,0xff,0xff,0xff,0xff,0xff,0xff,0xff,0xff,0xff,
    0xff,0xff,0xff,0xff,0xff,0xff,0xff,0xff,0xff,0xff,0xff,0xff,0xff,0xff,0xff,0xff,
    0xff,0xff,0xff,0xff,0xff,0xff,0xff,0xff,0xff,0xff,0xff,0xff,0xff,0xff,0xff,0xff,
    0xff,0xff,0xff,0xff,0xff,0xff,0xff,0xff,0xff,0xff,0xff,0xff,0xff,0xff,0xff,0xff,
    0xff,0xff,0xff,0xff,0xff,0xff,0xff,0xff,0xff,0xff,0xff,0xff,0xff,0xff,0xff,0xff,
    0xff,0xff,0xff,0xff,0xff,0xff,0xff,0xff,0xff,0xff,0xff,0xff,0xff,0xff,0xff,0xff,
    0xff,0xff,0xff,0xff,0xff,0xff,0xff,0xff,0xff,0xff,0xff,0xff,0xff,0xff,0xff,0xff,
    0xff,0xff,0xff,0xff,0xff,0xff,0xff,0xff,0xff,0xff,0xff,0xff,0xff,0xff,0xff,0xff,
    0xff,0xff,0xff,0xff,0xff,0xff,0xff,0xff,0xff,0xff,0xff,0xff,0xff,0xff,0xff,0xff,
    0xff,0xff,0xff,0xff,0xff,0xff,0xff,0xff,0xff,0xff,0xff,0xff,0xff,0xff,0xff,0xff,
    0xff,0xff,0xff,0xff,0xff,0xff,0xff,0xff,0xff,0xff,0xff,0xff,0xff,0xff,0xff,0xff,
    0xff,0xff,0xff,0xff,0xff,0xff,0xff,0xff,0xff,0xff,0xff,0xff,0xff,0xff,0xff,0xff,
    0xff,0xff,0xff,0xff,0xff,0xff,0xff,0xff,0xff,0xff,0xff,0xff,0xff,0xff,0xff,0xff,
    0xff,0xff,0xff,0xff,0xff,0xff,0xff,0xff,0xff,0xff,0xff,0xff,0xff,0xff,0xff,0xff,
    0xff,0xff,0xff,0xff,0xff,0xff,0xff,0xff,0xff,0xff,0xff,0xff,0xff,0xff,0xff,0xff,
    0xff,0xff,0xff,0xff,0xff,0xff,0xff,0xff,0xff,0xff,0xff,0xff,0xff,0xff,0xff,0xff,
    0xff,0xff,0xff,0xff,0xff,0xff,0xff,0xff,0xff,0xff,0xff,0xff,0xff,0xff,0xff,0xff,
    0xff,0xff,0xff,0xff,0xff,0xff,0xff,0xff,0xff,0xff,0xff,0xff,0xff,0xff,0xff,0xff,
    0xff,0xff,0xff,0xff,0xff,0xff,0xff,0xff,0xff,0xff,0xff,0xff,0xff,0xff,0xff,0xff,
    0xff,0xff,0xff,0xff,0xff,0xff,0xff,0xff,0xff,0xff,0xff,0xff,0xff,0xff,0xff,0xff,
    0xff,0xff,0xff,0xff,0xff,0xff,0xff,0xff,0xff,0xff,0xff,0xff,0xff,0xff,0xff,0xff,
    0xff,0xff,0xff,0xff,0xff,0xff,0xff,0xff,0xff,0xff,0xff,0xff,0xff,0xff,0xff,0xff,
    0xff,0xff,0xff,0xff,0xff,0xff,0xff,0xff,0xff,0xff,0xff,0xff,0xff,0xff,0xff,0xff,
    0xff,0xff,0xff,0xff,0xff,0xff,0xff,0xff,0xff,0xff,0xff,0xff,0xff,0xff,0xff,0xff,
    0xff,0xff,0xff,0xff,0xff,0xff,0xff,0xff,0xff,0xff,0xff,0xff,0xff,0xff,0xff,0xff,
    0xff,0xff,0xff,0xff,0xff,0xff,0xff,0xff,0xff,0xff,0xff,0xff,0xff,0xff,0xff,0xff,
    0xff,0xff,0xff,0xff,0xff,0xff,0xff,0xff,0xff,0xff,0xff,0xff,0xff,0xff,0xff,0xff,
    0xff,0xff,0xff,0xff,0xff,0xff,0xff,0xff,0xff,0xff,0xff,0xff,0xff,0xff,0xff,0xff,
    0xff,0xff,0xff,0xff,0xff,0xff,0xff,0xff,0xff,0xff,0xff,0xff,0xff,0xff,0xff,0xff,
    0xff,0xff,0xff,0xff,0xff,0xff,0xff,0xff,0xff,0xff,0xff,0xff,0xff,0xff,0xff,0xff,
    0xff,0xff,0xff,0xff,0xff,0xff,0xff,0xff,0xff,0xff,0xff,0xff,0xff,0xff,0xff,0xff,
    0xff,0xff,0xff,0xff,0xff,0xff,0xff,0xff,0xff,0xff,0xff,0xff,0xff,0xff,0xff,0xff,
    0xff,0xff,0xff,0xff,0xff,0xff,0xff,0xff,0xff,0xff,0xff,0xff,0xff,0xff,0xff,0xff,
    0xff,0xff,0xff,0xff,0xff,0xff,0xff,0xff,0xff,0xff,0xff,0xff,0xff,0xff,0xff,0xff,
    0xff,0xff,0xff,0xff,0xff,0xff,0xff,0xff,0xff,0xff,0xff,0xff,0xff,0xff,0xff,0xff,
    0xff,0xff,0xff,0xff,0xff,0xff,0xff,0xff,0xff,0xff,0xff,0xff,0xff,0xff,0xff,0xff,
    0xff,0xff,0xff,0xff,0xff,0xff,0xff,0xff,0xff,0xff,0xff,0xff,0xff,0xff,0xff,0xff,
    0xff,0xff,0xff,0xff,0xff,0xff,0xff,0xff,0xff,0xff,0xff,0xff,0xff,0xff,0xff,0xff,
    0xff,0xff,0xff,0xff,0xff,0xff,0xff,0xff,0xff,0xff,0xff,0xff,0xff,0xff,0xff,0xff,
    0xff,0xff,0xff,0xff,0xff,0xff,0xff,0xff,0xff,0xff,0xff,0xff,0xff,0xff,0xff,0xff,
    0xff,0xff,0xff,0xff,0xff,0xff,0xff,0xff,0xff,0xff,0xff,0xff,0xff,0xff,0xff,0xff,
    0xff,0xff,0xff,0xff,0xff,0xff,0xff,0xff,0xff,0xff,0xff,0xff,0xff,0xff,0xff,0xff,
    0xff,0xff,0xff,0xff,0xff,0xff,0xff,0xff,0xff,0xff,0xff,0xff,0xff,0xff,0xff,0xff,
    0xff,0xff,0xff,0xff,0xff,0xff,0xff,0xff,0xff,0xff,0xff,0xff,0xff,0xff,0xff,0xff,
    0xff,0xff,0xff,0xff,0xff,0xff,0xff,0xff,0xff,0xff,0xff,0xff,0xff,0xff,0xff,0xff,
    0xff,0xff,0xff,0xff,0xff,0xff,0xff,0xff,0xff,0xff,0xff,0xff,0xff,0xff,0xff,0xff,
    0xff,0xff,0xff,0xff,0xff,0xff,0xff,0xff,0xff,0xff,0xff,0xff,0xff,0xff,0xff,0xff,
    0xff,0xff,0xff,0xff,0xff,0xff,0xff,0xff,0xff,0xff,0xff,0xff,0xff,0xff,0xff,0xff,
    0xff,0xff,0xff,0xff,0xff,0xff,0xff,0xff,0xff,0xff,0xff,0xff,0xff,0xff,0xff,0xff,
    0xff,0xff,0xff,0xff,0xff,0xff,0xff,0xff,0xff,0xff,0xff,0xff,0xff,0xff,0xff,0xff,
    0xff,0xff,0xff,0xff,0xff,0xff,0xff,0xff,0xff,0xff,0xff,0xff,0xff,0xff,0xff,0xff,
    0xff,0xff,0xff,0xff,0xff,0xff,0xff,0xff,0xff,0xff,0xff,0xff,0xff,0xff,0xff,0xff,
    0xff,0xff,0xff,0xff,0xff,0xff,0xff,0xff,0xff,0xff,0xff,0xff,0xff,0xff,0xff,0xff,
    0xff,0xff,0xff,0xff,0xff,0xff,0xff,0xff,0xff,0xff,0xff,0xff,0xff,0xff,0xff,0xff,
    0xff,0xff,0xff,0xff,0xff,0xff,0xff,0xff,0xff,0xff,0xff,0xff,0xff,0xff,0xff,0xff,
    0xff,0xff,0xff,0xff,0xff,0xff,0xff,0xff,0xff,0xff,0xff,0xff,0xff,0xff,0xff,0xff,
    0xff,0xff,0xff,0xff,0xff,0xff,0xff,0xff,0xff,0xff,0xff,0xff,0xff,0xff,0xff,0xff,
    0xff,0xff,0xff,0xff,0xff,0xff,0xff,0xff,0xff,0xff,0xff,0xff,0xff,0xff,0xff,0xff,
    0xff,0xff,0xff,0xff,0xff,0xff,0xff,0xff,0xff,0xff,0xff,0xff,0xff,0xff,0xff,0xff,
    0xff,0xff,0xff,0xff,0xff,0xff,0xff,0xff,0xff,0xff,0xff,0xff,0xff,0xff,0xff,0xff,
    0xff,0xff,0xff,0xff,0xff,0xff,0xff,0xff,0xff,0xff,0xff,0xff,0xff,0xff,0xff,0xff,
    0xff,0xff,0xff,0xff,0xff,0xff,0xff,0xff,0xff,0xff,0xff,0xff,0xff,0xff,0xff,0xff,
    0xff,0xff,0xff,0xff,0xff,0xff,0xff,0xff,0xff,0xff,0xff,0xff,0xff,0xff,0xff,0xff,
    0xff,0xff,0xff,0xff,0xff,0xff,0xff,0xff,0xff,0xff,0xff,0xff,0xff,0xff,0xff,0xff,
    0xff,0xff,0xff,0xff,0xff,0xff,0xff,0xff,0xff,0xff,0xff,0xff,0xff,0xff,0xff,0xff,
    0xff,0xff,0xff,0xff,0xff,0xff,0xff,0xff,0xff,0xff,0xff,0xff,0xff,0xff,0xff,0xff,
    0xff,0xff,0xff,0xff,0xff,0xff,0xff,0xff,0xff,0xff,0xff,0xff,0xff,0xff,0xff,0xff,
    0xff,0xff,0xff,0xff,0xff,0xff,0xff,0xff,0xff,0xff,0xff,0xff,0xff,0xff,0xff,0xff,
    0xff,0xff,0xff,0xff,0xff,0xff,0xff,0xff,0xff,0xff,0xff,0xff,0xff,0xff,0xff,0xff,
    0xff,0xff,0xff,0xff,0xff,0xff,0xff,0xff,0xff,0xff,0xff,0xff,0xff,0xff,0xff,0xff,
    0xff,0xff,0xff,0xff,0xff,0xff,0xff,0xff,0xff,0xff,0xff,0xff,0xff,0xff,0xff,0xff,
    0xff,0xff,0xff,0xff,0xff,0xff,0xff,0xff,0xff,0xff,0xff,0xff,0xff,0xff,0xff,0xff,
    0xff,0xff,0xff,0xff,0xff,0xff,0xff,0xff,0xff,0xff,0xff,0xff,0xff,0xff,0xff,0xff,
    0xff,0xff,0xff,0xff,0xff,0xff,0xff,0xff,0xff,0xff,0xff,0xff,0xff,0xff,0xff,0xff,
    0xff,0xff,0xff,0xff,0xff,0xff,0xff,0xff,0xff,0xff,0xff,0xff,0xff,0xff,0xff,0xff,
    0xff,0xff,0xff,0xff,0xff,0xff,0xff,0xff,0xff,0xff,0xff,0xff,0xff,0xff,0xff,0xff,
    0xff,0xff,0xff,0xff,0xff,0xff,0xff,0xff,0xff,0xff,0xff,0xff,0xff,0xff,0xff,0xff,
    0xff,0xff,0xff,0xff,0xff,0xff,0xff,0xff,0xff,0xff,0xff,0xff,0xff,0xff,0xff,0xff,
    0xff,0xff,0xff,0xff,0xff,0xff,0xff,0xff,0xff,0xff,0xff,0xff,0xff,0xff,0xff,0xff,
    0xff,0xff,0xff,0xff,0xff,0xff,0xff,0xff,0xff,0xff,0xff,0xff,0xff,0xff,0xff,0xff,
    0xff,0xff,0xff,0xff,0xff,0xff,0xff,0xff,0xff,0xff,0xff,0xff,0xff,0xff,0xff,0xff,
    0xff,0xff,0xff,0xff,0xff,0xff,0xff,0xff,0xff,0xff,0xff,0xff,0xff,0xff,0xff,0xff,
    0xff,0xff,0xff,0xff,0xff,0xff,0xff,0xff,0xff,0xff,0xff,0xff,0xff,0xff,0xff,0xff,
    0xff,0xff,0xff,0xff,0xff,0xff,0xff,0xff,0xff,0xff,0xff,0xff,0xff,0xff,0xff,0xff,
    0xff,0xff,0xff,0xff,0xff,0xff,0xff,0xff,0xff,0xff,0xff,0xff,0xff,0xff,0xff,0xff,
    0xff,0xff,0xff,0xff,0xff,0xff,0xff,0xff,0xff,0xff,0xff,0xff,0xff,0xff,0xff,0xff,
    0xff,0xff,0xff,0xff,0xff,0xff,0xff,0xff,0xff,0xff,0xff,0xff,0xff,0xff,0xff,0xff,
    0xff,0xff,0xff,0xff,0xff,0xff,0xff,0xff,0xff,0xff,0xff,0xff,0xff,0xff,0xff,0xff,
    0xff,0xff,0xff,0xff,0xff,0xff,0xff,0xff,0xff,0xff,0xff,0xff,0xff,0xff,0xff,0xff,
    0xff,0xff,0xff,0xff,0xff,0xff,0xff,0xff,0xff,0xff,0xff,0xff,0xff,0xff,0xff,0xff,
    0xff,0xff,0xff,0xff,0xff,0xff,0xff,0xff,0xff,0xff,0xff,0xff,0xff,0xff,0xff,0xff,
    0xff,0xff,0xff,0xff,0xff,0xff,0xff,0xff,0xff,0xff,0xff,0xff,0xff,0xff,0xff,0xff,
    0xff,0xff,0xff,0xff,0xff,0xff,0xff,0xff,0xff,0xff,0xff,0xff,0xff,0xff,0xff,0xff,
    0xff,0xff,0xff,0xff,0xff,0xff,0xff,0xff,0xff,0xff,0xff,0xff,0xff,0xff,0xff,0xff,
    0xff,0xff,0xff,0xff,0xff,0xff,0xff,0xff,0xff,0xff,0xff,0xff,0xff,0xff,0xff,0xff,
    0xff,0xff,0xff,0xff,0xff,0xff,0xff,0xff,0xff,0xff,0xff,0xff,0xff,0xff,0xff,0xff,
    0xff,0xff,0xff,0xff,0xff,0xff,0xff,0xff,0xff,0xff,0xff,0xff,0xff,0xff,0xff,0xff,
    0xff,0xff,0xff,0xff,0xff,0xff,0xff,0xff,0xff,0xff,0xff,0xff,0xff,0xff,0xff,0xff,
    0xff,0xff,0xff,0xff,0xff,0xff,0xff,0xff,0xff,0xff,0xff,0xff,0xff,0xff,0xff,0xff,
    0xff,0xff,0xff,0xff,0xff,0xff,0xff,0xff,0xff,0xff,0xff,0xff,0xff,0xff,0xff,0xff,
    0xff,0xff,0xff,0xff,0xff,0xff,0xff,0xff,0xff,0xff,0xff,0xff,0xff,0xff,0xff,0xff,
    0xff,0xff,0xff,0xff,0xff,0xff,0xff,0xff,0xff,0xff,0xff,0xff,0xff,0xff,0xff,0xff,
    0xff,0xff,0xff,0xff,0xff,0xff,0xff,0xff,0xff,0xff,0xff,0xff,0xff,0xff,0xff,0xff,
    0xff,0xff,0xff,0xff,0xff,0xff,0xff,0xff,0xff,0xff,0xff,0xff,0xff,0xff,0xff,0xff,
    0xff,0xff,0xff,0xff,0xff,0xff,0xff,0xff,0xff,0xff,0xff,0xff,0xff,0xff,0xff,0xff,
    0xff,0xff,0xff,0xff,0xff,0xff,0xff,0xff,0xff,0xff,0xff,0xff,0xff,0xff,0xff,0xff,
    0xff,0xff,0xff,0xff,0xff,0xff,0xff,0xff,0xff,0xff,0xff,0xff,0xff,0xff,0xff,0xff,
    0xff,0xff,0xff,0xff,0xff,0xff,0xff,0xff,0xff,0xff,0xff,0xff,0xff,0xff,0xff,0xff,
    0xff,0xff,0xff,0xff,0xff,0xff,0xff,0xff,0xff,0xff,0xff,0xff,0xff,0xff,0xff,0xff,
    0xff,0xff,0xff,0xff,0xff,0xff,0xff,0xff,0xff,0xff,0xff,0xff,0xff,0xff,0xff,0xff,
    0xff,0xff,0xff,0xff,0xff,0xff,0xff,0xff,0xff,0xff,0xff,0xff,0xff,0xff,0xff,0xff,
    0xff,0xff,0xff,0xff,0xff,0xff,0xff,0xff,0xff,0xff,0xff,0xff,0xff,0xff,0xff,0xff,
    0xff,0xff,0xff,0xff,0xff,0xff,0xff,0xff,0xff,0xff,0xff,0xff,0xff,0xff,0xff,0xff,
    0xff,0xff,0xff,0xff,0xff,0xff,0xff,0xff,0xff,0xff,0xff,0xff,0xff,0xff,0xff,0xff,
    0xff,0xff,0xff,0xff,0xff,0xff,0xff,0xff,0xff,0xff,0xff,0xff,0xff,0xff,0xff,0xff,
    0xff,0xff,0xff,0xff,0xff,0xff,0xff,0xff,0xff,0xff,0xff,0xff,0xff,0xff,0xff,0xff,
    0xff,0xff,0xff,0xff,0xff,0xff,0xff,0xff,0xff,0xff,0xff,0xff,0xff,0xff,0xff,0xff,
    0xff,0xff,0xff,0xff,0xff,0xff,0xff,0xff,0xff,0xff,0xff,0xff,0xff,0xff,0xff,0xff,
    0xff,0xff,0xff,0xff,0xff,0xff,0xff,0xff,0xff,0xff,0xff,0xff,0xff,0xff,0xff,0xff,
    0xff,0xff,0xff,0xff,0xff,0xff,0xff,0xff,0xff,0xff,0xff,0xff,0xff,0xff,0xff,0xff,
    0xff,0xff,0xff,0xff,0xff,0xff,0xff,0xff,0xff,0xff,0xff,0xff,0xff,0xff,0xff,0xff,
    0xff,0xff,0xff,0xff,0xff,0xff,0xff,0xff,0xff,0xff,0xff,0xff,0xff,0xff,0xff,0xff,
    0xff,0xff,0xff,0xff,0xff,0xff,0xff,0xff,0xff,0xff,0xff,0xff,0xff,0xff,0xff,0xff,
    0xff,0xff,0xff,0xff,0xff,0xff,0xff,0xff,0xff,0xff,0xff,0xff,0xff,0xff,0xff,0xff,
    0xff,0xff,0xff,0xff,0xff,0xff,0xff,0xff,0xff,0xff,0xff,0xff,0xff,0xff,0xff,0xff,
    0xff,0xff,0xff,0xff,0xff,0xff,0xff,0xff,0xff,0xff,0xff,0xff,0xff,0xff,0xff,0xff,
    0xff,0xff,0xff,0xff,0xff,0xff,0xff,0xff,0xff,0xff,0xff,0xff,0xff,0xff,0xff,0xff,
    0xff,0xff,0xff,0xff,0xff,0xff,0xff,0xff,0xff,0xff,0xff,0xff,0xff,0xff,0xff,0xff,
    0xff,0xff,0xff,0xff,0xff,0xff,0xff,0xff,0xff,0xff,0xff,0xff,0xff,0xff,0xff,0xff,
    0xff,0xff,0xff,0xff,0xff,0xff,0xff,0xff,0xff,0xff,0xff,0xff,0xff,0xff,0xff,0xff,
    0xff,0xff,0xff,0xff,0xff,0xff,0xff,0xff,0xff,0xff,0xff,0xff,0xff,0xff,0xff,0xff,
    0xff,0xff,0xff,0xff,0xff,0xff,0xff,0xff,0xff,0xff,0xff,0xff,0xff,0xff,0xff,0xff,
    0xff,0xff,0xff,0xff,0xff,0xff,0xff,0xff,0xff,0xff,0xff,0xff,0xff,0xff,0xff,0xff,
    0xff,0xff,0xff,0xff,0xff,0xff,0xff,0xff,0xff,0xff,0xff,0xff,0xff,0xff,0xff,0xff,
    0xff,0xff,0xff,0xff,0xff,0xff,0xff,0xff,0xff,0xff,0xff,0xff,0xff,0xff,0xff,0xff,
    0xff,0xff,0xff,0xff,0xff,0xff,0xff,0xff,0xff,0xff,0xff,0xff,0xff,0xff,0xff,0xff,
    0xff,0xff,0xff,0xff,0xff,0xff,0xff,0xff,0xff,0xff,0xff,0xff,0xff,0xff,0xff,0xff,
    0xff,0xff,0xff,0xff,0xff,0xff,0xff,0xff,0xff,0xff,0xff,0xff,0xff,0xff,0xff,0xff,
    0xff,0xff,0xff,0xff,0xff,0xff,0xff,0xff,0xff,0xff,0xff,0xff,0xff,0xff,0xff,0xff,
    0xff,0xff,0xff,0xff,0xff,0xff,0xff,0xff,0xff,0xff,0xff,0xff,0xff,0xff,0xff,0xff,
    0xff,0xff,0xff,0xff,0xff,0xff,0xff,0xff,0xff,0xff,0xff,0xff,0xff,0xff,0xff,0xff,
    0xff,0xff,0xff,0xff,0xff,0xff,0xff,0xff,0xff,0xff,0xff,0xff,0xff,0xff,0xff,0xff,
    0xff,0xff,0xff,0xff,0xff,0xff,0xff,0xff,0xff,0xff,0xff,0xff,0xff,0xff,0xff,0xff,
    0xff,0xff,0xff,0xff,0xff,0xff,0xff,0xff,0xff,0xff,0xff,0xff,0xff,0xff,0xff,0xff,
    0xff,0xff,0xff,0xff,0xff,0xff,0xff,0xff,0xff,0xff,0xff,0xff,0xff,0xff,0xff,0xff,
    0xff,0xff,0xff,0xff,0xff,0xff,0xff,0xff,0xff,0xff,0xff,0xff,0xff,0xff,0xff,0xff,
    0xff,0xff,0xff,0xff,0xff,0xff,0xff,0xff,0xff,0xff,0xff,0xff,0xff,0xff,0xff,0xff,
    0xff,0xff,0xff,0xff,0xff,0xff,0xff,0xff,0xff,0xff,0xff,0xff,0xff,0xff,0xff,0xff,
    0xff,0xff,0xff,0xff,0xff,0xff,0xff,0xff,0xff,0xff,0xff,0xff,0xff,0xff,0xff,0xff,
    0xff,0xff,0xff,0xff,0xff,0xff,0xff,0xff,0xff,0xff,0xff,0xff,0xff,0xff,0xff,0xff,
    0xff,0xff,0xff,0xff,0xff,0xff,0xff,0xff,0xff,0xff,0xff,0xff,0xff,0xff,0xff,0xff,
    0xff,0xff,0xff,0xff,0xff,0xff,0xff,0xff,0xff,0xff,0xff,0xff,0xff,0xff,0xff,0xff,
    0xff,0xff,0xff,0xff,0xff,0xff,0xff,0xff,0xff,0xff,0xff,0xff,0xff,0xff,0xff,0xff,
    0xff,0xff,0xff,0xff,0xff,0xff,0xff,0xff,0xff,0xff,0xff,0xff,0xff,0xff,0xff,0xff,
    0xff,0xff,0xff,0xff,0xff,0xff,0xff,0xff,0xff,0xff,0xff,0xff,0xff,0xff,0xff,0xff,
    0xff,0xff,0xff,0xff,0xff,0xff,0xff,0xff,0xff,0xff,0xff,0xff,0xff,0xff,0xff,0xff,
    0xff,0xff,0xff,0xff,0xff,0xff,0xff,0xff,0xff,0xff,0xff,0xff,0xff,0xff,0xff,0xff,
    0xff,0xff,0xff,0xff,0xff,0xff,0xff,0xff,0xff,0xff,0xff,0xff,0xff,0xff,0xff,0xff,
    0xff,0xff,0xff,0xff,0xff,0xff,0xff,0xff,0xff,0xff,0xff,0xff,0xff,0xff,0xff,0xff,
    0xff,0xff,0xff,0xff,0xff,0xff,0xff,0xff,0xff,0xff,0xff,0xff,0xff,0xff,0xff,0xff,
    0xff,0xff,0xff,0xff,0xff,0xff,0xff,0xff,0xff,0xff,0xff,0xff,0xff,0xff,0xff,0xff,
    0xff,0xff,0xff,0xff,0xff,0xff,0xff,0xff,0xff,0xff,0xff,0xff,0xff,0xff,0xff,0xff,
    0xff,0xff,0xff,0xff,0xff,0xff,0xff,0xff,0xff,0xff,0xff,0xff,0xff,0xff,0xff,0xff,
    0xff,0xff,0xff,0xff,0xff,0xff,0xff,0xff,0xff,0xff,0xff,0xff,0xff,0xff,0xff,0xff,
    0xff,0xff,0xff,0xff,0xff,0xff,0xff,0xff,0xff,0xff,0xff,0xff,0xff,0xff,0xff,0xff,
    0xff,0xff,0xff,0xff,0xff,0xff,0xff,0xff,0xff,0xff,0xff,0xff,0xff,0xff,0xff,0xff,
    0xff,0xff,0xff,0xff,0xff,0xff,0xff,0xff,0xff,0xff,0xff,0xff,0xff,0xff,0xff,0xff,
    0xff,0xff,0xff,0xff,0xff,0xff,0xff,0xff,0xff,0xff,0xff,0xff,0xff,0xff,0xff,0xff,
    0xff,0xff,0xff,0xff,0xff,0xff,0xff,0xff,0xff,0xff,0xff,0xff,0xff,0xff,0xff,0xff,
    0xff,0xff,0xff,0xff,0xff,0xff,0xff,0xff,0xff,0xff,0xff,0xff,0xff,0xff,0xff,0xff,
    0xff,0xff,0xff,0xff,0xff,0xff,0xff,0xff,0xff,0xff,0xff,0xff,0xff,0xff,0xff,0xff,
    0xff,0xff,0xff,0xff,0xff,0xff,0xff,0xff,0xff,0xff,0xff,0xff,0xff,0xff,0xff,0xff,
    0xff,0xff,0xff,0xff,0xff,0xff,0xff,0xff,0xff,0xff,0xff,0xff,0xff,0xff,0xff,0xff,
    0xff,0xff,0xff,0xff,0xff,0xff,0xff,0xff,0xff,0xff,0xff,0xff,0xff,0xff,0xff,0xff,
    0xff,0xff,0xff,0xff,0xff,0xff,0xff,0xff,0xff,0xff,0xff,0xff,0xff,0xff,0xff,0xff,
    0xff,0xff,0xff,0xff,0xff,0xff,0xff,0xff,0xff,0xff,0xff,0xff,0xff,0xff,0xff,0xff,
    0xff,0xff,0xff,0xff,0xff,0xff,0xff,0xff,0xff,0xff,0xff,0xff,0xff,0xff,0xff,0xff,
    0xff,0xff,0xff,0xff,0xff,0xff,0xff,0xff,0xff,0xff,0xff,0xff,0xff,0xff,0xff,0xff,
    0xff,0xff,0xff,0xff,0xff,0xff,0xff,0xff,0xff,0xff,0xff,0xff,0xff,0xff,0xff,0xff,
    0xff,0xff,0xff,0xff,0xff,0xff,0xff,0xff,0xff,0xff,0xff,0xff,0xff,0xff,0xff,0xff,
    0xff,0xff,0xff,0xff,0xff,0xff,0xff,0xff,0xff,0xff,0xff,0xff,0xff,0xff,0xff,0xff,
    0xff,0xff,0xff,0xff,0xff,0xff,0xff,0xff,0xff,0xff,0xff,0xff,0xff,0xff,0xff,0xff,
    0xff,0xff,0xff,0xff,0xff,0xff,0xff,0xff,0xff,0xff,0xff,0xff,0xff,0xff,0xff,0xff,
    0xff,0xff,0xff,0xff,0xff,0xff,0xff,0xff,0xff,0xff,0xff,0xff,0xff,0xff,0xff,0xff,
    0xff,0xff,0xff,0xff,0xff,0xff,0xff,0xff,0xff,0xff,0xff,0xff,0xff,0xff,0xff,0xff,
    0xff,0xff,0xff,0xff,0xff,0xff,0xff,0xff,0xff,0xff,0xff,0xff,0xff,0xff,0xff,0xff,
    0xff,0xff,0xff,0xff,0xff,0xff,0xff,0xff,0xff,0xff,0xff,0xff,0xff,0xff,0xff,0xff,
    0xff,0xff,0xff,0xff,0xff,0xff,0xff,0xff,0xff,0xff,0xff,0xff,0xff,0xff,0xff,0xff,
    0xff,0xff,0xff,0xff,0xff,0xff,0xff,0xff,0xff,0xff,0xff,0xff,0xff,0xff,0xff,0xff,
    0xff,0xff,0xff,0xff,0xff,0xff,0xff,0xff,0xff,0xff,0xff,0xff,0xff,0xff,0xff,0xff,
    0xff,0xff,0xff,0xff,0xff,0xff,0xff,0xff,0xff,0xff,0xff,0xff,0xff,0xff,0xff,0xff,
    0xff,0xff,0xff,0xff,0xff,0xff,0xff,0xff,0xff,0xff,0xff,0xff,0xff,0xff,0xff,0xff,
    0xff,0xff,0xff,0xff,0xff,0xff,0xff,0xff,0xff,0xff,0xff,0xff,0xff,0xff,0xff,0xff,
    0xff,0xff,0xff,0xff,0xff,0xff,0xff,0xff,0xff,0xff,0xff,0xff,0xff,0xff,0xff,0xff,
    0xff,0xff,0xff,0xff,0xff,0xff,0xff,0xff,0xff,0xff,0xff,0xff,0xff,0xff,0xff,0xff,
    0xff,0xff,0xff,0xff,0xff,0xff,0xff,0xff,0xff,0xff,0xff,0xff,0xff,0xff,0xff,0xff,
    0xff,0xff,0xff,0xff,0xff,0xff,0xff,0xff,0xff,0xff,0xff,0xff,0xff,0xff,0xff,0xff,
    0xff,0xff,0xff,0xff,0xff,0xff,0xff,0xff,0xff,0xff,0xff,0xff,0xff,0xff,0xff,0xff,
    0xff,0xff,0xff,0xff,0xff,0xff,0xff,0xff,0xff,0xff,0xff,0xff,0xff,0xff,0xff,0xff,
    0xff,0xff,0xff,0xff,0xff,0xff,0xff,0xff,0xff,0xff,0xff,0xff,0xff,0xff,0xff,0xff,
    0xff,0xff,0xff,0xff,0xff,0xff,0xff,0xff,0xff,0xff,0xff,0xff,0xff,0xff,0xff,0xff,
    0xff,0xff,0xff,0xff,0xff,0xff,0xff,0xff,0xff,0xff,0xff,0xff,0xff,0xff,0xff,0xff,
    0xff,0xff,0xff,0xff,0xff,0xff,0xff,0xff,0xff,0xff,0xff,0xff,0xff,0xff,0xff,0xff,
    0xff,0xff,0xff,0xff,0xff,0xff,0xff,0xff,0xff,0xff,0xff,0xff,0xff,0xff,0xff,0xff,
    0xff,0xff,0xff,0xff,0xff,0xff,0xff,0xff,0xff,0xff,0xff,0xff,0xff,0xff,0xff,0xff,
    0xff,0xff,0xff,0xff,0xff,0xff,0xff,0xff,0xff,0xff,0xff,0xff,0xff,0xff,0xff,0xff,
    0xff,0xff,0xff,0xff,0xff,0xff,0xff,0xff,0xff,0xff,0xff,0xff,0xff,0xff,0xff,0xff,
    0xff,0xff,0xff,0xff,0xff,0xff,0xff,0xff,0xff,0xff,0xff,0xff,0xff,0xff,0xff,0xff,
    0xff,0xff,0xff,0xff,0xff,0xff,0xff,0xff,0xff,0xff,0xff,0xff,0xff,0xff,0xff,0xff,
    0xff,0xff,0xff,0xff,0xff,0xff,0xff,0xff,0xff,0xff,0xff,0xff,0xff,0xff,0xff,0xff,
    0xff,0xff,0xff,0xff,0xff,0xff,0xff,0xff,0xff,0xff,0xff,0xff,0xff,0xff,0xff,0xff,
    0xff,0xff,0xff,0xff,0xff,0xff,0xff,0xff,0xff,0xff,0xff,0xff,0xff,0xff,0xff,0xff,
    0xff,0xff,0xff,0xff,0xff,0xff,0xff,0xff,0xff,0xff,0xff,0xff,0xff,0xff,0xff,0xff,
    0xff,0xff,0xff,0xff,0xff,0xff,0xff,0xff,0xff,0xff,0xff,0xff,0xff,0xff,0xff,0xff,
    0xff,0xff,0xff,0xff,0xff,0xff,0xff,0xff,0xff,0xff,0xff,0xff,0xff,0xff,0xff,0xff,
    0xff,0xff,0xff,0xff,0xff,0xff,0xff,0xff,0xff,0xff,0xff,0xff,0xff,0xff,0xff,0xff,
    0xff,0xff,0xff,0xff,0xff,0xff,0xff,0xff,0xff,0xff,0xff,0xff,0xff,0xff,0xff,0xff,
    0xff,0xff,0xff,0xff,0xff,0xff,0xff,0xff,0xff,0xff,0xff,0xff,0xff,0xff,0xff,0xff,
    0xff,0xff,0xff,0xff,0xff,0xff,0xff,0xff,0xff,0xff,0xff,0xff,0xff,0xff,0xff,0xff,
    0xff,0xff,0xff,0xff,0xff,0xff,0xff,0xff,0xff,0xff,0xff,0xff,0xff,0xff,0xff,0xff,
    0xff,0xff,0xff,0xff,0xff,0xff,0xff,0xff,0xff,0xff,0xff,0xff,0xff,0xff,0xff,0xff,
    0xff,0xff,0xff,0xff,0xff,0xff,0xff,0xff,0xff,0xff,0xff,0xff,0xff,0xff,0xff,0xff,
    0xff,0xff,0xff,0xff,0xff,0xff,0xff,0xff,0xff,0xff,0xff,0xff,0xff,0xff,0xff,0xff,
    0xff,0xff,0xff,0xff,0xff,0xff,0xff,0xff,0xff,0xff,0xff,0xff,0xff,0xff,0xff,0xff,
    0xff,0xff,0xff,0xff,0xff,0xff,0xff,0xff,0xff,0xff,0xff,0xff,0xff,0xff,0xff,0xff,
    0xff,0xff,0xff,0xff,0xff,0xff,0xff,0xff,0xff,0xff,0xff,0xff,0xff,0xff,0xff,0xff,
    0xff,0xff,0xff,0xff,0xff,0xff,0xff,0xff,0xff,0xff,0xff,0xff,0xff,0xff,0xff,0xff,
    0xff,0xff,0xff,0xff,0xff,0xff,0xff,0xff,0xff,0xff,0xff,0xff,0xff,0xff,0xff,0xff,
    0xff,0xff,0xff,0xff,0xff,0xff,0xff,0xff,0xff,0xff,0xff,0xff,0xff,0xff,0xff,0xff,
    0xff,0xff,0xff,0xff,0xff,0xff,0xff,0xff,0xff,0xff,0xff,0xff,0xff,0xff,0xff,0xff,
    0xff,0xff,0xff,0xff,0xff,0xff,0xff,0xff,0xff,0xff,0xff,0xff,0xff,0xff,0xff,0xff,
    0xff,0xff,0xff,0xff,0xff,0xff,0xff,0xff,0xff,0xff,0xff,0xff,0xff,0xff,0xff,0xff,
    0xff,0xff,0xff,0xff,0xff,0xff,0xff,0xff,0xff,0xff,0xff,0xff,0xff,0xff,0xff,0xff,
    0xff,0xff,0xff,0xff,0xff,0xff,0xff,0xff,0xff,0xff,0xff,0xff,0xff,0xff,0xff,0xff,
    0xff,0xff,0xff,0xff,0xff,0xff,0xff,0xff,0xff,0xff,0xff,0xff,0xff,0xff,0xff,0xff,
    0xff,0xff,0xff,0xff,0xff,0xff,0xff,0xff,0xff,0xff,0xff,0xff,0xff,0xff,0xff,0xff,
    0xff,0xff,0xff,0xff,0xff,0xff,0xff,0xff,0xff,0xff,0xff,0xff,0xff,0xff,0xff,0xff,
    0xff,0xff,0xff,0xff,0xff,0xff,0xff,0xff,0xff,0xff,0xff,0xff,0xff,0xff,0xff,0xff,
    0xff,0xff,0xff,0xff,0xff,0xff,0xff,0xff,0xff,0xff,0xff,0xff,0xff,0xff,0xff,0xff,
    0xff,0xff,0xff,0xff,0xff,0xff,0xff,0xff,0xff,0xff,0xff,0xff,0xff,0xff,0xff,0xff,
    0xff,0xff,0xff,0xff,0xff,0xff,0xff,0xff,0xff,0xff,0xff,0xff,0xff,0xff,0xff,0xff,
    0xff,0xff,0xff,0xff,0xff,0xff,0xff,0xff,0xff,0xff,0xff,0xff,0xff,0xff,0xff,0xff,
    0xff,0xff,0xff,0xff,0xff,0xff,0xff,0xff,0xff,0xff,0xff,0xff,0xff,0xff,0xff,0xff,
    0xff,0xff,0xff,0xff,0xff,0xff,0xff,0xff,0xff,0xff,0xff,0xff,0xff,0xff,0xff,0xff,
    0xff,0xff,0xff,0xff,0xff,0xff,0xff,0xff,0xff,0xff,0xff,0xff,0xff,0xff,0xff,0xff,
    0xff,0xff,0xff,0xff,0xff,0xff,0xff,0xff,0xff,0xff,0xff,0xff,0xff,0xff,0xff,0xff,
    0xff,0xff,0xff,0xff,0xff,0xff,0xff,0xff,0xff,0xff,0xff,0xff,0xff,0xff,0xff,0xff,
    0xff,0xff,0xff,0xff,0xff,0xff,0xff,0xff,0xff,0xff,0xff,0xff,0xff,0xff,0xff,0xff,
    0xff,0xff,0xff,0xff,0xff,0xff,0xff,0xff,0xff,0xff,0xff,0xff,0xff,0xff,0xff,0xff,
    0xff,0xff,0xff,0xff,0xff,0xff,0xff,0xff,0xff,0xff,0xff,0xff,0xff,0xff,0xff,0xff,
    0xff,0xff,0xff,0xff,0xff,0xff,0xff,0xff,0xff,0xff,0xff,0xff,0xff,0xff,0xff,0xff,
    0xff,0xff,0xff,0xff,0xff,0xff,0xff,0xff,0xff,0xff,0xff,0xff,0xff,0xff,0xff,0xff,
    0xff,0xff,0xff,0xff,0xff,0xff,0xff,0xff,0xff,0xff,0xff,0xff,0xff,0xff,0xff,0xff,
    0xff,0xff,0xff,0xff,0xff,0xff,0xff,0xff,0xff,0xff,0xff,0xff,0xff,0xff,0xff,0xff,
    0xff,0xff,0xff,0xff,0xff,0xff,0xff,0xff,0xff,0xff,0xff,0xff,0xff,0xff,0xff,0xff,
    0xff,0xff,0xff,0xff,0xff,0xff,0xff,0xff,0xff,0xff,0xff,0xff,0xff,0xff,0xff,0xff,
    0xff,0xff,0xff,0xff,0xff,0xff,0xff,0xff,0xff,0xff,0xff,0xff,0xff,0xff,0xff,0xff,
    0xff,0xff,0xff,0xff,0xff,0xff,0xff,0xff,0xff,0xff,0xff,0xff,0xff,0xff,0xff,0xff,
    0xff,0xff,0xff,0xff,0xff,0xff,0xff,0xff,0xff,0xff,0xff,0xff,0xff,0xff,0xff,0xff,
    0xff,0xff,0xff,0xff,0xff,0xff,0xff,0xff,0xff,0xff,0xff,0xff,0xff,0xff,0xff,0xff,
    0xff,0xff,0xff,0xff,0xff,0xff,0xff,0xff,0xff,0xff,0xff,0xff,0xff,0xff,0xff,0xff,
    0xff,0xff,0xff,0xff,0xff,0xff,0xff,0xff,0xff,0xff,0xff,0xff,0xff,0xff,0xff,0xff,
    0xff,0xff,0xff,0xff,0xff,0xff,0xff,0xff,0xff,0xff,0xff,0xff,0xff,0xff,0xff,0xff,
    0xff,0xff,0xff,0xff,0xff,0xff,0xff,0xff,0xff,0xff,0xff,0xff,0xff,0xff,0xff,0xff,
    0xff,0xff,0xff,0xff,0xff,0xff,0xff,0xff,0xff,0xff,0xff,0xff,0xff,0xff,0xff,0xff,
    0xff,0xff,0xff,0xff,0xff,0xff,0xff,0xff,0xff,0xff,0xff,0xff,0xff,0xff,0xff,0xff,
    0xff,0xff,0xff,0xff,0xff,0xff,0xff,0xff,0xff,0xff,0xff,0xff,0xff,0xff,0xff,0xff,
    0xff,0xff,0xff,0xff,0xff,0xff,0xff,0xff,0xff,0xff,0xff,0xff,0xff,0xff,0xff,0xff,
    0xff,0xff,0xff,0xff,0xff,0xff,0xff,0xff,0xff,0xff,0xff,0xff,0xff,0xff,0xff,0xff,
    0xff,0xff,0xff,0xff,0xff,0xff,0xff,0xff,0xff,0xff,0xff,0xff,0xff,0xff,0xff,0xff,
    0xff,0xff,0xff,0xff,0xff,0xff,0xff,0xff,0xff,0xff,0xff,0xff,0xff,0xff,0xff,0xff,
    0xff,0xff,0xff,0xff,0xff,0xff,0xff,0xff,0xff,0xff,0xff,0xff,0xff,0xff,0xff,0xff,
    0xff,0xff,0xff,0xff,0xff,0xff,0xff,0xff,0xff,0xff,0xff,0xff,0xff,0xff,0xff,0xff,
    0xff,0xff,0xff,0xff,0xff,0xff,0xff,0xff,0xff,0xff,0xff,0xff,0xff,0xff,0xff,0xff,
    0xff,0xff,0xff,0xff,0xff,0xff,0xff,0xff,0xff,0xff,0xff,0xff,0xff,0xff,0xff,0xff,
    0xff,0xff,0xff,0xff,0xff,0xff,0xff,0xff,0xff,0xff,0xff,0xff,0xff,0xff,0xff,0xff,
    0xff,0xff,0xff,0xff,0xff,0xff,0xff,0xff,0xff,0xff,0xff,0xff,0xff,0xff,0xff,0xff,
    0xff,0xff,0xff,0xff,0xff,0xff,0xff,0xff,0xff,0xff,0xff,0xff,0xff,0xff,0xff,0xff,
    0xff,0xff,0xff,0xff,0xff,0xff,0xff,0xff,0xff,0xff,0xff,0xff,0xff,0xff,0xff,0xff,
    0xff,0xff,0xff,0xff,0xff,0xff,0xff,0xff,0xff,0xff,0xff,0xff,0xff,0xff,0xff,0xff,
    0xff,0xff,0xff,0xff,0xff,0xff,0xff,0xff,0xff,0xff,0xff,0xff,0xff,0xff,0xff,0xff,
    0xff,0xff,0xff,0xff,0xff,0xff,0xff,0xff,0xff,0xff,0xff,0xff,0xff,0xff,0xff,0xff,
    0xff,0xff,0xff,0xff,0xff,0xff,0xff,0xff,0xff,0xff,0xff,0xff,0xff,0xff,0xff,0xff,
    0xff,0xff,0xff,0xff,0xff,0xff,0xff,0xff,0xff,0xff,0xff,0xff,0xff,0xff,0xff,0xff,
    0xff,0xff,0xff,0xff,0xff,0xff,0xff,0xff,0xff,0xff,0xff,0xff,0xff,0xff,0xff,0xff,
    0xff,0xff,0xff,0xff,0xff,0xff,0xff,0xff,0xff,0xff,0xff,0xff,0xff,0xff,0xff,0xff,
    0xff,0xff,0xff,0xff,0xff,0xff,0xff,0xff,0xff,0xff,0xff,0xff,0xff,0xff,0xff,0xff,
    0xff,0xff,0xff,0xff,0xff,0xff,0xff,0xff,0xff,0xff,0xff,0xff,0xff,0xff,0xff,0xff,
    0xff,0xff,0xff,0xff,0xff,0xff,0xff,0xff,0xff,0xff,0xff,0xff,0xff,0xff,0xff,0xff,
    0xff,0xff,0xff,0xff,0xff,0xff,0xff,0xff,0xff,0xff,0xff,0xff,0xff,0xff,0xff,0xff,
    0xff,0xff,0xff,0xff,0xff,0xff,0xff,0xff,0xff,0xff,0xff,0xff,0xff,0xff,0xff,0xff,
    0xff,0xff,0xff,0xff,0xff,0xff,0xff,0xff,0xff,0xff,0xff,0xff,0xff,0xff,0xff,0xff,
    0xff,0xff,0xff,0xff,0xff,0xff,0xff,0xff,0xff,0xff,0xff,0xff,0xff,0xff,0xff,0xff,
    0xff,0xff,0xff,0xff,0xff,0xff,0xff,0xff,0xff,0xff,0xff,0xff,0xff,0xff,0xff,0xff,
    0xff,0xff,0xff,0xff,0xff,0xff,0xff,0xff,0xff,0xff,0xff,0xff,0xff,0xff,0xff,0xff,
    0xff,0xff,0xff,0xff,0xff,0xff,0xff,0xff,0xff,0xff,0xff,0xff,0xff,0xff,0xff,0xff,
    0xff,0xff,0xff,0xff,0xff,0xff,0xff,0xff,0xff,0xff,0xff,0xff,0xff,0xff,0xff,0xff,
    0xff,0xff,0xff,0xff,0xff,0xff,0xff,0xff,0xff,0xff,0xff,0xff,0xff,0xff,0xff,0xff,
    0xff,0xff,0xff,0xff,0xff,0xff,0xff,0xff,0xff,0xff,0xff,0xff,0xff,0xff,0xff,0xff,
    0xff,0xff,0xff,0xff,0xff,0xff,0xff,0xff,0xff,0xff,0xff,0xff,0xff,0xff,0xff,0xff,
    0xff,0xff,0xff,0xff,0xff,0xff,0xff,0xff,0xff,0xff,0xff,0xff,0xff,0xff,0xff,0xff,
    0xff,0xff,0xff,0xff,0xff,0xff,0xff,0xff,0xff,0xff,0xff,0xff,0xff,0xff,0xff,0xff,
    0xff,0xff,0xff,0xff,0xff,0xff,0xff,0xff,0xff,0xff,0xff,0xff,0xff,0xff,0xff,0xff,
    0xff,0xff,0xff,0xff,0xff,0xff,0xff,0xff,0xff,0xff,0xff,0xff,0xff,0xff,0xff,0xff,
    0xff,0xff,0xff,0xff,0xff,0xff,0xff,0xff,0xff,0xff,0xff,0xff,0xff,0xff,0xff,0xff,
    0xff,0xff,0xff,0xff,0xff,0xff,0xff,0xff,0xff,0xff,0xff,0xff,0xff,0xff,0xff,0xff,
    0xff,0xff,0xff,0xff,0xff,0xff,0xff,0xff,0xff,0xff,0xff,0xff,0xff,0xff,0xff,0xff,
    0xff,0xff,0xff,0xff,0xff,0xff,0xff,0xff,0xff,0xff,0xff,0xff,0xff,0xff,0xff,0xff,
    0xff,0xff,0xff,0xff,0xff,0xff,0xff,0xff,0xff,0xff,0xff,0xff,0xff,0xff,0xff,0xff,
    0xff,0xff,0xff,0xff,0xff,0xff,0xff,0xff,0xff,0xff,0xff,0xff,0xff,0xff,0xff,0xff,
    0xff,0xff,0xff,0xff,0xff,0xff,0xff,0xff,0xff,0xff,0xff,0xff,0xff,0xff,0xff,0xff,
    0xff,0xff,0xff,0xff,0xff,0xff,0xff,0xff,0xff,0xff,0xff,0xff,0xff,0xff,0xff,0xff,
    0xff,0xff,0xff,0xff,0xff,0xff,0xff,0xff,0xff,0xff,0xff,0xff,0xff,0xff,0xff,0xff,
    0xff,0xff,0xff,0xff,0xff,0xff,0xff,0xff,0xff,0xff,0xff,0xff,0xff,0xff,0xff,0xff,
    0xff,0xff,0xff,0xff,0xff,0xff,0xff,0xff,0xff,0xff,0xff,0xff,0xff,0xff,0xff,0xff,
    0xff,0xff,0xff,0xff,0xff,0xff,0xff,0xff,0xff,0xff,0xff,0xff,0xff,0xff,0xff,0xff,
    0xff,0xff,0xff,0xff,0xff,0xff,0xff,0xff,0xff,0xff,0xff,0xff,0xff,0xff,0xff,0xff,
    0xff,0xff,0xff,0xff,0xff,0xff,0xff,0xff,0xff,0xff,0xff,0xff,0xff,0xff,0xff,0xff,
    0xff,0xff,0xff,0xff,0xff,0xff,0xff,0xff,0xff,0xff,0xff,0xff,0xff,0xff,0xff,0xff,
    0xff,0xff,0xff,0xff,0xff,0xff,0xff,0xff,0xff,0xff,0xff,0xff,0xff,0xff,0xff,0xff,
    0xff,0xff,0xff,0xff,0xff,0xff,0xff,0xff,0xff,0xff,0xff,0xff,0xff,0xff,0xff,0xff,
    0xff,0xff,0xff,0xff,0xff,0xff,0xff,0xff,0xff,0xff,0xff,0xff,0xff,0xff,0xff,0xff,
    0xff,0xff,0xff,0xff,0xff,0xff,0xff,0xff,0xff,0xff,0xff,0xff,0xff,0xff,0xff,0xff,
    0xff,0xff,0xff,0xff,0xff,0xff,0xff,0xff,0xff,0xff,0xff,0xff,0xff,0xff,0xff,0xff,
    0xff,0xff,0xff,0xff,0xff,0xff,0xff,0xff,0xff,0xff,0xff,0xff,0xff,0xff,0xff,0xff,
    0xff,0xff,0xff,0xff,0xff,0xff,0xff,0xff,0xff,0xff,0xff,0xff,0xff,0xff,0xff,0xff,
    0xff,0xff,0xff,0xff,0xff,0xff,0xff,0xff,0xff,0xff,0xff,0xff,0xff,0xff,0xff,0xff,
    0xff,0xff,0xff,0xff,0xff,0xff,0xff,0xff,0xff,0xff,0xff,0xff,0xff,0xff,0xff,0xff,
    0xff,0xff,0xff,0xff,0xff,0xff,0xff,0xff,0xff,0xff,0xff,0xff,0xff,0xff,0xff,0xff,
    0xff,0xff,0xff,0xff,0xff,0xff,0xff,0xff,0xff,0xff,0xff,0xff,0xff,0xff,0xff,0xff,
    0xff,0xff,0xff,0xff,0xff,0xff,0xff,0xff,0xff,0xff,0xff,0xff,0xff,0xff,0xff,0xff,
    0xff,0xff,0xff,0xff,0xff,0xff,0xff,0xff,0xff,0xff,0xff,0xff,0xff,0xff,0xff,0xff,
    0xff,0xff,0xff,0xff,0xff,0xff,0xff,0xff,0xff,0xff,0xff,0xff,0xff,0xff,0xff,0xff,
    0xff,0xff,0xff,0xff,0xff,0xff,0xff,0xff,0xff,0xff,0xff,0xff,0xff,0xff,0xff,0xff,
    0xff,0xff,0xff,0xff,0xff,0xff,0xff,0xff,0xff,0xff,0xff,0xff,0xff,0xff,0xff,0xff,
    0xff,0xff,0xff,0xff,0xff,0xff,0xff,0xff,0xff,0xff,0xff,0xff,0xff,0xff,0xff,0xff,
    0xff,0xff,0xff,0xff,0xff,0xff,0xff,0xff,0xff,0xff,0xff,0xff,0xff,0xff,0xff,0xff,
    0xff,0xff,0xff,0xff,0xff,0xff,0xff,0xff,0xff,0xff,0xff,0xff,0xff,0xff,0xff,0xff,
    0xff,0xff,0xff,0xff,0xff,0xff,0xff,0xff,0xff,0xff,0xff,0xff,0xff,0xff,0xff,0xff,
    0xff,0xff,0xff,0xff,0xff,0xff,0xff,0xff,0xff,0xff,0xff,0xff,0xff,0xff,0xff,0xff,
    0xff,0xff,0xff,0xff,0xff,0xff,0xff,0xff,0xff,0xff,0xff,0xff,0xff,0xff,0xff,0xff,
    0xff,0xff,0xff,0xff,0xff,0xff,0xff,0xff,0xff,0xff,0xff,0xff,0xff,0xff,0xff,0xff,
    0xff,0xff,0xff,0xff,0xff,0xff,0xff,0xff,0xff,0xff,0xff,0xff,0xff,0xff,0xff,0xff,
    0xff,0xff,0xff,0xff,0xff,0xff,0xff,0xff,0xff,0xff,0xff,0xff,0xff,0xff,0xff,0xff,
    0xff,0xff,0xff,0xff,0xff,0xff,0xff,0xff,0xff,0xff,0xff,0xff,0xff,0xff,0xff,0xff,
    0xff,0xff,0xff,0xff,0xff,0xff,0xff,0xff,0xff,0xff,0xff,0xff,0xff,0xff,0xff,0xff,
    0xff,0xff,0xff,0xff,0xff,0xff,0xff,0xff,0xff,0xff,0xff,0xff,0xff,0xff,0xff,0xff,
    0xff,0xff,0xff,0xff,0xff,0xff,0xff,0xff,0xff,0xff,0xff,0xff,0xff,0xff,0xff,0xff,
    0xff,0xff,0xff,0xff,0xff,0xff,0xff,0xff,0xff,0xff,0xff,0xff,0xff,0xff,0xff,0xff,
    0xff,0xff,0xff,0xff,0xff,0xff,0xff,0xff,0xff,0xff,0xff,0xff,0xff,0xff,0xff,0xff,
    0xff,0xff,0xff,0xff,0xff,0xff,0xff,0xff,0xff,0xff,0xff,0xff,0xff,0xff,0xff,0xff,
    0xff,0xff,0xff,0xff,0xff,0xff,0xff,0xff,0xff,0xff,0xff,0xff,0xff,0xff,0xff,0xff,
    0xff,0xff,0xff,0xff,0xff,0xff,0xff,0xff,0xff,0xff,0xff,0xff,0xff,0xff,0xff,0xff,
    0xff,0xff,0xff,0xff,0xff,0xff,0xff,0xff,0xff,0xff,0xff,0xff,0xff,0xff,0xff,0xff,
    0xff,0xff,0xff,0xff,0xff,0xff,0xff,0xff,0xff,0xff,0xff,0xff,0xff,0xff,0xff,0xff,
    0xff,0xff,0xff,0xff,0xff,0xff,0xff,0xff,0xff,0xff,0xff,0xff,0xff,0xff,0xff,0xff,
    0xff,0xff,0xff,0xff,0xff,0xff,0xff,0xff,0xff,0xff,0xff,0xff,0xff,0xff,0xff,0xff,
    0xff,0xff,0xff,0xff,0xff,0xff,0xff,0xff,0xff,0xff,0xff,0xff,0xff,0xff,0xff,0xff,
    0xff,0xff,0xff,0xff,0xff,0xff,0xff,0xff,0xff,0xff,0xff,0xff,0xff,0xff,0xff,0xff,
    0xff,0xff,0xff,0xff,0xff,0xff,0xff,0xff,0xff,0xff,0xff,0xff,0xff,0xff,0xff,0xff,
    0xff,0xff,0xff,0xff,0xff,0xff,0xff,0xff,0xff,0xff,0xff,0xff,0xff,0xff,0xff,0xff,
    0xff,0xff,0xff,0xff,0xff,0xff,0xff,0xff,0xff,0xff,0xff,0xff,0xff,0xff,0xff,0xff,
    0xff,0xff,0xff,0xff,0xff,0xff,0xff,0xff,0xff,0xff,0xff,0xff,0xff,0xff,0xff,0xff,
    0xff,0xff,0xff,0xff,0xff,0xff,0xff,0xff,0xff,0xff,0xff,0xff,0xff,0xff,0xff,0xff,
    0xff,0xff,0xff,0xff,0xff,0xff,0xff,0xff,0xff,0xff,0xff,0xff,0xff,0xff,0xff,0xff,
    0xff,0xff,0xff,0xff,0xff,0xff,0xff,0xff,0xff,0xff,0xff,0xff,0xff,0xff,0xff,0xff,
    0xff,0xff,0xff,0xff,0xff,0xff,0xff,0xff,0xff,0xff,0xff,0xff,0xff,0xff,0xff,0xff,
    0xff,0xff,0xff,0xff,0xff,0xff,0xff,0xff,0xff,0xff,0xff,0xff,0xff,0xff,0xff,0xff,
    0xff,0xff,0xff,0xff,0xff,0xff,0xff,0xff,0xff,0xff,0xff,0xff,0xff,0xff,0xff,0xff,
    0xff,0xff,0xff,0xff,0xff,0xff,0xff,0xff,0xff,0xff,0xff,0xff,0xff,0xff,0xff,0xff,
    0xff,0xff,0xff,0xff,0xff,0xff,0xff,0xff,0xff,0xff,0xff,0xff,0xff,0xff,0xff,0xff,
    0xff,0xff,0xff,0xff,0xff,0xff,0xff,0xff,0xff,0xff,0xff,0xff,0xff,0xff,0xff,0xff,
    0xff,0xff,0xff,0xff,0xff,0xff,0xff,0xff,0xff,0xff,0xff,0xff,0xff,0xff,0xff,0xff,
    0xff,0xff,0xff,0xff,0xff,0xff,0xff,0xff,0xff,0xff,0xff,0xff,0xff,0xff,0xff,0xff,
    0xff,0xff,0xff,0xff,0xff,0xff,0xff,0xff,0xff,0xff,0xff,0xff,0xff,0xff,0xff,0xff,
    0xff,0xff,0xff,0xff,0xff,0xff,0xff,0xff,0xff,0xff,0xff,0xff,0xff,0xff,0xff,0xff,
    0xff,0xff,0xff,0xff,0xff,0xff,0xff,0xff,0xff,0xff,0xff,0xff,0xff,0xff,0xff,0xff,
    0xff,0xff,0xff,0xff,0xff,0xff,0xff,0xff,0xff,0xff,0xff,0xff,0xff,0xff,0xff,0xff,
    0xff,0xff,0xff,0xff,0xff,0xff,0xff,0xff,0xff,0xff,0xff,0xff,0xff,0xff,0xff,0xff,
    0xff,0xff,0xff,0xff,0xff,0xff,0xff,0xff,0xff,0xff,0xff,0xff,0xff,0xff,0xff,0xff,
    0xff,0xff,0xff,0xff,0xff,0xff,0xff,0xff,0xff,0xff,0xff,0xff,0xff,0xff,0xff,0xff,
    0xff,0xff,0xff,0xff,0xff,0xff,0xff,0xff,0xff,0xff,0xff,0xff,0xff,0xff,0xff,0xff,
    0xff,0xff,0xff,0xff,0xff,0xff,0xff,0xff,0xff,0xff,0xff,0xff,0xff,0xff,0xff,0xff,
    0xff,0xff,0xff,0xff,0xff,0xff,0xff,0xff,0xff,0xff,0xff,0xff,0xff,0xff,0xff,0xff,
    0xff,0xff,0xff,0xff,0xff,0xff,0xff,0xff,0xff,0xff,0xff,0xff,0xff,0xff,0xff,0xff,
    0xff,0xff,0xff,0xff,0xff,0xff,0xff,0xff,0xff,0xff,0xff,0xff,0xff,0xff,0xff,0xff,
    0xff,0xff,0xff,0xff,0xff,0xff,0xff,0xff,0xff,0xff,0xff,0xff,0xff,0xff,0xff,0xff,
    0xff,0xff,0xff,0xff,0xff,0xff,0xff,0xff,0xff,0xff,0xff,0xff,0xff,0xff,0xff,0xff,
    0xff,0xff,0xff,0xff,0xff,0xff,0xff,0xff,0xff,0xff,0xff,0xff,0xff,0xff,0xff,0xff,
    0xff,0xff,0xff,0xff,0xff,0xff,0xff,0xff,0xff,0xff,0xff,0xff,0xff,0xff,0xff,0xff,
    0xff,0xff,0xff,0xff,0xff,0xff,0xff,0xff,0xff,0xff,0xff,0xff,0xff,0xff,0xff,0xff,
    0xff,0xff,0xff,0xff,0xff,0xff,0xff,0xff,0xff,0xff,0xff,0xff,0xff,0xff,0xff,0xff,
    0xff,0xff,0xff,0xff,0xff,0xff,0xff,0xff,0xff,0xff,0xff,0xff,0xff,0xff,0xff,0xff,
    0xff,0xff,0xff,0xff,0xff,0xff,0xff,0xff,0xff,0xff,0xff,0xff,0xff,0xff,0xff,0xff,
    0xff,0xff,0xff,0xff,0xff,0xff,0xff,0xff,0xff,0xff,0xff,0xff,0xff,0xff,0xff,0xff,
    0xff,0xff,0xff,0xff,0xff,0xff,0xff,0xff,0xff,0xff,0xff,0xff,0xff,0xff,0xff,0xff,
    0xff,0xff,0xff,0xff,0xff,0xff,0xff,0xff,0xff,0xff,0xff,0xff,0xff,0xff,0xff,0xff,
    0xff,0xff,0xff,0xff,0xff,0xff,0xff,0xff,0xff,0xff,0xff,0xff,0xff,0xff,0xff,0xff,
    0xff,0xff,0xff,0xff,0xff,0xff,0xff,0xff,0xff,0xff,0xff,0xff,0xff,0xff,0xff,0xff,
    0xff,0xff,0xff,0xff,0xff,0xff,0xff,0xff,0xff,0xff,0xff,0xff,0xff,0xff,0xff,0xff,
    0xff,0xff,0xff,0xff,0xff,0xff,0xff,0xff,0xff,0xff,0xff,0xff,0xff,0xff,0xff,0xff,
    0xff,0xff,0xff,0xff,0xff,0xff,0xff,0xff,0xff,0xff,0xff,0xff,0xff,0xff,0xff,0xff,
    0xff,0xff,0xff,0xff,0xff,0xff,0xff,0xff,0xff,0xff,0xff,0xff,0xff,0xff,0xff,0xff,
    0xff,0xff,0xff,0xff,0xff,0xff,0xff,0xff,0xff,0xff,0xff,0xff,0xff,0xff,0xff,0xff,
    0xff,0xff,0xff,0xff,0xff,0xff,0xff,0xff,0xff,0xff,0xff,0xff,0xff,0xff,0xff,0xff,
    0xff,0xff,0xff,0xff,0xff,0xff,0xff,0xff,0xff,0xff,0xff,0xff,0xff,0xff,0xff,0xff,
    0xff,0xff,0xff,0xff,0xff,0xff,0xff,0xff,0xff,0xff,0xff,0xff,0xff,0xff,0xff,0xff,
    0xff,0xff,0xff,0xff,0xff,0xff,0xff,0xff,0xff,0xff,0xff,0xff,0xff,0xff,0xff,0xff,
    0xff,0xff,0xff,0xff,0xff,0xff,0xff,0xff,0xff,0xff,0xff,0xff,0xff,0xff,0xff,0xff,
    0xff,0xff,0xff,0xff,0xff,0xff,0xff,0xff,0xff,0xff,0xff,0xff,0xff,0xff,0xff,0xff,
    0xff,0xff,0xff,0xff,0xff,0xff,0xff,0xff,0xff,0xff,0xff,0xff,0xff,0xff,0xff,0xff,
    0xff,0xff,0xff,0xff,0xff,0xff,0xff,0xff,0xff,0xff,0xff,0xff,0xff,0xff,0xff,0xff,
    0xff,0xff,0xff,0xff,0xff,0xff,0xff,0xff,0xff,0xff,0xff,0xff,0xff,0xff,0xff,0xff,
    0xff,0xff,0xff,0xff,0xff,0xff,0xff,0xff,0xff,0xff,0xff,0xff,0xff,0xff,0xff,0xff,
    0xff,0xff,0xff,0xff,0xff,0xff,0xff,0xff,0xff,0xff,0xff,0xff,0xff,0xff,0xff,0xff,
    0xff,0xff,0xff,0xff,0xff,0xff,0xff,0xff,0xff,0xff,0xff,0xff,0xff,0xff,0xff,0xff,
    0xff,0xff,0xff,0xff,0xff,0xff,0xff,0xff,0xff,0xff,0xff,0xff,0xff,0xff,0xff,0xff,
    0xff,0xff,0xff,0xff,0xff,0xff,0xff,0xff,0xff,0xff,0xff,0xff,0xff,0xff,0xff,0xff,
    0xff,0xff,0xff,0xff,0xff,0xff,0xff,0xff,0xff,0xff,0xff,0xff,0xff,0xff,0xff,0xff,
    0xff,0xff,0xff,0xff,0xff,0xff,0xff,0xff,0xff,0xff,0xff,0xff,0xff,0xff,0xff,0xff,
    0xff,0xff,0xff,0xff,0xff,0xff,0xff,0xff,0xff,0xff,0xff,0xff,0xff,0xff,0xff,0xff,
    0xff,0xff,0xff,0xff,0xff,0xff,0xff,0xff,0xff,0xff,0xff,0xff,0xff,0xff,0xff,0xff,
    0xff,0xff,0xff,0xff,0xff,0xff,0xff,0xff,0xff,0xff,0xff,0xff,0xff,0xff,0xff,0xff,
    0xff,0xff,0xff,0xff,0xff,0xff,0xff,0xff,0xff,0xff,0xff,0xff,0xff,0xff,0xff,0xff,
    0xff,0xff,0xff,0xff,0xff,0xff,0xff,0xff,0xff,0xff,0xff,0xff,0xff,0xff,0xff,0xff,
    0xff,0xff,0xff,0xff,0xff,0xff,0xff,0xff,0xff,0xff,0xff,0xff,0xff,0xff,0xff,0xff,
    0xff,0xff,0xff,0xff,0xff,0xff,0xff,0xff,0xff,0xff,0xff,0xff,0xff,0xff,0xff,0xff,
    0xff,0xff,0xff,0xff,0xff,0xff,0xff,0xff,0xff,0xff,0xff,0xff,0xff,0xff,0xff,0xff,
    0xff,0xff,0xff,0xff,0xff,0xff,0xff,0xff,0xff,0xff,0xff,0xff,0xff,0xff,0xff,0xff,
    0xff,0xff,0xff,0xff,0xff,0xff,0xff,0xff,0xff,0xff,0xff,0xff,0xff,0xff,0xff,0xff,
    0xff,0xff,0xff,0xff,0xff,0xff,0xff,0xff,0xff,0xff,0xff,0xff,0xff,0xff,0xff,0xff,
    0xff,0xff,0xff,0xff,0xff,0xff,0xff,0xff,0xff,0xff,0xff,0xff,0xff,0xff,0xff,0xff,
    0xff,0xff,0xff,0xff,0xff,0xff,0xff,0xff,0xff,0xff,0xff,0xff,0xff,0xff,0xff,0xff,
    0xff,0xff,0xff,0xff,0xff,0xff,0xff,0xff,0xff,0xff,0xff,0xff,0xff,0xff,0xff,0xff,
    0xff,0xff,0xff,0xff,0xff,0xff,0xff,0xff,0xff,0xff,0xff,0xff,0xff,0xff,0xff,0xff,
    0xff,0xff,0xff,0xff,0xff,0xff,0xff,0xff,0xff,0xff,0xff,0xff,0xff,0xff,0xff,0xff,
    0xff,0xff,0xff,0xff,0xff,0xff,0xff,0xff,0xff,0xff,0xff,0xff,0xff,0xff,0xff,0xff,
    0xff,0xff,0xff,0xff,0xff,0xff,0xff,0xff,0xff,0xff,0xff,0xff,0xff,0xff,0xff,0xff,
    0xff,0xff,0xff,0xff,0xff,0xff,0xff,0xff,0xff,0xff,0xff,0xff,0xff,0xff,0xff,0xff,
    0xff,0xff,0xff,0xff,0xff,0xff,0xff,0xff,0xff,0xff,0xff,0xff,0xff,0xff,0xff,0xff,
    0xff,0xff,0xff,0xff,0xff,0xff,0xff,0xff,0xff,0xff,0xff,0xff,0xff,0xff,0xff,0xff,
    0xff,0xff,0xff,0xff,0xff,0xff,0xff,0xff,0xff,0xff,0xff,0xff,0xff,0xff,0xff,0xff,
    0xff,0xff,0xff,0xff,0xff,0xff,0xff,0xff,0xff,0xff,0xff,0xff,0xff,0xff,0xff,0xff,
    0xff,0xff,0xff,0xff,0xff,0xff,0xff,0xff,0xff,0xff,0xff,0xff,0xff,0xff,0xff,0xff,
    0xff,0xff,0xff,0xff,0xff,0xff,0xff,0xff,0xff,0xff,0xff,0xff,0xff,0xff,0xff,0xff,
    0xff,0xff,0xff,0xff,0xff,0xff,0xff,0xff,0xff,0xff,0xff,0xff,0xff,0xff,0xff,0xff,
    0xff,0xff,0xff,0xff,0xff,0xff,0xff,0xff,0xff,0xff,0xff,0xff,0xff,0xff,0xff,0xff,
    0xff,0xff,0xff,0xff,0xff,0xff,0xff,0xff,0xff,0xff,0xff,0xff,0xff,0xff,0xff,0xff,
    0xff,0xff,0xff,0xff,0xff,0xff,0xff,0xff,0xff,0xff,0xff,0xff,0xff,0xff,0xff,0xff,
    0xff,0xff,0xff,0xff,0xff,0xff,0xff,0xff,0xff,0xff,0xff,0xff,0xff,0xff,0xff,0xff,
    0xff,0xff,0xff,0xff,0xff,0xff,0xff,0xff,0xff,0xff,0xff,0xff,0xff,0xff,0xff,0xff,
    0xff,0xff,0xff,0xff,0xff,0xff,0xff,0xff,0xff,0xff,0xff,0xff,0xff,0xff,0xff,0xff,
    0xff,0xff,0xff,0xff,0xff,0xff,0xff,0xff,0xff,0xff,0xff,0xff,0xff,0xff,0xff,0xff,
    0xff,0xff,0xff,0xff,0xff,0xff,0xff,0xff,0xff,0xff,0xff,0xff,0xff,0xff,0xff,0xff,
    0xff,0xff,0xff,0xff,0xff,0xff,0xff,0xff,0xff,0xff,0xff,0xff,0xff,0xff,0xff,0xff,
    0xff,0xff,0xff,0xff,0xff,0xff,0xff,0xff,0xff,0xff,0xff,0xff,0xff,0xff,0xff,0xff,
    0xff,0xff,0xff,0xff,0xff,0xff,0xff,0xff,0xff,0xff,0xff,0xff,0xff,0xff,0xff,0xff,
    0xff,0xff,0xff,0xff,0xff,0xff,0xff,0xff,0xff,0xff,0xff,0xff,0xff,0xff,0xff,0xff,
    0xff,0xff,0xff,0xff,0xff,0xff,0xff,0xff,0xff,0xff,0xff,0xff,0xff,0xff,0xff,0xff,
    0xff,0xff,0xff,0xff,0xff,0xff,0xff,0xff,0xff,0xff,0xff,0xff,0xff,0xff,0xff,0xff,
    0xff,0xff,0xff,0xff,0xff,0xff,0xff,0xff,0xff,0xff,0xff,0xff,0xff,0xff,0xff,0xff,
    0xff,0xff,0xff,0xff,0xff,0xff,0xff,0xff,0xff,0xff,0xff,0xff,0xff,0xff,0xff,0xff,
    0xff,0xff,0xff,0xff,0xff,0xff,0xff,0xff,0xff,0xff,0xff,0xff,0xff,0xff,0xff,0xff,
    0xff,0xff,0xff,0xff,0xff,0xff,0xff,0xff,0xff,0xff,0xff,0xff,0xff,0xff,0xff,0xff,
    0xff,0xff,0xff,0xff,0xff,0xff,0xff,0xff,0xff,0xff,0xff,0xff,0xff,0xff,0xff,0xff,
    0xff,0xff,0xff,0xff,0xff,0xff,0xff,0xff,0xff,0xff,0xff,0xff,0xff,0xff,0xff,0xff,
    0xff,0xff,0xff,0xff,0xff,0xff,0xff,0xff,0xff,0xff,0xff,0xff,0xff,0xff,0xff,0xff,
    0xff,0xff,0xff,0xff,0xff,0xff,0xff,0xff,0xff,0xff,0xff,0xff,0xff,0xff,0xff,0xff,
    0xff,0xff,0xff,0xff,0xff,0xff,0xff,0xff,0xff,0xff,0xff,0xff,0xff,0xff,0xff,0xff,
    0xff,0xff,0xff,0xff,0xff,0xff,0xff,0xff,0xff,0xff,0xff,0xff,0xff,0xff,0xff,0xff,
    0xff,0xff,0xff,0xff,0xff,0xff,0xff,0xff,0xff,0xff,0xff,0xff,0xff,0xff,0xff,0xff,
    0xff,0xff,0xff,0xff,0xff,0xff,0xff,0xff,0xff,0xff,0xff,0xff,0xff,0xff,0xff,0xff,
    0xff,0xff,0xff,0xff,0xff,0xff,0xff,0xff,0xff,0xff,0xff,0xff,0xff,0xff,0xff,0xff,
    0xff,0xff,0xff,0xff,0xff,0xff,0xff,0xff,0xff,0xff,0xff,0xff,0xff,0xff,0xff,0xff,
    0xff,0xff,0xff,0xff,0xff,0xff,0xff,0xff,0xff,0xff,0xff,0xff,0xff,0xff,0xff,0xff,
    0xff,0xff,0xff,0xff,0xff,0xff,0xff,0xff,0xff,0xff,0xff,0xff,0xff,0xff,0xff,0xff,
    0xff,0xff,0xff,0xff,0xff,0xff,0xff,0xff,0xff,0xff,0xff,0xff,0xff,0xff,0xff,0xff,
    0xff,0xff,0xff,0xff,0xff,0xff,0xff,0xff,0xff,0xff,0xff,0xff,0xff,0xff,0xff,0xff,
    0xff,0xff,0xff,0xff,0xff,0xff,0xff,0xff,0xff,0xff,0xff,0xff,0xff,0xff,0xff,0xff,
    0xff,0xff,0xff,0xff,0xff,0xff,0xff,0xff,0xff,0xff,0xff,0xff,0xff,0xff,0xff,0xff,
    0xff,0xff,0xff,0xff,0xff,0xff,0xff,0xff,0xff,0xff,0xff,0xff,0xff,0xff,0xff,0xff,
    0xff,0xff,0xff,0xff,0xff,0xff,0xff,0xff,0xff,0xff,0xff,0xff,0xff,0xff,0xff,0xff,
    0xff,0xff,0xff,0xff,0xff,0xff,0xff,0xff,0xff,0xff,0xff,0xff,0xff,0xff,0xff,0xff,
    0xff,0xff,0xff,0xff,0xff,0xff,0xff,0xff,0xff,0xff,0xff,0xff,0xff,0xff,0xff,0xff,
    0xff,0xff,0xff,0xff,0xff,0xff,0xff,0xff,0xff,0xff,0xff,0xff,0xff,0xff,0xff,0xff,
    0xff,0xff,0xff,0xff,0xff,0xff,0xff,0xff,0xff,0xff,0xff,0xff,0xff,0xff,0xff,0xff,
    0xff,0xff,0xff,0xff,0xff,0xff,0xff,0xff,0xff,0xff,0xff,0xff,0xff,0xff,0xff,0xff,
    0xff,0xff,0xff,0xff,0xff,0xff,0xff,0xff,0xff,0xff,0xff,0xff,0xff,0xff,0xff,0xff,
    0xff,0xff,0xff,0xff,0xff,0xff,0xff,0xff,0xff,0xff,0xff,0xff,0xff,0xff,0xff,0xff,
    0xff,0xff,0xff,0xff,0xff,0xff,0xff,0xff,0xff,0xff,0xff,0xff,0xff,0xff,0xff,0xff,
    0xff,0xff,0xff,0xff,0xff,0xff,0xff,0xff,0xff,0xff,0xff,0xff,0xff,0xff,0xff,0xff,
    0xff,0xff,0xff,0xff,0xff,0xff,0xff,0xff,0xff,0xff,0xff,0xff,0xff,0xff,0xff,0xff,
    0xff,0xff,0xff,0xff,0xff,0xff,0xff,0xff,0xff,0xff,0xff,0xff,0xff,0xff,0xff,0xff,
    0xff,0xff,0xff,0xff,0xff,0xff,0xff,0xff,0xff,0xff,0xff,0xff,
};

const lv_image_dsc_t xiaozhipage = {
  .header.magic = LV_IMAGE_HEADER_MAGIC,
  .header.cf = LV_COLOR_FORMAT_RGB565A8,
  .header.flags = 0,
  .header.w = 53,
  .header.h = 260,
  .header.stride = 106,
  .data_size = sizeof(xiaozhipage_map),
  .data = xiaozhipage_map,
};
